date,variety_std,qty_t,amount_won,n_rows,price_kg
2011-01-03,고랭지,17.0,24384000.0,2,1434.4
2011-01-03,기타,0.3,98400.0,2,300.0
2011-01-03,쌈,29.4,64494733.4,24,2193.0
2011-01-04,고랭지,205.3,242159554.0,8,1179.4
2011-01-04,기타,18.8,21081440.0,4,1124.2
2011-01-04,기타부산물,1.4,1872000.0,1,1300.0
2011-01-04,쌈,27.8,55442414.2,21,1994.8
2011-01-05,고랭지,247.2,322804720.0,8,1305.7
2011-01-05,기타,36.1,40291866.7,7,1115.7
2011-01-05,쌈,31.5,73808614.4,23,2342.4
2011-01-05,월동,53.0,65057100.0,2,1227.5
2011-01-06,고랭지,936.5,934381086.0,12,997.7
2011-01-06,기타,36.2,33634438.1,10,929.2
2011-01-06,쌈,35.2,85871222.2,26,2439.0
2011-01-06,월동,101.6,103873400.0,3,1022.4
2011-01-07,고랭지,787.2,783983162.0,17,995.9
2011-01-07,기타,77.5,63016572.0,9,813.6
2011-01-07,쌈,36.0,82953120.6,25,2305.7
2011-01-07,월동,88.3,67667800.0,2,766.2
2011-01-08,고랭지,631.3,514056028.0,11,814.3
2011-01-08,기타,37.5,33197733.3,9,884.4
2011-01-08,쌈,32.8,71760742.0,29,2190.4
2011-01-08,월동,17.0,13197100.0,1,776.3
2011-01-10,고랭지,921.0,774952478.0,15,841.5
2011-01-10,기타,20.4,15578600.0,3,762.9
2011-01-10,쌈,38.7,79151167.8,25,2046.0
2011-01-10,월동,91.8,63540378.0,2,692.0
2011-01-11,고랭지,454.0,349174518.0,10,769.2
2011-01-11,기타,36.2,26703180.0,3,737.9
2011-01-11,쌈,32.5,62760292.2,22,1933.8
2011-01-12,고랭지,216.8,182946800.0,10,843.7
2011-01-12,기타,24.7,20626000.0,3,836.6
2011-01-12,쌈,23.3,32860126.2,24,1407.4
2011-01-12,월동,18.0,12011400.0,1,667.3
2011-01-14,고랭지,463.7,463043620.0,9,998.5
2011-01-14,기타,55.0,46220940.0,11,840.4
2011-01-14,쌈,39.4,68263745.2,28,1733.8
2011-01-14,월동,18.0,17159400.0,1,953.3
2011-01-15,고랭지,176.2,177980528.0,6,1010.3
2011-01-15,기타,16.6,14531283.3,9,873.9
2011-01-15,쌈,14.1,24806140.6,27,1764.8
2011-01-15,월동,32.4,34732800.0,2,1072.0
2011-01-17,고랭지,245.7,219728762.0,6,894.4
2011-01-17,기타,32.6,35596250.0,3,1091.5
2011-01-17,쌈,11.3,20807132.0,17,1842.0
2011-01-18,고랭지,317.6,307887366.0,8,969.5
2011-01-18,기타,19.5,22549000.0,6,1156.2
2011-01-18,쌈,14.6,25039819.6,26,1716.9
2011-01-18,월동,14.6,17403568.0,1,1195.3
2011-01-19,고랭지,375.4,382169594.0,7,1018.0
2011-01-19,기타,30.3,34104650.0,5,1123.9
2011-01-19,쌈,29.6,75693638.4,23,2561.5
2011-01-19,월동,76.1,79022240.0,1,1038.4
2011-01-20,고랭지,277.8,264098444.0,10,950.7
2011-01-20,기타,21.2,12779400.0,5,604.2
2011-01-20,쌈,24.8,36928823.6,21,1489.7
2011-01-20,월동,54.8,55603304.0,1,1015.4
2011-01-21,고랭지,242.4,259710448.0,10,1071.6
2011-01-21,기타,20.2,24357400.0,5,1205.8
2011-01-21,쌈,34.1,60086416.8,26,1760.5
2011-01-21,월동,63.2,60999928.0,1,965.8
2011-01-22,고랭지,235.1,237203650.0,7,1008.9
2011-01-22,기타,22.3,23551066.7,6,1055.2
2011-01-22,쌈,24.2,44435361.2,20,1839.7
2011-01-22,월동,70.7,72696900.0,1,1028.2
2011-01-24,고랭지,552.0,632652690.0,6,1146.2
2011-01-24,기타,55.7,64658400.0,5,1161.0
2011-01-24,쌈,36.6,98014970.2,20,2680.6
2011-01-24,월동,87.0,92172690.0,3,1059.5
2011-01-25,고랭지,564.0,595535198.0,9,1056.0
2011-01-25,기타,58.0,55444300.0,7,955.5
2011-01-25,쌈,37.1,87214383.6,25,2351.9
2011-01-25,월동,49.6,47596800.0,1,960.0
2011-01-26,고랭지,730.4,738893128.0,9,1011.6
2011-01-26,기타,39.8,44689440.0,6,1123.1
2011-01-26,쌈,49.0,112158062.8,27,2289.1
2011-01-26,월동,88.9,88772180.0,2,998.6
2011-01-27,고랭지,693.6,634801896.0,8,915.3
2011-01-27,기타,54.0,51981088.0,6,962.0
2011-01-27,쌈,47.1,97105514.8,16,2062.8
2011-01-27,월동,64.3,68463616.0,2,1064.4
2011-01-28,고랭지,515.2,401620088.0,9,779.5
2011-01-28,기타,66.3,52068441.2,4,785.4
2011-01-28,쌈,65.4,139160843.2,32,2126.7
2011-01-28,월동,67.8,61164000.0,3,902.1
2011-01-29,고랭지,322.2,267276498.0,7,829.5
2011-01-29,기타,50.7,44842004.8,9,883.9
2011-01-29,쌈,41.8,90056305.0,22,2152.9
2011-01-29,월동,18.3,20399010.0,1,1114.7
2011-01-31,고랭지,496.3,463490614.0,6,933.8
2011-01-31,기타,44.1,41558373.3,8,942.3
2011-01-31,쌈,63.5,110614239.2,26,1741.2
2011-01-31,월동,17.9,12470930.0,1,696.7
2011-02-01,고랭지,299.2,233427432.0,5,780.2
2011-02-01,기타,17.4,20044800.0,1,1152.0
2011-02-01,쌈,28.7,68839480.8,18,2399.9
2011-02-02,쌈,2.8,2327656.0,5,834.9
2011-02-07,고랭지,1333.6,850917024.0,7,638.1
2011-02-07,기타,54.6,35251854.6,4,645.9
2011-02-07,쌈,36.0,55698964.2,25,1547.2
2011-02-07,월동,147.1,98750726.0,3,671.2
2011-02-07,저장,17.0,11560000.0,1,680.0
2011-02-08,고랭지,917.4,521840918.0,6,568.8
2011-02-08,기타,18.6,9120000.0,2,490.3
2011-02-08,쌈,40.1,60667499.6,21,1511.1
2011-02-08,월동,99.6,64631600.0,3,648.9
2011-02-09,고랭지,343.5,230234046.0,3,670.3
2011-02-09,기타,18.2,15644800.0,3,858.5
2011-02-09,쌈,36.1,48653312.4,26,1347.7
2011-02-10,고랭지,1023.5,596612802.0,6,582.9
2011-02-10,기타,18.7,14404000.0,3,771.1
2011-02-10,쌈,25.8,36354725.0,15,1409.6
2011-02-11,고랭지,873.4,532299564.0,7,609.4
2011-02-11,기타,40.1,25432131.4,10,634.7
2011-02-11,기타부산물,9.3,3255000.0,1,350.0
2011-02-11,쌈,23.7,36957788.6,18,1560.2
2011-02-11,월동,36.1,36528000.0,2,1011.9
2011-02-12,고랭지,536.5,305413708.0,7,569.3
2011-02-12,기타,20.7,17643758.0,6,851.9
2011-02-12,쌈,32.0,42008312.4,18,1311.6
2011-02-12,월동,36.0,26640000.0,2,740.0
2011-02-14,고랭지,883.0,481877248.0,6,545.7
2011-02-14,기타,21.4,20190140.0,9,943.9
2011-02-14,기타부산물,0.4,249600.0,1,600.0
2011-02-14,쌈,36.1,43623065.8,18,1207.8
2011-02-14,월동,34.7,20108650.0,1,579.5
2011-02-15,고랭지,587.3,453638556.0,6,772.4
2011-02-15,기타,75.9,83614280.0,4,1101.9
2011-02-15,기타부산물,0.7,294400.0,1,400.0
2011-02-15,쌈,39.2,50617706.2,19,1292.1
2011-02-15,월동,69.1,62275630.0,5,901.2
2011-02-16,고랭지,675.2,521336168.0,10,772.1
2011-02-16,기타,54.3,54316600.0,4,1000.9
2011-02-16,기타부산물,0.8,240000.0,1,300.0
2011-02-16,쌈,31.1,38918062.6,19,1251.1
2011-02-16,월동,92.0,64621500.0,3,702.4
2011-02-17,고랭지,811.4,581667744.0,8,716.9
2011-02-17,기타,23.4,22449400.0,7,959.7
2011-02-17,쌈,30.8,40936461.4,16,1327.0
2011-02-17,월동,107.6,84333000.0,2,783.8
2011-02-18,고랭지,691.6,391492172.0,6,566.1
2011-02-18,기타,78.4,59043800.0,4,753.1
2011-02-18,쌈,28.8,40345204.4,21,1401.9
2011-02-18,월동,37.1,19269130.0,2,519.4
2011-02-19,고랭지,674.3,382113374.0,10,566.6
2011-02-19,기타,20.5,19221600.0,4,938.0
2011-02-19,쌈,29.5,40923789.4,20,1386.5
2011-02-19,월동,17.7,12460800.0,1,704.0
2011-02-21,기타,34.6,16104438.1,11,465.1
2011-02-21,쌈,2.2,664244.2,8,308.7
2011-02-21,월동,36.0,32976000.0,2,916.0
2011-02-23,가을,18.3,22692000.0,1,1240.0
2011-02-23,고랭지,746.1,449993294.0,12,603.2
2011-02-23,기타,1.5,737600.0,3,498.4
2011-02-23,쌈,56.6,58053929.6,20,1025.1
2011-02-23,월동,17.0,12716000.0,1,748.0
2011-02-24,가을,18.3,20801610.0,1,1136.7
2011-02-24,고랭지,742.3,518659978.0,9,698.7
2011-02-24,기타,35.5,41945809.5,7,1182.0
2011-02-24,쌈,57.2,59989669.8,20,1048.3
2011-02-24,월동,36.0,29808000.0,2,828.0
2011-02-25,고랭지,806.8,504275354.0,13,625.0
2011-02-25,기타,22.0,20705600.0,5,940.1
2011-02-25,쌈,34.9,43932675.6,14,1257.5
2011-02-25,월동,51.1,46478940.0,2,909.6
2011-02-26,고랭지,516.6,366840506.0,11,710.2
2011-02-26,기타,18.8,11302000.0,2,599.9
2011-02-26,쌈,33.0,37469983.6,15,1135.9
2011-02-26,월동,73.2,73892460.0,2,1009.5
2011-02-28,고랭지,902.7,676380218.0,13,749.3
2011-02-28,기타,46.6,44299746.0,3,951.4
2011-02-28,쌈,28.6,40813573.6,19,1425.1
2011-02-28,월동,50.8,53862340.0,2,1060.3
2011-03-01,고랭지,509.7,350949572.0,10,688.6
2011-03-01,기타,35.1,38124800.0,2,1087.3
2011-03-01,쌈,37.7,44770235.2,16,1187.5
2011-03-01,월동,18.8,7670400.0,1,408.0
2011-03-02,고랭지,431.4,347403916.0,9,805.4
2011-03-02,기타,17.9,13139600.0,6,732.3
2011-03-02,봄,7.4,5729600.0,2,772.2
2011-03-02,쌈,32.3,34343726.4,17,1063.8
2011-03-03,고랭지,885.6,623723368.0,11,704.3
2011-03-03,기타,19.4,17076800.0,6,882.4
2011-03-03,쌈,17.7,29535165.4,15,1666.0
2011-03-03,월동,78.5,51478376.0,2,655.6
2011-03-04,고랭지,887.8,624520590.0,10,703.4
2011-03-04,기타,39.6,34520000.0,6,872.2
2011-03-04,쌈,34.6,55546429.6,17,1604.9
2011-03-04,월동,68.0,66310000.0,2,975.1
2011-03-05,고랭지,750.5,511456026.0,15,681.5
2011-03-05,기타,34.9,30576700.0,4,876.4
2011-03-05,쌈,30.9,50356892.0,17,1631.6
2011-03-07,고랭지,985.6,649230516.0,14,658.7
2011-03-07,기타,21.1,11995300.0,6,568.2
2011-03-07,쌈,42.3,60785851.2,19,1438.0
2011-03-07,월동,91.6,65721080.0,3,717.5
2011-03-08,고랭지,634.4,386403200.0,8,609.1
2011-03-08,기타,18.7,19666800.0,5,1054.4
2011-03-08,쌈,38.3,55068601.6,19,1436.0
2011-03-08,월동,66.7,57437120.0,2,861.1
2011-03-09,고랭지,648.2,465790284.0,9,718.6
2011-03-09,기타,36.3,30789600.0,6,848.2
2011-03-09,쌈,45.7,64066172.4,19,1401.0
2011-03-09,월동,29.9,21243750.0,2,710.5
2011-03-10,고랭지,619.5,426046230.0,10,687.7
2011-03-10,기타,40.5,40513080.0,9,1001.0
2011-03-10,쌈,37.0,39804418.8,15,1076.8
2011-03-10,월동,35.3,30068540.0,1,851.8
2011-03-11,고랭지,665.8,487730772.0,8,732.5
2011-03-11,기타,17.7,17362400.0,3,978.5
2011-03-11,쌈,43.5,39097330.2,14,898.2
2011-03-11,월동,35.0,32496000.0,2,928.5
2011-03-12,고랭지,309.3,236767958.0,4,765.5
2011-03-12,기타,19.9,12798340.0,4,641.6
2011-03-12,쌈,52.2,33594780.4,16,643.8
2011-03-12,월동,35.9,38794240.0,2,1080.0
2011-03-14,고랭지,684.6,508907348.0,7,743.3
2011-03-14,기타,39.3,26671260.0,6,679.4
2011-03-14,쌈,57.4,47501794.8,15,827.2
2011-03-14,월동,38.0,28224000.0,2,742.7
2011-03-15,고랭지,818.7,600259320.0,9,733.2
2011-03-15,기타,36.4,36376800.0,5,999.0
2011-03-15,쌈,30.7,30625711.2,10,998.9
2011-03-16,고랭지,748.7,514022990.0,9,686.5
2011-03-16,기타,37.2,32210352.0,4,866.6
2011-03-16,쌈,36.5,37653441.8,13,1031.3
2011-03-16,월동,54.1,44064778.0,2,813.9
2011-03-17,고랭지,727.7,500242574.0,12,687.4
2011-03-17,기타,0.9,564584.0,7,659.6
2011-03-17,쌈,44.4,45408559.6,14,1023.1
2011-03-17,월동,73.4,66856000.0,3,910.8
2011-03-18,고랭지,753.2,505303862.0,7,670.9
2011-03-18,기타,36.2,28324200.0,4,781.6
2011-03-18,쌈,54.5,54375178.4,16,998.4
2011-03-18,월동,57.0,42470320.0,3,745.1
2011-03-19,고랭지,497.6,312814028.0,10,628.6
2011-03-19,기타,17.0,13597000.0,4,797.8
2011-03-19,쌈,46.2,49463669.2,14,1070.8
2011-03-19,월동,74.5,51293550.0,2,688.5
2011-03-21,고랭지,11.1,5039400.0,2,454.0
2011-03-21,기타,51.7,42460320.0,4,820.8
2011-03-21,쌈,39.3,47040981.2,14,1195.8
2011-03-21,저장,697.4,508601984.0,11,729.3
2011-03-22,기타,19.8,16332916.8,7,822.9
2011-03-22,기타부산물,0.0,7200.0,1,150.0
2011-03-22,쌈,46.0,57887862.2,14,1258.4
2011-03-22,월동,56.2,32472800.0,4,577.8
2011-03-22,저장,858.8,515988614.0,9,600.8
2011-03-23,기타,37.9,27388000.0,7,723.3
2011-03-23,쌈,39.3,57301976.8,13,1457.0
2011-03-23,월동,37.9,19608000.0,3,517.4
2011-03-23,저장,783.3,446020512.0,9,569.4
2011-03-24,기타,37.0,19324720.0,4,522.7
2011-03-24,쌈,45.2,57692047.8,15,1275.3
2011-03-24,월동,76.3,48316024.0,3,633.6
2011-03-24,저장,675.5,418825734.0,9,620.1
2011-03-25,기타,38.4,28183216.0,9,734.6
2011-03-25,쌈,53.8,50547307.2,14,938.9
2011-03-25,월동,37.4,31266400.0,1,836.0
2011-03-25,저장,750.9,471127274.0,7,627.4
2011-03-26,기타,39.2,26415979.2,10,674.2
2011-03-26,쌈,24.4,34503387.4,11,1415.9
2011-03-26,월동,35.6,26344000.0,1,740.0
2011-03-26,저장,295.9,147577594.0,5,498.7
2011-03-28,기타,37.3,29382502.4,10,786.8
2011-03-28,기타부산물,0.4,257400.0,2,677.4
2011-03-28,쌈,57.9,68751581.6,16,1186.5
2011-03-28,월동,57.3,46168630.0,2,806.3
2011-03-28,저장,801.5,479805918.0,9,598.6
2011-03-29,기타,19.9,15487440.0,6,779.7
2011-03-29,기타부산물,0.3,352000.0,1,1100.0
2011-03-29,봄,20.2,3716800.0,2,184.0
2011-03-29,쌈,37.7,49240286.6,22,1307.8
2011-03-29,월동,134.0,84080800.0,3,627.7
2011-03-29,저장,770.5,453512982.0,10,588.6
2011-03-31,기타,56.3,35145452.0,10,624.8
2011-03-31,쌈,38.9,41148413.6,18,1058.5
2011-03-31,월동,40.0,20020600.0,3,500.5
2011-03-31,저장,865.3,581178704.0,9,671.7
2011-04-01,기타,36.8,24210640.0,6,658.0
2011-04-01,쌈,34.5,39613417.8,19,1147.2
2011-04-01,월동,50.5,43432640.0,3,860.1
2011-04-01,저장,750.2,426821934.0,9,568.9
2011-04-02,기타,0.7,980950.4,7,1325.6
2011-04-02,쌈,42.5,51937848.2,17,1222.5
2011-04-02,월동,54.9,32487750.0,4,591.8
2011-04-02,저장,499.7,284276072.0,4,568.8
2011-04-04,기타,38.8,30829200.0,8,795.1
2011-04-04,쌈,74.8,96125494.8,25,1285.8
2011-04-04,월동,70.0,54481600.0,3,778.3
2011-04-04,저장,923.1,533632414.0,7,578.1
2011-04-05,기타,18.4,12593378.8,6,685.8
2011-04-05,쌈,55.8,72855301.4,18,1306.4
2011-04-05,월동,93.8,64076280.0,5,683.1
2011-04-05,저장,986.1,514284834.0,10,521.5
2011-04-06,기타,54.9,32364760.0,10,589.2
2011-04-06,쌈,59.4,60758949.8,20,1023.7
2011-04-06,월동,51.4,39510400.0,3,768.7
2011-04-06,저장,1016.2,528296388.0,12,519.9
2011-04-07,기타,35.2,20243212.0,10,574.6
2011-04-07,기타부산물,0.2,80000.0,1,500.0
2011-04-07,봄,36.3,11152000.0,4,307.2
2011-04-07,쌈,61.7,60494092.8,19,980.5
2011-04-07,월동,93.9,47286800.0,4,503.6
2011-04-07,저장,888.1,475396960.0,9,535.3
2011-04-08,기타,37.1,19619087.2,7,529.4
2011-04-08,봄,36.1,9203250.0,2,254.9
2011-04-08,쌈,77.3,64502842.4,19,834.3
2011-04-08,월동,33.0,23595000.0,1,715.0
2011-04-08,저장,713.1,369359404.0,9,517.9
2011-04-09,기타,17.5,8980800.0,7,513.6
2011-04-09,기타부산물,0.4,268800.0,1,600.0
2011-04-09,봄,16.0,5216000.0,2,326.0
2011-04-09,쌈,85.1,69186836.2,21,813.2
2011-04-09,월동,35.0,15440000.0,2,441.1
2011-04-09,저장,562.3,271130904.0,6,482.2
2011-04-11,기타,55.3,29897464.8,14,541.0
2011-04-11,봄,70.5,20620600.0,4,292.5
2011-04-11,쌈,81.9,66538474.0,24,812.4
2011-04-11,월동,70.5,42861600.0,3,608.0
2011-04-11,저장,1122.8,556506446.0,11,495.6
2011-04-12,기타,40.8,17603900.0,11,431.8
2011-04-12,봄,148.0,29660000.0,7,200.4
2011-04-12,쌈,56.0,49760773.2,26,888.1
2011-04-12,월동,77.0,36734000.0,2,477.1
2011-04-12,저장,1007.4,407454028.0,10,404.4
2011-04-13,기타,39.5,19169180.0,9,484.9
2011-04-13,기타부산물,0.8,330000.0,2,427.5
2011-04-13,봄,53.6,12148000.0,4,226.6
2011-04-13,쌈,91.6,63465367.2,30,693.1
2011-04-13,월동,69.5,37713970.0,3,542.6
2011-04-13,저장,838.1,318042944.0,10,379.5
2011-04-14,기타,37.8,19953760.0,9,528.4
2011-04-14,봄,54.6,11614400.0,5,212.7
2011-04-14,쌈,38.9,22767558.8,23,585.5
2011-04-14,월동,72.9,32845120.0,2,450.3
2011-04-14,저장,967.9,313829994.0,12,324.3
2011-04-15,기타,53.7,27308304.0,8,508.7
2011-04-15,봄,91.1,17141122.0,7,188.2
2011-04-15,쌈,77.4,43674118.0,28,564.5
2011-04-15,월동,38.5,16795680.0,3,436.3
2011-04-15,저장,833.2,244339106.0,11,293.3
2011-04-16,기타,33.6,17319600.0,9,515.8
2011-04-16,봄,38.4,9715200.0,2,253.0
2011-04-16,쌈,51.2,27888146.2,27,544.5
2011-04-16,월동,41.7,15693600.0,2,376.3
2011-04-16,저장,486.5,135871528.0,8,279.3
2011-04-18,기타,68.7,39316240.0,10,572.2
2011-04-18,봄,224.7,61330834.0,8,272.9
2011-04-18,쌈,92.8,51705879.6,29,557.5
2011-04-18,월동,38.4,16005120.0,1,416.8
2011-04-18,저장,763.8,273014614.0,11,357.5
2011-04-19,기타,55.5,37618280.0,12,677.8
2011-04-19,봄,290.0,57232250.0,9,197.4
2011-04-19,쌈,41.2,22941953.8,26,556.8
2011-04-19,월동,74.2,33944220.0,3,457.5
2011-04-19,저장,656.5,256908776.0,11,391.3
2011-04-20,기타,57.3,29973160.0,16,522.8
2011-04-20,봄,145.7,30453804.0,5,209.0
2011-04-20,쌈,99.9,47862464.0,29,479.2
2011-04-20,월동,89.3,44378982.0,2,496.7
2011-04-20,저장,605.9,222652270.0,9,367.5
2011-04-21,기타,53.4,29294480.0,10,548.2
2011-04-21,봄,173.4,39878090.0,6,230.0
2011-04-21,쌈,2.3,821356.8,6,354.3
2011-04-21,월동,51.3,33355760.0,2,650.2
2011-04-21,저장,677.2,227382000.0,13,335.8
2011-04-22,기타,36.0,20882864.0,6,579.3
2011-04-22,봄,242.3,48612730.0,8,200.6
2011-04-22,쌈,60.7,32713218.8,25,538.5
2011-04-22,월동,68.2,35710720.0,3,523.6
2011-04-22,저장,605.8,189694308.0,9,313.2
2011-04-23,기타,1.7,781600.0,5,472.0
2011-04-23,봄,56.0,18176000.0,6,324.6
2011-04-23,쌈,64.8,31598913.6,28,487.5
2011-04-23,월동,54.0,20638380.0,3,382.2
2011-04-23,저장,414.1,136148136.0,9,328.8
2011-04-25,기타,96.6,46611054.9,14,482.5
2011-04-25,봄,803.7,167899482.0,15,208.9
2011-04-25,쌈,106.0,48927356.8,32,461.5
2011-04-25,월동,86.0,43700730.0,4,508.1
2011-04-25,저장,588.0,233365650.0,12,396.9
2011-04-26,기타,73.4,31387663.6,14,427.4
2011-04-26,봄,618.2,110109000.0,8,178.1
2011-04-26,쌈,116.9,39808367.6,33,340.4
2011-04-26,월동,91.0,35148000.0,3,386.2
2011-04-26,저장,592.6,196273862.0,13,331.2
2011-04-27,기타,55.9,23729120.0,8,424.6
2011-04-27,봄,446.5,57478998.0,10,128.7
2011-04-27,쌈,75.7,27459118.2,30,362.9
2011-04-27,월동,34.7,16294400.0,2,469.3
2011-04-27,저장,574.0,167416740.0,11,291.7
2011-04-28,기타,54.2,22461450.0,11,414.7
2011-04-28,봄,528.5,81281166.0,13,153.8
2011-04-28,쌈,59.4,22022245.0,28,371.0
2011-04-28,월동,51.9,19938400.0,3,384.2
2011-04-28,저장,288.1,80851910.0,11,280.6
2011-04-29,기타,38.1,10587310.0,8,277.8
2011-04-29,봄,803.1,103773934.0,14,129.2
2011-04-29,쌈,69.5,27643220.0,27,397.9
2011-04-29,월동,36.0,8056000.0,3,223.8
2011-04-29,저장,313.2,95438000.0,8,304.7
2011-04-30,기타,44.2,14619192.4,10,330.4
2011-04-30,봄,514.1,65952862.0,9,128.3
2011-04-30,쌈,75.4,31193909.2,24,413.9
2011-04-30,월동,18.3,9808800.0,1,536.0
2011-04-30,저장,210.4,63988900.0,8,304.1
2011-05-02,기타,59.1,8209300.0,12,138.9
2011-05-02,봄,857.5,112194420.0,15,130.8
2011-05-02,쌈,81.4,40532992.8,29,497.7
2011-05-02,월동,59.6,25520800.0,2,428.2
2011-05-02,저장,276.5,96788356.0,9,350.1
2011-05-03,기타,74.4,9714900.0,13,130.5
2011-05-03,봄,918.7,115294312.0,20,125.5
2011-05-03,쌈,85.0,37375129.0,29,439.5
2011-05-03,월동,36.9,19616040.0,1,531.6
2011-05-03,저장,254.7,83680882.0,9,328.5
2011-05-04,기타,77.1,11210911.0,16,145.4
2011-05-04,봄,73.5,11273370.0,4,153.4
2011-05-04,쌈,79.1,35175965.4,28,444.8
2011-05-04,월동,40.9,10340000.0,2,252.8
2011-05-05,기타,75.7,8542030.0,8,112.9
2011-05-05,봄,868.9,107772098.0,18,124.0
2011-05-05,쌈,53.2,24198646.6,27,454.5
2011-05-05,월동,19.9,10666400.0,1,536.0
2011-05-05,저장,259.6,75422680.0,11,290.5
2011-05-06,기타,74.4,9662560.0,7,129.9
2011-05-06,봄,966.5,114348428.0,26,118.3
2011-05-06,쌈,80.4,34590235.8,26,430.4
2011-05-06,월동,39.5,16922800.0,2,428.4
2011-05-06,저장,174.0,34515200.0,6,198.4
2011-05-07,기타,56.8,7163400.0,7,126.1
2011-05-07,봄,530.0,69439176.0,13,131.0
2011-05-07,쌈,10.9,3613741.0,11,331.8
2011-05-07,저장,96.0,42802600.0,6,445.9
2011-05-09,기타,78.2,12077520.0,9,154.4
2011-05-09,봄,937.6,141104950.0,25,150.5
2011-05-09,쌈,61.8,33073096.6,25,534.8
2011-05-09,저장,293.3,83878750.0,8,286.0
2011-05-10,기타,56.2,8569072.0,9,152.4
2011-05-10,봄,948.8,117309366.0,26,123.6
2011-05-10,쌈,58.3,31139279.0,24,534.2
2011-05-10,저장,88.4,25436950.0,6,287.8
2011-05-11,기타,54.6,7231200.0,6,132.3
2011-05-11,봄,409.9,53204600.0,13,129.8
2011-05-11,쌈,93.5,39655299.4,28,424.1
2011-05-11,저장,183.3,35874386.0,6,195.7
2011-05-12,기타,36.1,5288000.0,3,146.5
2011-05-12,봄,441.1,63972612.0,15,145.0
2011-05-12,쌈,75.1,27972284.4,26,372.5
2011-05-12,저장,110.2,20024974.0,6,181.7
2011-05-13,기타,92.2,13905230.0,8,150.8
2011-05-13,봄,886.2,122465304.0,24,138.2
2011-05-13,쌈,81.9,30584688.4,28,373.6
2011-05-13,저장,176.5,24199620.0,6,137.1
2011-05-14,기타,58.6,8922341.8,8,152.2
2011-05-14,봄,715.1,92533270.0,20,129.4
2011-05-14,쌈,73.4,28554132.6,27,388.9
2011-05-14,저장,58.6,15061400.0,4,257.0
2011-05-16,기타,73.4,15349658.0,7,209.0
2011-05-16,봄,773.8,135591002.0,31,175.2
2011-05-16,쌈,67.4,35617074.2,23,528.2
2011-05-16,저장,96.2,21893380.0,2,227.6
2011-05-17,기타,75.1,13622900.0,7,181.4
2011-05-17,봄,825.7,167324132.0,25,202.6
2011-05-17,쌈,73.7,39288444.0,24,533.3
2011-05-17,저장,83.5,17018480.0,4,203.8
2011-05-18,기타,77.9,14778820.0,5,189.7
2011-05-18,봄,1120.2,172660806.0,31,154.1
2011-05-18,쌈,85.4,40753444.4,29,477.3
2011-05-18,저장,138.4,28233770.0,4,204.0
2011-05-19,기타,21.9,2720960.0,3,124.2
2011-05-19,봄,999.2,141519156.0,32,141.6
2011-05-19,쌈,74.7,35187670.2,29,471.0
2011-05-19,저장,78.6,12416100.0,2,158.0
2011-05-20,기타,76.2,11394000.0,5,149.6
2011-05-20,봄,712.6,112811350.0,26,158.3
2011-05-20,쌈,70.5,33377518.6,27,473.3
2011-05-20,저장,65.8,7064288.0,2,107.4
2011-05-21,기타,44.0,8009025.0,6,182.0
2011-05-21,봄,511.2,92418296.0,12,180.8
2011-05-21,쌈,13.5,5658310.6,13,418.6
2011-05-21,저장,20.0,2400000.0,2,120.0
2011-05-23,기타,0.1,128000.0,1,1000.0
2011-05-23,봄,704.9,168608316.0,26,239.2
2011-05-23,쌈,7.0,2685600.0,6,381.5
2011-05-23,저장,60.0,8361600.0,2,139.4
2011-05-24,기타,78.0,16805100.0,5,215.4
2011-05-24,봄,942.7,209217142.0,32,221.9
2011-05-24,쌈,68.3,30942882.4,23,453.2
2011-05-24,저장,92.0,11089680.0,2,120.5
2011-05-25,기타,94.4,16385337.9,7,173.5
2011-05-25,봄,1361.8,191872352.0,41,140.9
2011-05-25,쌈,58.1,25476112.6,21,438.8
2011-05-25,저장,20.0,2200000.0,2,110.0
2011-05-26,기타,57.9,9142572.0,8,158.0
2011-05-26,봄,999.0,137368274.0,29,137.5
2011-05-26,쌈,57.5,28499609.4,22,496.1
2011-05-26,저장,40.0,4600000.0,2,115.0
2011-05-27,기타,58.8,12738700.0,8,216.5
2011-05-27,봄,488.9,96882996.0,27,198.2
2011-05-27,쌈,76.0,31698909.0,23,417.1
2011-05-27,저장,80.0,7200000.0,2,90.0
2011-05-28,기타,82.8,12024522.6,12,145.3
2011-05-28,봄,923.2,141838976.0,27,153.6
2011-05-28,쌈,71.1,32662722.0,27,459.5
2011-05-30,기타,76.5,12099317.9,13,158.2
2011-05-30,봄,1221.7,186429864.0,39,152.6
2011-05-30,쌈,78.7,34303243.6,27,436.0
2011-05-30,저장,20.2,2020000.0,2,100.0
2011-05-31,기타,76.9,12087200.0,6,157.3
2011-05-31,봄,1183.9,172118854.0,39,145.4
2011-05-31,쌈,67.6,28305131.2,25,418.8
2011-06-01,기타,59.5,8198500.0,4,137.8
2011-06-01,봄,957.5,154171772.0,35,161.0
2011-06-01,쌈,52.4,22159029.4,25,422.9
2011-06-01,저장,24.0,2160000.0,2,90.0
2011-06-02,기타,58.8,6713200.0,4,114.1
2011-06-02,봄,764.5,118749662.0,36,155.3
2011-06-02,쌈,12.6,4410441.4,9,350.5
2011-06-02,저장,24.0,2448000.0,2,102.0
2011-06-03,기타,79.7,11608100.0,8,145.7
2011-06-03,봄,906.9,141646942.0,27,156.2
2011-06-03,쌈,73.8,30021688.8,22,407.0
2011-06-04,기타,61.5,12630346.7,10,205.5
2011-06-04,봄,736.4,128239116.0,20,174.2
2011-06-04,쌈,64.2,24262986.6,20,378.1
2011-06-06,기타,82.1,20028880.0,7,244.1
2011-06-06,봄,1184.8,221668858.0,25,187.1
2011-06-06,쌈,60.7,26905266.8,27,442.9
2011-06-06,월동,37.0,4232000.0,4,114.4
2011-06-06,저장,24.0,2640000.0,2,110.0
2011-06-07,기타,95.5,17455100.0,5,182.8
2011-06-07,봄,1120.0,173948514.0,34,155.3
2011-06-07,쌈,79.0,33371742.4,27,422.4
2011-06-08,기타,82.2,11939574.7,19,145.2
2011-06-08,봄,1172.9,158737318.0,29,135.3
2011-06-08,쌈,85.2,29338452.2,26,344.1
2011-06-09,기타,99.1,16673980.0,7,168.3
2011-06-09,봄,1118.9,153959476.0,26,137.6
2011-06-09,쌈,56.9,23192352.4,22,407.3
2011-06-10,기타,82.5,11364978.3,15,137.8
2011-06-10,봄,1096.6,157272360.0,21,143.4
2011-06-10,쌈,66.3,23813262.8,23,359.3
2011-06-11,기타,79.7,17100410.0,7,214.5
2011-06-11,봄,1084.7,226274114.0,25,208.6
2011-06-11,쌈,49.1,21884184.8,24,445.5
2011-06-13,기타,94.1,23357380.0,6,248.3
2011-06-13,봄,1313.3,308069522.0,27,234.6
2011-06-13,쌈,66.9,41161478.2,24,615.4
2011-06-14,기타,94.9,20948540.0,10,220.7
2011-06-14,봄,1343.0,261944140.0,32,195.0
2011-06-14,쌈,74.1,33980494.4,25,458.3
2011-06-15,기타,56.3,10839200.0,7,192.6
2011-06-15,봄,1210.6,237880224.0,30,196.5
2011-06-15,쌈,65.4,28843129.6,21,441.3
2011-06-16,기타,56.6,10088500.0,7,178.4
2011-06-16,봄,1327.1,210180848.0,37,158.4
2011-06-16,쌈,68.5,29515873.4,24,430.7
2011-06-17,기타,78.8,11862800.0,7,150.5
2011-06-17,봄,1224.4,196895044.0,41,160.8
2011-06-17,쌈,62.2,27143978.0,22,436.2
2011-06-18,기타,82.5,12961650.0,9,157.2
2011-06-18,봄,1072.6,147362526.0,28,137.4
2011-06-18,쌈,57.2,23689513.2,22,413.8
2011-06-18,월동,18.0,1836000.0,2,102.0
2011-06-20,기타,90.9,14461800.0,7,159.0
2011-06-20,봄,1350.1,199168262.0,26,147.5
2011-06-20,쌈,76.3,34746503.2,24,455.6
2011-06-20,월동,18.0,2808000.0,2,156.0
2011-06-21,기타,60.9,8234944.0,7,135.1
2011-06-21,봄,1546.4,209473944.0,32,135.5
2011-06-21,쌈,69.2,34552768.8,21,499.5
2011-06-21,월동,36.0,4968000.0,2,138.0
2011-06-22,기타,95.1,13832010.0,5,145.4
2011-06-22,봄,1399.3,225680698.0,24,161.3
2011-06-22,쌈,49.2,27317631.6,17,555.3
2011-06-22,월동,36.0,3920000.0,2,108.9
2011-06-23,기타,74.0,15225533.3,13,205.7
2011-06-23,봄,1438.5,263131330.0,25,182.9
2011-06-23,쌈,41.0,25050762.6,15,611.5
2011-06-23,월동,18.0,2304000.0,2,128.0
2011-06-24,기타,96.3,20535293.3,8,213.3
2011-06-24,봄,997.8,139475720.0,23,139.8
2011-06-24,쌈,32.3,21216643.4,13,657.6
2011-06-24,월동,18.0,1080000.0,2,60.0
2011-06-25,기타,38.1,6360771.4,8,167.1
2011-06-25,봄,525.3,88125124.0,17,167.8
2011-06-25,쌈,32.7,25028165.0,13,764.9
2011-06-27,기타,76.5,15251256.7,10,199.5
2011-06-27,봄,1095.6,204166658.0,33,186.4
2011-06-27,쌈,57.5,45216437.2,19,785.9
2011-06-27,월동,18.0,2304000.0,2,128.0
2011-06-28,기타,77.5,18918519.7,9,244.1
2011-06-28,봄,1124.1,162227596.0,30,144.3
2011-06-28,쌈,52.3,41961282.4,10,801.9
2011-06-28,월동,18.0,2160000.0,2,120.0
2011-06-29,기타,107.8,23127286.7,16,214.5
2011-06-29,봄,1161.2,170703120.0,27,147.0
2011-06-29,쌈,67.6,37565573.6,17,555.4
2011-06-30,기타,77.0,12996800.0,6,168.7
2011-06-30,봄,694.7,90843042.0,22,130.8
2011-06-30,쌈,58.0,37129256.8,17,640.1
2011-06-30,월동,18.9,1927000.0,2,102.0
2011-07-01,가을,503.2,109027020.0,10,216.7
2011-07-01,기타,29.5,7812534.4,12,265.1
2011-07-01,봄,39.1,5837800.0,3,149.3
2011-07-01,쌈,49.7,34413587.6,12,692.5
2011-07-02,가을,645.1,117096740.0,14,181.5
2011-07-02,기타,142.1,23265110.6,15,163.7
2011-07-02,쌈,73.2,44741968.4,16,611.2
2011-07-02,월동,18.0,2664000.0,2,148.0
2011-07-04,가을,702.8,121482498.0,12,172.9
2011-07-04,기타,169.6,33639933.3,14,198.3
2011-07-04,쌈,46.0,36547063.6,12,793.8
2011-07-04,월동,18.0,1980000.0,2,110.0
2011-07-05,가을,501.6,140604672.0,15,280.3
2011-07-05,기타,170.9,41491288.0,16,242.7
2011-07-05,쌈,57.1,38851884.6,15,680.1
2011-07-05,월동,18.0,2808000.0,2,156.0
2011-07-06,가을,808.1,246074548.0,20,304.5
2011-07-06,기타,212.5,53104850.0,12,249.9
2011-07-06,쌈,45.6,33633135.6,14,737.7
2011-07-07,가을,980.9,252540850.0,21,257.5
2011-07-07,기타,205.2,54477788.0,9,265.5
2011-07-07,쌈,66.3,51365704.6,11,774.5
2011-07-08,가을,631.7,158098840.0,9,250.3
2011-07-08,기타,145.5,40967270.0,8,281.6
2011-07-08,쌈,67.0,52397625.8,14,781.6
2011-07-08,월동,18.0,3495000.0,2,194.2
2011-07-09,가을,434.8,144571226.0,9,332.5
2011-07-09,기타,95.9,32300000.0,15,336.9
2011-07-09,쌈,54.1,45239176.6,14,836.8
2011-07-11,가을,738.1,214080170.0,19,290.0
2011-07-11,기타,158.1,48097736.0,18,304.3
2011-07-11,쌈,74.0,79030208.0,19,1067.5
2011-07-11,월동,18.9,2078000.0,2,109.9
2011-07-12,가을,828.9,254737798.0,17,307.3
2011-07-12,기타,212.1,62627760.0,11,295.3
2011-07-12,쌈,66.1,50975946.8,15,771.1
2011-07-12,월동,18.0,2160000.0,2,120.0
2011-07-13,가을,806.3,232185912.0,13,288.0
2011-07-13,기타,131.8,45893400.0,9,348.3
2011-07-13,쌈,73.0,54733905.8,15,749.3
2011-07-13,월동,18.0,2988000.0,2,166.0
2011-07-14,기타,130.6,53229530.0,6,407.7
2011-07-14,쌈,2.4,2811419.2,5,1159.8
2011-07-15,가을,732.2,283818392.0,17,387.6
2011-07-15,기타,164.0,58839213.3,13,358.8
2011-07-15,쌈,34.9,30577218.2,16,875.0
2011-07-15,월동,18.0,4644000.0,2,258.0
2011-07-16,가을,667.4,236673088.0,14,354.6
2011-07-16,기타,129.5,57686672.7,10,445.3
2011-07-16,쌈,51.8,43305079.0,16,836.3
2011-07-18,가을,1008.8,348820814.0,20,345.8
2011-07-18,고랭지,112.1,48355460.0,6,431.4
2011-07-18,기타,110.9,45766810.0,11,412.8
2011-07-18,쌈,57.7,56236000.0,17,974.9
2011-07-19,가을,1039.1,347799366.0,18,334.7
2011-07-19,고랭지,131.6,52863640.0,4,401.7
2011-07-19,기타,24.7,14499574.8,15,588.1
2011-07-19,쌈,90.7,57840315.2,17,638.0
2011-07-19,월동,19.0,11704000.0,2,616.0
2011-07-20,가을,612.6,321753860.0,13,525.3
2011-07-20,고랭지,99.1,58706030.0,4,592.4
2011-07-20,기타,59.7,43902666.7,10,735.0
2011-07-20,쌈,46.9,39276454.6,15,838.1
2011-07-21,가을,829.1,403177196.0,16,486.3
2011-07-21,고랭지,93.8,53099600.0,5,566.3
2011-07-21,기타,76.3,32441400.0,11,424.9
2011-07-21,쌈,43.5,41122025.6,15,946.1
2011-07-22,가을,1003.9,395083684.0,13,393.6
2011-07-22,고랭지,132.0,67338852.0,5,510.0
2011-07-22,기타,72.5,32608349.3,13,449.6
2011-07-22,쌈,39.8,47099594.8,14,1184.9
2011-07-22,월동,19.5,11661000.0,2,598.0
2011-07-23,가을,399.5,300855008.0,12,753.1
2011-07-23,고랭지,59.3,36626840.0,4,618.1
2011-07-23,기타,37.7,24231786.7,6,643.2
2011-07-23,쌈,44.3,65549658.2,15,1480.6
2011-07-25,가을,840.7,618307598.0,14,735.5
2011-07-25,고랭지,98.1,69334700.0,4,706.6
2011-07-25,기타,39.1,28628000.0,7,731.3
2011-07-25,쌈,58.6,67504731.2,21,1152.0
2011-07-26,가을,914.7,548831229.0,17,600.0
2011-07-26,고랭지,136.3,89530268.0,5,657.0
2011-07-26,기타,40.4,24645920.0,13,609.7
2011-07-26,쌈,49.2,51257902.2,16,1042.2
2011-07-27,가을,1068.3,567790480.0,23,531.5
2011-07-27,고랭지,51.8,42004620.0,1,810.9
2011-07-27,기타,58.2,40650706.7,7,698.2
2011-07-27,쌈,72.5,57105556.4,19,788.2
2011-07-28,가을,879.6,381527008.0,19,433.8
2011-07-28,고랭지,18.0,14124600.0,1,784.7
2011-07-28,기타,19.4,10725200.0,5,553.3
2011-07-28,쌈,2.4,1779484.2,5,744.6
2011-07-28,월동,18.0,7632000.0,2,424.0
2011-07-29,가을,578.6,419478552.0,13,725.0
2011-07-29,고랭지,36.6,27376800.0,1,748.0
2011-07-29,기타,19.5,16191200.0,6,832.4
2011-07-29,쌈,28.6,27840855.4,16,973.5
2011-07-29,월동,18.0,12420000.0,2,690.0
2011-07-30,가을,753.6,449526650.0,13,596.5
2011-07-30,고랭지,55.1,43003280.0,2,780.5
2011-07-30,기타,48.0,37807556.8,6,788.4
2011-07-30,쌈,61.0,59178682.0,17,970.1
2011-07-30,월동,18.0,11772000.0,2,654.0
2011-08-01,가을,18.4,15522000.0,2,843.6
2011-08-01,고랭지,128.6,102559620.0,3,797.5
2011-08-01,기타,37.3,22931600.0,3,614.8
2011-08-01,쌈,67.1,71545122.4,18,1066.0
2011-08-01,여름,1040.1,588701956.0,19,566.0
2011-08-01,월동,36.0,18396000.0,2,511.0
2011-08-02,고랭지,73.0,53317220.0,2,730.4
2011-08-02,기타,41.6,24416000.0,2,586.9
2011-08-02,쌈,56.4,58919151.8,11,1045.5
2011-08-02,여름,759.9,382044998.0,16,502.7
2011-08-02,월동,18.0,12600000.0,2,700.0
2011-08-03,고랭지,91.5,66628500.0,2,728.2
2011-08-03,기타,21.8,13718880.0,2,630.0
2011-08-03,쌈,55.8,57453982.8,15,1029.4
2011-08-03,여름,864.2,469510968.0,20,543.3
2011-08-03,월동,36.0,10944000.0,2,304.0
2011-08-04,고랭지,73.9,60884090.0,2,823.9
2011-08-04,기타,57.9,33593051.4,5,579.9
2011-08-04,쌈,60.2,63141788.4,17,1049.6
2011-08-04,여름,910.3,497917136.0,17,547.0
2011-08-04,월동,18.0,10584000.0,2,588.0
2011-08-05,고랭지,73.5,59292450.0,1,806.7
2011-08-05,기타,57.2,45771200.0,6,799.8
2011-08-05,쌈,53.7,64824565.6,21,1207.2
2011-08-05,여름,667.5,547507350.0,13,820.3
2011-08-05,월동,16.1,8904000.0,2,552.4
2011-08-06,고랭지,19.0,12616000.0,1,664.0
2011-08-06,기타,1.0,198400.0,1,200.0
2011-08-06,쌈,5.0,7626123.2,2,1522.8
2011-08-06,여름,409.0,215238076.0,9,526.3
2011-08-06,월동,18.0,6624000.0,2,368.0
2011-08-08,고랭지,111.2,92539680.0,2,832.2
2011-08-08,기타,57.4,52499920.0,4,914.9
2011-08-08,쌈,35.3,52856913.2,18,1498.0
2011-08-08,여름,1023.0,669103260.0,15,654.1
2011-08-09,고랭지,169.4,126735820.0,5,748.1
2011-08-09,기타,57.2,41137640.0,5,718.9
2011-08-09,쌈,37.8,57804858.2,19,1527.5
2011-08-09,여름,895.4,569831224.0,18,636.4
2011-08-09,월동,18.0,7956000.0,2,442.0
2011-08-10,고랭지,56.2,46140200.0,1,821.0
2011-08-10,기타,36.5,29326299.6,5,803.8
2011-08-10,쌈,52.1,61311822.4,16,1177.2
2011-08-10,여름,1070.0,692143350.0,19,646.8
2011-08-10,월동,18.0,6948000.0,2,386.0
2011-08-11,고랭지,110.5,87691382.0,1,793.3
2011-08-11,기타,35.9,25864000.0,3,719.6
2011-08-11,쌈,59.2,59957299.0,15,1013.1
2011-08-11,여름,975.7,636434434.0,17,652.3
2011-08-11,월동,18.0,10764000.0,2,598.0
2011-08-12,고랭지,57.4,42536000.0,2,741.0
2011-08-12,기타,37.8,31131250.0,3,824.0
2011-08-12,쌈,46.3,46176344.4,18,996.7
2011-08-12,여름,764.6,565053766.0,19,739.0
2011-08-13,고랭지,56.2,42532640.0,2,756.8
2011-08-13,기타,39.2,28241200.0,4,719.9
2011-08-13,쌈,42.2,53230339.4,19,1260.3
2011-08-13,여름,810.5,631080354.0,22,778.6
2011-08-13,월동,18.0,13572000.0,2,754.0
2011-08-15,고랭지,111.4,84708560.0,1,760.4
2011-08-15,기타,36.1,27432960.0,2,760.0
2011-08-15,쌈,45.9,66234834.2,11,1442.3
2011-08-15,여름,1002.1,765772306.0,19,764.2
2011-08-15,월동,18.0,12096000.0,2,672.0
2011-08-16,고랭지,72.8,66466400.0,1,913.0
2011-08-16,기타,19.0,16549760.0,6,868.8
2011-08-16,쌈,45.6,67176246.8,13,1474.1
2011-08-16,여름,927.1,657358098.0,14,709.0
2011-08-16,월동,18.0,9936000.0,2,552.0
2011-08-17,고랭지,92.3,77867520.0,3,843.6
2011-08-17,기타,38.3,33734360.0,6,879.7
2011-08-17,쌈,31.5,52002068.4,6,1648.7
2011-08-17,여름,1132.4,740727654.0,18,654.1
2011-08-17,월동,18.0,9612000.0,2,534.0
2011-08-18,고랭지,108.0,108583040.0,2,1005.4
2011-08-18,기타,55.4,47233000.0,2,853.2
2011-08-18,쌈,24.4,50798556.6,10,2086.0
2011-08-18,여름,799.2,636120184.0,17,795.9
2011-08-19,고랭지,111.5,110073850.0,2,987.2
2011-08-19,기타,59.2,49784840.0,4,840.5
2011-08-19,쌈,15.1,30895153.2,11,2042.0
2011-08-19,여름,1251.5,954688342.0,23,762.8
2011-08-20,고랭지,108.3,104944580.0,3,969.0
2011-08-20,기타,59.9,51743839.7,14,863.5
2011-08-20,쌈,33.6,66783033.0,16,1987.8
2011-08-20,여름,1100.9,909774480.0,21,826.4
2011-08-20,월동,18.0,6624000.0,2,368.0
2011-08-22,고랭지,169.5,164255940.0,3,969.1
2011-08-22,기타,78.7,61440666.7,11,780.9
2011-08-22,쌈,34.7,75890908.8,9,2184.2
2011-08-22,여름,1333.9,1048482066.0,27,786.0
2011-08-22,월동,36.0,22536000.0,2,626.0
2011-08-23,고랭지,151.0,141958980.0,4,940.1
2011-08-23,기타,59.7,42124400.0,9,706.1
2011-08-23,쌈,57.3,95567649.2,10,1667.9
2011-08-23,여름,1379.4,1115759056.0,22,808.9
2011-08-23,월동,18.0,11592000.0,2,644.0
2011-08-24,고랭지,129.0,127112000.0,2,985.4
2011-08-24,기타,60.6,46680626.7,7,770.4
2011-08-24,쌈,49.0,76010263.0,9,1549.9
2011-08-24,여름,1218.8,1028921788.0,25,844.2
2011-08-24,월동,36.0,21972000.0,2,610.3
2011-08-25,고랭지,127.7,123297010.0,3,965.5
2011-08-25,기타,89.1,61113132.0,9,686.0
2011-08-25,쌈,53.8,83525043.2,16,1552.4
2011-08-25,여름,1227.4,1049852456.0,22,855.3
2011-08-25,월동,18.0,14238000.0,2,791.0
2011-08-26,고랭지,146.9,132150220.0,2,899.6
2011-08-26,기타,117.4,104912240.0,6,893.9
2011-08-26,쌈,37.9,68459417.6,13,1805.7
2011-08-26,여름,1418.0,1264916378.0,22,892.0
2011-08-26,월동,18.0,13428000.0,2,746.0
2011-08-27,기타,78.3,73666800.0,6,940.4
2011-08-27,쌈,2.1,3434061.6,5,1618.3
2011-08-27,월동,18.0,15066000.0,2,837.0
2011-08-29,고랭지,165.4,145776530.0,4,881.4
2011-08-29,기타,87.8,77649580.0,9,884.5
2011-08-29,쌈,52.7,103912642.0,15,1971.7
2011-08-29,여름,1503.9,1305198080.0,15,867.9
2011-08-29,월동,18.0,10927000.0,3,607.1
2011-08-30,고랭지,148.7,130480450.0,3,877.5
2011-08-30,기타,102.9,80119980.0,8,778.3
2011-08-30,쌈,58.8,96587896.8,15,1642.3
2011-08-30,여름,1549.7,1285971460.0,17,829.8
2011-08-30,월동,17.5,14490000.0,2,828.0
2011-08-31,고랭지,143.4,131904100.0,3,919.8
2011-08-31,기타,107.2,82030673.3,11,765.0
2011-08-31,쌈,48.8,88766101.0,16,1820.2
2011-08-31,여름,1567.8,1281376828.0,15,817.3
2011-08-31,월동,18.0,13248000.0,2,736.0
2011-09-01,고랭지,145.2,114528240.0,3,788.8
2011-09-01,기타,120.7,103265882.0,12,855.8
2011-09-01,쌈,61.1,87187515.4,16,1427.9
2011-09-01,여름,1836.2,1300688758.0,16,708.4
2011-09-01,월동,18.0,11916000.0,2,662.0
2011-09-02,고랭지,200.9,149765800.0,6,745.5
2011-09-02,기타,95.0,77813551.5,7,819.0
2011-09-02,쌈,61.4,84371191.8,12,1374.3
2011-09-02,여름,1705.4,1268542496.0,15,743.8
2011-09-02,월동,36.0,25729200.0,2,714.7
2011-09-03,고랭지,148.8,126534800.0,5,850.4
2011-09-03,기타,94.1,70680488.0,8,751.0
2011-09-03,쌈,50.2,70649118.6,11,1407.4
2011-09-03,여름,2095.7,1310940482.0,14,625.5
2011-09-03,월동,36.7,18918850.0,2,515.5
2011-09-05,가을,5.1,3011236.8,1,586.3
2011-09-05,고랭지,242.2,175489380.0,9,724.6
2011-09-05,기타,84.7,68903020.7,9,813.7
2011-09-05,쌈,56.3,101656605.8,16,1804.1
2011-09-05,여름,2151.2,1419176178.0,13,659.7
2011-09-05,월동,36.0,17136000.0,3,476.0
2011-09-06,가을,2.2,1418592.0,1,633.3
2011-09-06,고랭지,229.1,162815824.0,5,710.6
2011-09-06,기타,102.5,89677286.7,11,874.6
2011-09-06,쌈,73.1,139354659.8,12,1906.1
2011-09-06,여름,2024.6,1438146806.0,19,710.3
2011-09-06,월동,36.0,19224000.0,2,534.0
2011-09-07,가을,6.1,3868728.0,2,636.3
2011-09-07,고랭지,184.3,129685360.0,6,703.7
2011-09-07,기타,102.6,82778503.3,15,806.6
2011-09-07,쌈,109.1,137987590.8,17,1264.3
2011-09-07,여름,2151.0,1505416934.0,20,699.9
2011-09-07,월동,53.0,31833920.0,2,600.6
2011-09-08,고랭지,197.0,133215340.0,8,676.2
2011-09-08,기타,95.8,72729188.7,13,759.4
2011-09-08,쌈,84.4,111503883.0,15,1320.4
2011-09-08,여름,1816.8,1237482144.0,21,681.1
2011-09-08,월동,54.0,39998000.0,2,740.7
2011-09-09,고랭지,107.1,76911750.0,5,718.1
2011-09-09,기타,90.7,59028590.0,6,650.7
2011-09-09,쌈,86.7,138998181.8,13,1602.4
2011-09-09,여름,1975.8,1190511678.0,18,602.5
2011-09-09,월동,36.0,19548000.0,2,543.0
2011-09-10,고랭지,88.5,57866620.0,4,653.9
2011-09-10,기타,19.1,11488490.0,11,602.8
2011-09-10,쌈,84.8,110715538.8,15,1305.9
2011-09-10,여름,1444.4,669911916.0,13,463.8
2011-09-10,월동,54.0,29482920.0,2,546.0
2011-09-15,고랭지,110.4,82068030.0,3,743.4
2011-09-15,기타,93.6,60571200.0,3,646.9
2011-09-15,쌈,90.7,117119388.8,15,1290.8
2011-09-15,여름,1400.2,879545864.0,15,628.2
2011-09-15,월동,36.0,16654680.0,2,462.6
2011-09-16,고랭지,181.5,94338600.0,6,519.8
2011-09-16,기타,57.8,29506400.0,6,510.8
2011-09-16,쌈,80.2,102367690.4,16,1277.1
2011-09-16,여름,1944.5,874663366.0,18,449.8
2011-09-16,월동,36.0,15732000.0,2,437.0
2011-09-17,가을,0.3,80640.0,1,280.0
2011-09-17,고랭지,70.6,31870020.0,1,451.4
2011-09-17,기타,76.7,22131240.0,9,288.5
2011-09-17,쌈,80.9,69862908.4,14,863.8
2011-09-17,여름,1970.0,622513838.0,16,316.0
2011-09-17,월동,36.0,9936000.0,2,276.0
2011-09-19,고랭지,164.1,61817278.0,6,376.8
2011-09-19,기타,66.7,23698440.0,8,355.4
2011-09-19,쌈,67.6,48078830.2,13,710.8
2011-09-19,여름,1523.9,486655352.0,15,319.4
2011-09-19,월동,37.2,13873748.0,2,373.0
2011-09-20,고랭지,165.9,66956950.0,5,403.6
2011-09-20,기타,83.1,25366196.7,15,305.3
2011-09-20,쌈,89.9,59215546.4,17,658.4
2011-09-20,여름,1545.4,510258990.0,17,330.2
2011-09-20,월동,36.0,11592000.0,2,322.0
2011-09-21,고랭지,144.8,52819840.0,6,364.8
2011-09-21,기타,98.1,32555217.1,11,331.9
2011-09-21,쌈,69.2,46837418.8,11,677.1
2011-09-21,여름,1352.9,445233776.0,17,329.1
2011-09-21,월동,17.5,6110000.0,2,349.1
2011-09-22,고랭지,146.6,55151760.0,5,376.2
2011-09-22,기타,60.3,18868600.0,4,312.7
2011-09-22,쌈,1.8,1264175.4,5,702.3
2011-09-22,여름,1304.0,383642798.0,13,294.2
2011-09-23,고랭지,71.8,22446200.0,4,312.6
2011-09-23,기타,99.7,35665016.0,10,357.9
2011-09-23,쌈,86.2,47680673.8,12,552.9
2011-09-23,여름,1279.0,463027976.0,14,362.0
2011-09-23,월동,36.0,9071280.0,2,252.0
2011-09-24,고랭지,108.0,40467840.0,3,374.6
2011-09-24,기타,77.6,23372600.0,13,301.3
2011-09-24,쌈,77.8,37351861.8,14,480.2
2011-09-24,여름,1082.2,362007238.0,13,334.5
2011-09-24,월동,52.4,11685200.0,2,223.0
2011-09-26,고랭지,143.6,57369200.0,3,399.5
2011-09-26,기타,83.8,26198776.6,15,312.6
2011-09-26,쌈,73.2,44878300.4,15,612.7
2011-09-26,여름,1093.5,407920522.0,15,373.1
2011-09-26,월동,18.0,6120000.0,2,340.0
2011-09-27,고랭지,109.4,44281760.0,3,404.8
2011-09-27,기타,66.9,21196595.4,12,316.9
2011-09-27,쌈,89.4,52734292.4,12,589.8
2011-09-27,여름,1178.6,437285540.0,15,371.0
2011-09-28,고랭지,117.5,45792500.0,4,389.8
2011-09-28,기타,102.7,36524374.5,17,355.8
2011-09-28,쌈,78.1,43037554.6,19,550.9
2011-09-28,여름,1446.1,515409908.0,20,356.4
2011-09-29,고랭지,146.8,54723480.0,5,372.8
2011-09-29,기타,87.3,27315953.9,20,312.9
2011-09-29,쌈,54.7,37913347.4,13,693.4
2011-09-29,여름,1389.7,485837748.0,17,349.6
2011-09-30,고랭지,75.8,26745930.0,3,352.9
2011-09-30,기타,65.2,18367489.2,12,281.5
2011-09-30,쌈,20.7,20135133.6,11,974.8
2011-09-30,여름,1051.7,353321544.0,18,336.0
2011-10-01,고랭지,98.8,33392998.0,5,338.1
2011-10-01,기타,78.0,25568766.7,16,327.7
2011-10-01,쌈,41.1,38564695.8,11,937.8
2011-10-01,여름,19.0,6090000.0,2,320.5
2011-10-01,월동,1031.1,340942522.0,16,330.7
2011-10-03,고랭지,20.0,7830000.0,1,391.5
2011-10-03,기타,211.2,77521023.3,25,367.0
2011-10-03,쌈,75.5,70927503.6,14,940.0
2011-10-03,월동,1151.9,429658188.0,14,373.0
2011-10-04,기타,243.4,93953436.4,17,386.0
2011-10-04,쌈,58.4,54747931.2,15,937.7
2011-10-04,월동,1289.9,502672568.0,19,389.7
2011-10-05,기타,164.9,62439792.7,19,378.6
2011-10-05,쌈,99.5,67361165.0,15,676.8
2011-10-05,월동,1413.8,530493376.0,24,375.2
2011-10-06,기타,226.9,90584392.4,15,399.2
2011-10-06,쌈,107.7,65978478.4,20,612.9
2011-10-06,월동,1459.9,554700216.0,23,380.0
2011-10-07,기타,270.1,100710273.1,28,372.8
2011-10-07,쌈,85.1,48088213.8,14,565.3
2011-10-07,월동,1297.2,430233732.0,26,331.7
2011-10-08,기타,153.5,60982120.0,23,397.2
2011-10-08,쌈,68.7,40699472.2,14,592.7
2011-10-08,월동,965.8,342473460.0,17,354.6
2011-10-10,기타,128.2,53254044.6,26,415.5
2011-10-10,쌈,42.0,26472985.6,12,630.8
2011-10-10,월동,624.0,229862128.0,25,368.4
2011-10-11,기타,42.1,14904042.5,18,354.0
2011-10-11,쌈,40.5,27303984.2,20,674.8
2011-10-11,월동,644.8,225807700.0,20,350.2
2011-10-12,기타,90.0,31755496.7,21,353.0
2011-10-12,쌈,43.2,28331272.7,16,656.0
2011-10-12,월동,498.5,184622421.0,23,370.3
2011-10-13,기타,85.8,28144877.8,25,328.1
2011-10-13,쌈,32.2,21998974.4,16,682.2
2011-10-13,월동,465.1,182989784.0,24,393.4
2011-10-14,기타,81.5,28328229.2,18,347.8
2011-10-14,쌈,36.9,22112603.8,18,599.6
2011-10-14,월동,480.0,189059619.0,22,393.9
2011-10-15,기타,71.3,26310946.7,22,369.1
2011-10-15,쌈,21.8,16810252.5,15,769.8
2011-10-15,월동,374.6,155980051.0,24,416.4
2011-10-17,기타,107.1,42334180.4,21,395.4
2011-10-17,쌈,37.7,30220041.1,16,801.4
2011-10-17,월동,635.3,244475502.0,38,384.8
2011-10-18,기타,98.5,35528163.7,35,360.7
2011-10-18,쌈,32.3,27781212.8,19,859.4
2011-10-18,월동,659.9,234778030.0,34,355.8
2011-10-19,기타,107.5,39896358.0,35,371.1
2011-10-19,쌈,44.1,32952876.8,18,747.8
2011-10-19,월동,673.1,243954119.0,32,362.4
2011-10-20,기타,97.6,36921237.5,28,378.4
2011-10-20,쌈,43.6,32433667.2,25,744.6
2011-10-20,월동,713.7,234154125.0,38,328.1
2011-10-21,기타,112.7,42234980.8,25,374.8
2011-10-21,쌈,49.9,33613349.0,21,674.2
2011-10-21,월동,620.2,204510548.0,38,329.7
2011-10-22,기타,67.2,23387480.0,12,348.2
2011-10-22,쌈,56.6,30638550.7,26,541.0
2011-10-22,월동,531.4,142111511.0,32,267.4
2011-10-24,기타,124.5,45167993.3,19,362.8
2011-10-24,기타부산물,0.4,121500.0,1,300.0
2011-10-24,쌈,53.6,33820337.6,25,630.9
2011-10-24,월동,440.4,158190620.0,31,359.2
2011-10-25,기타,119.6,36921443.8,23,308.8
2011-10-25,쌈,44.9,28331475.9,23,631.4
2011-10-25,월동,697.0,184733821.0,46,265.0
2011-10-26,기타,110.9,28507090.6,28,257.1
2011-10-26,쌈,43.8,25001262.2,21,571.1
2011-10-26,월동,664.5,161058926.0,35,242.4
2011-10-27,기타,105.9,27366346.6,30,258.5
2011-10-27,쌈,38.0,23975002.2,15,630.4
2011-10-27,월동,654.6,145081537.0,44,221.6
2011-10-28,기타,93.5,23388941.9,23,250.2
2011-10-28,쌈,43.3,25000782.6,23,578.0
2011-10-28,월동,576.3,131627283.0,35,228.4
2011-10-29,기타,96.1,21423285.0,15,223.0
2011-10-29,쌈,42.0,26264691.4,23,625.1
2011-10-29,월동,597.8,116341296.0,32,194.6
2011-10-31,기타,119.8,29948788.4,20,250.0
2011-10-31,쌈,51.6,31842102.4,23,617.1
2011-10-31,월동,483.5,117851584.0,35,243.7
2011-11-01,기타,103.3,24869596.7,17,240.8
2011-11-01,쌈,39.1,26052865.0,24,666.1
2011-11-01,월동,585.0,109831174.0,36,187.7
2011-11-02,기타,110.0,25804280.0,31,234.5
2011-11-02,쌈,53.4,27209833.2,20,509.7
2011-11-02,월동,608.7,117679911.0,32,193.3
2011-11-03,기타,116.6,24140881.7,23,207.0
2011-11-03,쌈,59.5,31088334.7,27,522.6
2011-11-03,월동,547.9,107248657.0,30,195.7
2011-11-04,기타,104.8,22287924.3,22,212.6
2011-11-04,쌈,39.4,22777133.0,21,578.0
2011-11-04,월동,661.4,124385765.0,37,188.1
2011-11-05,기타,110.0,23501877.3,16,213.6
2011-11-05,쌈,23.2,11574312.4,19,498.1
2011-11-05,월동,587.1,118646500.0,34,202.1
2011-11-07,기타,105.7,23388476.0,23,221.3
2011-11-07,쌈,41.6,21038301.5,18,505.6
2011-11-07,월동,506.1,121359787.0,49,239.8
2011-11-08,가을,67.0,13736575.0,8,204.9
2011-11-08,기타,59.5,12263463.3,19,206.0
2011-11-08,쌈,26.6,16417897.2,18,616.3
2011-11-08,월동,838.0,137140154.0,56,163.6
2011-11-09,가을,90.1,16949364.0,9,188.1
2011-11-09,기타,51.2,10777758.6,19,210.7
2011-11-09,쌈,38.9,23955660.0,27,616.0
2011-11-09,월동,773.9,121044231.0,47,156.4
2011-11-10,가을,74.0,11858690.0,9,160.2
2011-11-10,기타,57.7,12916321.7,14,223.7
2011-11-10,쌈,35.0,21614883.0,21,618.4
2011-11-10,월동,696.1,109701924.0,39,157.6
2011-11-11,가을,58.4,10540430.0,7,180.6
2011-11-11,기타,117.8,25047585.0,24,212.6
2011-11-11,쌈,43.4,22882469.5,21,526.7
2011-11-11,월동,845.4,158691652.0,39,187.7
2011-11-12,가을,124.3,27769455.0,9,223.4
2011-11-12,기타,74.3,22774920.0,13,306.6
2011-11-12,쌈,29.4,15701680.4,17,534.1
2011-11-12,월동,780.9,202765014.0,35,259.6
2011-11-14,가을,144.1,27663700.0,11,191.9
2011-11-14,기타,96.8,20571195.9,32,212.4
2011-11-14,쌈,42.0,22940948.5,20,546.0
2011-11-14,월동,1320.2,228064324.0,55,172.8
2011-11-15,가을,160.6,25446920.0,15,158.4
2011-11-15,기타,44.7,10408214.5,16,232.9
2011-11-15,쌈,29.5,17140153.0,19,580.6
2011-11-15,월동,726.1,138546889.0,45,190.8
2011-11-16,가을,147.1,22674205.0,13,154.1
2011-11-16,기타,74.5,17421275.0,11,233.8
2011-11-16,쌈,28.6,15120226.7,20,529.2
2011-11-16,월동,914.1,155705325.0,47,170.3
2011-11-17,가을,125.0,25451850.0,9,203.6
2011-11-17,기타,67.3,18506875.0,14,275.1
2011-11-17,쌈,30.2,14581404.9,19,482.5
2011-11-17,월동,701.1,188452558.0,37,268.8
2011-11-18,가을,213.1,56842331.0,11,266.7
2011-11-18,기타,81.8,29560410.0,9,361.5
2011-11-18,쌈,31.0,15077272.3,22,486.1
2011-11-18,월동,1013.5,339457437.0,45,334.9
2011-11-19,가을,206.5,56777881.0,10,274.9
2011-11-19,기타,68.9,25688710.7,12,372.9
2011-11-19,쌈,23.3,10233338.2,22,439.4
2011-11-19,월동,1076.7,340445816.0,56,316.2
2011-11-21,가을,262.0,46204188.0,17,176.4
2011-11-21,기타,73.5,18484020.0,11,251.4
2011-11-21,쌈,27.3,14787015.4,17,541.4
2011-11-21,월동,1141.6,223375088.0,54,195.7
2011-11-22,가을,110.1,21208400.0,11,192.6
2011-11-22,기타,50.9,13126780.0,9,257.7
2011-11-22,쌈,9.6,6395364.0,14,663.3
2011-11-22,월동,796.1,138883262.0,40,174.4
2011-11-23,가을,130.7,24879145.0,12,190.4
2011-11-23,기타,76.2,18769170.0,18,246.3
2011-11-23,쌈,19.1,13188211.3,17,688.9
2011-11-23,월동,897.8,182454830.0,43,203.2
2011-11-24,가을,125.2,27905445.0,10,222.9
2011-11-24,기타,78.7,23573993.3,17,299.7
2011-11-24,쌈,17.7,11623555.5,19,657.4
2011-11-24,월동,932.1,199866473.0,34,214.4
2011-11-25,가을,139.5,34616400.0,10,248.1
2011-11-25,기타,46.2,15459733.3,11,334.7
2011-11-25,쌈,22.7,16942396.4,18,746.1
2011-11-25,월동,736.0,186386762.0,34,253.2
2011-11-26,가을,133.4,25956717.0,9,194.6
2011-11-26,기타,60.0,16257656.7,14,270.9
2011-11-26,쌈,11.2,8409298.1,17,749.8
2011-11-26,월동,918.6,164005219.0,42,178.5
2011-11-28,가을,8.5,935000.0,2,110.0
2011-11-28,기타,95.8,21788183.3,13,227.3
2011-11-28,쌈,34.8,22308597.3,24,641.7
2011-11-28,월동,879.2,172213643.0,38,195.9
2011-11-29,가을,90.6,12406134.0,8,136.9
2011-11-29,기타,38.5,6852360.0,10,177.9
2011-11-29,쌈,29.4,14560550.6,31,496.0
2011-11-29,월동,689.9,104016813.0,30,150.8
2011-11-30,기타,1.9,2068000.0,1,1100.0
2011-11-30,쌈,28.7,14297909.2,19,498.9
2011-11-30,월동,591.0,105773211.0,32,179.0
2011-12-01,가을,61.7,10311880.0,7,167.1
2011-12-01,기타,55.1,12730776.3,7,231.1
2011-12-01,쌈,27.6,10679414.2,25,386.3
2011-12-01,월동,227.1,55497646.0,16,244.4
2011-12-02,가을,124.4,27001280.0,17,217.1
2011-12-02,기타,22.6,6199038.3,12,274.6
2011-12-02,쌈,26.0,9763569.9,26,375.0
2011-12-02,월동,521.2,112904130.0,34,216.6
2011-12-03,가을,80.2,20419560.0,10,254.7
2011-12-03,기타,45.6,14381340.0,15,315.6
2011-12-03,쌈,43.7,19899256.1,27,454.9
2011-12-03,월동,711.5,153663443.0,33,216.0
2011-12-05,가을,330.3,78328400.0,26,237.1
2011-12-05,기타,54.0,13943245.8,16,258.2
2011-12-05,쌈,54.2,24464064.8,17,451.3
2011-12-05,월동,582.9,130112840.0,31,223.2
2011-12-06,가을,44.5,9021000.0,5,202.9
2011-12-06,기타,22.5,3780963.3,6,167.8
2011-12-06,쌈,18.2,9081751.7,16,497.7
2011-12-06,월동,443.2,93368436.0,19,210.7
2011-12-07,가을,52.3,9567534.0,8,182.8
2011-12-07,기타,38.4,10621506.7,9,276.7
2011-12-07,쌈,21.5,9645067.4,17,448.1
2011-12-07,월동,521.2,94897731.0,14,182.1
2011-12-08,가을,77.7,14880730.0,8,191.6
2011-12-08,기타,32.6,5590006.7,13,171.5
2011-12-08,쌈,15.7,6930669.0,18,440.6
2011-12-08,월동,508.7,104815511.0,22,206.0
2011-12-09,가을,30.1,5894835.0,3,195.5
2011-12-09,기타,17.1,5219875.0,12,305.2
2011-12-09,쌈,32.3,13133694.6,17,406.6
2011-12-09,월동,443.9,74666470.0,22,168.2
2011-12-10,가을,74.7,11164560.0,6,149.4
2011-12-10,기타,38.6,12760413.3,10,330.5
2011-12-10,쌈,17.8,6544276.2,18,367.9
2011-12-10,월동,276.1,38203164.0,19,138.4
2011-12-12,가을,123.3,25108616.0,7,203.6
2011-12-12,기타,29.2,6034780.0,7,206.6
2011-12-12,쌈,26.9,11095199.1,21,411.8
2011-12-12,월동,228.8,39857331.0,16,174.2
2011-12-13,가을,185.3,31854868.0,14,171.9
2011-12-13,기타,20.2,3976400.0,5,196.6
2011-12-13,쌈,13.9,11848453.3,18,851.1
2011-12-13,월동,295.1,52503364.0,14,177.9
2011-12-14,가을,193.9,31409140.0,10,162.0
2011-12-14,기타,9.8,2143156.7,5,218.8
2011-12-14,기타부산물,1.9,1716000.0,1,880.0
2011-12-14,쌈,20.4,13880012.0,24,679.8
2011-12-14,월동,295.4,52677681.0,16,178.3
2011-12-15,가을,66.5,11278800.0,9,169.7
2011-12-15,기타,36.6,7428000.0,5,203.1
2011-12-15,쌈,20.7,13321115.4,28,644.2
2011-12-15,월동,293.9,53090436.0,10,180.6
2011-12-16,가을,53.9,8580320.0,6,159.3
2011-12-16,기타,20.5,6747707.0,4,328.9
2011-12-16,쌈,31.1,19644116.6,23,631.9
2011-12-16,월동,482.2,87031014.0,8,180.5
2011-12-17,기타,21.7,5689910.0,7,261.7
2011-12-17,쌈,21.9,12660559.8,20,577.3
2011-12-17,월동,146.6,23135622.0,7,157.9
2011-12-19,가을,27.3,5593650.0,1,204.9
2011-12-19,기타,13.8,6246386.7,4,454.3
2011-12-19,쌈,28.5,16825783.4,27,591.2
2011-12-19,월동,219.8,42886292.0,6,195.1
2011-12-20,가을,142.5,28033542.0,7,196.7
2011-12-20,기타,28.5,5591333.3,7,195.9
2011-12-20,쌈,16.5,12307339.2,25,744.8
2011-12-20,월동,232.7,48908629.0,5,210.2
2011-12-21,가을,81.2,17090160.0,9,210.3
2011-12-21,기타,40.0,8077373.3,8,202.1
2011-12-21,쌈,19.8,14517048.6,23,734.9
2011-12-21,월동,296.7,65388347.0,4,220.4
2011-12-22,가을,49.8,9312420.0,3,187.0
2011-12-22,기타,21.5,5028750.0,6,233.5
2011-12-22,기타부산물,0.6,240000.0,1,400.0
2011-12-22,쌈,21.4,16874915.6,32,788.9
2011-12-22,월동,442.0,84405701.0,6,191.0
2011-12-23,가을,116.9,21087080.0,7,180.4
2011-12-23,기타,20.4,4432118.3,8,216.8
2011-12-23,쌈,20.0,15145321.2,23,757.0
2011-12-23,월동,382.6,55576395.0,11,145.2
2011-12-24,가을,27.5,3999780.0,5,145.6
2011-12-24,기타,17.6,4159615.6,8,236.7
2011-12-24,쌈,21.7,14349054.3,24,661.4
2011-12-24,월동,137.4,21156875.0,2,153.9
2011-12-26,가을,9.2,1557101.0,1,168.7
2011-12-26,기타,9.9,2164200.0,3,217.7
2011-12-26,쌈,29.1,14393240.1,24,493.9
2011-12-26,월동,125.8,15759246.0,5,125.2
2011-12-27,가을,9.0,1872000.0,1,208.0
2011-12-27,기타,12.7,2907535.0,6,228.8
2011-12-27,쌈,17.8,15855202.3,21,893.0
2011-12-27,월동,100.9,17139824.0,4,169.8
2011-12-28,기타,29.6,5059600.0,7,170.9
2011-12-28,쌈,12.0,12546176.6,15,1048.7
2011-12-28,월동,218.5,46466419.0,7,212.7
2011-12-28,저장,28.1,7666100.0,4,272.8
2011-12-29,가을,44.5,9407560.0,6,211.4
2011-12-29,기타,29.9,7114800.0,10,237.8
2011-12-29,기타부산물,0.5,544500.0,1,1100.0
2011-12-29,쌈,20.6,17483172.2,20,849.6
2011-12-29,월동,317.1,72991708.0,11,230.2
2011-12-29,저장,27.3,6124440.0,4,224.3
2011-12-30,기타,18.0,6098237.2,10,338.5
2011-12-30,쌈,28.8,25522435.2,26,885.4
2011-12-30,월동,446.0,82372378.0,9,184.7
2011-12-31,기타,20.0,4133906.7,7,206.6
2011-12-31,쌈,18.0,16357379.8,23,910.2
2011-12-31,월동,279.3,48064793.0,6,172.1
2012-01-03,고랭지,293.4,53694496.0,7,183.0
2012-01-03,기타,22.8,5518967.2,7,242.1
2012-01-03,쌈,27.0,21562254.4,24,798.5
2012-01-03,월동,27.0,6407100.0,1,237.3
2012-01-04,가을,36.5,8713840.0,7,238.7
2012-01-04,고랭지,249.8,54404147.0,6,217.8
2012-01-04,기타,32.2,8458813.3,8,262.5
2012-01-04,쌈,38.0,33455033.0,19,879.6
2012-01-04,월동,26.9,6610835.0,1,245.3
2012-01-05,고랭지,231.7,46859592.0,7,202.2
2012-01-05,기타,40.0,9293490.0,7,232.1
2012-01-05,쌈,38.7,30329903.2,20,783.7
2012-01-05,월동,18.8,4438900.0,2,236.1
2012-01-06,가을,52.8,11641600.0,6,220.5
2012-01-06,고랭지,260.9,51295953.0,6,196.6
2012-01-06,기타,24.0,9217582.8,7,384.7
2012-01-06,쌈,45.1,27148765.8,26,601.8
2012-01-06,월동,73.0,14600840.0,1,200.0
2012-01-06,저장,35.0,5744800.0,3,164.1
2012-01-07,가을,36.5,6055880.0,8,165.9
2012-01-07,고랭지,484.1,91092380.0,6,188.2
2012-01-07,기타,20.5,4825980.0,7,235.4
2012-01-07,쌈,21.3,19186321.0,17,899.5
2012-01-07,월동,74.0,14910500.0,2,201.5
2012-01-09,가을,27.0,4298400.0,2,159.2
2012-01-09,고랭지,347.4,64539419.0,6,185.8
2012-01-09,기타,33.8,14703578.0,8,435.1
2012-01-09,쌈,45.4,23872379.0,27,526.2
2012-01-09,월동,131.9,21597100.0,4,163.7
2012-01-10,고랭지,283.2,55573448.0,9,196.2
2012-01-10,기타,20.1,4556720.0,6,227.2
2012-01-10,쌈,28.0,18207200.2,24,650.4
2012-01-10,월동,18.5,3774000.0,1,204.0
2012-01-11,가을,17.7,3690800.0,2,208.5
2012-01-11,고랭지,294.9,58603247.0,10,198.7
2012-01-11,기타,22.7,6803373.5,7,300.0
2012-01-11,쌈,31.9,15702335.2,25,492.4
2012-01-11,월동,81.3,20744990.0,5,255.2
2012-01-12,가을,35.8,8568880.0,6,239.4
2012-01-12,고랭지,270.1,54714765.0,9,202.5
2012-01-12,기타,34.6,9391054.3,13,271.3
2012-01-12,쌈,31.4,18984642.6,30,603.8
2012-01-12,월동,35.8,8240685.0,3,230.2
2012-01-13,고랭지,259.5,44383673.0,6,171.0
2012-01-13,기타,15.3,8495200.0,7,554.4
2012-01-13,쌈,68.7,38047102.8,30,554.1
2012-01-13,월동,27.0,6072300.0,1,224.9
2012-01-14,가을,18.2,3367340.0,4,184.5
2012-01-14,고랭지,241.8,41562353.0,8,171.9
2012-01-14,기타,25.6,5488944.0,12,214.3
2012-01-14,쌈,26.0,16250540.3,24,624.3
2012-01-14,월동,63.2,12457690.0,6,197.2
2012-01-16,고랭지,413.1,68984929.0,8,167.0
2012-01-16,기타,29.1,7862225.0,10,270.5
2012-01-16,쌈,41.1,25606014.8,23,622.3
2012-01-16,월동,63.5,10350060.0,4,162.9
2012-01-17,고랭지,299.8,49627250.0,8,165.6
2012-01-17,기타,30.2,6063013.3,12,200.8
2012-01-17,쌈,31.6,19687772.6,24,623.8
2012-01-17,월동,7.6,1048800.0,2,138.0
2012-01-18,고랭지,351.4,60147226.0,7,171.1
2012-01-18,월동,57.4,12028676.0,3,209.5
2012-01-19,고랭지,228.0,46063922.0,5,202.0
2012-01-19,기타,10.9,3337450.0,8,305.7
2012-01-19,쌈,51.4,24962553.4,27,485.3
2012-01-19,월동,30.1,6739747.0,1,223.8
2012-01-20,고랭지,227.3,42638127.0,8,187.5
2012-01-20,기타,18.0,3744000.0,2,208.0
2012-01-20,쌈,35.2,15846336.6,25,450.2
2012-01-20,월동,36.5,8402490.0,2,229.9
2012-01-21,고랭지,26.9,7364625.0,2,274.3
2012-01-21,기타,2.3,468240.0,3,207.9
2012-01-21,쌈,10.4,5135174.5,18,495.0
2012-01-26,고랭지,69.2,20773169.0,8,300.4
2012-01-26,기타,9.1,3416000.0,2,376.2
2012-01-26,쌈,1.5,864662.6,8,560.7
2012-01-26,월동,16.2,3628800.0,1,224.0
2012-01-27,고랭지,217.4,52855641.0,10,243.1
2012-01-27,기타,9.2,2686400.0,1,292.0
2012-01-27,쌈,1.7,928463.2,9,561.0
2012-01-28,고랭지,112.9,29873279.0,7,264.6
2012-01-28,기타,12.2,11347400.0,8,933.5
2012-01-28,쌈,11.7,8816311.4,25,756.6
2012-01-28,월동,28.1,8710580.0,1,310.0
2012-01-30,고랭지,468.1,105127286.0,10,224.6
2012-01-30,기타,30.9,11690566.6,8,378.9
2012-01-30,쌈,25.6,19608626.3,28,766.6
2012-01-30,월동,85.0,21073100.0,4,247.9
2012-01-31,고랭지,335.8,72692461.0,9,216.5
2012-01-31,기타,20.1,14059361.0,15,699.5
2012-01-31,쌈,14.9,14724597.5,21,989.6
2012-01-31,월동,27.5,7652000.0,1,278.3
2012-02-01,고랭지,209.3,45620788.0,7,217.9
2012-02-01,기타,4.8,10052864.5,15,2084.4
2012-02-01,쌈,23.4,20316552.4,21,868.9
2012-02-01,월동,63.1,14973294.0,6,237.2
2012-02-02,고랭지,142.3,29291531.0,4,205.8
2012-02-02,기타,11.8,15082067.5,11,1276.4
2012-02-02,쌈,20.9,15771731.2,24,756.1
2012-02-02,월동,34.8,8690380.0,2,249.7
2012-02-03,고랭지,90.4,14286652.0,6,158.0
2012-02-03,기타,13.7,12093475.0,15,883.0
2012-02-03,쌈,21.1,11468117.8,17,543.1
2012-02-03,월동,9.7,1552000.0,1,160.0
2012-02-04,고랭지,34.2,5263450.0,2,154.0
2012-02-04,기타,2.1,1625300.0,6,765.9
2012-02-04,쌈,24.5,15720521.8,23,640.5
2012-02-04,월동,34.6,7399430.0,4,214.0
2012-02-06,고랭지,242.2,51537058.0,8,212.8
2012-02-06,기타,20.3,5759570.0,7,284.2
2012-02-06,쌈,28.4,21538414.4,21,757.5
2012-02-06,월동,28.2,7806750.0,1,276.8
2012-02-07,기타,37.4,8877790.5,8,237.4
2012-02-07,쌈,17.2,17816465.2,20,1034.5
2012-02-07,월동,73.8,21666570.0,5,293.6
2012-02-08,고랭지,448.2,112264108.0,7,250.5
2012-02-08,기타,11.7,5235026.0,4,445.9
2012-02-08,쌈,14.9,11932038.2,13,801.6
2012-02-08,월동,132.1,34644916.0,6,262.3
2012-02-09,고랭지,211.4,60151322.0,8,284.5
2012-02-09,기타,21.2,8837550.0,6,416.9
2012-02-09,쌈,11.2,10948685.2,16,977.5
2012-02-09,월동,47.2,11599580.0,2,245.8
2012-02-10,고랭지,158.6,44804241.0,10,282.5
2012-02-10,기타,11.0,3324735.0,5,300.9
2012-02-10,쌈,20.1,23837428.8,23,1183.0
2012-02-10,월동,27.0,8652050.0,1,320.4
2012-02-11,고랭지,303.0,72986634.0,9,240.8
2012-02-11,기타,22.8,11491643.0,7,504.3
2012-02-11,쌈,22.6,29695414.2,20,1316.7
2012-02-11,월동,44.1,15124860.0,2,343.0
2012-02-13,고랭지,453.9,131599472.0,14,289.9
2012-02-13,기타,12.6,5368408.3,12,426.8
2012-02-13,쌈,38.2,39175543.6,19,1025.3
2012-02-13,월동,77.8,22327510.0,10,287.0
2012-02-14,고랭지,574.7,143397946.0,8,249.5
2012-02-14,기타,14.0,6867147.5,6,492.2
2012-02-14,쌈,26.0,25477410.7,24,980.6
2012-02-14,월동,60.1,491566925.0,7,8179.2
2012-02-15,고랭지,150.3,48679035.0,7,323.8
2012-02-15,기타,10.4,5535200.0,6,534.6
2012-02-15,쌈,27.0,23232727.2,23,860.3
2012-02-15,월동,25.9,9135060.0,3,353.4
2012-02-16,고랭지,391.4,117900975.0,9,301.2
2012-02-16,기타,31.7,11945837.5,8,377.2
2012-02-16,쌈,23.2,18524374.1,17,797.8
2012-02-16,월동,108.7,46064520.0,10,423.8
2012-02-17,고랭지,313.4,95399875.0,6,304.4
2012-02-17,기타,13.3,6232750.0,7,468.5
2012-02-17,쌈,33.0,32795038.4,22,993.1
2012-02-17,월동,79.3,17950280.0,5,226.5
2012-02-18,고랭지,288.7,64709005.0,7,224.1
2012-02-18,기타,13.6,9699200.0,7,714.9
2012-02-18,쌈,40.6,38165764.1,21,939.5
2012-02-18,월동,33.3,11575560.0,5,347.6
2012-02-20,고랭지,177.0,63684883.0,7,359.8
2012-02-20,기타,13.1,10356800.0,6,791.0
2012-02-20,쌈,33.5,31543372.0,21,940.5
2012-02-20,월동,72.1,32580960.0,6,451.9
2012-02-21,고랭지,206.3,73251444.0,8,355.1
2012-02-21,기타,5.5,7336400.0,7,1330.5
2012-02-21,쌈,28.4,28634355.8,20,1009.8
2012-02-21,월동,110.6,50457980.0,8,456.2
2012-02-22,고랭지,297.0,123119640.0,9,414.6
2012-02-22,기타,29.4,18253941.0,6,620.2
2012-02-22,쌈,27.3,22663727.5,17,830.4
2012-02-22,월동,19.9,8902400.0,3,446.2
2012-02-23,고랭지,308.9,125641476.0,7,406.7
2012-02-23,기타,24.2,14332200.0,7,592.2
2012-02-23,쌈,56.2,53280712.2,15,948.4
2012-02-23,월동,34.6,18748305.0,2,541.1
2012-02-24,고랭지,400.1,132752074.0,8,331.8
2012-02-24,기타,11.9,9848700.0,3,830.3
2012-02-24,기타부산물,1.3,261000.0,1,200.0
2012-02-24,쌈,20.7,19388485.0,25,935.5
2012-02-24,월동,147.8,58237980.0,12,394.0
2012-02-25,고랭지,361.0,101669609.0,10,281.6
2012-02-25,기타,21.6,15153545.0,4,703.2
2012-02-25,기타부산물,1.6,210600.0,1,130.0
2012-02-25,쌈,16.7,21434931.4,20,1281.5
2012-02-25,월동,18.7,7821900.0,2,418.3
2012-02-27,고랭지,284.7,112410641.0,11,394.8
2012-02-27,기타,12.1,10087504.0,4,830.9
2012-02-27,쌈,46.9,44679888.4,27,953.4
2012-02-27,월동,85.2,32033570.0,11,376.1
2012-02-28,고랭지,198.6,85525435.0,8,430.7
2012-02-28,기타,22.3,16355364.0,8,731.9
2012-02-28,쌈,25.7,25008769.2,25,974.5
2012-02-28,월동,67.3,26162196.0,5,388.7
2012-02-29,고랭지,651.1,282234480.0,8,433.5
2012-02-29,기타,22.0,13310500.0,6,605.2
2012-02-29,쌈,28.8,23064488.5,16,799.7
2012-02-29,월동,61.5,24734900.0,6,402.3
2012-03-01,고랭지,327.9,124127361.0,8,378.6
2012-03-01,기타,24.3,15655125.0,6,643.3
2012-03-01,쌈,8.5,8136668.8,7,953.8
2012-03-01,월동,150.9,59041420.0,11,391.2
2012-03-02,고랭지,355.1,147864557.0,11,416.4
2012-03-02,기타,14.0,12725124.0,8,906.7
2012-03-02,쌈,34.4,21457342.3,18,623.9
2012-03-02,월동,9.5,6393982.5,2,671.3
2012-03-03,고랭지,202.8,89019351.0,8,439.0
2012-03-03,기타,7.9,8169746.5,4,1030.6
2012-03-03,쌈,39.4,28997897.2,19,736.2
2012-03-03,월동,7.2,2439600.0,2,340.3
2012-03-05,고랭지,349.4,159743496.0,11,457.2
2012-03-05,기타,41.3,31940329.5,6,772.7
2012-03-05,쌈,20.0,17732868.2,7,885.1
2012-03-05,월동,37.6,25992590.0,3,691.3
2012-03-06,고랭지,196.2,119379765.0,7,608.6
2012-03-06,기타,41.1,27830036.5,5,677.4
2012-03-06,쌈,11.0,11301854.6,15,1025.3
2012-03-06,월동,28.6,10076000.0,2,352.3
2012-03-07,고랭지,477.3,241152750.0,7,505.3
2012-03-07,기타,11.9,11324970.0,5,949.9
2012-03-07,쌈,15.3,21727510.1,12,1415.7
2012-03-07,월동,38.4,21262400.0,3,554.4
2012-03-08,고랭지,657.8,372116905.0,10,565.7
2012-03-08,기타,5.7,7200174.0,6,1255.9
2012-03-08,쌈,32.2,30807998.7,15,957.2
2012-03-08,월동,52.2,31263500.0,4,598.3
2012-03-09,고랭지,356.6,166305411.0,8,466.3
2012-03-09,기타,22.4,12116530.0,9,540.8
2012-03-09,쌈,32.3,28898120.0,15,895.4
2012-03-09,월동,19.5,13389000.0,3,686.6
2012-03-10,고랭지,290.5,131871577.0,13,453.9
2012-03-10,기타,12.2,12180940.0,8,995.3
2012-03-10,쌈,25.5,20932013.2,15,819.7
2012-03-10,월동,34.0,26624000.0,2,783.1
2012-03-12,고랭지,391.6,193134975.0,15,493.2
2012-03-12,기타,9.0,6480000.0,1,720.0
2012-03-12,쌈,22.7,15526140.8,19,683.9
2012-03-12,월동,18.3,11832000.0,2,646.6
2012-03-13,고랭지,99.3,54692239.0,8,550.9
2012-03-13,기타,23.2,18705335.5,6,805.2
2012-03-13,쌈,18.9,15146462.7,15,803.4
2012-03-13,월동,27.2,20816160.0,1,765.3
2012-03-13,저장,212.6,116971241.0,9,550.2
2012-03-14,가을,0.4,80000.0,1,200.0
2012-03-14,고랭지,103.6,67316300.0,12,649.6
2012-03-14,기타,17.1,14447981.3,7,846.9
2012-03-14,쌈,23.8,20405487.6,12,859.0
2012-03-14,월동,28.5,20448000.0,3,717.5
2012-03-14,저장,202.6,105018437.0,9,518.3
2012-03-15,고랭지,85.2,44152093.0,7,518.2
2012-03-15,기타,25.2,17966800.0,6,714.0
2012-03-15,쌈,15.3,13657322.6,17,892.3
2012-03-15,월동,47.5,32774650.0,4,690.0
2012-03-15,저장,232.7,119566688.0,12,513.8
2012-03-16,고랭지,65.5,30985394.0,9,472.8
2012-03-16,기타,15.5,9176000.0,2,592.0
2012-03-16,쌈,16.2,11693418.8,13,722.3
2012-03-16,월동,36.2,27900800.0,3,770.7
2012-03-16,저장,240.1,117459237.0,10,489.1
2012-03-17,고랭지,2.7,1827200.0,2,681.8
2012-03-17,기타,6.3,7403196.0,4,1183.0
2012-03-17,쌈,8.7,10855292.6,12,1242.9
2012-03-17,월동,18.6,10862400.0,1,584.0
2012-03-17,저장,64.4,38890772.0,6,603.9
2012-03-19,고랭지,20.1,9759250.0,4,485.5
2012-03-19,기타,22.9,14218585.0,7,621.3
2012-03-19,쌈,15.2,14722835.7,14,968.8
2012-03-19,월동,46.2,30468000.0,2,659.5
2012-03-19,저장,388.7,204122216.0,8,525.1
2012-03-20,고랭지,41.0,17658836.0,5,430.7
2012-03-20,기타,33.2,18260000.0,1,550.0
2012-03-20,쌈,7.7,7880119.2,14,1022.7
2012-03-20,월동,62.5,39317000.0,4,629.1
2012-03-20,저장,452.8,234783148.0,8,518.6
2012-03-21,고랭지,37.0,14326920.0,3,387.2
2012-03-21,기타,21.2,15353515.0,4,723.6
2012-03-21,쌈,11.9,19464983.7,15,1629.1
2012-03-21,월동,70.5,46529670.0,4,660.0
2012-03-21,저장,399.1,189297727.0,12,474.3
2012-03-22,고랭지,38.0,11613760.0,3,305.6
2012-03-22,기타,25.2,18065069.5,8,715.6
2012-03-22,쌈,26.8,35074856.6,16,1310.2
2012-03-22,월동,60.1,39696800.0,6,660.5
2012-03-22,저장,453.6,201378242.0,12,444.0
2012-03-23,고랭지,9.1,3380000.0,2,371.4
2012-03-23,기타,7.3,2646000.0,1,360.0
2012-03-23,쌈,23.1,31274640.6,10,1354.7
2012-03-23,월동,45.3,29709000.0,4,655.8
2012-03-23,저장,362.5,173387678.0,9,478.3
2012-03-24,기타,14.0,13057350.0,9,930.1
2012-03-24,쌈,12.8,18518362.0,12,1451.1
2012-03-24,월동,26.7,16519290.0,1,618.7
2012-03-24,저장,206.7,107391226.0,10,519.6
2012-03-26,기타,26.5,18656000.0,1,704.0
2012-03-26,쌈,16.1,19636455.4,13,1220.3
2012-03-26,월동,18.0,13176000.0,1,732.0
2012-03-26,저장,418.7,177774010.0,10,424.6
2012-03-27,고랭지,9.0,924000.0,3,102.7
2012-03-27,기타,21.4,15947800.0,5,746.3
2012-03-27,쌈,11.7,10731261.2,18,917.0
2012-03-27,월동,35.1,23486400.0,2,669.1
2012-03-27,저장,249.4,125859487.0,10,504.7
2012-03-28,기타,20.6,13926365.0,6,675.0
2012-03-28,쌈,33.2,37166273.8,24,1119.0
2012-03-28,월동,34.8,20338240.0,2,584.9
2012-03-28,저장,394.0,189811064.0,12,481.8
2012-03-29,기타,11.4,5177069.0,5,452.9
2012-03-29,쌈,24.1,23179994.4,22,963.7
2012-03-29,월동,53.1,35784000.0,1,673.9
2012-03-29,저장,318.3,142458366.0,8,447.5
2012-03-30,기타,8.4,4801120.0,2,573.5
2012-03-30,쌈,20.5,21516268.8,18,1051.5
2012-03-30,월동,9.0,7776000.0,1,864.0
2012-03-30,저장,296.9,160054762.0,10,539.2
2012-03-31,기타,8.6,9352028.9,5,1083.8
2012-03-31,쌈,24.4,20578000.6,18,843.3
2012-03-31,월동,9.0,7128000.0,1,792.0
2012-03-31,저장,214.7,114655255.0,10,534.1
2012-04-02,기타,35.8,27709200.0,1,774.0
2012-04-02,쌈,48.5,44530078.5,19,918.6
2012-04-02,월동,16.9,16140915.0,1,957.9
2012-04-02,저장,607.1,299962112.0,9,494.1
2012-04-03,기타,26.4,22218000.0,1,840.0
2012-04-03,쌈,22.3,21070042.4,17,944.0
2012-04-03,월동,44.5,32727915.0,2,734.6
2012-04-03,저장,298.6,162626626.0,13,544.5
2012-04-04,기타,9.1,7096650.0,2,780.7
2012-04-04,쌈,12.3,11880083.4,12,969.6
2012-04-04,월동,72.1,54461530.0,4,755.4
2012-04-04,저장,259.4,177190312.0,10,683.1
2012-04-05,기타,9.2,6582040.6,6,713.8
2012-04-05,쌈,14.0,14968793.4,10,1071.3
2012-04-05,월동,8.0,5120000.0,1,640.0
2012-04-05,저장,358.3,227008789.0,11,633.6
2012-04-06,기타,21.7,20253265.9,8,933.9
2012-04-06,쌈,15.8,14522820.2,14,917.3
2012-04-06,월동,27.5,17028000.0,2,619.2
2012-04-06,저장,251.3,142809152.0,8,568.2
2012-04-07,기타,4.1,5371018.5,8,1296.1
2012-04-07,기타부산물,0.1,20000.0,1,200.0
2012-04-07,쌈,9.4,11738815.6,11,1251.6
2012-04-07,저장,231.0,132533810.0,10,573.7
2012-04-09,저장,379.7,232443946.0,11,612.2
2012-04-10,기타,11.7,11068703.5,7,944.4
2012-04-10,봄,5.2,3515600.0,1,680.0
2012-04-10,쌈,1.6,1027652.8,5,639.9
2012-04-10,월동,45.5,37214500.0,5,817.0
2012-04-11,기타,31.4,31857315.5,12,1015.6
2012-04-11,봄,5.2,3765600.0,1,720.0
2012-04-11,쌈,30.7,30905398.7,16,1007.3
2012-04-11,월동,52.0,50719700.0,5,976.3
2012-04-11,저장,278.4,232243841.0,10,834.3
2012-04-12,기타,12.7,14691894.0,7,1159.1
2012-04-12,봄,9.5,7448400.0,3,786.5
2012-04-12,쌈,31.6,26927275.3,17,852.6
2012-04-12,월동,36.3,33780500.0,4,930.6
2012-04-13,봄,9.8,7761600.0,2,792.0
2012-04-13,쌈,19.4,18455401.0,12,952.4
2012-04-13,저장,268.1,195680869.0,7,729.9
2012-04-14,기타,20.6,15191750.0,4,737.0
2012-04-14,쌈,20.3,22342139.7,15,1099.5
2012-04-14,월동,26.0,28448000.0,3,1094.2
2012-04-14,저장,167.0,109966097.0,7,658.6
2012-04-16,기타,3.1,3784800.0,5,1232.4
2012-04-16,쌈,30.9,34073755.3,11,1102.1
2012-04-16,저장,482.8,315272625.0,10,653.0
2012-04-17,기타,11.0,13101712.5,9,1190.0
2012-04-17,봄,2.0,1422000.0,2,721.8
2012-04-17,쌈,30.9,33151622.9,16,1074.3
2012-04-17,월동,17.9,15216000.0,1,847.7
2012-04-18,기타,20.7,22259412.0,5,1076.4
2012-04-18,봄,15.5,10726900.0,5,693.0
2012-04-18,쌈,29.5,30186176.0,13,1024.8
2012-04-18,월동,18.5,17424000.0,2,941.8
2012-04-18,저장,455.9,277418828.0,13,608.5
2012-04-19,기타,18.6,16702800.0,1,898.0
2012-04-19,봄,16.0,13651600.0,4,853.2
2012-04-19,쌈,1.5,619153.8,4,422.6
2012-04-19,월동,16.8,16602300.0,2,991.2
2012-04-19,저장,342.0,235894018.0,9,689.8
2012-04-20,기타,9.5,5287672.0,7,555.8
2012-04-20,봄,22.7,16286125.0,6,717.5
2012-04-20,쌈,27.2,27409140.6,14,1006.0
2012-04-20,저장,258.9,178333812.0,9,688.8
2012-04-21,기타,10.2,6434285.0,9,632.8
2012-04-21,봄,39.4,25729000.0,6,653.0
2012-04-21,쌈,1.3,490735.0,5,381.0
2012-04-21,저장,191.0,129178736.0,7,676.3
2012-04-23,기타,9.6,12801200.0,6,1334.3
2012-04-23,봄,94.0,72698824.0,8,773.0
2012-04-23,쌈,29.8,28553086.1,14,959.3
2012-04-23,저장,255.0,212396217.0,6,832.9
2012-04-24,기타,26.8,21988000.0,3,820.4
2012-04-24,쌈,22.4,25294756.8,16,1127.5
2012-04-25,기타,10.3,11476482.5,6,1112.0
2012-04-25,봄,158.9,152095031.0,12,957.2
2012-04-25,쌈,22.5,24705786.9,12,1099.7
2012-04-25,월동,26.0,26888000.0,2,1034.2
2012-04-25,저장,309.1,257094375.0,12,831.7
2012-04-26,가을,0.2,168000.0,1,700.0
2012-04-26,기타,17.8,20067500.0,7,1125.2
2012-04-26,쌈,15.3,16854506.3,15,1099.8
2012-04-27,기타,1.6,586856.9,8,360.5
2012-04-27,봄,206.1,154218795.0,9,748.4
2012-04-27,쌈,19.7,23296091.9,15,1184.3
2012-04-27,저장,128.2,120269564.0,7,938.5
2012-04-28,가을,0.2,112000.0,1,700.0
2012-04-28,기타,10.8,8496000.0,2,786.7
2012-04-28,봄,137.5,116977290.0,6,850.7
2012-04-28,쌈,17.6,19439689.8,21,1101.8
2012-04-28,저장,74.3,48470000.0,7,651.9
2012-04-30,가을,1.9,966280.0,1,507.5
2012-04-30,기타,29.9,24225000.0,4,810.7
2012-04-30,봄,563.2,370853577.0,19,658.5
2012-04-30,쌈,30.8,35101800.8,22,1140.0
2012-04-30,월동,8.6,12203680.0,1,1424.0
2012-04-30,저장,124.5,87661188.0,6,703.9
2012-05-01,가을,0.6,336000.0,1,560.0
2012-05-01,기타,0.3,266664.0,3,1058.2
2012-05-01,봄,425.6,261973816.0,20,615.6
2012-05-01,쌈,19.7,22051315.8,13,1120.2
2012-05-01,월동,18.5,10820000.0,3,584.9
2012-05-01,저장,114.9,62433100.0,5,543.2
2012-05-02,기타,18.2,10765100.0,4,590.1
2012-05-02,봄,462.9,255096029.0,16,551.1
2012-05-02,쌈,2.4,1541085.7,8,629.8
2012-05-02,월동,18.0,13876000.0,2,770.9
2012-05-02,저장,78.2,60765752.0,2,777.1
2012-05-03,기타,0.6,386000.0,2,595.7
2012-05-03,봄,538.6,221684243.0,17,411.6
2012-05-03,쌈,30.0,28762264.0,26,959.6
2012-05-03,월동,8.9,4920000.0,2,551.6
2012-05-03,저장,36.6,16370238.0,2,447.5
2012-05-04,기타,27.5,10927750.0,2,397.1
2012-05-04,봄,476.1,199481919.0,19,419.0
2012-05-04,쌈,1.7,579391.0,6,343.9
2012-05-04,저장,65.8,25124379.0,5,381.9
2012-05-05,기타,28.7,9852000.0,3,343.3
2012-05-05,봄,309.0,109475185.0,12,354.3
2012-05-05,쌈,1.6,871095.2,7,530.5
2012-05-05,저장,9.8,3057600.0,2,312.0
2012-05-08,기타,47.8,19198483.8,9,401.8
2012-05-08,쌈,44.0,39017673.5,24,886.1
2012-05-08,월동,7.0,3990000.0,2,570.0
2012-05-09,기타,27.4,9427784.0,6,343.8
2012-05-09,봄,56.1,21293943.0,3,379.6
2012-05-09,쌈,33.5,32035519.0,23,954.9
2012-05-09,월동,18.5,8843000.0,2,478.0
2012-05-10,기타,22.8,8847360.0,5,388.6
2012-05-10,봄,22.0,9042720.0,2,410.7
2012-05-10,쌈,32.6,27380041.8,23,840.9
2012-05-11,기타,20.1,7752585.0,4,385.2
2012-05-11,쌈,2.2,1103433.8,10,493.3
2012-05-12,기타,19.6,6809670.0,5,347.6
2012-05-12,봄,204.2,94415020.0,12,462.5
2012-05-12,쌈,26.5,18323741.2,22,692.6
2012-05-12,저장,12.4,3660300.0,2,294.0
2012-05-14,기타,27.9,13235960.0,6,474.3
2012-05-14,봄,495.2,214927347.0,26,434.0
2012-05-14,쌈,1.9,1186263.4,7,611.2
2012-05-15,기타,0.2,104900.0,5,543.5
2012-05-15,봄,441.7,196111599.0,28,444.0
2012-05-15,쌈,19.7,23106770.0,10,1171.1
2012-05-15,월동,15.2,7575000.0,1,500.0
2012-05-16,기타,0.1,78400.0,2,544.4
2012-05-16,봄,47.0,21612000.0,5,459.8
2012-05-16,쌈,23.8,23282334.8,12,978.2
2012-05-16,월동,15.2,7575000.0,1,500.0
2012-05-17,기타,29.8,11394212.6,7,382.5
2012-05-17,봄,56.7,23046260.0,4,406.5
2012-05-17,쌈,31.9,22601282.9,21,708.1
2012-05-18,기타,0.1,90137.5,4,1112.8
2012-05-18,봄,609.5,207903941.0,33,341.1
2012-05-18,쌈,25.3,19532098.2,12,770.9
2012-05-19,기타,29.5,9520000.0,3,322.7
2012-05-19,봄,447.3,121888611.0,28,272.5
2012-05-19,쌈,0.9,635613.2,5,719.0
2012-05-21,기타,38.5,12131750.0,5,314.7
2012-05-21,봄,56.5,16834950.0,4,298.0
2012-05-21,쌈,23.4,22122709.2,17,943.6
2012-05-22,기타,0.1,57400.0,4,574.0
2012-05-22,봄,46.8,16696150.0,4,357.1
2012-05-22,쌈,23.8,25374144.8,12,1064.5
2012-05-24,기타,0.5,404200.0,6,882.5
2012-05-24,쌈,0.9,527560.0,4,591.4
2012-05-25,봄,534.4,162643655.0,35,304.3
2012-05-25,쌈,26.3,23886873.6,8,907.1
2012-05-25,저장,23.2,1160000.0,1,50.0
2012-05-26,기타,30.5,9513375.0,12,311.8
2012-05-26,봄,517.6,118784128.0,43,229.5
2012-05-26,쌈,38.7,30607856.4,16,791.8
2012-05-28,기타,28.1,8513275.0,6,303.2
2012-05-28,봄,400.6,120499970.0,36,300.8
2012-05-28,쌈,1.9,942205.2,7,494.9
2012-05-29,기타,27.8,8872800.0,3,319.2
2012-05-29,봄,656.6,176580962.0,45,268.9
2012-05-29,쌈,19.8,19625593.9,17,991.8
2012-05-30,기타,1.3,854155.0,5,676.3
2012-05-30,봄,722.5,144472294.0,40,200.0
2012-05-30,쌈,22.6,23242348.0,14,1027.0
2012-05-30,월동,10.9,2014800.0,2,184.0
2012-05-31,기타,66.2,14536980.0,7,219.5
2012-05-31,봄,54.3,11651960.0,5,214.5
2012-05-31,쌈,25.7,23909099.5,21,930.0
2012-05-31,월동,18.0,2988000.0,2,166.0
2012-06-01,기타,0.3,252212.5,6,811.0
2012-06-01,봄,467.7,94369389.0,30,201.8
2012-06-01,쌈,30.4,27362105.2,21,901.2
2012-06-01,월동,10.0,1080000.0,2,108.0
2012-06-02,기타,28.8,6526250.0,1,227.0
2012-06-02,봄,365.2,69440713.0,29,190.2
2012-06-02,쌈,32.0,23468232.0,28,734.0
2012-06-04,기타,60.7,4133750.0,5,68.1
2012-06-04,봄,490.0,127166701.0,41,259.5
2012-06-04,쌈,25.5,19183035.0,19,751.0
2012-06-05,기타,38.7,9848260.0,6,254.5
2012-06-05,봄,506.2,136205535.0,41,269.0
2012-06-05,쌈,1.9,1037221.6,5,535.5
2012-06-06,기타,37.5,10096220.0,8,269.3
2012-06-06,봄,635.2,136758441.0,41,215.3
2012-06-06,쌈,27.3,23857438.9,23,873.0
2012-06-06,월동,9.0,1242000.0,2,138.0
2012-06-07,기타,27.5,6704700.0,6,243.6
2012-06-07,봄,481.0,113090739.0,29,235.1
2012-06-07,쌈,36.9,28949457.0,25,785.4
2012-06-08,기타,36.5,10383600.0,8,284.6
2012-06-08,봄,414.1,102439597.0,34,247.4
2012-06-08,쌈,2.6,1524320.8,7,577.8
2012-06-09,기타,26.2,7026600.0,4,268.4
2012-06-09,봄,412.9,86241025.0,36,208.9
2012-06-09,쌈,38.1,25021442.9,29,656.4
2012-06-11,봄,708.4,135868167.0,50,191.8
2012-06-12,기타,37.0,7827620.0,6,211.3
2012-06-12,봄,514.1,104420023.0,32,203.1
2012-06-12,쌈,23.5,16528030.5,16,703.6
2012-06-13,기타,27.7,6978215.0,9,251.7
2012-06-13,봄,463.4,96134728.0,29,207.5
2012-06-13,쌈,3.0,1694769.6,7,568.0
2012-06-14,기타,34.9,8727100.0,7,249.9
2012-06-14,봄,54.6,13757200.0,5,252.0
2012-06-14,쌈,3.7,1891518.8,6,512.3
2012-06-15,기타,27.0,5202000.0,3,192.7
2012-06-15,봄,53.6,13146400.0,6,245.0
2012-06-15,쌈,20.6,13107017.8,20,637.1
2012-06-16,기타,26.3,6821140.0,9,258.9
2012-06-16,봄,449.9,107502191.0,26,238.9
2012-06-16,쌈,15.4,10192906.8,14,663.4
2012-06-18,기타,46.5,11207800.0,6,241.3
2012-06-18,봄,72.6,16565230.0,6,228.1
2012-06-18,쌈,15.7,14489737.3,22,921.0
2012-06-19,기타,27.9,8049560.0,4,288.4
2012-06-19,봄,470.8,136589024.0,27,290.1
2012-06-19,쌈,1.4,846450.0,8,609.4
2012-06-19,월동,27.1,5666205.0,2,208.7
2012-06-20,기타,0.5,456500.0,7,872.8
2012-06-20,봄,624.5,154234392.0,32,247.0
2012-06-21,기타,27.2,8759200.0,2,322.0
2012-06-21,봄,348.1,114571040.0,26,329.1
2012-06-21,쌈,22.3,20971051.3,18,940.1
2012-06-22,기타,35.9,11054625.0,2,308.4
2012-06-22,쌈,24.5,28183460.2,19,1148.0
2012-06-23,기타,37.8,12309540.0,6,325.9
2012-06-23,봄,360.1,120080507.0,32,333.5
2012-06-23,쌈,30.0,29301645.3,24,975.2
2012-06-25,기타,37.2,17887070.0,8,481.5
2012-06-25,봄,411.8,196194461.0,27,476.4
2012-06-25,쌈,17.7,22376662.1,17,1261.5
2012-06-26,가을,0.6,263138.4,1,476.7
2012-06-26,기타,36.1,19830504.0,5,549.2
2012-06-26,봄,397.8,214165085.0,24,538.3
2012-06-26,쌈,31.5,34285870.3,20,1087.6
2012-06-27,기타,36.9,19158904.0,5,519.5
2012-06-27,봄,467.9,229105023.0,23,489.7
2012-06-27,쌈,0.9,1022630.0,6,1114.0
2012-06-28,기타,36.1,20725990.0,6,574.6
2012-06-28,봄,325.5,216291746.0,20,664.4
2012-06-28,쌈,1.0,1276521.4,7,1246.6
2012-06-29,기타,40.6,21177000.0,9,521.0
2012-06-29,쌈,1.1,1370083.3,8,1200.8
2012-06-30,기타,0.0,6750.0,1,150.0
2012-06-30,봄,415.4,266284772.0,25,641.1
2012-06-30,쌈,24.9,32989507.6,15,1326.4
2012-07-02,기타,94.2,63915830.0,8,678.4
2012-07-02,봄,439.5,294414746.0,27,669.9
2012-07-02,쌈,2.9,1550683.6,9,538.6
2012-07-03,기타,27.7,17528320.0,9,631.7
2012-07-03,봄,12.5,8067900.0,2,643.4
2012-07-03,쌈,2.0,377915.8,6,184.8
2012-07-03,여름,547.8,285212397.0,24,520.6
2012-07-04,가을,0.4,178000.0,1,445.0
2012-07-04,기타,36.6,18680660.0,9,510.8
2012-07-04,쌈,43.6,42213530.4,21,968.9
2012-07-04,여름,589.5,247873766.0,21,420.4
2012-07-05,기타,27.5,15033000.0,3,546.7
2012-07-05,쌈,17.5,17052387.6,7,975.1
2012-07-06,기타,1.3,636020.0,4,499.2
2012-07-06,여름,484.3,202793718.0,20,418.7
2012-07-06,월동,8.3,2290800.0,2,276.0
2012-07-07,고랭지,0.1,48000.0,1,400.0
2012-07-07,기타,18.8,10298800.0,6,547.2
2012-07-07,쌈,10.8,15486823.8,8,1427.5
2012-07-09,기타,27.5,13704000.0,2,498.3
2012-07-09,쌈,45.3,47677563.2,18,1053.5
2012-07-09,여름,633.6,253541553.0,19,400.1
2012-07-10,가을,0.2,52800.0,1,330.0
2012-07-10,기타,84.9,34946582.0,11,411.8
2012-07-10,쌈,44.7,40294998.4,14,901.6
2012-07-10,여름,563.9,239013176.0,18,423.9
2012-07-10,월동,8.0,480000.0,1,60.0
2012-07-11,기타,21.4,10769234.4,9,503.9
2012-07-11,쌈,1.6,359020.0,6,229.1
2012-07-11,월동,9.0,1656000.0,2,184.0
2012-07-12,기타,9.0,3172500.0,1,352.5
2012-07-12,쌈,29.6,26971331.8,10,911.4
2012-07-12,여름,453.3,144646800.0,11,319.1
2012-07-13,기타,100.2,43107300.0,13,430.0
2012-07-13,쌈,1.6,581531.4,4,354.8
2012-07-13,여름,466.9,157646926.0,15,337.7
2012-07-14,기타,18.6,5709530.0,8,306.7
2012-07-14,쌈,1.4,521054.6,6,371.1
2012-07-14,여름,264.9,99071222.0,10,374.0
2012-07-16,기타,64.7,31766247.0,9,490.7
2012-07-16,쌈,1.5,1064548.1,6,701.7
2012-07-16,여름,333.6,163056066.0,14,488.8
2012-07-17,기타,100.4,42208430.0,9,420.4
2012-07-17,쌈,1.6,936912.1,5,596.0
2012-07-17,여름,739.2,216336636.0,17,292.7
2012-07-17,월동,15.9,2768000.0,2,173.9
2012-07-18,기타,29.1,14533780.0,8,499.0
2012-07-18,쌈,32.4,31273252.0,12,964.7
2012-07-18,월동,9.0,1656000.0,2,184.0
2012-07-19,기타,54.3,29176220.0,7,536.8
2012-07-19,쌈,15.8,14837355.7,13,942.1
2012-07-20,기타,46.3,16724021.4,6,361.2
2012-07-20,쌈,27.4,23290916.8,14,849.9
2012-07-21,기타,37.4,16706348.0,9,446.3
2012-07-21,쌈,15.7,14288305.1,8,907.6
2012-07-21,여름,355.4,121671615.0,17,342.3
2012-07-21,월동,8.8,2024000.0,2,230.0
2012-07-23,기타,0.9,804300.0,6,903.7
2012-07-23,쌈,28.3,28834909.8,13,1019.2
2012-07-24,기타,25.6,10577200.0,3,412.4
2012-07-24,쌈,1.5,1348629.7,4,907.6
2012-07-24,여름,502.6,181918998.0,19,361.9
2012-07-25,기타,31.9,11124937.2,10,349.2
2012-07-25,쌈,25.9,23159506.0,12,895.7
2012-07-25,여름,489.5,154459976.0,13,315.6
2012-07-25,월동,16.6,4097250.0,2,246.1
2012-07-26,기타,27.4,8310400.0,8,303.3
2012-07-26,쌈,29.9,23899218.4,11,800.6
2012-07-26,여름,554.7,144582042.0,15,260.7
2012-07-27,기타,0.9,204214.8,7,226.9
2012-07-27,쌈,32.4,21629879.4,8,668.2
2012-07-27,여름,379.1,122147505.0,17,322.2
2012-07-27,월동,9.0,2070000.0,2,230.0
2012-07-28,기타,0.4,296908.0,7,740.4
2012-07-28,쌈,31.8,20193184.6,9,635.8
2012-07-28,여름,333.2,119922217.0,16,359.9
2012-07-30,기타,71.8,33095140.0,5,460.9
2012-07-30,쌈,30.8,26441548.6,16,858.8
2012-07-30,여름,485.1,168083934.0,14,346.5
2012-07-31,기타,62.3,27798760.0,7,446.4
2012-07-31,쌈,30.4,24218860.4,21,795.6
2012-07-31,여름,376.3,150302877.0,16,399.4
2012-08-01,고랭지,426.4,125456300.0,13,294.2
2012-08-01,기타,26.5,8989348.4,5,338.7
2012-08-01,쌈,28.9,21864314.7,12,756.2
2012-08-01,여름,9.0,4230000.0,2,470.0
2012-08-02,고랭지,449.2,161282052.0,15,359.0
2012-08-02,기타,28.3,12294036.6,9,434.1
2012-08-02,쌈,24.7,18958642.4,10,768.0
2012-08-02,월동,9.0,3312000.0,2,368.0
2012-08-03,고랭지,441.7,201833313.0,11,457.0
2012-08-03,기타,18.7,7619380.0,12,408.3
2012-08-03,쌈,17.0,24129187.5,14,1419.7
2012-08-03,월동,18.3,3775000.0,2,206.3
2012-08-04,고랭지,378.8,198963135.0,10,525.3
2012-08-04,기타,46.0,28124365.6,10,611.6
2012-08-04,쌈,1.2,1419245.9,7,1162.4
2012-08-04,월동,9.0,3726000.0,2,414.0
2012-08-06,고랭지,523.0,210492457.0,14,402.5
2012-08-06,기타,83.9,46966670.0,5,559.5
2012-08-06,쌈,19.3,26596854.6,16,1381.0
2012-08-06,월동,18.0,5708000.0,4,317.1
2012-08-07,고랭지,493.4,193936910.0,13,393.0
2012-08-07,기타,27.5,13182539.0,6,479.9
2012-08-07,쌈,28.1,30100456.0,12,1072.6
2012-08-07,월동,18.0,4392000.0,4,244.0
2012-08-08,고랭지,429.2,176070730.0,14,410.3
2012-08-08,기타,65.4,36257960.0,3,554.6
2012-08-08,쌈,27.8,26358378.4,11,949.0
2012-08-09,기타,56.7,32529968.8,6,573.8
2012-08-09,쌈,24.5,26407723.5,14,1076.4
2012-08-09,월동,9.0,2772000.0,2,308.0
2012-08-10,고랭지,402.1,224392138.0,12,558.1
2012-08-10,기타,67.1,43015330.0,6,641.0
2012-08-10,쌈,1.6,796375.1,6,506.9
2012-08-10,월동,16.0,4416000.0,4,276.0
2012-08-11,고랭지,374.2,211282215.0,14,564.6
2012-08-11,기타,54.8,39278425.0,6,716.9
2012-08-11,쌈,20.4,24024525.6,14,1175.9
2012-08-11,월동,18.5,5272500.0,2,285.0
2012-08-13,고랭지,693.8,364761823.0,24,525.7
2012-08-13,기타,19.2,13157800.0,7,686.5
2012-08-13,쌈,28.3,33620566.8,16,1186.0
2012-08-13,월동,18.0,4716000.0,2,262.0
2012-08-14,고랭지,421.7,246717867.0,19,585.1
2012-08-14,기타,27.9,18083890.0,8,649.0
2012-08-14,쌈,32.4,34195473.2,16,1055.8
2012-08-14,월동,9.0,2736000.0,2,304.0
2012-08-15,기타,28.6,21572080.0,7,755.2
2012-08-15,쌈,38.1,40283536.6,14,1057.8
2012-08-15,월동,18.5,5531500.0,2,299.0
2012-08-16,기타,27.5,19808000.0,2,720.3
2012-08-16,쌈,26.3,29673048.6,16,1128.4
2012-08-16,월동,9.0,3105000.0,2,345.0
2012-08-17,고랭지,433.2,240463878.0,19,555.1
2012-08-17,기타,19.1,7453547.5,11,390.2
2012-08-17,쌈,23.8,27427486.4,18,1151.5
2012-08-17,월동,9.0,3933000.0,2,437.0
2012-08-18,고랭지,576.4,246523921.0,19,427.7
2012-08-18,기타,27.2,17178826.2,12,630.8
2012-08-18,쌈,38.3,39890560.2,21,1040.3
2012-08-20,고랭지,801.5,312044694.0,23,389.3
2012-08-20,기타,37.4,20362800.0,4,543.9
2012-08-20,쌈,36.6,43979228.7,22,1201.3
2012-08-20,월동,9.5,3230000.0,2,340.0
2012-08-21,고랭지,598.9,241108477.0,17,402.6
2012-08-21,기타,27.7,15769844.0,7,570.3
2012-08-21,쌈,30.4,35580447.8,21,1171.8
2012-08-21,월동,9.0,2992000.0,2,332.4
2012-08-22,고랭지,557.0,241476306.0,19,433.5
2012-08-22,기타,18.2,12287237.5,5,676.6
2012-08-22,쌈,29.3,34754227.6,17,1186.8
2012-08-23,고랭지,534.1,234552426.0,20,439.1
2012-08-23,기타,26.2,14435915.0,9,551.1
2012-08-23,쌈,38.4,46714431.6,23,1216.3
2012-08-24,고랭지,475.4,282927635.0,14,595.1
2012-08-24,기타,18.8,10876220.0,3,579.8
2012-08-24,쌈,27.0,30967779.4,20,1146.3
2012-08-24,월동,9.0,2484000.0,2,276.0
2012-08-25,고랭지,775.4,369328528.0,18,476.3
2012-08-25,기타,12.4,4573765.0,4,369.8
2012-08-25,쌈,18.9,34932111.8,18,1849.4
2012-08-27,고랭지,896.2,410568505.0,17,458.1
2012-08-27,기타,9.2,8060900.0,3,873.9
2012-08-27,쌈,42.0,58498495.8,22,1391.9
2012-08-27,월동,18.9,3819481.0,2,201.6
2012-08-28,고랭지,757.0,478423268.0,16,632.0
2012-08-28,기타,9.8,8480232.5,5,869.3
2012-08-28,쌈,39.0,50078327.3,26,1285.4
2012-08-28,월동,9.0,1496000.0,2,166.2
2012-08-29,고랭지,517.8,344828824.0,18,665.9
2012-08-29,기타,9.2,8052000.0,1,880.0
2012-08-29,쌈,16.7,31110752.9,14,1861.2
2012-08-30,고랭지,909.3,438945582.0,20,482.7
2012-08-30,기타,27.6,21276905.0,9,770.2
2012-08-30,쌈,27.7,38911140.4,19,1404.9
2012-08-30,월동,9.0,1496000.0,2,166.2
2012-08-31,고랭지,46.2,33123550.0,2,716.2
2012-08-31,기타,8.7,3502262.5,5,402.4
2012-08-31,쌈,25.9,39736130.2,20,1533.9
2012-09-01,고랭지,375.8,261324908.0,14,695.3
2012-09-01,기타,0.1,54340.0,6,970.4
2012-09-01,쌈,23.8,40881048.2,18,1718.8
2012-09-03,고랭지,761.4,423338754.0,17,556.0
2012-09-03,기타,0.1,89280.0,4,930.0
2012-09-03,쌈,34.1,48328636.0,14,1418.0
2012-09-03,월동,19.7,5433600.0,4,275.8
2012-09-04,고랭지,64.7,52650000.0,2,814.4
2012-09-04,기타,26.5,19812822.4,9,749.0
2012-09-04,쌈,0.6,1734314.2,5,2895.3
2012-09-04,월동,9.5,3175000.0,2,334.2
2012-09-05,고랭지,604.5,391728083.0,15,648.1
2012-09-05,기타,19.2,15918750.0,4,828.8
2012-09-05,쌈,36.0,39681165.1,28,1103.2
2012-09-05,월동,18.0,3852000.0,4,214.0
2012-09-06,고랭지,55.9,48997540.0,2,876.5
2012-09-06,기타,28.6,20900000.0,9,730.9
2012-09-06,쌈,1.0,1133678.4,9,1176.0
2012-09-06,월동,9.0,4140000.0,2,460.0
2012-09-07,가을,2.5,923520.0,1,370.0
2012-09-07,고랭지,835.7,534199192.0,15,639.2
2012-09-07,기타,18.3,16272000.0,2,889.2
2012-09-07,쌈,27.1,36711814.6,23,1354.0
2012-09-08,고랭지,709.9,565115199.0,17,796.0
2012-09-08,기타,18.6,17217587.5,7,923.4
2012-09-08,쌈,34.9,40509699.1,25,1161.2
2012-09-08,월동,9.0,6528000.0,2,725.3
2012-09-10,고랭지,74.8,73401750.0,3,982.0
2012-09-10,기타,37.2,28352299.6,10,761.5
2012-09-10,쌈,1.7,1281020.4,14,734.1
2012-09-10,월동,9.0,5382000.0,2,598.0
2012-09-11,기타,27.7,20764800.0,3,749.6
2012-09-11,쌈,51.6,61151044.6,25,1185.3
2012-09-12,고랭지,963.0,631913313.0,22,656.2
2012-09-12,기타,19.3,13412148.0,4,693.5
2012-09-12,쌈,42.2,45248408.6,30,1072.3
2012-09-12,월동,9.0,4968000.0,2,552.0
2012-09-13,고랭지,85.5,67054560.0,5,783.8
2012-09-13,기타,10.8,8801400.0,4,815.9
2012-09-13,쌈,34.1,36486609.2,18,1068.7
2012-09-13,월동,9.0,4302000.0,2,478.0
2012-09-14,고랭지,748.7,605117968.0,23,808.2
2012-09-14,기타,20.7,17681250.0,5,855.8
2012-09-14,쌈,1.3,850420.6,11,640.9
2012-09-14,월동,10.0,3450000.0,2,345.0
2012-09-15,고랭지,838.9,662009944.0,19,789.2
2012-09-15,기타,37.3,29300600.0,6,785.7
2012-09-15,쌈,21.2,31253926.9,20,1474.1
2012-09-15,월동,10.0,2591000.0,2,259.1
2012-09-17,고랭지,113.0,106463288.0,4,942.0
2012-09-17,기타,27.6,26420880.0,3,958.7
2012-09-17,쌈,39.6,64480922.3,18,1629.5
2012-09-18,고랭지,581.3,491575594.0,17,845.6
2012-09-18,기타,27.3,27405000.0,3,1003.8
2012-09-18,쌈,21.5,43734488.7,20,2035.7
2012-09-19,고랭지,101.5,105903220.0,5,1043.1
2012-09-19,기타,27.3,27348000.0,3,1001.8
2012-09-19,쌈,25.2,50274140.8,17,1996.8
2012-09-20,기타,3.8,3720105.6,4,969.8
2012-09-20,월동,18.0,5815000.0,4,323.1
2012-09-21,가을,0.2,183600.0,1,765.0
2012-09-21,고랭지,102.1,102392560.0,3,1002.9
2012-09-21,기타,50.9,48216700.0,13,947.8
2012-09-21,쌈,46.2,72407262.3,24,1565.7
2012-09-21,월동,18.2,8040000.0,4,441.8
2012-09-22,고랭지,1122.2,886820498.0,26,790.2
2012-09-22,기타,32.5,30583550.0,13,940.3
2012-09-22,쌈,46.7,76497816.2,24,1637.5
2012-09-22,월동,9.2,3339000.0,2,362.9
2012-09-24,고랭지,1242.0,930861693.0,27,749.5
2012-09-24,기타,51.1,46141698.0,11,902.9
2012-09-24,쌈,61.3,103448148.4,26,1688.6
2012-09-24,월동,18.1,7641000.0,5,422.2
2012-09-25,가을,0.0,42240.0,1,880.0
2012-09-25,고랭지,1184.9,894763447.0,23,755.1
2012-09-25,기타,31.7,26901839.2,9,849.1
2012-09-25,쌈,52.8,85751900.8,21,1624.4
2012-09-25,월동,8.9,3657500.0,3,408.7
2012-09-26,가을,0.1,76000.0,1,950.0
2012-09-26,고랭지,83.4,73662940.0,3,883.2
2012-09-26,기타,22.8,21408646.4,12,938.5
2012-09-26,쌈,58.2,100626211.7,23,1730.3
2012-09-26,월동,9.0,3120000.0,3,346.7
2012-09-27,가을,0.2,156800.0,1,980.0
2012-09-27,고랭지,797.3,615309838.0,22,771.8
2012-09-27,기타,21.3,19461116.6,10,915.5
2012-09-27,쌈,54.8,100039380.1,25,1825.2
2012-09-27,월동,9.0,2800000.0,3,311.1
2012-09-28,고랭지,63.5,60161380.0,4,946.7
2012-09-28,기타,19.7,17622948.8,8,894.7
2012-09-28,쌈,53.8,106936627.7,28,1989.3
2012-09-29,고랭지,195.7,137250076.0,12,701.3
2012-09-29,기타,1.2,871600.0,3,723.9
2012-09-29,쌈,0.7,481200.7,6,716.1
2012-10-03,기타,3.5,3728075.2,8,1062.4
2012-10-03,쌈,2.7,4500792.0,2,1659.6
2012-10-04,가을,509.6,510384576.0,25,1001.5
2012-10-04,고랭지,54.9,54508880.0,4,992.5
2012-10-04,기타,15.4,16462683.2,7,1070.0
2012-10-04,쌈,5.9,10265904.4,12,1725.7
2012-10-05,가을,808.5,678448902.0,32,839.2
2012-10-05,기타,24.7,25994289.2,6,1052.4
2012-10-05,쌈,47.0,73029899.3,22,1553.2
2012-10-06,가을,817.4,563984932.0,31,690.0
2012-10-06,고랭지,9.5,5966000.0,2,628.0
2012-10-06,기타,65.2,59388582.0,15,910.5
2012-10-06,쌈,1.6,713685.0,9,438.7
2012-10-08,가을,4.0,2667360.0,2,670.9
2012-10-08,기타,101.7,71353668.2,25,701.7
2012-10-08,쌈,62.8,63706886.9,28,1014.0
2012-10-09,가을,693.6,450675571.0,29,649.8
2012-10-09,기타,44.3,34908920.0,13,788.2
2012-10-09,쌈,50.4,44279862.5,18,879.0
2012-10-09,월동,9.0,3630000.0,2,403.3
2012-10-10,가을,717.7,494539576.0,33,689.1
2012-10-10,기타,74.6,52143877.8,20,698.6
2012-10-10,쌈,1.2,286780.7,9,243.0
2012-10-10,월동,8.9,8502500.0,1,950.0
2012-10-11,가을,850.0,501415002.0,33,589.9
2012-10-11,기타,68.5,45981040.0,15,670.9
2012-10-11,쌈,28.6,28083284.0,17,981.8
2012-10-11,월동,9.0,3125000.0,3,347.2
2012-10-12,가을,715.8,435390740.0,34,608.2
2012-10-12,기타,60.4,38617350.0,4,639.4
2012-10-13,기타,23.7,15127700.0,11,638.9
2012-10-13,쌈,27.1,31410291.6,13,1157.4
2012-10-15,가을,2.8,1742960.0,2,615.5
2012-10-15,기타,78.5,50234850.0,13,640.1
2012-10-15,쌈,54.2,53881462.4,16,993.8
2012-10-15,월동,9.0,2535000.0,3,281.7
2012-10-16,가을,787.5,454529153.0,38,577.2
2012-10-17,가을,810.4,429827630.0,29,530.4
2012-10-17,기타,75.5,49263248.0,19,652.5
2012-10-17,쌈,2.4,1205252.9,9,509.8
2012-10-17,월동,10.0,4140000.0,2,414.0
2012-10-18,가을,698.2,362634821.0,29,519.4
2012-10-18,기타,74.4,44373784.2,13,596.7
2012-10-18,쌈,1.6,335911.0,7,208.4
2012-10-18,월동,9.0,2030000.0,3,225.6
2012-10-22,가을,0.3,287280.0,1,855.0
2012-10-22,기타,89.1,46697836.0,8,524.3
2012-10-22,쌈,43.5,45855727.7,23,1053.0
2012-10-24,가을,711.9,372708989.0,33,523.5
2012-10-24,기타,43.7,22470376.2,18,514.4
2012-10-24,쌈,23.2,26516311.2,18,1142.3
2012-10-25,가을,0.8,537760.0,1,665.5
2012-10-25,기타,95.8,52544586.4,25,548.7
2012-10-25,쌈,30.7,36633794.5,22,1193.6
2012-10-25,월동,9.0,4392000.0,2,488.0
2012-10-26,가을,711.8,343255125.0,34,482.2
2012-10-26,기타,28.9,13789250.0,2,477.5
2012-10-26,쌈,22.2,27511640.3,16,1241.8
2012-10-27,가을,556.0,261108886.0,36,469.6
2012-10-27,기타,60.5,28536588.0,12,471.8
2012-10-27,쌈,40.1,43331462.0,13,1080.0
2012-10-29,기타,6.9,5402815.8,8,782.8
2012-10-29,쌈,20.2,26370792.8,9,1306.0
2012-10-29,월동,9.0,1845000.0,3,205.0
2012-10-30,기타,49.1,25188632.4,29,512.9
2012-10-30,쌈,26.1,32861600.8,16,1260.4
2012-10-30,월동,9.0,3039000.0,2,337.7
2012-10-31,가을,0.1,49600.0,1,620.0
2012-10-31,기타,85.9,41373783.6,27,481.5
2012-10-31,쌈,43.7,50563015.7,19,1156.5
2012-11-01,가을,643.2,296614375.0,36,461.1
2012-11-01,기타,122.0,58339059.0,29,478.3
2012-11-01,쌈,1.2,456590.7,8,373.3
2012-11-01,월동,9.0,2140000.0,2,237.8
2012-11-02,가을,601.7,292811570.0,35,486.6
2012-11-02,기타,54.2,28956282.7,25,534.6
2012-11-02,쌈,32.5,29696174.8,21,915.0
2012-11-02,월동,9.0,4806000.0,2,534.0
2012-11-03,가을,0.1,33280.0,1,520.0
2012-11-03,기타,75.7,42113264.4,20,556.2
2012-11-03,쌈,29.9,28150650.4,22,941.9
2012-11-03,월동,9.5,3015200.0,3,317.4
2012-11-05,가을,666.8,350823243.0,46,526.1
2012-11-05,기타,110.9,60459659.7,22,545.1
2012-11-05,쌈,55.5,60657732.1,26,1092.8
2012-11-06,가을,0.1,56640.0,1,590.0
2012-11-06,기타,93.2,51699226.5,20,554.6
2012-11-06,쌈,46.3,46500621.3,24,1004.8
2012-11-06,월동,9.0,2140000.0,2,237.8
2012-11-07,기타,77.4,42236112.4,16,545.5
2012-11-07,쌈,42.1,52997699.6,11,1257.8
2012-11-07,월동,8.9,4261050.0,2,478.8
2012-11-08,가을,0.2,86138.4,1,566.7
2012-11-08,기타,121.4,67336739.9,30,554.7
2012-11-08,쌈,29.2,36168527.6,27,1239.0
2012-11-08,월동,18.0,4584000.0,4,254.7
2012-11-09,가을,58.1,32904200.0,9,566.8
2012-11-09,기타,13.9,12382364.1,17,893.4
2012-11-09,쌈,62.9,66778678.8,19,1062.2
2012-11-09,월동,9.0,5220000.0,1,580.0
2012-11-10,가을,79.7,45364975.0,10,569.0
2012-11-10,기타,10.3,5292750.1,11,515.1
2012-11-10,쌈,3.4,3099348.0,4,922.4
2012-11-10,월동,33.5,13612500.0,5,406.3
2012-11-12,가을,1025.5,599639044.0,63,584.7
2012-11-12,기타,9.0,7059974.7,12,788.6
2012-11-12,쌈,56.5,57905842.0,16,1025.6
2012-11-12,월동,26.4,8865350.0,5,336.1
2012-11-13,가을,65.2,36806080.0,7,564.9
2012-11-13,기타,32.9,20175805.3,19,613.1
2012-11-13,쌈,25.0,29000766.3,18,1160.5
2012-11-13,월동,17.5,9817500.0,2,561.0
2012-11-14,가을,0.1,70400.0,1,550.0
2012-11-14,기타,3.7,8363844.0,5,2245.9
2012-11-14,쌈,40.6,49687150.7,15,1222.7
2012-11-14,월동,35.2,16343375.0,4,463.6
2012-11-15,가을,719.3,420189934.0,52,584.2
2012-11-15,기타,39.7,28293106.0,14,713.2
2012-11-15,쌈,37.6,48808538.8,22,1298.7
2012-11-15,월동,34.8,16245000.0,7,466.8
2012-11-16,가을,1152.4,672657734.0,66,583.7
2012-11-16,기타,75.5,50804824.0,20,672.6
2012-11-16,쌈,36.8,46190331.3,27,1255.0
2012-11-16,월동,25.6,10509000.0,5,410.5
2012-11-17,가을,1012.7,642184958.0,59,634.1
2012-11-17,기타,12.6,18158776.0,13,1445.0
2012-11-17,쌈,31.1,39731981.7,18,1278.9
2012-11-17,월동,44.5,21994960.0,4,494.3
2012-11-19,가을,1339.0,709717859.0,56,530.0
2012-11-19,기타,57.0,43523323.0,20,763.6
2012-11-19,쌈,57.1,63187291.4,33,1107.3
2012-11-19,월동,72.0,31086800.0,9,431.8
2012-11-20,가을,120.1,67670910.0,11,563.3
2012-11-20,기타,4.2,2768925.0,5,659.3
2012-11-20,쌈,36.5,42321677.0,19,1158.7
2012-11-20,월동,63.5,22223750.0,5,350.0
2012-11-21,가을,105.5,62808660.0,10,595.3
2012-11-21,기타,66.0,33024400.0,3,500.4
2012-11-21,쌈,29.3,33422287.6,25,1142.2
2012-11-22,가을,962.9,639565097.0,59,664.2
2012-11-22,기타,14.5,17908839.2,12,1238.0
2012-11-22,쌈,44.7,45310444.8,17,1013.5
2012-11-22,월동,50.4,27358600.0,6,542.4
2012-11-23,가을,157.8,92464765.0,13,586.0
2012-11-23,기타,79.4,57456267.6,13,723.9
2012-11-23,쌈,37.8,32740684.2,30,867.1
2012-11-23,월동,54.3,26512664.0,6,488.2
2012-11-24,기타,68.6,40225564.0,10,586.1
2012-11-24,쌈,56.5,43896606.2,26,777.5
2012-11-24,월동,56.8,29036655.0,3,511.2
2012-11-26,기타,6.4,9158820.5,9,1440.3
2012-11-26,쌈,28.7,26714211.0,25,930.6
2012-11-26,월동,79.5,29697995.0,4,373.4
2012-11-27,가을,1009.3,519422939.0,54,514.6
2012-11-27,기타,61.5,40789286.5,11,662.8
2012-11-27,쌈,1.5,789622.2,9,524.7
2012-11-27,월동,27.1,8602400.0,6,318.0
2012-11-28,가을,1263.3,622493641.0,57,492.7
2012-11-28,기타,17.7,18842618.0,12,1067.5
2012-11-28,쌈,18.5,19670793.6,23,1064.7
2012-11-28,월동,55.0,20528800.0,3,373.0
2012-11-29,가을,1367.7,672256690.0,55,491.5
2012-11-29,기타,16.2,23415800.0,7,1449.0
2012-11-29,쌈,13.8,16749509.9,14,1217.0
2012-11-29,월동,55.4,19301218.0,3,348.6
2012-11-30,가을,104.8,72585260.0,7,692.9
2012-11-30,기타,80.3,57468280.0,6,715.9
2012-11-30,쌈,3.5,3289725.7,12,950.8
2012-11-30,월동,46.3,14306600.0,4,309.0
2012-12-01,가을,1184.4,655128449.2,46,553.1
2012-12-01,기타,90.3,74037593.5,15,820.1
2012-12-01,쌈,28.0,29894512.3,27,1067.2
2012-12-01,월동,46.3,16300960.0,2,352.1
2012-12-03,가을,1015.9,550035938.0,36,541.4
2012-12-03,기타,103.4,66941167.0,17,647.5
2012-12-03,쌈,37.0,38997885.6,27,1053.5
2012-12-03,월동,61.9,22279030.0,3,359.9
2012-12-04,가을,44.6,32076240.0,4,719.8
2012-12-04,기타,32.5,23224912.0,13,715.5
2012-12-04,기타부산물,0.4,36800.0,1,100.0
2012-12-04,쌈,32.3,32914530.5,26,1019.2
2012-12-04,월동,17.6,5007717.0,2,285.3
2012-12-05,가을,661.5,344244980.0,29,520.4
2012-12-05,기타,48.7,37514962.0,13,770.1
2012-12-05,쌈,32.4,31000577.2,24,957.5
2012-12-05,월동,18.5,4255000.0,2,230.0
2012-12-06,가을,596.9,398202200.0,36,667.2
2012-12-06,기타,30.5,34541750.0,9,1134.0
2012-12-06,쌈,2.7,2347355.0,11,855.1
2012-12-06,월동,9.5,2356000.0,2,248.0
2012-12-07,가을,65.9,45226920.0,5,686.5
2012-12-07,기타,36.0,26207100.0,2,728.0
2012-12-07,쌈,27.2,25945713.3,14,952.9
2012-12-08,가을,303.2,217346811.0,18,716.8
2012-12-08,기타,34.0,41714175.0,10,1228.0
2012-12-08,쌈,22.4,23597674.2,20,1051.7
2012-12-08,월동,25.4,13345980.0,2,524.4
2012-12-10,가을,455.6,335083853.0,20,735.5
2012-12-10,기타,46.5,52316553.0,10,1125.9
2012-12-10,쌈,25.0,31318879.6,22,1251.2
2012-12-10,월동,4.3,1360000.0,2,316.3
2012-12-11,가을,303.1,243020772.0,16,801.7
2012-12-11,기타,19.5,25086626.0,7,1284.8
2012-12-11,쌈,16.7,22749545.6,14,1359.7
2012-12-12,가을,65.4,46367200.0,4,709.0
2012-12-12,기타,22.5,19559575.0,8,867.7
2012-12-12,쌈,14.0,23736809.5,15,1689.6
2012-12-12,월동,8.5,2275000.0,2,267.6
2012-12-13,가을,568.4,387323057.0,21,681.5
2012-12-13,기타,27.5,19118354.0,10,696.4
2012-12-13,쌈,21.8,41597533.0,21,1910.8
2012-12-13,월동,29.4,10804400.0,4,366.9
2012-12-14,가을,51.1,36886800.0,4,722.3
2012-12-14,기타,12.8,13588926.0,6,1062.7
2012-12-14,쌈,1.7,1339190.3,10,775.0
2012-12-14,월동,18.0,6462000.0,2,359.0
2012-12-15,쌈,33.3,59579652.4,11,1789.8
2012-12-17,가을,892.6,608642258.0,33,681.9
2012-12-17,기타,43.6,38778172.0,11,889.7
2012-12-17,쌈,42.0,73218040.5,35,1742.0
2012-12-17,월동,27.0,10560400.0,2,391.1
2012-12-18,가을,784.7,511308363.0,28,651.6
2012-12-18,기타,28.9,30811519.0,16,1065.4
2012-12-18,쌈,41.1,65900060.6,29,1601.8
2012-12-18,월동,9.0,2600000.0,2,288.9
2012-12-19,가을,26.0,15831400.0,1,608.9
2012-12-19,기타,5.5,15739797.5,4,2857.1
2012-12-19,쌈,33.7,50854051.6,27,1509.5
2012-12-20,가을,471.7,275049645.0,19,583.1
2012-12-20,기타,9.0,19628837.5,6,2186.6
2012-12-20,쌈,42.8,51405734.9,37,1200.5
2012-12-20,월동,9.0,2800000.0,2,311.1
2012-12-21,가을,515.5,334323227.0,18,648.6
2012-12-21,기타,16.4,19187336.0,9,1167.7
2012-12-21,쌈,31.0,33113335.2,27,1067.4
2012-12-22,가을,393.0,220954869.0,19,562.3
2012-12-22,기타,28.6,26267132.0,11,919.6
2012-12-22,쌈,18.9,23402118.6,22,1238.3
2012-12-22,월동,9.0,2450000.0,2,272.2
2012-12-24,가을,284.4,208564642.0,12,733.2
2012-12-24,기타,11.0,6318320.0,3,576.8
2012-12-24,쌈,1.5,658678.6,9,441.8
2012-12-25,가을,320.3,207284960.0,17,647.2
2012-12-25,기타,4.1,9994144.0,4,2449.5
2012-12-25,쌈,22.0,27765838.0,22,1264.0
2012-12-26,가을,410.6,252918945.0,18,615.9
2012-12-26,기타,17.9,12998625.0,5,726.0
2012-12-26,쌈,30.4,52955297.7,29,1740.3
2012-12-27,가을,225.8,177292452.0,10,785.3
2012-12-27,기타,14.3,20267192.0,6,1414.9
2012-12-27,쌈,39.9,53062212.8,30,1331.1
2012-12-27,월동,7.2,1545000.0,2,216.1
2012-12-28,가을,282.8,202307374.0,7,715.4
2012-12-28,기타,5.2,12281977.0,4,2353.8
2012-12-28,쌈,3.3,3448812.9,12,1037.5
2012-12-28,월동,6.5,1960000.0,2,301.5
2012-12-29,가을,54.8,49998000.0,4,912.4
2012-12-29,기타,16.4,19312590.0,5,1175.6
2012-12-29,쌈,31.4,50488950.8,22,1608.1
2012-12-31,가을,304.2,255851763.0,16,841.2
2012-12-31,기타,19.7,13187000.0,4,669.1
2012-12-31,쌈,42.2,61668667.7,35,1460.6
2013-01-03,기타,31.3,25339000.0,3,809.3
2013-01-03,쌈,36.2,61887684.6,30,1707.9
2013-01-03,월동,507.7,412193145.0,16,811.9
2013-01-04,기타,27.3,39000756.0,4,1428.0
2013-01-04,기타부산물,0.0,7200.0,1,300.0
2013-01-04,쌈,20.5,41376660.4,25,2016.8
2013-01-04,월동,27.4,23482200.0,2,858.6
2013-01-05,기타,17.6,32733801.0,3,1856.6
2013-01-05,쌈,2.1,1493855.0,11,695.5
2013-01-05,월동,349.2,254526301.0,13,728.9
2013-01-07,기타,8.3,20242884.5,4,2446.3
2013-01-07,쌈,0.9,1303410.0,3,1531.6
2013-01-07,월동,19.5,15718400.0,4,804.4
2013-01-08,기타,7.6,18756540.0,3,2471.2
2013-01-08,쌈,23.9,46033656.4,24,1922.3
2013-01-08,월동,28.8,23119000.0,4,804.1
2013-01-09,기타,31.2,42220868.0,7,1354.9
2013-01-09,쌈,27.1,49094576.5,31,1811.4
2013-01-09,월동,28.2,27147200.0,4,961.6
2013-01-10,기타,17.0,24987753.5,6,1471.7
2013-01-10,쌈,23.6,44528192.8,25,1886.4
2013-01-10,월동,386.7,281330840.0,17,727.6
2013-01-11,기타,8.7,19612391.5,5,2247.8
2013-01-11,쌈,4.0,6388265.1,11,1616.9
2013-01-11,월동,349.9,277543119.0,18,793.2
2013-01-12,기타,23.0,26986441.0,8,1175.5
2013-01-12,쌈,18.2,24821816.5,29,1365.8
2013-01-12,월동,290.0,227207279.0,14,783.5
2013-01-14,기타,17.8,27113755.0,6,1520.9
2013-01-14,쌈,37.0,53685460.3,33,1452.4
2013-01-14,월동,532.4,384670956.0,23,722.6
2013-01-15,기타,4.3,2729600.0,2,636.9
2013-01-15,쌈,17.0,24214877.1,18,1423.9
2013-01-15,월동,19.1,17297400.0,1,908.0
2013-01-16,기타,4.9,14202430.0,3,2872.1
2013-01-16,쌈,36.1,45265932.1,31,1252.9
2013-01-16,월동,524.5,362488525.0,14,691.2
2013-01-17,기타,21.3,23406364.0,4,1098.7
2013-01-17,기타부산물,0.1,90000.0,1,600.0
2013-01-17,쌈,34.7,44567317.6,38,1284.0
2013-01-17,월동,454.3,304725914.0,20,670.8
2013-01-18,기타,5.6,17077595.0,2,3066.0
2013-01-18,쌈,1.4,1404960.0,5,992.2
2013-01-18,월동,534.7,326144172.0,17,610.0
2013-01-19,기타,6.1,18012369.5,6,2933.6
2013-01-19,쌈,35.9,37367028.1,29,1040.7
2013-01-19,월동,238.6,141856566.0,10,594.7
2013-01-21,기타,5.6,16098208.0,8,2882.4
2013-01-21,쌈,5.6,4630765.8,13,833.5
2013-01-21,월동,39.6,31587496.5,5,797.8
2013-01-22,기타,42.3,43256010.0,10,1023.8
2013-01-22,기타부산물,0.1,49000.0,1,350.0
2013-01-22,쌈,25.4,28210841.8,22,1111.8
2013-01-22,월동,408.6,301196255.0,10,737.1
2013-01-23,기타,13.2,17993868.0,4,1362.7
2013-01-23,기타부산물,0.1,16000.0,1,200.0
2013-01-23,쌈,25.6,28860839.4,23,1125.6
2013-01-23,월동,296.7,201254919.0,10,678.4
2013-01-24,기타,21.8,22308508.5,6,1021.7
2013-01-24,기타부산물,0.0,2400.0,1,300.0
2013-01-24,쌈,23.6,27806339.6,21,1176.4
2013-01-24,월동,18.4,18265200.0,2,994.6
2013-01-25,기타,24.3,28036397.0,7,1152.9
2013-01-25,쌈,32.7,44053027.2,23,1346.4
2013-01-25,월동,347.2,244353454.0,17,703.9
2013-01-26,기타,15.6,23637920.0,9,1515.5
2013-01-26,쌈,24.6,31102434.7,24,1262.9
2013-01-26,월동,285.3,159822596.0,14,560.2
2013-01-28,기타,15.5,32021025.0,5,2063.3
2013-01-28,쌈,45.1,60196926.8,29,1333.7
2013-01-28,월동,27.1,27481200.0,2,1015.9
2013-01-29,기타,10.0,7267200.0,2,729.6
2013-01-29,쌈,33.8,48058137.4,20,1420.8
2013-01-30,기타,15.3,25718100.0,6,1686.1
2013-01-30,쌈,35.2,43765217.8,21,1244.2
2013-01-30,월동,315.3,208007071.0,14,659.8
2013-01-31,기타,5.2,18941204.0,5,3614.7
2013-01-31,쌈,30.0,45432471.8,14,1512.2
2013-01-31,월동,379.9,251017998.0,13,660.7
2013-02-01,기타,33.9,38987211.0,8,1151.4
2013-02-01,쌈,45.5,58118078.7,37,1276.9
2013-02-01,월동,506.8,329294324.0,15,649.8
2013-02-02,기타,6.3,22668600.0,2,3609.6
2013-02-02,쌈,37.5,38424783.8,27,1025.9
2013-02-02,월동,231.9,136983369.0,11,590.7
2013-02-04,기타,34.2,41576803.0,9,1215.8
2013-02-04,쌈,35.3,46900471.4,31,1330.4
2013-02-04,월동,598.6,402130993.0,18,671.7
2013-02-05,기타,36.0,47832359.0,5,1328.5
2013-02-05,쌈,40.4,50712562.8,27,1254.4
2013-02-05,월동,459.4,313135370.0,20,681.7
2013-02-06,기타,15.0,25262240.0,4,1688.9
2013-02-06,쌈,42.9,68110106.2,27,1588.2
2013-02-06,월동,41.4,30892415.0,4,746.8
2013-02-07,기타,4.1,12255592.0,6,2974.7
2013-02-07,쌈,37.8,72826649.2,18,1925.0
2013-02-07,월동,389.9,263827507.0,15,676.6
2013-02-08,기타,1.5,4055625.0,1,2625.0
2013-02-08,쌈,27.6,43520705.7,22,1577.6
2013-02-08,월동,169.8,114019896.0,10,671.4
2013-02-09,쌈,1.7,1860620.2,3,1083.0
2013-02-09,월동,9.7,7024000.0,2,724.1
2013-02-13,기타,9.4,5715200.0,1,608.0
2013-02-13,쌈,1.3,470758.0,6,357.4
2013-02-13,월동,260.0,187864982.0,10,722.4
2013-02-14,기타,26.0,40284983.0,4,1549.3
2013-02-14,쌈,13.7,27529537.5,14,2005.5
2013-02-15,기타,23.9,33428392.5,6,1397.0
2013-02-15,쌈,14.3,30461559.0,14,2129.9
2013-02-15,월동,548.1,412329118.0,15,752.2
2013-02-16,기타,10.7,25229886.0,5,2362.8
2013-02-16,쌈,3.4,2853388.0,8,833.1
2013-02-16,월동,312.4,208669749.0,10,668.0
2013-02-18,기타,29.1,30330248.0,13,1043.9
2013-02-18,쌈,34.9,48315739.6,23,1384.9
2013-02-18,월동,21.9,18556525.0,3,849.1
2013-02-19,기타,31.5,20949676.0,4,664.9
2013-02-19,쌈,28.8,41418325.2,33,1435.7
2013-02-19,월동,20.8,15694550.0,3,752.9
2013-02-20,기타,2.0,5422075.0,6,2693.5
2013-02-20,쌈,38.3,45771363.9,29,1194.9
2013-02-20,월동,447.9,319018356.0,14,712.2
2013-02-21,기타,31.6,22935542.0,5,725.6
2013-02-21,쌈,26.3,30078767.0,19,1144.8
2013-02-21,월동,612.8,405015364.0,17,661.0
2013-02-22,기타,4.1,11032600.0,5,2714.7
2013-02-22,쌈,27.0,28846300.9,21,1070.1
2013-02-22,월동,29.4,20742535.0,3,706.1
2013-02-23,기타,5.0,12332569.5,3,2459.1
2013-02-23,기타부산물,0.1,11200.0,1,200.0
2013-02-23,쌈,24.3,21066721.8,13,868.1
2013-02-23,월동,294.4,194913644.0,13,662.1
2013-02-25,기타,30.9,35107230.0,5,1137.3
2013-02-25,기타부산물,0.1,35000.0,1,350.0
2013-02-25,쌈,40.8,41662732.4,20,1021.2
2013-02-25,월동,545.2,357935141.0,15,656.6
2013-02-26,기타,34.6,34333722.0,6,991.2
2013-02-26,쌈,1.4,472125.6,5,342.6
2013-02-26,월동,65.2,49046521.0,3,752.6
2013-02-27,기타,8.0,18102355.0,4,2272.7
2013-02-28,기타,5.2,13393131.0,7,2589.5
2013-02-28,쌈,22.7,30809835.2,14,1357.3
2013-02-28,월동,27.1,18119800.0,2,667.4
2013-03-01,기타,12.5,13262593.0,10,1064.9
2013-03-01,쌈,13.5,17137112.8,11,1268.3
2013-03-01,월동,38.0,26215725.0,2,689.9
2013-03-02,기타,4.4,12171081.0,5,2756.1
2013-03-02,쌈,11.6,22813467.6,4,1968.9
2013-03-02,월동,177.9,150881997.0,11,847.9
2013-03-04,기타,33.9,37411627.0,7,1102.4
2013-03-04,쌈,26.6,35093383.2,15,1318.7
2013-03-05,기타,0.2,92000.0,1,575.0
2013-03-05,쌈,4.4,5157858.6,5,1181.9
2013-03-05,월동,440.5,334916242.0,10,760.3
2013-03-06,기타,23.0,27706149.0,4,1203.9
2013-03-06,쌈,1.3,1064247.4,2,836.0
2013-03-06,월동,682.2,481536778.0,16,705.9
2013-03-07,기타,3.4,8577041.0,4,2527.9
2013-03-07,쌈,33.6,42588742.8,21,1269.2
2013-03-07,월동,544.6,376160026.0,17,690.7
2013-03-08,기타,5.1,11680121.0,5,2284.8
2013-03-08,쌈,33.2,39955624.8,17,1204.0
2013-03-08,월동,56.5,47821000.0,3,846.4
2013-03-09,기타,4.1,8106995.5,6,1978.8
2013-03-09,쌈,8.6,15284301.8,7,1775.2
2013-03-11,기타,13.5,17853200.0,4,1319.3
2013-03-11,쌈,30.6,46983955.8,17,1533.5
2013-03-11,월동,638.1,415455185.0,17,651.1
2013-03-12,기타,22.6,25134894.0,6,1113.7
2013-03-12,쌈,1.5,885947.5,5,581.3
2013-03-12,월동,40.5,31744000.0,4,783.8
2013-03-13,기타,13.3,18852940.5,7,1419.8
2013-03-13,쌈,24.8,33636403.1,16,1355.0
2013-03-13,월동,56.8,43095840.0,2,758.7
2013-03-14,기타,22.0,24483874.5,5,1111.5
2013-03-14,쌈,4.7,5666725.6,4,1215.0
2013-03-14,월동,597.2,369517892.0,14,618.7
2013-03-15,기타,2.6,7226750.0,5,2737.4
2013-03-15,쌈,15.5,18967517.0,12,1223.3
2013-03-15,월동,9.0,3312000.0,2,368.0
2013-03-16,기타,3.9,9530025.0,5,2452.4
2013-03-16,쌈,27.7,37909023.2,11,1367.5
2013-03-16,월동,519.5,265012372.0,10,510.2
2013-03-18,기타,19.3,15463040.0,4,802.9
2013-03-18,쌈,18.1,30900921.0,9,1705.4
2013-03-19,기타,10.0,8178000.0,2,817.8
2013-03-19,쌈,1.4,1311229.0,4,904.9
2013-03-19,월동,480.1,287677376.0,11,599.3
2013-03-20,기타,18.8,14910000.0,2,793.1
2013-03-20,쌈,1.5,1300926.0,2,858.1
2013-03-20,월동,511.7,345576069.0,13,675.3
2013-03-21,기타,1.9,3657136.0,8,1922.8
2013-03-21,쌈,13.6,18102572.6,10,1334.2
2013-03-21,월동,37.6,29152800.0,2,775.3
2013-03-22,기타,21.1,15483479.0,10,734.5
2013-03-22,쌈,5.1,5801059.0,14,1132.1
2013-03-22,월동,76.2,47788465.0,6,626.7
2013-03-22,저장,314.2,212201780.0,5,675.3
2013-03-23,기타,11.3,12034679.2,8,1065.6
2013-03-23,쌈,2.7,2177375.5,7,796.1
2013-03-23,월동,28.5,22496000.0,3,789.3
2013-03-25,기타,3.1,3818884.0,6,1223.2
2013-03-25,쌈,23.3,37205423.5,9,1594.0
2013-03-25,월동,9.0,2880000.0,1,320.0
2013-03-26,기타,21.1,17203860.5,6,815.7
2013-03-26,쌈,3.0,4796229.5,7,1619.8
2013-03-27,기타,19.8,21161032.0,8,1067.1
2013-03-27,쌈,17.7,32687241.4,10,1844.3
2013-03-27,월동,27.5,17775200.0,3,646.4
2013-03-27,저장,565.1,346903292.0,11,613.9
2013-03-28,기타,3.0,6533966.5,9,2190.4
2013-03-28,쌈,23.9,37970457.8,9,1591.3
2013-03-28,월동,18.9,15393200.0,2,812.3
2013-03-29,기타,20.4,21752355.0,8,1068.8
2013-03-29,봄,11.3,5424000.0,2,480.0
2013-03-29,쌈,22.4,27256149.3,14,1218.9
2013-03-29,월동,57.2,38944000.0,3,680.8
2013-03-29,저장,519.2,306827304.0,9,591.0
2013-03-30,기타,2.9,7061990.0,7,2413.5
2013-03-30,쌈,24.7,34338482.4,13,1390.6
2013-03-30,월동,9.5,6384000.0,1,672.0
2013-03-30,저장,433.9,242800383.0,12,559.5
2013-04-01,기타,29.8,21513715.0,9,722.1
2013-04-01,쌈,20.2,28236866.0,15,1396.1
2013-04-01,월동,28.5,21583050.0,1,757.3
2013-04-01,저장,447.0,273539835.0,9,611.9
2013-04-02,기타,3.1,5777240.5,5,1893.6
2013-04-02,쌈,0.6,868000.0,1,1550.0
2013-04-03,기타,1.6,3364657.0,7,2084.7
2013-04-03,쌈,18.6,26421374.2,5,1421.4
2013-04-04,기타,3.8,10061025.4,7,2656.7
2013-04-04,쌈,13.9,20964279.0,7,1504.3
2013-04-04,월동,47.0,38449700.0,3,818.1
2013-04-05,기타,22.1,19161750.0,9,865.6
2013-04-05,봄,3.2,1017600.0,1,320.0
2013-04-05,쌈,1.3,747992.0,5,569.2
2013-04-05,월동,38.5,25840000.0,3,671.2
2013-04-05,저장,419.3,286443563.0,9,683.2
2013-04-06,기타,3.8,10049444.9,8,2659.3
2013-04-06,쌈,0.6,948480.0,1,1520.0
2013-04-06,저장,350.6,226359048.0,10,645.6
2013-04-08,기타,9.5,4940000.0,1,520.0
2013-04-08,쌈,50.8,63739933.8,19,1255.8
2013-04-08,월동,47.4,33497550.0,4,707.4
2013-04-09,기타,2.2,7345200.0,2,3308.6
2013-04-09,쌈,1.6,2143760.0,2,1333.2
2013-04-09,월동,10.0,5000000.0,1,500.0
2013-04-10,기타,1.3,2060367.0,10,1541.0
2013-04-10,봄,28.7,19452375.0,4,677.8
2013-04-10,쌈,27.8,37102138.7,16,1334.9
2013-04-10,월동,48.6,36415440.0,2,748.7
2013-04-10,저장,577.0,406571083.0,8,704.7
2013-04-11,기타,3.0,8310078.0,8,2781.2
2013-04-11,봄,24.5,13824850.0,2,564.3
2013-04-11,쌈,37.3,44888207.4,11,1204.7
2013-04-11,월동,38.7,30573000.0,1,790.0
2013-04-11,저장,623.9,400751481.0,8,642.3
2013-04-12,기타,3.7,9996049.0,6,2684.9
2013-04-12,봄,10.0,6080000.0,2,608.0
2013-04-12,쌈,41.3,43746317.2,13,1060.3
2013-04-12,월동,39.0,28942800.0,2,741.2
2013-04-12,저장,569.9,356368997.0,8,625.3
2013-04-13,기타,20.7,19116350.0,6,922.2
2013-04-13,쌈,26.3,28119161.6,19,1068.1
2013-04-15,기타,19.9,17266028.0,7,866.3
2013-04-15,봄,66.4,36157675.0,7,544.5
2013-04-15,쌈,33.7,41030773.1,18,1217.0
2013-04-15,저장,434.0,280891365.0,5,647.2
2013-04-16,기타,20.4,12563156.0,5,615.5
2013-04-16,봄,38.1,28497250.0,5,748.0
2013-04-16,쌈,37.5,47797806.4,22,1273.6
2013-04-16,월동,50.5,33644300.0,2,666.9
2013-04-16,저장,344.4,231896920.0,8,673.2
2013-04-17,기타,20.3,15848250.0,11,780.1
2013-04-17,봄,57.4,48463775.0,6,844.3
2013-04-17,쌈,33.2,36597849.4,21,1103.7
2013-04-17,월동,53.9,34237280.0,1,635.2
2013-04-17,저장,542.7,325126280.0,8,599.1
2013-04-18,기타,1.9,1682546.9,15,875.0
2013-04-18,봄,9.0,6696000.0,1,744.0
2013-04-18,쌈,33.6,35182242.5,23,1047.2
2013-04-18,월동,30.9,18852000.0,3,610.1
2013-04-19,기타,1.7,2253468.8,10,1313.2
2013-04-19,봄,144.1,98044700.0,11,680.5
2013-04-19,쌈,35.4,37815352.0,17,1069.7
2013-04-19,저장,523.0,321477215.0,8,614.7
2013-04-20,기타,10.0,9000636.0,9,904.2
2013-04-20,봄,116.1,80319918.0,4,691.8
2013-04-20,쌈,35.3,36452731.9,21,1033.3
2013-04-20,저장,290.2,176452652.0,7,608.0
2013-04-22,기타,11.6,8960987.8,11,775.0
2013-04-22,봄,226.3,173317964.0,12,765.8
2013-04-22,쌈,40.4,44146999.4,15,1092.8
2013-04-22,월동,29.8,18514740.0,1,621.3
2013-04-22,저장,309.1,185382234.0,6,599.7
2013-04-23,기타,20.4,15461820.0,8,757.7
2013-04-23,봄,9.0,6300000.0,1,700.0
2013-04-23,쌈,34.7,36855156.8,14,1061.2
2013-04-23,월동,29.7,21226590.0,1,714.7
2013-04-24,기타,0.7,1447850.0,12,1953.9
2013-04-24,봄,471.4,331123485.0,18,702.4
2013-04-24,쌈,34.6,37811229.6,15,1091.6
2013-04-24,월동,19.9,12522320.0,1,628.0
2013-04-24,저장,202.2,114461148.0,5,566.2
2013-04-25,기타,30.6,17173876.0,18,562.1
2013-04-25,쌈,25.0,29562019.4,25,1183.9
2013-04-26,기타,11.2,6474100.0,16,575.7
2013-04-26,봄,368.9,233089413.0,13,631.9
2013-04-26,쌈,27.9,31942534.4,23,1145.7
2013-04-26,월동,19.9,14025600.0,2,704.8
2013-04-26,저장,156.3,77680982.0,6,497.0
2013-04-27,기타,0.7,1086875.0,10,1603.1
2013-04-27,봄,10.0,7440000.0,1,744.0
2013-04-27,쌈,31.6,31435779.0,23,994.2
2013-04-29,기타,19.7,11050909.2,14,559.9
2013-04-29,봄,77.0,47970730.0,3,623.4
2013-04-29,쌈,5.8,4421752.2,10,765.3
2013-04-30,기타,20.7,8930816.0,18,431.9
2013-04-30,봄,607.5,334608375.0,15,550.8
2013-04-30,쌈,33.6,38598585.6,22,1148.0
2013-04-30,저장,56.0,31044440.0,5,554.4
2013-05-01,기타,20.4,11134808.5,22,545.2
2013-05-01,봄,458.6,218263710.0,9,475.9
2013-05-01,쌈,20.6,23023557.8,16,1117.4
2013-05-01,저장,86.3,46071994.0,5,533.9
2013-05-02,기타,10.7,5325128.9,26,498.5
2013-05-02,봄,509.1,253212924.0,7,497.3
2013-05-02,쌈,3.3,2083108.0,9,624.1
2013-05-02,저장,53.5,26261708.0,5,491.3
2013-05-03,기타,19.9,11842700.0,18,595.3
2013-05-03,봄,477.7,253850653.0,11,531.4
2013-05-03,쌈,20.7,23944566.5,20,1154.0
2013-05-03,저장,82.3,31349880.0,5,380.9
2013-05-04,기타,0.8,878472.0,12,1039.6
2013-05-04,봄,441.9,207236402.0,9,468.9
2013-05-04,쌈,16.4,21863150.6,14,1335.5
2013-05-04,저장,69.2,31879930.0,5,460.7
2013-05-06,기타,20.2,13796891.0,16,683.0
2013-05-06,쌈,24.2,27022521.3,23,1117.5
2013-05-06,월동,9.5,5214000.0,1,550.0
2013-05-07,기타,11.3,6999000.0,13,617.9
2013-05-07,봄,644.1,288964004.0,14,448.6
2013-05-07,쌈,29.4,32909085.5,20,1117.7
2013-05-07,월동,10.0,5500000.0,1,550.0
2013-05-07,저장,9.7,6244000.0,2,643.7
2013-05-08,기타,30.1,15782992.8,16,524.5
2013-05-08,봄,433.9,217276146.0,10,500.8
2013-05-08,쌈,36.5,39272229.9,26,1074.7
2013-05-08,저장,19.9,15095400.0,4,758.6
2013-05-09,기타,8.8,6587481.4,14,752.3
2013-05-09,봄,49.5,21211650.0,3,428.5
2013-05-09,쌈,2.8,1400076.4,10,504.5
2013-05-09,월동,10.0,5500000.0,1,550.0
2013-05-10,기타,20.2,14635635.4,21,725.8
2013-05-10,봄,391.0,238075447.0,14,608.9
2013-05-10,쌈,28.5,24261614.8,22,851.6
2013-05-11,기타,10.4,6589107.7,12,633.6
2013-05-11,봄,392.1,238046319.0,13,607.1
2013-05-11,쌈,22.2,20813690.4,21,938.2
2013-05-13,기타,17.9,13572979.6,13,760.2
2013-05-13,봄,484.8,304607410.0,26,628.3
2013-05-13,쌈,34.7,27945795.6,25,806.1
2013-05-14,기타,0.9,766363.4,12,858.2
2013-05-14,봄,497.6,300017095.0,23,602.9
2013-05-14,쌈,35.8,26750801.4,22,746.8
2013-05-15,기타,21.8,12557739.4,21,577.2
2013-05-15,봄,572.0,313275529.0,30,547.7
2013-05-15,쌈,34.7,23044192.3,26,665.0
2013-05-16,기타,9.6,5657280.0,1,589.3
2013-05-16,봄,44.5,20362200.0,4,457.1
2013-05-16,쌈,17.7,14361247.5,16,810.1
2013-05-17,기타,0.9,925760.0,15,1007.4
2013-05-17,봄,458.3,205730093.0,27,448.9
2013-05-17,쌈,11.3,10655669.4,14,947.1
2013-05-18,기타,9.4,4980000.0,4,527.2
2013-05-18,봄,218.4,110995445.0,20,508.3
2013-05-18,쌈,15.4,13819040.2,18,895.0
2013-05-20,기타,28.3,13184000.0,8,465.9
2013-05-20,봄,47.8,23602800.0,4,494.3
2013-05-20,쌈,38.0,38190346.8,20,1005.5
2013-05-21,기타,27.8,13934120.0,7,500.9
2013-05-21,봄,47.7,23500000.0,4,492.7
2013-05-21,쌈,41.0,30805065.4,23,752.2
2013-05-22,기타,17.4,7114575.0,9,407.9
2013-05-22,봄,38.1,15852400.0,3,416.1
2013-05-22,쌈,37.8,25266730.2,22,668.6
2013-05-23,기타,34.9,14949500.0,7,427.9
2013-05-23,봄,553.1,198713169.0,32,359.3
2013-05-23,쌈,23.9,16439286.2,16,688.3
2013-05-24,기타,27.7,10934286.0,9,395.1
2013-05-24,봄,36.6,13192800.0,3,360.5
2013-05-24,쌈,2.7,1608257.2,6,601.2
2013-05-25,기타,1.5,2587912.0,10,1782.3
2013-05-25,봄,298.3,111611994.0,19,374.2
2013-05-25,쌈,1.2,1140000.0,1,950.0
2013-05-27,기타,19.1,8197500.0,4,428.4
2013-05-27,봄,46.0,19561800.0,4,425.7
2013-05-27,쌈,2.9,1749415.2,6,598.3
2013-05-28,기타,29.3,12669725.0,9,432.8
2013-05-28,봄,439.2,178134943.0,35,405.5
2013-05-28,쌈,21.7,18158472.6,20,837.7
2013-05-29,기타,19.5,7582976.1,10,388.9
2013-05-29,봄,290.8,96521648.0,25,332.0
2013-05-29,쌈,30.1,21142317.5,20,702.1
2013-05-30,기타,19.5,7982675.0,13,409.1
2013-05-30,봄,519.7,192577918.0,35,370.6
2013-05-30,쌈,28.5,17015028.1,19,596.8
2013-05-31,기타,38.1,14413292.5,11,378.6
2013-05-31,봄,657.3,208809495.0,38,317.7
2013-05-31,쌈,28.3,20851522.9,21,736.2
2013-06-01,기타,19.7,6367750.0,9,323.2
2013-06-01,봄,563.6,147995390.0,34,262.6
2013-06-01,쌈,27.5,20675401.3,19,750.7
2013-06-03,기타,29.3,10463440.0,7,357.4
2013-06-03,봄,57.2,18970250.0,3,331.4
2013-06-03,쌈,17.3,13651787.7,17,789.6
2013-06-04,기타,3.1,1428491.0,6,465.5
2013-06-04,봄,654.5,233665629.0,28,357.0
2013-06-04,쌈,15.3,13991530.0,13,913.7
2013-06-05,기타,21.5,8373612.5,10,388.9
2013-06-05,봄,56.8,17391200.0,6,306.2
2013-06-05,쌈,21.0,20973162.5,17,1000.1
2013-06-06,기타,20.6,7646100.0,7,371.3
2013-06-06,봄,49.6,14106550.0,3,284.1
2013-06-06,쌈,22.3,19989032.8,16,894.9
2013-06-07,기타,11.9,3341000.0,3,279.6
2013-06-07,봄,668.5,191933886.0,29,287.1
2013-06-07,쌈,19.5,21320254.0,16,1092.1
2013-06-08,기타,29.2,11988425.0,6,410.5
2013-06-08,봄,48.0,17853700.0,2,372.0
2013-06-08,쌈,26.6,28178994.7,17,1060.4
2013-06-10,기타,38.2,15651470.0,3,410.2
2013-06-10,봄,719.9,242150826.0,30,336.4
2013-06-10,쌈,34.0,38560585.7,19,1135.2
2013-06-11,기타,19.9,7734175.0,4,389.6
2013-06-11,봄,540.0,205706799.0,29,381.0
2013-06-11,쌈,35.9,32434167.3,20,902.4
2013-06-12,기타,19.7,9062750.0,7,459.0
2013-06-12,쌈,35.4,29269019.5,23,826.8
2013-06-13,기타,10.1,3597800.0,5,355.4
2013-06-13,봄,670.6,245708582.0,38,366.4
2013-06-13,쌈,14.6,15887034.8,15,1091.5
2013-06-14,가을,0.6,262800.0,1,450.0
2013-06-14,기타,28.4,14277192.5,8,502.5
2013-06-14,봄,714.2,249004957.0,35,348.7
2013-06-14,쌈,23.5,25663638.7,22,1093.6
2013-06-15,기타,28.6,14021552.0,7,490.6
2013-06-15,봄,38.4,21775600.0,4,567.1
2013-06-15,쌈,24.4,25178598.2,22,1030.0
2013-06-17,가을,0.2,104000.0,1,520.0
2013-06-17,기타,36.8,14271640.0,6,388.0
2013-06-17,봄,1086.9,396447655.0,42,364.7
2013-06-17,쌈,39.2,33957257.9,26,865.7
2013-06-18,가을,0.5,256800.0,1,535.0
2013-06-18,기타,36.8,16801300.0,3,456.9
2013-06-18,봄,836.4,353662152.0,30,422.8
2013-06-18,쌈,27.7,27032304.4,21,974.3
2013-06-19,기타,0.1,151800.0,4,1997.4
2013-06-19,봄,552.1,234226486.0,30,424.2
2013-06-19,쌈,29.0,27558134.6,15,951.8
2013-06-20,가을,0.9,484000.0,1,550.0
2013-06-20,기타,29.5,11185080.0,7,378.6
2013-06-20,봄,38.2,15902000.0,3,416.3
2013-06-20,쌈,16.8,18422411.7,18,1098.4
2013-06-21,가을,0.8,424000.0,1,530.0
2013-06-21,기타,27.4,8791960.0,7,321.2
2013-06-21,봄,742.6,195428924.0,36,263.2
2013-06-21,쌈,27.5,20704440.4,23,752.9
2013-06-21,월동,27.6,12972000.0,1,470.0
2013-06-22,기타,29.4,8848500.0,9,300.6
2013-06-22,봄,37.1,14112400.0,3,379.9
2013-06-22,쌈,1.3,1123882.9,4,834.4
2013-06-22,월동,17.9,8413000.0,1,470.0
2013-06-24,기타,3.0,2301318.4,4,772.3
2013-06-24,봄,46.2,20380800.0,5,441.1
2013-06-25,기타,20.8,8171140.0,6,392.6
2013-06-25,봄,594.7,180251657.0,29,303.1
2013-06-25,쌈,28.0,27344593.9,20,975.5
2013-06-26,기타,31.1,9366175.2,7,301.0
2013-06-26,봄,37.3,12186400.0,4,326.7
2013-06-26,쌈,31.1,31507144.4,17,1012.6
2013-06-27,기타,17.3,5804600.0,8,335.7
2013-06-27,봄,494.9,125093839.0,19,252.8
2013-06-27,쌈,2.8,2275986.0,5,822.0
2013-06-28,기타,3.5,1654000.0,9,477.5
2013-06-28,봄,411.4,129702482.0,19,315.3
2013-06-28,쌈,36.2,21535058.2,18,594.8
2013-06-28,월동,29.1,12416970.0,1,426.7
2013-06-29,기타,1.6,931700.0,4,596.5
2013-06-29,봄,379.1,125117623.0,22,330.0
2013-06-29,쌈,9.1,9871574.7,11,1081.1
2013-06-29,월동,18.5,8232500.0,1,445.0
2013-07-01,기타,18.4,8182900.0,7,444.9
2013-07-01,봄,73.0,28365112.0,9,388.4
2013-07-01,쌈,29.2,26689331.8,18,913.4
2013-07-01,여름,619.1,199905022.0,17,322.9
2013-07-02,기타,72.0,27618400.0,6,383.7
2013-07-02,봄,7.2,2830240.0,1,392.0
2013-07-02,쌈,33.9,30545455.4,19,900.4
2013-07-02,여름,619.8,199423918.0,17,321.8
2013-07-03,기타,65.9,26672350.0,8,404.6
2013-07-03,쌈,19.4,22680753.6,17,1167.6
2013-07-03,여름,611.7,167051055.0,19,273.1
2013-07-04,기타,26.6,9594400.0,5,360.4
2013-07-04,쌈,1.9,1619660.0,2,836.6
2013-07-04,여름,463.9,142510554.0,18,307.2
2013-07-05,기타,30.4,10818550.0,6,355.4
2013-07-05,쌈,35.3,27331281.9,20,773.9
2013-07-06,기타,27.9,12068560.0,7,431.9
2013-07-06,쌈,2.7,1753787.6,5,643.8
2013-07-06,여름,146.3,55583728.0,6,379.9
2013-07-08,기타,28.6,9409100.0,12,329.1
2013-07-08,쌈,26.8,28337969.4,18,1059.1
2013-07-08,여름,494.5,138944286.0,16,281.0
2013-07-09,기타,28.2,9904090.0,5,351.8
2013-07-09,쌈,22.2,23036005.6,19,1037.2
2013-07-10,기타,54.0,15382050.0,5,284.9
2013-07-10,쌈,1.0,621437.7,4,623.9
2013-07-11,기타,38.0,12117581.0,6,318.9
2013-07-11,쌈,32.8,15820454.0,11,482.1
2013-07-12,기타,64.1,20730810.0,8,323.6
2013-07-12,쌈,1.7,1089691.3,7,643.6
2013-07-12,여름,346.9,92045340.0,12,265.3
2013-07-13,기타,48.0,21661440.0,5,450.9
2013-07-13,쌈,1.3,844999.4,5,630.1
2013-07-13,여름,209.3,88306756.0,10,421.9
2013-07-15,기타,28.4,7316900.0,6,257.9
2013-07-15,쌈,13.1,18735847.6,13,1427.7
2013-07-16,기타,44.4,21832000.0,5,491.7
2013-07-16,쌈,14.3,10259929.4,14,717.9
2013-07-17,기타,48.4,17910800.0,4,369.8
2013-07-17,쌈,25.2,19937377.4,8,790.4
2013-07-18,기타,39.2,15316480.0,5,390.6
2013-07-18,쌈,14.2,17554567.6,7,1237.1
2013-07-18,여름,448.1,143156171.0,18,319.5
2013-07-19,기타,67.0,25970830.0,7,387.7
2013-07-19,쌈,22.4,22216032.6,12,994.0
2013-07-19,여름,465.0,137166436.0,18,295.0
2013-07-20,기타,47.4,24708300.0,10,521.5
2013-07-20,쌈,32.0,26378928.8,16,825.0
2013-07-20,여름,399.9,167728044.0,18,419.5
2013-07-22,기타,110.9,49533298.6,10,446.5
2013-07-22,쌈,1.5,2185260.4,7,1461.7
2013-07-23,기타,37.9,10067050.0,7,265.8
2013-07-23,쌈,12.3,17522269.4,7,1426.5
2013-07-23,여름,349.2,110133554.0,12,315.4
2013-07-23,월동,9.5,3562500.0,1,375.0
2013-07-24,기타,73.5,40338505.0,10,548.6
2013-07-24,쌈,28.3,27066250.4,16,958.0
2013-07-24,여름,433.7,166863801.0,15,384.8
2013-07-25,기타,74.5,42430750.0,4,569.2
2013-07-25,쌈,1.1,858681.3,5,763.3
2013-07-25,여름,372.2,197730489.0,12,531.2
2013-07-26,기타,66.2,32443100.0,9,490.0
2013-07-26,쌈,36.0,29390524.3,20,815.8
2013-07-26,여름,675.2,258069764.0,17,382.2
2013-07-27,기타,0.2,104250.0,4,589.0
2013-07-27,쌈,32.0,29064584.3,11,907.2
2013-07-27,여름,392.8,165652226.0,18,421.8
2013-07-29,기타,37.7,24408800.0,4,647.1
2013-07-29,쌈,24.6,24341423.5,10,990.2
2013-07-29,여름,449.9,262877286.0,15,584.3
2013-07-30,기타,46.5,34012000.0,4,731.4
2013-07-30,쌈,39.5,29490169.2,15,747.0
2013-07-30,여름,555.1,290132921.0,15,522.7
2013-07-31,기타,75.2,50054100.0,8,665.6
2013-07-31,쌈,49.9,38102536.9,21,763.6
2013-07-31,여름,587.8,270726872.0,17,460.6
2013-08-01,기타,65.6,44125630.0,9,672.3
2013-08-01,쌈,1.3,1267423.5,5,969.7
2013-08-01,여름,412.0,238945274.0,13,579.9
2013-08-02,기타,72.9,49482229.2,5,679.0
2013-08-02,쌈,24.2,28135926.6,15,1161.8
2013-08-02,여름,526.6,269058619.0,13,511.0
2013-08-03,쌈,0.1,51640.0,2,356.1
2013-08-03,여름,273.8,114507409.0,9,418.2
2013-08-05,기타,19.1,12067650.0,2,632.1
2013-08-05,쌈,32.5,38739307.3,13,1191.8
2013-08-06,고랭지,544.0,306550352.0,15,563.5
2013-08-06,기타,76.7,50152300.0,5,653.6
2013-08-06,쌈,29.8,31850813.3,14,1070.3
2013-08-06,여름,10.0,6240000.0,1,624.0
2013-08-07,기타,18.5,14518000.0,2,784.8
2013-08-07,쌈,1.1,591624.4,4,519.0
2013-08-08,고랭지,428.1,277595834.0,10,648.4
2013-08-08,기타,18.8,13012930.0,7,694.0
2013-08-08,쌈,29.4,28703514.0,15,977.4
2013-08-09,고랭지,412.1,319532308.0,13,775.3
2013-08-09,기타,0.1,86000.0,2,741.4
2013-08-10,고랭지,389.7,280796570.0,9,720.5
2013-08-10,기타,0.4,183393.6,4,487.7
2013-08-12,고랭지,48.6,42874920.0,1,882.2
2013-08-12,기타,29.0,23161720.0,8,799.6
2013-08-12,쌈,22.2,35487143.8,16,1595.6
2013-08-12,여름,9.2,7728000.0,1,840.0
2013-08-13,고랭지,563.7,424695297.0,17,753.4
2013-08-13,기타,18.5,14716800.0,3,796.3
2013-08-13,쌈,1.0,1081111.5,7,1107.7
2013-08-14,가을,0.1,88880.0,1,1010.0
2013-08-14,고랭지,376.0,302921478.0,14,805.6
2013-08-14,기타,16.0,12348620.0,5,770.3
2013-08-14,쌈,21.7,30476199.7,13,1401.9
2013-08-15,고랭지,473.0,335734479.0,15,709.8
2013-08-15,기타,0.1,76500.0,2,671.1
2013-08-16,고랭지,431.8,306462780.0,15,709.7
2013-08-16,기타,29.4,21344564.0,4,726.4
2013-08-16,쌈,1.5,634538.6,6,432.2
2013-08-17,가을,0.1,68800.0,1,860.0
2013-08-17,고랭지,315.1,276157262.0,11,876.4
2013-08-17,쌈,22.6,44162848.2,8,1950.5
2013-08-19,고랭지,528.6,479947327.0,17,908.0
2013-08-19,기타,29.1,27061260.0,6,930.3
2013-08-19,쌈,21.0,44882093.4,13,2141.3
2013-08-20,고랭지,542.9,509702879.0,13,938.9
2013-08-20,기타,28.3,29668800.0,5,1047.4
2013-08-20,쌈,16.1,35670948.1,13,2215.7
2013-08-21,고랭지,42.3,41145210.0,1,972.7
2013-08-21,기타,10.2,6617400.0,5,650.3
2013-08-21,쌈,1.8,1939382.0,7,1081.6
2013-08-22,고랭지,37.9,38423020.0,1,1013.8
2013-08-22,기타,0.7,247950.0,6,334.6
2013-08-22,쌈,22.6,45756307.4,14,2023.8
2013-08-23,고랭지,631.4,569389321.0,16,901.7
2013-08-23,기타,19.7,15727550.0,6,798.5
2013-08-23,쌈,1.7,881339.1,6,528.1
2013-08-23,월동,10.0,7360000.0,2,736.0
2013-08-24,고랭지,406.6,420566252.0,17,1034.3
2013-08-24,기타,10.5,10560220.0,8,1006.5
2013-08-24,쌈,6.3,18156466.9,10,2867.9
2013-08-26,기타,29.7,29994020.0,2,1009.9
2013-08-26,쌈,16.6,44359025.2,15,2672.4
2013-08-27,고랭지,561.4,564206057.0,17,1005.1
2013-08-27,쌈,21.4,50543670.0,10,2356.8
2013-08-28,고랭지,587.7,579675386.0,18,986.3
2013-08-28,기타,0.8,638600.0,4,798.2
2013-08-29,가을,0.1,98400.0,1,820.0
2013-08-29,고랭지,687.8,695393271.0,21,1011.0
2013-08-29,기타,27.6,29671196.4,4,1073.1
2013-08-29,쌈,24.2,49754986.1,17,2054.0
2013-08-30,고랭지,746.8,731776452.0,16,979.9
2013-08-30,기타,10.1,9309325.8,12,919.3
2013-08-30,쌈,22.0,47231175.2,20,2149.8
2013-08-31,고랭지,509.2,441740666.0,16,867.5
2013-08-31,기타,18.8,14927600.0,3,792.5
2013-08-31,쌈,13.3,36484404.6,18,2737.0
2013-09-02,고랭지,83.6,69158400.0,4,827.3
2013-09-02,기타,37.1,26649950.0,5,717.9
2013-09-02,쌈,19.2,47486717.3,18,2472.8
2013-09-02,월동,19.0,12492500.0,1,657.5
2013-09-03,고랭지,102.8,99460889.0,10,967.5
2013-09-03,기타,35.3,28253400.0,4,801.4
2013-09-03,쌈,23.7,61403997.4,17,2591.2
2013-09-03,월동,18.9,13549015.0,1,716.5
2013-09-04,고랭지,1201.6,856664165.0,16,712.9
2013-09-04,기타,27.2,21620800.0,3,796.2
2013-09-04,쌈,28.1,51737168.3,20,1840.0
2013-09-04,월동,10.0,5210000.0,1,521.0
2013-09-05,고랭지,1042.9,754566745.0,12,723.5
2013-09-05,기타,38.3,29927490.0,6,781.2
2013-09-05,쌈,0.7,1078502.0,4,1475.4
2013-09-06,고랭지,85.3,74690860.0,4,875.6
2013-09-06,기타,37.8,25434417.9,6,672.9
2013-09-06,쌈,1.0,1400500.4,5,1386.6
2013-09-07,기타,0.7,376900.0,6,510.7
2013-09-07,쌈,31.4,48427634.0,20,1540.1
2013-09-09,고랭지,122.8,93837920.0,4,764.2
2013-09-09,기타,38.5,36430250.0,6,946.8
2013-09-09,쌈,35.1,57020157.1,24,1622.7
2013-09-10,고랭지,1318.7,983620163.0,22,745.9
2013-09-10,기타,48.6,43247978.6,8,889.3
2013-09-10,쌈,39.8,62041696.8,19,1557.0
2013-09-11,고랭지,102.1,92398140.0,4,905.0
2013-09-11,기타,28.6,26491662.4,5,925.3
2013-09-11,쌈,40.7,59863153.0,22,1472.1
2013-09-12,고랭지,1003.9,684789218.0,20,682.1
2013-09-12,기타,28.4,22913000.0,4,805.9
2013-09-12,쌈,31.1,41583713.7,19,1335.0
2013-09-13,고랭지,1285.3,855461115.0,19,665.6
2013-09-13,기타,2.4,933300.0,9,392.5
2013-09-13,쌈,55.5,72027563.4,14,1298.6
2013-09-14,고랭지,92.7,78885440.0,7,851.0
2013-09-14,기타,0.8,687814.0,4,884.1
2013-09-14,쌈,36.6,58834733.6,14,1606.2
2013-09-16,고랭지,1387.0,844135844.0,22,608.6
2013-09-16,기타,31.5,19418154.0,12,617.3
2013-09-16,쌈,57.1,106132130.2,22,1859.4
2013-09-16,월동,3.0,2805000.0,1,935.0
2013-09-17,고랭지,755.8,620609085.0,18,821.2
2013-09-17,기타,3.0,1196927.5,16,394.6
2013-09-17,쌈,80.6,128834541.3,15,1598.3
2013-09-17,월동,12.0,10380000.0,1,865.0
2013-09-18,고랭지,165.9,165449854.0,14,997.0
2013-09-18,기타,2.7,237805.2,4,88.1
2013-09-23,고랭지,83.0,70565970.0,6,850.5
2013-09-23,기타,31.2,25623383.3,10,820.9
2013-09-23,쌈,69.7,53385355.3,25,766.1
2013-09-24,고랭지,961.7,536770141.0,22,558.1
2013-09-24,기타,16.6,7984694.3,11,481.5
2013-09-24,쌈,73.0,52670243.0,26,721.2
2013-09-25,기타,53.4,26265260.8,15,491.6
2013-09-25,쌈,2.4,904967.0,10,373.3
2013-09-26,고랭지,434.7,250151090.0,25,575.4
2013-09-26,기타,21.2,8627812.5,7,407.8
2013-09-26,쌈,23.0,19192278.1,21,833.8
2013-09-27,고랭지,46.0,21010340.0,4,456.3
2013-09-27,기타,42.2,19543066.8,9,463.5
2013-09-27,쌈,40.6,34239664.5,18,843.0
2013-09-28,가을,0.2,97200.0,1,450.0
2013-09-28,고랭지,924.5,337065946.0,30,364.6
2013-09-28,기타,4.9,399083.1,10,81.0
2013-09-28,쌈,67.4,29232180.1,19,434.0
2013-09-30,고랭지,545.1,308136130.0,32,565.3
2013-09-30,기타,32.7,17258791.7,12,528.3
2013-09-30,쌈,2.9,845393.9,9,289.9
2013-10-01,가을,716.8,353801815.0,24,493.6
2013-10-01,고랭지,64.9,34766380.0,7,535.5
2013-10-01,기타,20.5,9573550.0,5,467.7
2013-10-01,쌈,26.4,23510164.6,17,889.0
2013-10-02,기타,53.7,25420847.2,13,473.2
2013-10-02,쌈,0.2,210400.0,3,1011.5
2013-10-03,가을,731.5,300757073.0,21,411.2
2013-10-03,고랭지,0.2,132000.0,1,600.0
2013-10-03,기타,44.9,19035718.2,16,423.7
2013-10-03,쌈,0.5,186960.0,1,410.0
2013-10-04,가을,762.9,268902316.0,28,352.5
2013-10-04,고랭지,1.5,436282.0,1,283.3
2013-10-04,기타,65.8,24270835.8,17,368.9
2013-10-04,쌈,46.6,30973492.5,25,664.4
2013-10-05,고랭지,0.6,224000.0,1,400.0
2013-10-05,기타,68.6,22206093.0,13,323.5
2013-10-05,쌈,2.6,765399.1,9,297.8
2013-10-07,가을,806.8,263546269.0,26,326.7
2013-10-07,고랭지,0.3,120000.0,1,400.0
2013-10-07,기타,112.6,47967379.9,24,425.9
2013-10-07,쌈,55.0,29003650.0,20,527.0
2013-10-10,기타,79.1,33682764.7,15,425.8
2013-10-10,쌈,37.2,26375486.1,20,709.3
2013-10-11,가을,760.0,227977772.0,28,300.0
2013-10-11,기타,84.5,32232232.0,15,381.4
2013-10-11,쌈,2.1,980032.8,9,469.8
2013-10-12,고랭지,0.3,84000.0,1,300.0
2013-10-12,기타,52.5,17174855.0,14,327.2
2013-10-12,쌈,32.5,25457603.8,21,783.3
2013-10-14,기타,108.7,33995859.6,24,312.8
2013-10-14,쌈,61.0,35916974.6,20,588.5
2013-10-15,가을,743.2,172140188.0,30,231.6
2013-10-15,기타,4.8,512683.2,7,107.8
2013-10-15,쌈,0.5,277400.0,4,554.8
2013-10-16,가을,666.4,173543539.0,30,260.4
2013-10-16,기타,30.5,9689400.0,10,317.2
2013-10-16,쌈,59.1,35940360.6,27,607.9
2013-10-16,월동,9.3,3116400.0,2,335.8
2013-10-17,가을,566.5,121490703.0,29,214.4
2013-10-17,기타,52.4,16047790.0,10,306.1
2013-10-17,쌈,41.5,23135451.0,17,557.0
2013-10-18,가을,495.0,128943715.0,25,260.5
2013-10-18,기타,5.8,1175481.2,14,204.0
2013-10-18,쌈,52.6,28162202.7,16,535.1
2013-10-19,기타,27.0,7176600.0,1,265.8
2013-10-19,쌈,53.5,27608761.8,23,516.5
2013-10-21,가을,564.6,166977695.0,32,295.7
2013-10-21,기타,95.7,29412989.0,8,307.4
2013-10-21,쌈,47.3,30286800.2,24,640.3
2013-10-22,가을,670.0,178025967.0,40,265.7
2013-10-22,기타,47.9,15290740.0,4,319.4
2013-10-24,기타,64.4,23269500.0,7,361.3
2013-10-24,쌈,43.1,23549209.6,19,546.9
2013-10-25,가을,587.9,166017959.0,38,282.4
2013-10-25,기타,83.3,33533960.0,30,402.7
2013-10-25,쌈,1.6,898636.6,10,566.6
2013-10-26,가을,470.2,135304599.0,34,287.7
2013-10-26,기타,31.6,12062288.7,21,381.2
2013-10-26,쌈,31.6,19072124.6,17,602.9
2013-10-28,가을,623.6,189225441.0,28,303.5
2013-10-28,기타,23.6,14595507.5,19,619.4
2013-10-28,쌈,48.8,28368216.2,13,581.0
2013-10-29,가을,595.2,174574754.0,33,293.3
2013-10-29,기타,72.1,24251957.1,21,336.4
2013-10-29,쌈,50.1,31522551.2,21,628.7
2013-10-30,가을,551.7,161125575.0,43,292.1
2013-10-30,기타,47.7,19499957.6,28,408.7
2013-10-30,쌈,59.5,29957973.2,17,503.4
2013-10-31,가을,622.7,161407864.0,45,259.2
2013-10-31,기타,102.6,34269455.9,40,334.1
2013-10-31,쌈,55.4,29678678.3,25,536.0
2013-11-01,가을,614.7,155012687.0,45,252.2
2013-11-01,기타,81.0,25456921.7,34,314.2
2013-11-01,쌈,1.2,548831.9,9,455.8
2013-11-02,가을,500.6,129633720.0,39,259.0
2013-11-02,기타,56.4,21318973.4,28,378.0
2013-11-02,쌈,33.8,16423195.8,15,485.6
2013-11-04,가을,546.8,174588693.0,34,319.3
2013-11-04,기타,92.8,36962698.9,24,398.4
2013-11-04,쌈,38.5,27108008.6,24,703.8
2013-11-05,기타,90.7,31139380.2,28,343.2
2013-11-05,쌈,1.4,636894.8,6,446.3
2013-11-05,월동,8.5,2584000.0,2,304.0
2013-11-06,가을,814.3,203284653.0,46,249.6
2013-11-06,기타,90.0,33342187.9,32,370.5
2013-11-06,월동,9.0,1656000.0,2,184.0
2013-11-07,가을,550.9,160665092.0,48,291.6
2013-11-07,기타,125.3,43238054.7,34,345.0
2013-11-07,쌈,48.6,22974804.1,25,473.0
2013-11-08,가을,648.0,245578176.0,46,378.9
2013-11-08,기타,116.8,51782276.8,30,443.4
2013-11-08,쌈,29.9,17222267.8,25,576.6
2013-11-09,가을,840.8,345602932.0,52,411.0
2013-11-09,기타,149.8,70696971.9,33,471.8
2013-11-09,쌈,1.8,862685.9,5,480.6
2013-11-09,월동,9.5,2365500.0,2,249.0
2013-11-11,가을,1131.7,439255731.0,47,388.1
2013-11-11,기타,228.2,88942801.8,23,389.7
2013-11-11,쌈,1.5,839517.7,6,544.4
2013-11-11,월동,18.5,1852000.0,1,100.0
2013-11-12,가을,27.0,8586000.0,1,318.0
2013-11-12,기타,108.0,39823700.0,13,368.6
2013-11-12,쌈,1.7,865840.0,7,519.1
2013-11-13,가을,840.5,320683066.0,51,381.5
2013-11-13,기타,105.6,40353629.0,14,382.0
2013-11-13,쌈,32.3,19061225.6,20,590.7
2013-11-13,절임,6.5,8094000.0,3,1241.4
2013-11-14,가을,38.7,11365100.0,2,293.4
2013-11-14,기타,155.4,63522624.0,21,408.9
2013-11-14,쌈,1.3,721726.3,8,535.8
2013-11-15,가을,996.1,553543631.0,43,555.7
2013-11-15,기타,77.4,39279240.0,15,507.7
2013-11-15,기타부산물,0.1,26000.0,1,250.0
2013-11-15,쌈,34.7,25724957.7,19,740.8
2013-11-15,절임,11.7,14544000.0,3,1243.1
2013-11-16,가을,28.9,8734500.0,3,302.1
2013-11-16,기타,244.7,114924968.0,17,469.6
2013-11-16,기타부산물,0.1,20800.0,1,200.0
2013-11-16,쌈,1.7,946055.0,8,547.8
2013-11-18,가을,1268.6,539612346.0,55,425.4
2013-11-18,기타,120.5,57508142.0,11,477.4
2013-11-18,쌈,48.8,32808298.6,19,672.2
2013-11-18,절임,11.6,13884000.0,2,1200.0
2013-11-19,가을,3.1,397800.0,1,130.0
2013-11-19,기타,90.1,33148304.0,18,367.9
2013-11-19,기타부산물,0.1,20800.0,1,200.0
2013-11-19,쌈,35.2,21849355.2,20,620.4
2013-11-19,월동,9.3,1612875.0,1,172.5
2013-11-20,가을,1.2,327600.0,1,280.0
2013-11-20,기타,136.4,56449165.0,13,414.0
2013-11-20,기타부산물,0.2,26400.0,1,150.0
2013-11-20,쌈,1.2,465375.3,6,400.2
2013-11-20,월동,2.8,560000.0,1,200.0
2013-11-21,가을,1016.9,491314835.0,52,483.2
2013-11-21,기타,103.9,50641384.3,14,487.3
2013-11-21,쌈,1.4,683696.0,1,494.0
2013-11-21,절임,9.7,11676000.0,3,1207.4
2013-11-22,가을,1086.8,588012822.0,52,541.0
2013-11-22,기타,119.9,67819927.1,15,565.6
2013-11-22,기타부산물,0.3,42000.0,1,150.0
2013-11-22,쌈,0.1,22400.0,1,200.0
2013-11-22,절임,21.8,26160000.0,2,1200.0
2013-11-23,가을,1150.2,592712385.0,46,515.3
2013-11-23,기타,95.0,51741841.0,14,544.5
2013-11-23,기타부산물,0.1,27200.0,1,200.0
2013-11-23,쌈,34.8,21084511.3,22,605.9
2013-11-23,절임,26.1,31332000.0,2,1200.0
2013-11-25,기타,83.8,43591661.0,11,520.3
2013-11-25,쌈,33.7,20310208.5,22,603.4
2013-11-26,가을,713.3,248520316.0,44,348.4
2013-11-26,기타,99.2,46598807.5,17,469.6
2013-11-26,쌈,25.0,14819872.4,18,593.2
2013-11-26,절임,13.8,16548000.0,2,1200.0
2013-11-27,가을,804.9,315899815.0,45,392.5
2013-11-27,기타,121.6,57245283.3,17,470.6
2013-11-27,쌈,1.8,684935.7,5,381.4
2013-11-27,월동,8.6,4446000.0,1,520.0
2013-11-27,절임,17.8,21384000.0,2,1200.0
2013-11-28,가을,23.8,8820000.0,2,370.6
2013-11-28,기타,112.7,57246085.5,11,507.9
2013-11-28,기타부산물,0.3,30400.0,1,100.0
2013-11-28,쌈,1.2,535632.6,6,432.0
2013-11-29,가을,506.4,279790282.0,18,552.5
2013-11-29,기타,50.5,29438290.5,7,582.4
2013-11-29,쌈,1.2,417805.5,6,357.1
2013-11-29,월동,53.1,30363000.0,3,571.8
2013-11-29,절임,17.5,20964000.0,2,1200.0
2013-11-30,가을,621.2,306680880.0,32,493.7
2013-11-30,기타,31.6,16617929.0,6,525.5
2013-11-30,쌈,21.4,14435228.7,23,675.7
2013-11-30,월동,8.5,5474000.0,2,644.0
2013-11-30,절임,20.2,24276000.0,2,1200.0
2013-12-02,가을,939.2,413215164.0,27,440.0
2013-12-02,기타,184.4,93929529.8,23,509.4
2013-12-02,쌈,20.0,15121098.5,30,754.5
2013-12-02,월동,8.5,4301000.0,2,506.0
2013-12-02,절임,10.4,12480000.0,2,1200.0
2013-12-03,가을,687.2,252192328.0,32,367.0
2013-12-03,기타,68.7,33246085.4,14,484.3
2013-12-03,쌈,1.1,405821.8,7,371.3
2013-12-03,절임,6.4,7668000.0,2,1200.0
2013-12-04,가을,809.7,266290165.0,31,328.9
2013-12-04,고랭지,29.9,9969303.0,2,334.0
2013-12-04,기타,51.5,26143760.0,11,507.7
2013-12-04,쌈,13.8,16634303.2,18,1204.9
2013-12-04,월동,38.4,19846125.0,1,517.5
2013-12-04,절임,10.3,12336000.0,2,1200.0
2013-12-05,가을,698.3,264503782.0,29,378.8
2013-12-05,기타,5.8,6279121.9,5,1078.1
2013-12-05,쌈,25.6,25938385.7,26,1011.6
2013-12-05,절임,5.7,6792000.0,3,1200.0
2013-12-06,가을,549.0,226536974.0,25,412.6
2013-12-06,기타,77.4,34195973.8,7,441.9
2013-12-06,쌈,42.1,30433060.2,36,723.2
2013-12-06,절임,7.2,8580000.0,2,1200.0
2013-12-07,가을,586.5,204293950.0,24,348.3
2013-12-07,기타,46.3,17676870.5,5,381.7
2013-12-07,쌈,38.2,22997065.2,37,602.3
2013-12-07,절임,7.3,8796000.0,2,1200.0
2013-12-09,기타,57.0,27589380.0,5,484.0
2013-12-09,쌈,1.6,560427.0,4,343.0
2013-12-10,기타,58.9,26414136.5,12,448.1
2013-12-10,쌈,20.1,11603003.5,20,577.2
2013-12-11,가을,218.0,77217344.0,4,354.3
2013-12-11,기타,13.0,7314509.5,5,562.9
2013-12-11,쌈,26.2,19122494.5,21,731.1
2013-12-11,절임,2.0,2448000.0,2,1200.0
2013-12-12,기타,19.9,8815650.0,6,442.7
2013-12-12,쌈,23.5,14639131.0,29,622.8
2013-12-13,가을,271.4,81156467.0,8,299.0
2013-12-13,기타,12.1,6776281.0,6,560.6
2013-12-13,기타부산물,0.0,3600.0,1,150.0
2013-12-13,쌈,1.5,540105.6,7,356.7
2013-12-13,절임,5.1,6084000.0,2,1200.0
2013-12-14,기타,3.7,3623300.0,6,973.5
2013-12-14,쌈,1.3,589644.0,1,446.7
2013-12-14,월동,29.0,12084300.0,1,416.7
2013-12-16,기타,52.9,14947037.0,3,282.7
2013-12-16,쌈,19.8,17122359.6,19,863.2
2013-12-17,가을,327.5,113356608.0,7,346.2
2013-12-17,기타,109.2,25622415.0,7,234.7
2013-12-17,쌈,24.6,23466552.6,23,952.8
2013-12-17,월동,8.4,2873000.0,2,340.0
2013-12-17,절임,1.3,1560000.0,1,1200.0
2013-12-18,기타,50.1,21402650.0,8,427.4
2013-12-18,쌈,18.9,18472865.2,21,978.7
2013-12-19,가을,314.7,108193000.0,6,343.8
2013-12-19,기타,30.9,13929327.0,9,450.6
2013-12-19,쌈,1.7,1444032.0,1,828.0
2013-12-20,기타,52.5,16796440.0,8,320.2
2013-12-20,쌈,28.2,21124234.7,25,749.0
2013-12-21,가을,147.3,54861426.0,4,372.3
2013-12-21,기타,34.7,9659362.0,6,278.3
2013-12-21,쌈,31.2,20205460.2,27,648.5
2013-12-23,기타,50.8,16755220.0,5,329.9
2013-12-23,쌈,34.8,23095979.5,27,662.9
2013-12-24,가을,304.9,109381153.0,7,358.8
2013-12-24,기타,6.5,7261416.0,5,1119.2
2013-12-24,절임,0.5,600000.0,1,1200.0
2013-12-25,가을,194.3,69749364.0,4,358.9
2013-12-25,기타,31.7,15739587.5,4,496.0
2013-12-26,가을,135.3,56546869.0,2,418.0
2013-12-26,기타,32.9,17531625.5,4,532.1
2013-12-26,쌈,3.9,2508616.0,3,641.3
2013-12-26,절임,0.5,540000.0,1,1200.0
2013-12-27,기타,34.7,17348000.0,7,500.2
2013-12-27,쌈,22.6,13568791.0,17,600.3
2013-12-28,기타,6.5,6886800.0,5,1063.9
2013-12-28,봄,1.5,1125000.0,1,750.0
2013-12-28,쌈,16.9,12223658.6,14,722.2
2013-12-30,가을,175.1,55750754.0,6,318.4
2013-12-30,기타,25.7,14159950.0,7,550.1
2013-12-30,쌈,40.8,28193481.6,29,691.4
2013-12-31,기타,28.4,10960600.0,2,385.9
2013-12-31,쌈,21.6,13778031.5,22,636.9
2014-01-03,기타,18.0,8611200.0,1,478.4
2014-01-03,쌈,35.0,41473900.0,20,1184.5
2014-01-03,월동,470.5,197239850.0,8,419.2
2014-01-04,기타,9.0,3808800.0,1,423.2
2014-01-04,기타부산물,0.5,195000.0,1,433.3
2014-01-04,봄,1.5,1400000.0,1,933.3
2014-01-04,쌈,18.5,31198600.0,17,1683.9
2014-01-04,월동,359.2,129404300.0,5,360.2
2014-01-06,기타,0.6,178800.0,2,286.5
2014-01-06,기타부산물,0.6,272000.0,1,453.3
2014-01-06,봄,1.8,1560000.0,1,866.7
2014-01-06,쌈,40.7,51800200.0,30,1271.3
2014-01-06,월동,503.5,171488000.0,7,340.6
2014-01-07,기타,4.2,750000.0,2,180.7
2014-01-07,기타부산물,0.0,24000.0,1,1000.0
2014-01-07,봄,1.2,1040000.0,1,866.7
2014-01-07,쌈,40.5,41507500.0,23,1025.6
2014-01-07,월동,392.2,133354000.0,8,340.0
2014-01-07,절임,0.5,600000.0,1,1200.0
2014-01-08,기타,0.9,300000.0,1,315.8
2014-01-08,쌈,27.4,26612900.0,22,970.8
2014-01-08,월동,302.7,110151950.0,6,363.9
2014-01-09,기타,2.0,680000.0,1,333.3
2014-01-09,봄,1.1,975000.0,1,866.7
2014-01-09,쌈,31.8,32011900.0,23,1006.9
2014-01-09,월동,242.4,85823250.0,7,354.0
2014-01-10,쌈,27.3,23687900.0,24,868.0
2014-01-10,월동,379.1,119360960.0,9,314.9
2014-01-11,쌈,28.9,23344800.0,25,808.4
2014-01-11,월동,240.1,61549000.0,8,256.3
2014-01-13,봄,1.5,1400000.0,1,933.3
2014-01-13,쌈,53.9,33504300.0,30,622.1
2014-01-13,월동,437.2,130466450.0,12,298.4
2014-01-13,절임,0.4,468000.0,1,1200.0
2014-01-14,쌈,15.3,16296700.0,16,1066.3
2014-01-14,월동,345.0,93646400.0,6,271.5
2014-01-15,쌈,30.0,27068900.0,25,902.0
2014-01-15,월동,237.3,68420000.0,8,288.3
2014-01-16,봄,1.9,1820000.0,1,933.3
2014-01-16,쌈,23.7,21252500.0,27,897.5
2014-01-16,월동,290.1,98566860.0,8,339.7
2014-01-17,쌈,31.6,30870700.0,26,975.7
2014-01-17,월동,383.6,116660300.0,7,304.2
2014-01-18,쌈,24.7,26224400.0,27,1062.1
2014-01-18,월동,358.1,102721900.0,7,286.9
2014-01-20,기타,0.1,18000.0,1,187.5
2014-01-20,쌈,37.9,43202000.0,24,1140.3
2014-01-20,월동,486.8,147238200.0,10,302.5
2014-01-20,절임,0.5,552000.0,1,1200.0
2014-01-21,기타,0.1,40000.0,1,400.0
2014-01-21,쌈,14.2,22785100.0,17,1604.4
2014-01-21,월동,466.2,128084650.0,11,274.7
2014-01-22,기타부산물,0.6,333000.0,1,600.0
2014-01-22,쌈,31.3,36055100.0,26,1152.7
2014-01-22,월동,346.6,84931000.0,6,245.0
2014-01-23,봄,1.8,1560000.0,1,866.7
2014-01-23,쌈,43.2,39509100.0,33,913.5
2014-01-23,월동,428.1,106009800.0,8,247.6
2014-01-24,쌈,29.4,31579600.0,29,1072.5
2014-01-24,월동,433.5,116856200.0,8,269.6
2014-01-25,쌈,32.8,41531500.0,32,1264.5
2014-01-25,월동,330.3,85467300.0,7,258.7
2014-01-27,봄,1.8,1800000.0,1,1000.0
2014-01-27,쌈,80.0,80850900.0,33,1011.1
2014-01-27,월동,485.3,136101100.0,8,280.4
2014-01-27,절임,1.2,1440000.0,1,1200.0
2014-01-28,쌈,45.4,42280400.0,30,931.7
2014-01-28,월동,313.9,91431100.0,9,291.2
2014-01-29,쌈,39.5,44499100.0,30,1125.5
2014-01-29,월동,207.4,54611300.0,5,263.3
2014-01-30,쌈,3.5,4654300.0,8,1320.0
2014-01-30,월동,9.1,2602600.0,2,286.0
2014-02-03,쌈,31.0,29759700.0,15,960.5
2014-02-03,월동,254.8,81310250.0,7,319.1
2014-02-04,봄,1.8,2040000.0,1,1133.3
2014-02-04,쌈,17.4,20332300.0,13,1171.0
2014-02-04,월동,340.6,100515200.0,7,295.1
2014-02-04,절임,0.2,240000.0,1,1200.0
2014-02-05,기타부산물,0.5,66000.0,1,133.3
2014-02-05,쌈,22.9,24714200.0,19,1080.0
2014-02-05,월동,251.2,75559800.0,11,300.8
2014-02-06,봄,1.8,1800000.0,1,1000.0
2014-02-06,쌈,11.8,12951500.0,15,1095.2
2014-02-06,월동,211.3,59620120.0,3,282.2
2014-02-06,절임,0.2,300000.0,1,1200.0
2014-02-07,쌈,15.6,20213000.0,12,1295.0
2014-02-07,월동,258.7,77292700.0,3,298.8
2014-02-08,쌈,26.0,26889800.0,16,1034.9
2014-02-08,월동,403.5,111046300.0,7,275.2
2014-02-10,봄,2.1,1680000.0,1,800.0
2014-02-10,쌈,50.0,47306600.0,22,945.2
2014-02-10,월동,554.8,143481320.0,7,258.6
2014-02-11,기타,10.0,700000.0,1,70.0
2014-02-11,쌈,24.5,30628100.0,18,1249.3
2014-02-11,월동,434.6,95115082.0,10,218.8
2014-02-11,절임,0.2,240000.0,1,1200.0
2014-02-12,봄,1.5,1100000.0,1,733.3
2014-02-12,쌈,45.1,40119900.0,25,889.6
2014-02-12,월동,312.0,71870900.0,8,230.4
2014-02-13,쌈,42.2,36072500.0,27,855.0
2014-02-13,월동,370.1,78156480.0,7,211.2
2014-02-14,쌈,17.5,19286200.0,11,1099.7
2014-02-14,월동,352.7,70792600.0,7,200.7
2014-02-15,기타,0.6,123000.0,1,205.0
2014-02-15,쌈,20.1,20120400.0,16,1003.4
2014-02-15,월동,231.6,44284600.0,5,191.2
2014-02-17,기타부산물,0.2,105000.0,1,466.7
2014-02-17,봄,1.8,1210000.0,1,666.7
2014-02-17,쌈,48.8,40562100.0,23,830.7
2014-02-17,월동,392.6,90717400.0,5,231.0
2014-02-18,기타,0.1,15000.0,1,150.0
2014-02-18,봄,1.5,900000.0,1,600.0
2014-02-18,쌈,18.7,18742900.0,14,1000.5
2014-02-18,월동,307.5,71672100.0,7,233.1
2014-02-19,기타,0.2,30000.0,1,150.0
2014-02-19,쌈,38.2,36827800.0,28,963.5
2014-02-19,월동,224.7,58914600.0,5,262.2
2014-02-20,쌈,21.1,23317700.0,21,1103.7
2014-02-20,월동,332.8,91023700.0,5,273.5
2014-02-21,봄,1.5,800000.0,1,533.3
2014-02-21,쌈,22.9,19338200.0,20,845.3
2014-02-21,월동,433.1,115476660.0,11,266.6
2014-02-22,봄,0.9,510000.0,1,566.7
2014-02-22,쌈,29.1,28259500.0,23,969.9
2014-02-22,월동,331.1,82721200.0,11,249.9
2014-02-22,절임,0.3,420000.0,1,1200.0
2014-02-24,쌈,24.2,28508300.0,18,1177.4
2014-02-24,월동,602.1,128017870.0,13,212.6
2014-02-25,쌈,23.9,23683500.0,12,991.1
2014-02-25,월동,291.0,71058520.0,10,244.2
2014-02-26,봄,2.1,1820000.0,1,866.7
2014-02-26,쌈,17.8,25933500.0,15,1453.7
2014-02-26,월동,455.1,106239110.0,11,233.4
2014-02-27,쌈,28.1,33964500.0,18,1209.0
2014-02-27,월동,177.3,43420820.0,7,244.8
2014-02-27,절임,0.5,540000.0,1,1200.0
2014-02-28,봄,2.2,1800000.0,1,800.0
2014-02-28,쌈,14.3,21281300.0,17,1492.7
2014-02-28,월동,358.8,86988460.0,8,242.5
2014-03-01,쌈,28.4,36506600.0,22,1286.1
2014-03-01,월동,346.1,76840800.0,8,222.0
2014-03-03,봄,2.2,1450000.0,1,666.7
2014-03-03,쌈,31.4,36303900.0,21,1155.3
2014-03-03,월동,474.3,121085700.0,8,255.3
2014-03-04,쌈,17.9,26590400.0,18,1486.2
2014-03-04,월동,459.9,105301250.0,12,228.9
2014-03-05,기타,0.7,284000.0,1,394.4
2014-03-05,봄,2.7,1800000.0,1,666.7
2014-03-05,쌈,39.6,46012200.0,24,1161.9
2014-03-05,월동,454.4,95498000.0,8,210.2
2014-03-06,쌈,41.8,38044200.0,23,910.1
2014-03-06,월동,364.6,69999750.0,11,192.0
2014-03-07,봄,1.5,850000.0,1,566.7
2014-03-07,쌈,28.7,28982500.0,22,1010.2
2014-03-07,월동,347.1,76645000.0,15,220.8
2014-03-08,기타,0.4,122000.0,1,305.0
2014-03-08,쌈,26.6,24661000.0,17,926.9
2014-03-08,월동,301.4,70128700.0,11,232.7
2014-03-10,기타,0.6,123000.0,1,205.0
2014-03-10,쌈,36.0,29733400.0,22,825.1
2014-03-10,월동,485.1,104271660.0,18,214.9
2014-03-11,기타,0.3,105800.0,1,306.7
2014-03-11,봄,2.2,1165000.0,1,517.8
2014-03-11,쌈,12.1,17142600.0,15,1412.5
2014-03-11,월동,328.4,76071870.0,9,231.6
2014-03-12,기타부산물,0.7,297000.0,1,440.0
2014-03-12,봄,2.2,1650000.0,1,733.3
2014-03-12,쌈,21.7,22867100.0,11,1054.7
2014-03-12,월동,500.4,106450600.0,7,212.7
2014-03-13,쌈,20.2,23548300.0,14,1166.4
2014-03-13,월동,390.9,87682440.0,7,224.3
2014-03-14,기타,0.6,260000.0,1,433.3
2014-03-14,봄,2.5,2380000.0,1,933.3
2014-03-14,쌈,17.9,20500900.0,18,1148.1
2014-03-14,월동,253.1,52336300.0,8,206.8
2014-03-15,쌈,17.2,23509600.0,14,1369.8
2014-03-15,월동,297.1,65815980.0,11,221.5
2014-03-17,기타부산물,0.6,260000.0,1,433.3
2014-03-17,봄,1.8,1380000.0,1,766.7
2014-03-17,쌈,39.9,43032900.0,18,1078.2
2014-03-17,월동,661.9,137681610.0,11,208.0
2014-03-18,봄,1.5,1200000.0,1,800.0
2014-03-18,쌈,11.3,17202600.0,11,1523.6
2014-03-18,월동,511.9,98161130.0,6,191.8
2014-03-19,쌈,22.2,32495700.0,16,1462.2
2014-03-19,월동,340.4,61665590.0,8,181.2
2014-03-19,절임,1.0,1200000.0,1,1200.0
2014-03-20,봄,1.8,1080000.0,1,600.0
2014-03-20,쌈,26.1,31975400.0,14,1226.1
2014-03-20,월동,410.2,79852140.0,7,194.6
2014-03-21,봄,1.5,700000.0,1,466.7
2014-03-21,쌈,39.9,39961900.0,16,1002.6
2014-03-21,월동,412.0,69979300.0,10,169.9
2014-03-22,기타부산물,0.8,127500.0,1,170.0
2014-03-22,봄,2.3,930000.0,1,400.0
2014-03-22,쌈,20.1,20313000.0,13,1008.1
2014-03-22,월동,233.1,40608380.0,8,174.2
2014-03-24,쌈,32.8,34829800.0,17,1063.3
2014-03-24,월동,441.9,99429310.0,9,225.0
2014-03-25,쌈,38.8,38813300.0,16,1000.0
2014-03-25,월동,488.0,106692650.0,11,218.6
2014-03-26,봄,2.2,2250000.0,1,1000.0
2014-03-26,쌈,25.0,26532400.0,15,1060.7
2014-03-26,월동,363.8,73487480.0,11,202.0
2014-03-27,봄,1.5,1500000.0,1,1000.0
2014-03-27,쌈,22.3,34247300.0,15,1534.2
2014-03-27,월동,307.3,61328450.0,10,199.6
2014-03-28,봄,1.8,1770000.0,1,1000.0
2014-03-28,쌈,17.0,26808200.0,18,1574.1
2014-03-28,월동,383.2,81408380.0,9,212.4
2014-03-29,쌈,19.4,30038000.0,16,1547.6
2014-03-29,월동,365.8,70652780.0,7,193.2
2014-03-31,쌈,23.6,39081100.0,15,1656.4
2014-03-31,월동,448.5,99165140.0,12,221.1
2014-04-01,쌈,19.2,29914400.0,17,1558.0
2014-04-01,월동,90.0,18180760.0,5,202.0
2014-04-01,저장,359.2,69575100.0,9,193.7
2014-04-02,쌈,22.3,30846900.0,14,1381.1
2014-04-02,월동,112.0,21379160.0,6,191.0
2014-04-02,저장,388.9,61140900.0,8,157.2
2014-04-03,쌈,16.5,27683100.0,14,1677.5
2014-04-03,월동,84.2,13604840.0,5,161.6
2014-04-03,저장,226.9,41821600.0,8,184.3
2014-04-04,쌈,36.8,41719100.0,13,1134.1
2014-04-04,월동,82.6,13694160.0,6,165.8
2014-04-04,저장,301.4,53126500.0,6,176.2
2014-04-05,쌈,27.5,38074300.0,13,1385.9
2014-04-05,월동,66.2,9826000.0,7,148.5
2014-04-05,저장,196.6,34825650.0,8,177.1
2014-04-07,쌈,35.5,44817000.0,10,1264.0
2014-04-07,월동,114.2,19791200.0,6,173.2
2014-04-07,저장,351.2,64942950.0,6,184.9
2014-04-08,쌈,37.3,51713400.0,13,1384.6
2014-04-08,월동,99.2,18526380.0,5,186.9
2014-04-08,저장,416.9,72864300.0,9,174.8
2014-04-09,쌈,37.0,47702200.0,11,1290.8
2014-04-09,월동,119.0,20420700.0,6,171.5
2014-04-09,저장,305.2,51205300.0,6,167.8
2014-04-10,쌈,30.0,36289200.0,14,1207.8
2014-04-10,월동,89.8,15177480.0,5,169.0
2014-04-10,저장,341.3,56833900.0,10,166.5
2014-04-11,쌈,28.3,34439700.0,16,1217.0
2014-04-11,월동,109.0,14204980.0,6,130.3
2014-04-11,저장,321.4,55692400.0,6,173.3
2014-04-12,쌈,37.1,39993500.0,15,1078.1
2014-04-12,월동,72.6,14639040.0,3,201.6
2014-04-12,저장,177.3,31296400.0,2,176.5
2014-04-14,쌈,39.1,49539500.0,16,1267.5
2014-04-14,월동,90.2,19051700.0,3,211.1
2014-04-14,저장,330.4,60036700.0,6,181.7
2014-04-15,쌈,40.3,42596200.0,16,1056.1
2014-04-15,월동,101.7,19164160.0,3,188.4
2014-04-15,저장,354.4,61647000.0,6,174.0
2014-04-16,쌈,29.6,28343900.0,14,957.5
2014-04-16,월동,26.2,5575600.0,1,212.8
2014-04-16,저장,263.1,38936480.0,8,148.0
2014-04-17,쌈,41.1,33025200.0,14,803.6
2014-04-17,월동,36.5,7800500.0,1,213.4
2014-04-17,저장,311.6,46691300.0,11,149.8
2014-04-18,쌈,32.4,30581300.0,15,945.3
2014-04-18,월동,18.6,3739200.0,1,201.0
2014-04-18,저장,262.4,40860060.0,8,155.7
2014-04-19,쌈,36.7,29618600.0,15,806.3
2014-04-19,월동,18.1,4235800.0,1,234.7
2014-04-19,저장,156.3,26016300.0,4,166.4
2014-04-21,봄,64.2,6615200.0,2,103.0
2014-04-21,쌈,42.4,36508800.0,19,861.0
2014-04-21,월동,27.0,6706800.0,1,248.4
2014-04-21,저장,343.3,58620940.0,8,170.8
2014-04-22,봄,9.2,1104000.0,2,120.0
2014-04-22,쌈,33.7,28159200.0,21,834.8
2014-04-22,월동,36.9,8604800.0,2,233.2
2014-04-22,저장,265.1,45343550.0,8,171.0
2014-04-23,봄,27.2,3916400.0,2,144.0
2014-04-23,쌈,36.0,27512700.0,19,764.1
2014-04-23,월동,44.5,10732400.0,1,241.2
2014-04-23,저장,341.3,52774600.0,10,154.6
2014-04-23,절임,0.5,600000.0,1,1200.0
2014-04-24,봄,36.0,4428000.0,2,123.0
2014-04-24,쌈,34.2,23527400.0,19,688.4
2014-04-24,월동,27.4,6354900.0,1,231.5
2014-04-24,저장,281.9,45971106.0,7,163.1
2014-04-25,봄,37.2,3946400.0,2,106.1
2014-04-25,쌈,25.9,22409000.0,17,865.1
2014-04-25,월동,17.5,3965200.0,2,226.6
2014-04-25,저장,197.6,34679040.0,7,175.5
2014-04-26,봄,27.0,2439000.0,2,90.3
2014-04-26,쌈,23.3,23908900.0,16,1025.7
2014-04-26,월동,27.4,5390800.0,2,196.7
2014-04-26,저장,132.7,26114000.0,2,196.8
2014-04-28,봄,75.0,8268600.0,7,110.2
2014-04-28,쌈,38.5,31343000.0,19,813.2
2014-04-28,월동,39.3,6622600.0,2,168.5
2014-04-28,저장,321.9,61910320.0,10,192.3
2014-04-29,봄,47.1,4891600.0,2,103.9
2014-04-29,쌈,39.5,29040500.0,19,736.1
2014-04-29,월동,28.6,7026700.0,2,246.1
2014-04-29,저장,234.9,42040440.0,11,179.0
2014-04-30,봄,46.6,6510200.0,3,139.7
2014-04-30,쌈,33.4,21520200.0,18,643.7
2014-04-30,월동,27.6,6229200.0,1,226.1
2014-04-30,저장,329.4,52991050.0,11,160.9
2014-05-01,봄,74.2,9625000.0,4,129.7
2014-05-01,쌈,40.0,20457700.0,21,512.0
2014-05-01,월동,89.8,5437900.0,7,60.6
2014-05-01,저장,219.8,38908260.0,8,177.0
2014-05-02,봄,78.7,11571700.0,6,147.1
2014-05-02,쌈,35.3,18890200.0,20,534.5
2014-05-02,월동,82.6,17785720.0,3,215.3
2014-05-02,저장,208.0,37699350.0,11,181.2
2014-05-03,봄,84.7,13097500.0,5,154.6
2014-05-03,쌈,17.5,24028600.0,16,1376.8
2014-05-03,월동,46.4,12215920.0,3,263.6
2014-05-03,저장,127.4,30536480.0,4,239.7
2014-05-05,봄,133.7,22290600.0,5,166.7
2014-05-05,쌈,26.6,32765900.0,17,1231.1
2014-05-05,월동,93.0,27026100.0,4,290.4
2014-05-05,저장,160.3,45164960.0,6,281.8
2014-05-06,봄,136.7,27566500.0,7,201.7
2014-05-06,쌈,33.7,35211100.0,21,1045.7
2014-05-06,월동,36.5,11474000.0,2,314.4
2014-05-06,저장,154.4,42238900.0,6,273.6
2014-05-07,봄,191.5,26754400.0,5,139.7
2014-05-07,쌈,35.8,37259400.0,19,1039.3
2014-05-07,월동,83.3,20219500.0,3,242.7
2014-05-07,저장,300.8,66924700.0,8,222.5
2014-05-08,봄,152.7,18546550.0,5,121.5
2014-05-08,쌈,40.7,36725000.0,27,901.6
2014-05-08,월동,85.6,17369500.0,3,202.9
2014-05-08,저장,206.3,53064960.0,6,257.2
2014-05-09,봄,172.6,22570700.0,8,130.8
2014-05-09,쌈,34.8,34940900.0,21,1003.8
2014-05-09,월동,75.1,16656600.0,4,221.9
2014-05-09,저장,235.7,47128840.0,6,200.0
2014-05-10,봄,46.4,8665200.0,3,186.8
2014-05-10,쌈,23.5,26111100.0,23,1111.3
2014-05-10,월동,49.6,9268300.0,3,186.9
2014-05-10,저장,122.7,24685700.0,4,201.2
2014-05-12,봄,246.2,42156700.0,15,171.2
2014-05-12,쌈,25.3,26247700.0,19,1038.8
2014-05-12,월동,84.9,19374920.0,4,228.2
2014-05-12,저장,240.4,52119250.0,8,216.8
2014-05-13,봄,208.7,30751000.0,13,147.3
2014-05-13,쌈,35.3,27530300.0,22,780.8
2014-05-13,월동,75.7,18269600.0,3,241.3
2014-05-13,저장,167.2,34583150.0,5,206.8
2014-05-14,봄,253.2,40549000.0,18,160.2
2014-05-14,쌈,30.0,22332100.0,22,745.4
2014-05-14,월동,95.7,15905760.0,3,166.2
2014-05-14,저장,184.3,39455050.0,6,214.1
2014-05-15,봄,230.5,37956200.0,17,164.7
2014-05-15,쌈,38.3,24550200.0,22,640.5
2014-05-15,월동,62.1,14864720.0,4,239.4
2014-05-15,저장,167.8,33990300.0,4,202.6
2014-05-16,기타,0.2,8400.0,1,50.0
2014-05-16,봄,237.8,37961450.0,14,159.7
2014-05-16,쌈,34.5,20200100.0,21,586.4
2014-05-16,월동,46.0,12807940.0,3,278.7
2014-05-16,저장,110.6,26663000.0,8,241.1
2014-05-17,봄,168.5,29502200.0,16,175.1
2014-05-17,쌈,20.7,16293600.0,20,786.1
2014-05-17,월동,29.1,6995400.0,2,240.8
2014-05-17,저장,73.5,18295200.0,5,249.1
2014-05-19,봄,292.1,59885000.0,19,205.0
2014-05-19,쌈,46.6,22894200.0,21,491.8
2014-05-19,월동,47.9,13284920.0,6,277.6
2014-05-19,저장,148.2,39962100.0,6,269.7
2014-05-20,봄,391.0,64630600.0,25,165.3
2014-05-20,쌈,20.1,15770400.0,18,785.3
2014-05-20,월동,62.9,23518960.0,5,373.9
2014-05-20,저장,130.0,34144000.0,4,262.6
2014-05-21,봄,225.9,44700700.0,23,197.9
2014-05-21,쌈,35.7,20894500.0,20,585.7
2014-05-21,월동,103.8,25179740.0,8,242.5
2014-05-21,저장,215.6,43353450.0,4,201.1
2014-05-22,봄,308.1,45038400.0,25,146.2
2014-05-22,쌈,28.6,19880500.0,17,695.1
2014-05-22,월동,27.2,5458800.0,5,200.3
2014-05-22,저장,166.6,26611100.0,5,159.7
2014-05-23,봄,247.9,41601500.0,26,167.8
2014-05-23,쌈,20.8,18641400.0,18,895.6
2014-05-23,월동,39.6,8113820.0,3,204.6
2014-05-23,저장,104.4,23230500.0,2,222.5
2014-05-24,봄,190.4,24481200.0,15,128.5
2014-05-24,쌈,34.8,19347800.0,18,555.9
2014-05-24,월동,27.7,7696600.0,3,277.9
2014-05-24,저장,20.0,4510000.0,2,225.5
2014-05-26,봄,375.7,71138300.0,26,189.4
2014-05-26,쌈,31.0,24183200.0,15,780.9
2014-05-26,월동,55.5,13052000.0,3,235.2
2014-05-26,저장,94.8,19942100.0,2,210.2
2014-05-27,기타,0.3,81200.0,1,280.0
2014-05-27,봄,364.2,63696700.0,31,174.9
2014-05-27,쌈,23.6,23294200.0,17,987.6
2014-05-27,월동,44.5,10300500.0,3,231.2
2014-05-27,저장,88.2,21943900.0,4,248.9
2014-05-28,봄,406.9,63243300.0,26,155.4
2014-05-28,쌈,21.8,20210200.0,18,925.4
2014-05-28,월동,54.5,12676780.0,3,232.4
2014-05-28,저장,92.3,18590650.0,4,201.4
2014-05-29,봄,323.8,51668220.0,26,159.6
2014-05-29,쌈,16.7,17944400.0,12,1076.0
2014-05-29,월동,53.6,13142260.0,5,245.2
2014-05-29,저장,33.2,6083080.0,4,183.2
2014-05-30,봄,348.4,54709830.0,24,157.0
2014-05-30,쌈,30.6,22832900.0,21,745.3
2014-05-30,월동,52.4,13072800.0,3,249.5
2014-05-30,저장,24.1,3468720.0,2,143.9
2014-05-31,봄,206.4,38162140.0,23,184.8
2014-05-31,쌈,23.0,18626200.0,16,809.8
2014-05-31,월동,9.6,1842360.0,2,191.9
2014-05-31,저장,7.7,1725000.0,2,224.0
2014-06-02,기타,9.8,2163840.0,1,220.8
2014-06-02,봄,429.4,94118910.0,26,219.2
2014-06-02,쌈,23.4,25346100.0,14,1082.6
2014-06-02,월동,37.7,11467800.0,3,304.2
2014-06-02,저장,20.0,2940000.0,2,147.0
2014-06-03,봄,475.9,109388140.0,25,229.9
2014-06-03,쌈,15.9,22615000.0,15,1420.8
2014-06-03,월동,82.3,18723200.0,5,227.4
2014-06-03,저장,40.0,7926500.0,4,198.4
2014-06-04,기타,0.4,58500.0,1,150.0
2014-06-04,봄,360.9,62785700.0,17,174.0
2014-06-04,쌈,15.1,22728600.0,16,1501.7
2014-06-04,월동,17.8,5691400.0,3,320.6
2014-06-04,저장,39.0,8171600.0,4,209.8
2014-06-05,봄,479.8,83983300.0,24,175.1
2014-06-05,쌈,24.4,31555000.0,20,1293.8
2014-06-05,월동,18.0,5619600.0,3,312.2
2014-06-05,저장,29.6,5837300.0,4,197.2
2014-06-06,봄,437.1,77668480.0,24,177.7
2014-06-06,쌈,27.6,34039600.0,17,1231.4
2014-06-06,월동,8.8,3084300.0,2,352.5
2014-06-06,저장,9.5,1869500.0,2,196.8
2014-06-07,봄,341.4,58752480.0,21,172.1
2014-06-07,쌈,16.6,32219100.0,13,1946.1
2014-06-07,월동,8.7,3828000.0,1,440.0
2014-06-07,저장,9.9,990000.0,2,100.0
2014-06-09,봄,531.5,108475840.0,25,204.1
2014-06-09,쌈,45.4,57603200.0,22,1270.1
2014-06-09,월동,19.8,6234500.0,3,315.7
2014-06-09,저장,10.0,1480000.0,2,148.0
2014-06-10,기타,9.7,2498720.0,1,257.6
2014-06-10,봄,566.5,150293400.0,31,265.3
2014-06-10,쌈,32.8,48079700.0,20,1467.0
2014-06-11,기타,1.2,210600.0,1,180.0
2014-06-11,봄,549.9,139337270.0,30,253.4
2014-06-11,쌈,21.6,35948400.0,16,1664.0
2014-06-11,월동,10.0,1196000.0,2,119.6
2014-06-11,저장,17.4,2353900.0,4,134.9
2014-06-12,기타,1.0,127400.0,1,130.0
2014-06-12,봄,569.4,133538320.0,33,234.5
2014-06-12,쌈,32.3,43906600.0,21,1358.3
2014-06-12,월동,9.8,0.0,2,0.0
2014-06-13,기타,0.2,23000.0,1,100.0
2014-06-13,봄,466.4,102407870.0,25,219.6
2014-06-13,쌈,29.9,35353400.0,22,1182.6
2014-06-14,기타,1.2,227000.0,2,190.8
2014-06-14,봄,342.1,85268750.0,27,249.2
2014-06-14,쌈,25.2,33771600.0,15,1339.8
2014-06-16,봄,520.0,151778060.0,27,291.9
2014-06-16,쌈,40.2,53545800.0,17,1331.9
2014-06-16,절임,2.0,2000000.0,1,1000.0
2014-06-17,봄,550.1,171632730.0,29,312.0
2014-06-17,쌈,42.5,48380700.0,16,1137.7
2014-06-18,기타,19.0,7617600.0,2,400.9
2014-06-18,봄,582.0,213120400.0,24,366.2
2014-06-18,쌈,32.1,35902300.0,17,1118.9
2014-06-19,기타,9.0,2888000.0,1,320.9
2014-06-19,봄,509.9,187166000.0,22,367.0
2014-06-19,쌈,28.7,27010300.0,13,941.6
2014-06-20,기타,1.0,100000.0,1,100.0
2014-06-20,봄,543.7,188961550.0,23,347.6
2014-06-20,쌈,18.3,22047100.0,13,1207.5
2014-06-21,기타,0.3,112200.0,1,330.0
2014-06-21,봄,528.1,212603200.0,25,402.6
2014-06-21,쌈,14.0,27831100.0,12,1982.3
2014-06-23,기타,0.6,102000.0,1,159.4
2014-06-23,봄,718.3,235768390.0,29,328.2
2014-06-23,쌈,17.8,40286900.0,13,2266.7
2014-06-24,기타,28.7,11619200.0,3,404.6
2014-06-24,봄,444.8,163531650.0,23,367.6
2014-06-24,쌈,31.7,46192500.0,13,1457.5
2014-06-25,기타,9.0,4305600.0,1,478.4
2014-06-25,봄,578.3,213280850.0,26,368.8
2014-06-25,쌈,23.6,36290000.0,19,1536.1
2014-06-26,봄,499.3,208585410.0,20,417.7
2014-06-26,쌈,30.6,39757900.0,15,1299.7
2014-06-27,기타,0.3,123000.0,1,375.0
2014-06-27,봄,557.6,222477320.0,22,399.0
2014-06-27,쌈,35.2,45951400.0,11,1305.0
2014-06-28,봄,509.7,187186800.0,24,367.3
2014-06-28,쌈,30.6,39493300.0,12,1291.4
2014-06-30,기타,0.1,33000.0,1,330.0
2014-06-30,봄,650.9,258215800.0,15,396.7
2014-06-30,쌈,37.2,54624500.0,19,1466.4
2014-07-01,기타,46.5,20219000.0,3,434.8
2014-07-01,봄,83.2,31878300.0,10,383.3
2014-07-01,쌈,42.0,45976800.0,15,1095.5
2014-07-01,여름,522.2,198168100.0,15,379.5
2014-07-02,기타,37.5,17654800.0,3,470.8
2014-07-02,봄,84.8,31599200.0,5,372.6
2014-07-02,쌈,33.2,31528700.0,15,950.8
2014-07-02,여름,450.8,148339850.0,11,329.1
2014-07-03,기타,46.5,22742700.0,3,489.1
2014-07-03,봄,72.0,32480720.0,4,451.4
2014-07-03,쌈,31.3,32903500.0,16,1051.4
2014-07-03,여름,451.1,178254250.0,15,395.2
2014-07-04,기타,19.0,10331600.0,2,543.8
2014-07-04,봄,56.1,28036600.0,6,499.8
2014-07-04,쌈,21.4,31519400.0,17,1475.5
2014-07-04,여름,330.6,155134600.0,12,469.3
2014-07-05,기타,56.8,24822580.0,5,437.3
2014-07-05,봄,19.0,10009600.0,2,526.8
2014-07-05,쌈,19.5,32380700.0,12,1660.8
2014-07-05,여름,560.6,207679300.0,14,370.5
2014-07-07,기타,48.5,25257200.0,3,520.3
2014-07-07,봄,28.2,14622480.0,2,518.5
2014-07-07,쌈,25.3,42515300.0,16,1683.1
2014-07-07,여름,504.1,225634300.0,13,447.6
2014-07-08,기타,55.0,24977620.0,4,453.7
2014-07-08,쌈,33.8,38747900.0,18,1147.5
2014-07-08,여름,669.3,234326050.0,14,350.1
2014-07-09,기타,37.0,16967200.0,2,458.6
2014-07-09,봄,27.5,12544200.0,2,456.2
2014-07-09,쌈,30.7,35420500.0,21,1154.9
2014-07-09,여름,459.3,177810200.0,9,387.1
2014-07-10,기타,36.5,17123800.0,1,469.1
2014-07-10,봄,9.0,4305600.0,1,478.4
2014-07-10,쌈,29.3,35007400.0,18,1194.9
2014-07-10,여름,434.7,160701900.0,12,369.7
2014-07-11,기타,28.5,11596600.0,1,406.9
2014-07-11,봄,19.0,8132800.0,1,428.0
2014-07-11,쌈,25.4,30313300.0,18,1193.6
2014-07-11,여름,394.9,145331660.0,11,368.0
2014-07-12,기타,29.2,12498100.0,3,428.1
2014-07-12,봄,16.6,6542400.0,1,394.1
2014-07-12,쌈,34.5,36673400.0,14,1063.3
2014-07-12,여름,370.3,141488900.0,10,382.1
2014-07-14,기타,46.5,22829800.0,2,491.0
2014-07-14,봄,19.0,8684800.0,2,457.1
2014-07-14,쌈,28.2,40782100.0,13,1447.8
2014-07-14,여름,491.8,201118000.0,18,408.9
2014-07-15,기타,45.1,21006800.0,2,465.8
2014-07-15,봄,27.5,9324000.0,2,339.3
2014-07-15,쌈,29.6,35524900.0,15,1201.9
2014-07-15,여름,520.0,195560200.0,11,376.1
2014-07-16,기타,36.6,18095000.0,3,494.9
2014-07-16,봄,17.2,6743360.0,2,390.9
2014-07-16,쌈,34.3,37320300.0,19,1087.9
2014-07-16,여름,406.2,168881000.0,17,415.8
2014-07-17,기타,36.0,19856000.0,2,551.6
2014-07-17,봄,9.0,5299200.0,1,588.8
2014-07-17,쌈,16.3,25225100.0,12,1551.6
2014-07-17,여름,256.4,139501100.0,14,544.1
2014-07-18,기타,37.2,22305800.0,3,599.6
2014-07-18,봄,17.6,11121600.0,3,631.9
2014-07-18,쌈,21.9,35426200.0,16,1614.9
2014-07-18,여름,367.5,213693500.0,16,581.4
2014-07-19,기타,26.6,20176900.0,1,757.1
2014-07-19,봄,10.0,6532000.0,1,653.2
2014-07-19,쌈,14.6,33102600.0,15,2271.7
2014-07-19,여름,299.0,197295200.0,15,659.9
2014-07-21,기타,55.5,33103300.0,3,595.9
2014-07-21,봄,28.1,17714600.0,2,630.4
2014-07-21,쌈,17.3,41976600.0,13,2427.2
2014-07-21,여름,685.0,355186050.0,20,518.5
2014-07-22,기타,18.9,14544600.0,1,771.6
2014-07-22,봄,18.5,11835800.0,1,639.8
2014-07-22,쌈,32.6,49088400.0,18,1507.1
2014-07-22,여름,494.1,250947750.0,20,507.9
2014-07-23,기타,55.4,39022500.0,4,704.1
2014-07-23,봄,19.0,12930000.0,2,680.5
2014-07-23,쌈,22.2,43591600.0,14,1964.1
2014-07-23,여름,558.4,289824960.0,23,519.0
2014-07-24,고랭지,19.0,15062200.0,2,792.7
2014-07-24,기타,37.1,26431200.0,3,711.7
2014-07-24,쌈,28.3,47696600.0,20,1682.6
2014-07-24,여름,364.0,195889250.0,22,538.1
2014-07-25,고랭지,9.5,6992000.0,1,736.0
2014-07-25,기타,19.2,14843500.0,1,773.1
2014-07-25,쌈,20.2,39115400.0,14,1940.3
2014-07-25,여름,477.9,221186500.0,20,462.8
2014-07-26,고랭지,9.5,6817200.0,1,717.6
2014-07-26,기타,37.5,31798700.0,2,848.0
2014-07-26,쌈,28.2,48998900.0,16,1737.0
2014-07-26,여름,369.8,193578240.0,16,523.5
2014-07-28,고랭지,29.5,17698000.0,1,599.9
2014-07-28,기타,55.7,36864000.0,5,662.3
2014-07-28,쌈,31.2,54092300.0,19,1733.0
2014-07-28,여름,786.5,355237600.0,20,451.7
2014-07-29,고랭지,19.0,12252480.0,3,646.2
2014-07-29,기타,45.9,28901300.0,4,630.2
2014-07-29,쌈,31.2,57083700.0,14,1830.1
2014-07-29,여름,748.9,290438000.0,18,387.8
2014-07-30,고랭지,18.9,11853800.0,2,628.8
2014-07-30,기타,27.4,16319300.0,1,596.7
2014-07-30,쌈,27.9,55149300.0,21,1979.7
2014-07-30,여름,597.9,239582150.0,17,400.7
2014-07-31,고랭지,18.8,10826700.0,3,576.2
2014-07-31,기타,65.7,40579200.0,5,618.1
2014-07-31,쌈,45.8,58975700.0,23,1288.0
2014-07-31,여름,567.0,203276500.0,20,358.5
2014-08-01,기타,27.6,17401200.0,3,631.1
2014-08-01,쌈,33.1,55123600.0,19,1663.0
2014-08-01,여름,483.4,185717900.0,12,384.2
2014-08-04,고랭지,395.1,271132100.0,16,686.2
2014-08-04,쌈,20.5,46956300.0,18,2295.0
2014-08-05,고랭지,802.8,372796600.0,17,464.4
2014-08-05,쌈,20.4,44013100.0,15,2159.4
2014-08-05,여름,9.0,2894500.0,2,322.0
2014-08-06,고랭지,768.5,290280110.0,21,377.7
2014-08-06,쌈,29.6,48886200.0,15,1648.8
2014-08-06,여름,37.6,16607600.0,7,441.1
2014-08-07,고랭지,855.7,276256710.0,17,322.8
2014-08-07,쌈,36.8,56508100.0,16,1536.5
2014-08-07,여름,1.0,600000.0,1,600.0
2014-08-08,고랭지,451.9,231904060.0,14,513.2
2014-08-08,쌈,22.3,41378100.0,15,1856.7
2014-08-09,고랭지,691.6,264021900.0,16,381.8
2014-08-09,기타,0.6,429000.0,1,687.5
2014-08-09,쌈,32.6,54188600.0,17,1661.7
2014-08-11,고랭지,653.0,298167680.0,19,456.6
2014-08-11,쌈,26.4,57772400.0,16,2190.5
2014-08-12,고랭지,815.9,314540450.0,21,385.5
2014-08-12,쌈,33.6,58401100.0,16,1737.1
2014-08-13,고랭지,900.6,260247690.0,17,289.0
2014-08-13,기타,9.0,4802400.0,1,533.6
2014-08-13,쌈,24.2,54515300.0,15,2252.6
2014-08-14,고랭지,840.2,237265550.0,18,282.4
2014-08-14,쌈,30.3,59652000.0,17,1969.4
2014-08-15,고랭지,614.4,217399500.0,15,353.9
2014-08-15,기타,1.1,375000.0,1,334.8
2014-08-15,쌈,28.9,50360000.0,19,1744.3
2014-08-16,고랭지,528.5,211295750.0,14,399.8
2014-08-16,쌈,30.8,59212200.0,20,1920.5
2014-08-18,고랭지,769.7,345893800.0,14,449.4
2014-08-18,쌈,35.6,74310000.0,20,2086.4
2014-08-19,고랭지,566.0,253612300.0,12,448.1
2014-08-19,쌈,19.5,40913000.0,13,2095.4
2014-08-20,고랭지,630.0,298690100.0,18,474.1
2014-08-20,쌈,23.8,40095800.0,18,1686.6
2014-08-21,고랭지,887.8,299272200.0,21,337.1
2014-08-21,쌈,37.6,49731600.0,17,1324.3
2014-08-22,고랭지,586.7,255910100.0,16,436.2
2014-08-22,쌈,23.9,40628500.0,15,1698.1
2014-08-23,고랭지,911.0,337113450.0,17,370.0
2014-08-23,쌈,30.7,43554900.0,15,1417.7
2014-08-25,고랭지,1047.6,464654100.0,22,443.5
2014-08-25,기타,0.2,50000.0,1,312.5
2014-08-25,쌈,41.2,75139600.0,21,1825.6
2014-08-26,고랭지,816.7,331980100.0,16,406.5
2014-08-26,기타,0.2,95700.0,1,412.5
2014-08-26,쌈,40.0,63546600.0,15,1588.6
2014-08-27,고랭지,896.0,420971400.0,17,469.8
2014-08-27,쌈,34.3,44488300.0,16,1296.3
2014-08-28,가을,9.5,6555000.0,1,690.0
2014-08-28,고랭지,953.0,491039685.0,18,515.3
2014-08-28,쌈,35.0,54983900.0,15,1570.6
2014-08-29,고랭지,1286.5,628665800.0,26,488.7
2014-08-29,기타,1.5,530600.0,2,345.4
2014-08-29,쌈,45.8,60018900.0,15,1309.5
2014-08-30,고랭지,1106.7,534732650.0,22,483.2
2014-08-30,쌈,39.3,61751700.0,17,1570.5
2014-09-04,고랭지,709.8,505246691.0,21,711.8
2014-09-04,기타,5.3,6013580.4,15,1133.1
2014-09-04,쌈,23.8,38301224.6,16,1609.0
2014-09-04,저장,0.4,271000.0,2,677.5
2014-09-05,고랭지,1291.2,602864638.0,22,466.9
2014-09-05,기타,10.0,12312948.0,15,1228.2
2014-09-05,쌈,32.2,55978172.1,16,1740.5
2014-09-05,월동,9.0,2484000.0,2,276.0
2014-09-06,가을,1.6,892800.0,1,558.0
2014-09-06,고랭지,527.1,297094060.0,19,563.6
2014-09-06,기타,6.9,8118746.1,18,1175.4
2014-09-06,쌈,37.9,74835836.5,18,1975.5
2014-09-11,고랭지,725.8,465819260.0,16,641.8
2014-09-11,기타,0.3,295100.0,8,1035.4
2014-09-11,쌈,45.7,43693172.2,15,956.8
2014-09-12,고랭지,879.9,430678104.0,17,489.4
2014-09-12,기타,0.6,275200.0,7,493.2
2014-09-12,쌈,41.5,44823047.9,17,1079.2
2014-09-13,고랭지,885.3,351746935.0,22,397.3
2014-09-13,기타,0.5,366065.0,12,775.6
2014-09-13,쌈,38.1,30306951.5,22,796.5
2014-09-13,저장,0.5,298700.0,2,609.6
2014-09-15,고랭지,800.0,317490826.0,19,396.9
2014-09-15,기타,0.9,501050.0,9,561.1
2014-09-15,쌈,39.3,30718815.2,17,782.0
2014-09-15,저장,0.1,51600.0,1,430.0
2014-09-16,고랭지,641.5,276915762.0,18,431.7
2014-09-16,기타,0.6,259300.0,5,469.7
2014-09-16,쌈,59.3,28964642.5,24,488.4
2014-09-16,저장,0.7,245000.0,1,350.0
2014-09-17,고랭지,656.4,262231141.0,21,399.5
2014-09-17,기타,0.2,209050.0,10,995.5
2014-09-17,쌈,41.8,18052099.1,17,432.1
2014-09-17,월동,9.2,3385600.0,2,368.0
2014-09-18,고랭지,617.4,275912385.0,23,446.9
2014-09-18,기타,0.6,500350.0,7,801.8
2014-09-18,쌈,25.4,15430379.9,16,607.9
2014-09-18,저장,0.3,126360.0,1,390.0
2014-09-19,고랭지,589.9,256419214.0,20,434.7
2014-09-19,기타,0.4,428584.4,10,1035.2
2014-09-19,쌈,34.6,21712852.5,16,627.4
2014-09-20,가을,2.3,331200.0,1,144.0
2014-09-20,고랭지,593.3,251406975.0,22,423.7
2014-09-20,기타,0.3,308900.0,5,1161.3
2014-09-20,쌈,28.6,18372471.0,14,642.7
2014-09-22,고랭지,882.1,355184998.0,29,402.7
2014-09-22,기타,0.8,331000.0,9,411.7
2014-09-22,쌈,33.2,25797720.9,17,777.4
2014-09-23,고랭지,875.3,333153553.0,25,380.6
2014-09-23,기타,0.6,294600.0,10,453.9
2014-09-23,쌈,41.0,29483514.6,20,718.2
2014-09-24,고랭지,705.2,295556213.0,21,419.1
2014-09-24,기타,1.0,297090.0,8,306.3
2014-09-24,쌈,43.6,24905986.9,21,570.8
2014-09-25,고랭지,418.2,194888077.0,15,466.0
2014-09-25,기타,0.3,227800.0,7,825.4
2014-09-25,쌈,34.9,21975073.8,16,630.2
2014-09-26,고랭지,735.9,303133917.0,24,412.0
2014-09-26,기타,1.0,261639.5,12,262.7
2014-09-26,쌈,31.3,20143740.8,16,644.0
2014-09-26,월동,9.0,2484000.0,2,276.0
2014-09-27,고랭지,641.2,235083332.0,23,366.6
2014-09-27,기타,1.2,506832.1,15,426.6
2014-09-27,쌈,36.7,23386323.8,20,637.9
2014-09-29,고랭지,792.4,317362660.0,25,400.5
2014-09-29,기타,2.1,470241.5,32,221.1
2014-09-29,쌈,46.0,27290182.7,23,593.2
2014-09-30,고랭지,572.8,244423559.0,18,426.7
2014-09-30,기타,1.8,407889.5,17,232.3
2014-09-30,쌈,26.5,21723800.2,18,818.3
2014-10-01,가을,736.1,250264535.0,20,340.0
2014-10-01,고랭지,45.0,19284400.0,7,428.5
2014-10-01,기타,46.9,20128205.5,25,429.4
2014-10-01,쌈,40.8,33164280.9,18,812.0
2014-10-01,월동,9.0,3312000.0,2,368.0
2014-10-02,가을,830.9,230671589.0,22,277.6
2014-10-02,고랭지,27.0,9720000.0,2,360.0
2014-10-02,기타,83.8,32438820.0,23,387.1
2014-10-02,쌈,57.3,35636619.4,20,622.2
2014-10-02,월동,9.5,1748000.0,2,184.0
2014-10-03,가을,575.6,160742456.0,21,279.3
2014-10-03,고랭지,27.3,9200100.0,1,337.0
2014-10-03,기타,67.1,25442502.6,17,379.0
2014-10-03,쌈,65.6,27815188.8,27,424.0
2014-10-04,가을,349.8,106062745.0,15,303.2
2014-10-04,기타,28.8,13789581.3,21,478.5
2014-10-04,쌈,40.1,17479436.5,20,435.4
2014-10-06,가을,694.2,229077510.0,16,330.0
2014-10-06,고랭지,28.0,11000000.0,2,392.9
2014-10-06,기타,85.5,36153969.1,19,423.0
2014-10-06,쌈,34.0,23366921.0,21,687.5
2014-10-06,월동,9.0,2484000.0,2,276.0
2014-10-07,가을,687.0,210599214.0,18,306.6
2014-10-07,고랭지,38.0,14198300.0,2,373.6
2014-10-07,기타,49.5,20307480.0,13,409.9
2014-10-07,쌈,39.6,23914060.5,21,604.2
2014-10-08,가을,645.8,175860720.0,15,272.3
2014-10-08,고랭지,19.0,6612000.0,1,348.0
2014-10-08,기타,65.8,27079437.6,16,411.8
2014-10-08,쌈,41.0,20385569.7,18,497.6
2014-10-08,월동,9.5,1748000.0,2,184.0
2014-10-09,가을,631.3,153992509.0,23,243.9
2014-10-09,고랭지,27.0,9000000.0,2,333.3
2014-10-09,기타,76.9,27035276.7,22,351.7
2014-10-09,쌈,29.2,17680519.5,19,605.0
2014-10-10,가을,594.3,145855940.0,23,245.4
2014-10-10,고랭지,28.0,8160000.0,3,291.4
2014-10-10,기타,35.6,13753357.3,18,385.9
2014-10-10,쌈,37.1,19517901.9,16,526.5
2014-10-10,월동,9.5,1748000.0,2,184.0
2014-10-10,저장,0.7,296000.0,1,400.0
2014-10-11,가을,367.3,94745763.0,15,257.9
2014-10-11,고랭지,18.6,5704000.0,3,306.7
2014-10-11,기타,42.2,12263404.2,24,290.6
2014-10-11,쌈,27.4,14934943.3,18,545.2
2014-10-13,가을,755.5,166545400.0,29,220.4
2014-10-13,고랭지,38.0,11473700.0,2,301.9
2014-10-13,기타,86.3,27262097.6,26,315.9
2014-10-13,쌈,34.4,23185409.9,18,673.3
2014-10-14,가을,357.8,108918547.0,16,304.4
2014-10-14,고랭지,46.0,14312000.0,3,311.1
2014-10-14,기타,38.6,13334256.9,14,345.3
2014-10-14,쌈,35.3,25567131.6,19,724.8
2014-10-14,월동,9.4,2484000.0,2,264.3
2014-10-15,가을,546.2,150415069.0,22,275.4
2014-10-15,고랭지,9.0,3240000.0,1,360.0
2014-10-15,기타,71.2,25795560.9,30,362.0
2014-10-15,쌈,32.8,28400386.0,16,866.6
2014-10-15,절임,1.1,1265000.0,1,1150.0
2014-10-16,가을,471.3,154216770.0,18,327.2
2014-10-16,고랭지,17.8,5238000.0,3,294.4
2014-10-16,기타,56.0,19848202.3,15,354.3
2014-10-16,쌈,26.8,22855497.1,15,853.9
2014-10-17,가을,527.9,172211506.0,24,326.2
2014-10-17,고랭지,28.0,8168000.0,3,291.7
2014-10-17,기타,60.3,22565896.2,32,374.4
2014-10-17,쌈,26.7,20584482.8,16,772.1
2014-10-17,절임,0.5,575000.0,1,1150.0
2014-10-18,가을,534.9,137034134.0,20,256.2
2014-10-18,고랭지,19.0,4680000.0,3,246.3
2014-10-18,기타,43.0,15355338.7,22,356.7
2014-10-18,쌈,35.2,23664823.0,19,673.0
2014-10-20,가을,569.8,164188124.0,28,288.2
2014-10-20,고랭지,28.3,8460080.0,2,298.6
2014-10-20,기타,82.5,30400489.1,27,368.3
2014-10-20,쌈,38.0,27577590.9,20,725.6
2014-10-21,가을,380.9,120127496.0,19,315.3
2014-10-21,고랭지,15.5,4724400.0,1,304.8
2014-10-21,기타,78.3,30186804.9,40,385.6
2014-10-21,쌈,30.3,23364832.0,19,771.5
2014-10-22,가을,272.3,81290408.0,14,298.6
2014-10-22,고랭지,9.0,2880000.0,1,320.0
2014-10-22,기타,40.9,16836489.9,24,411.7
2014-10-22,쌈,22.1,20434532.7,19,925.0
2014-10-23,가을,623.3,169744086.0,23,272.3
2014-10-23,고랭지,23.3,7011200.0,2,300.9
2014-10-23,기타,70.1,24860296.4,35,354.8
2014-10-23,쌈,36.3,28563040.6,20,787.4
2014-10-24,가을,679.8,156217901.0,28,229.8
2014-10-24,고랭지,27.5,6516000.0,2,236.9
2014-10-24,기타,81.5,24695250.9,32,302.9
2014-10-24,쌈,41.7,28201097.7,21,676.0
2014-10-24,절임,1.6,1879000.0,2,1159.9
2014-10-25,가을,673.6,145126661.0,32,215.5
2014-10-25,고랭지,10.3,2201600.0,2,214.2
2014-10-25,기타,68.9,21049659.4,16,305.7
2014-10-25,쌈,53.8,34227432.0,22,636.2
2014-10-27,가을,626.2,141644649.0,28,226.2
2014-10-27,고랭지,28.1,6297600.0,5,224.0
2014-10-27,기타,67.7,16666377.0,32,246.0
2014-10-27,쌈,49.1,32159393.3,22,655.2
2014-10-28,가을,555.3,125633606.0,29,226.2
2014-10-28,고랭지,18.7,5137300.0,4,274.6
2014-10-28,기타,50.5,12533735.8,18,248.1
2014-10-28,쌈,42.9,29057610.4,19,677.0
2014-10-28,월동,29.5,10325000.0,1,350.0
2014-10-29,가을,419.4,106650382.0,28,254.3
2014-10-29,고랭지,26.9,6997100.0,3,260.1
2014-10-29,기타,47.4,13302837.5,18,280.4
2014-10-29,쌈,32.2,24758244.8,22,768.2
2014-10-29,저장,0.0,2666.7,1,66.7
2014-10-30,가을,535.1,127843225.0,28,238.9
2014-10-30,고랭지,9.4,2352000.0,3,250.2
2014-10-30,기타,38.5,13056219.8,13,339.1
2014-10-30,쌈,33.2,28173746.5,24,848.3
2014-10-30,절임,1.5,1738500.0,2,1182.7
2014-10-31,가을,544.3,134829426.0,24,247.7
2014-10-31,기타,87.8,25283837.8,22,288.1
2014-10-31,쌈,40.6,27903781.9,20,687.7
2014-10-31,저장,0.1,500.0,1,6.2
2014-11-01,가을,314.1,61645765.0,34,196.3
2014-11-01,고랭지,0.3,82000.0,1,250.0
2014-11-01,기타,50.4,18023333.8,14,357.6
2014-11-01,쌈,43.1,20771336.6,25,482.3
2014-11-01,절임,2.1,2415000.0,2,1150.0
2014-11-03,가을,534.9,56440001.3,24,105.5
2014-11-03,기타,43.4,13911702.4,29,320.7
2014-11-03,쌈,52.7,27635178.3,22,524.7
2014-11-03,월동,9.0,2736000.0,2,304.0
2014-11-03,절임,2.1,2426500.0,2,1150.0
2014-11-04,가을,813.0,84722322.7,46,104.2
2014-11-04,고랭지,1.2,477200.0,1,400.0
2014-11-04,기타,3.8,4012469.8,20,1053.7
2014-11-04,쌈,33.8,24165647.5,18,714.3
2014-11-05,가을,755.2,81662086.7,51,108.1
2014-11-05,고랭지,1.3,305440.0,1,230.0
2014-11-05,기타,3.0,3237384.9,12,1078.4
2014-11-05,쌈,34.5,24641859.7,23,713.9
2014-11-06,가을,678.5,77084104.7,52,113.6
2014-11-06,기타,6.1,3857904.6,11,633.8
2014-11-06,쌈,33.8,24008836.0,23,710.1
2014-11-06,절임,3.9,4462000.0,2,1150.0
2014-11-07,가을,810.3,101218314.7,55,124.9
2014-11-07,기타,4.7,3363300.0,11,722.0
2014-11-07,쌈,39.4,27414255.5,26,695.5
2014-11-07,절임,3.7,4209000.0,2,1150.0
2014-11-08,가을,793.0,82071156.3,46,103.5
2014-11-08,기타,6.7,9640662.5,13,1439.1
2014-11-08,쌈,41.5,28837749.6,21,695.4
2014-11-08,절임,2.5,2875000.0,2,1150.0
2014-11-10,가을,983.9,114558201.3,53,116.4
2014-11-10,기타,15.7,24060215.0,10,1527.9
2014-11-10,쌈,52.0,31886116.1,26,613.8
2014-11-10,월동,27.2,7915000.0,3,291.0
2014-11-11,가을,942.6,103966382.3,56,110.3
2014-11-11,기타,2.7,2599412.5,7,972.1
2014-11-11,쌈,47.5,25337625.5,23,533.9
2014-11-11,월동,19.6,4508000.0,1,230.0
2014-11-11,절임,5.6,6417000.0,2,1150.0
2014-11-12,가을,777.7,82882728.0,51,106.6
2014-11-12,기타,8.1,6638972.5,19,822.8
2014-11-12,쌈,39.8,23141874.2,16,580.8
2014-11-12,절임,5.1,5661280.0,2,1118.8
2014-11-13,가을,877.1,100800454.7,46,114.9
2014-11-13,기타,6.8,5198612.4,10,766.4
2014-11-13,쌈,37.9,21219134.8,15,559.2
2014-11-13,절임,5.6,6160000.0,2,1100.0
2014-11-14,가을,1275.3,151787318.7,58,119.0
2014-11-14,기타,9.9,16943127.3,14,1707.5
2014-11-14,쌈,20.5,13943618.5,15,681.2
2014-11-14,월동,11.9,4760000.0,1,400.0
2014-11-14,절임,11.4,12540000.0,2,1100.0
2014-11-15,가을,1313.1,173645796.3,55,132.2
2014-11-15,기타,1.5,1264400.0,8,868.4
2014-11-15,쌈,24.4,14396669.6,18,590.6
2014-11-15,월동,19.5,5999000.0,4,307.6
2014-11-15,절임,9.0,9856000.0,1,1100.0
2014-11-17,가을,1476.4,191453567.3,54,129.7
2014-11-17,고랭지,10.0,3300000.0,1,330.0
2014-11-17,기타,14.2,27753437.5,13,1957.6
2014-11-17,쌈,26.2,16730689.0,21,638.3
2014-11-17,월동,19.0,5036000.0,4,265.1
2014-11-17,절임,11.9,13079000.0,2,1100.0
2014-11-18,가을,996.1,85745103.0,48,86.1
2014-11-18,기타,3.6,5685687.6,7,1578.5
2014-11-18,쌈,33.0,19842606.7,22,600.5
2014-11-18,월동,10.0,1840000.0,2,184.0
2014-11-18,절임,6.4,7018000.0,1,1100.0
2014-11-19,가을,1131.9,109888754.7,57,97.1
2014-11-19,기타,12.5,22076809.6,15,1771.7
2014-11-19,쌈,29.7,21060668.9,20,708.3
2014-11-19,월동,9.5,1748000.0,2,184.0
2014-11-19,절임,11.0,12122000.0,2,1100.0
2014-11-20,가을,1168.7,147776924.3,55,126.5
2014-11-20,기타,13.1,24433775.0,14,1870.9
2014-11-20,쌈,31.5,18696314.3,21,593.2
2014-11-20,월동,9.7,1018500.0,1,105.0
2014-11-20,저장,0.1,800.0,1,12.5
2014-11-20,절임,11.1,12232000.0,2,1100.0
2014-11-21,가을,1480.2,187952870.3,51,127.0
2014-11-21,기타,15.5,31083712.0,12,2002.2
2014-11-21,쌈,38.4,17010799.7,25,443.5
2014-11-21,월동,9.0,2232000.0,2,248.0
2014-11-21,절임,13.9,15463720.0,2,1109.3
2014-11-22,가을,1393.8,152898257.7,47,109.7
2014-11-22,기타,26.3,50005234.4,15,1904.4
2014-11-22,쌈,32.1,12932954.7,26,403.3
2014-11-22,월동,9.0,2070000.0,2,230.0
2014-11-22,절임,23.4,25740000.0,2,1100.0
2014-11-24,가을,1317.6,142820628.7,39,108.4
2014-11-24,기타,9.5,16730671.0,11,1764.5
2014-11-24,쌈,48.9,18176606.3,23,371.5
2014-11-24,월동,19.9,3943400.0,4,198.2
2014-11-24,절임,13.5,15088750.0,2,1117.7
2014-11-25,가을,983.3,88135854.0,30,89.6
2014-11-25,기타,6.2,10692586.4,12,1726.8
2014-11-25,쌈,30.6,10304810.4,21,337.0
2014-11-25,월동,9.5,2105000.0,2,221.6
2014-11-25,절임,24.6,27038000.0,3,1100.0
2014-11-26,가을,764.9,83822314.7,35,109.6
2014-11-26,기타,25.6,51331500.0,15,2003.6
2014-11-26,쌈,24.3,10789541.7,18,443.8
2014-11-26,월동,9.0,2484000.0,2,276.0
2014-11-26,절임,13.1,14366000.0,3,1100.0
2014-11-27,가을,1238.0,130429021.7,42,105.4
2014-11-27,기타,5.6,11296400.0,12,2010.4
2014-11-27,쌈,25.2,13212748.4,13,524.2
2014-11-27,저장,9.2,1472000.0,1,160.0
2014-11-27,절임,10.0,10956000.0,2,1100.0
2014-11-28,가을,1144.2,131272701.7,35,114.7
2014-11-28,기타,21.3,41608308.0,13,1950.8
2014-11-28,쌈,20.4,10743868.3,14,525.8
2014-11-28,월동,19.5,5350000.0,3,274.4
2014-11-28,절임,14.5,15928000.0,2,1100.0
2014-11-29,가을,767.6,121141097.7,31,157.8
2014-11-29,기타,10.9,19251203.8,11,1765.5
2014-11-29,쌈,21.6,9285057.4,18,430.7
2014-11-29,월동,9.0,3312000.0,2,368.0
2014-11-29,절임,18.4,20196000.0,2,1100.0
2014-12-01,가을,1375.5,182770666.0,34,132.9
2014-12-01,기타,2.1,2159708.0,10,1039.8
2014-12-01,쌈,21.4,14531796.0,16,677.6
2014-12-01,월동,27.9,8508250.0,2,304.4
2014-12-01,절임,13.8,16808499.0,2,1213.6
2014-12-02,가을,546.2,53591429.7,20,98.1
2014-12-02,기타,21.2,40721397.2,15,1917.4
2014-12-02,쌈,17.7,10696108.5,13,604.8
2014-12-02,절임,3.1,3377000.0,1,1100.0
2014-12-03,가을,495.8,53563219.7,18,108.0
2014-12-03,기타,4.5,7714592.8,10,1731.3
2014-12-03,쌈,19.4,13090159.0,18,675.3
2014-12-03,월동,9.5,1748000.0,2,184.0
2014-12-03,절임,5.5,6028000.0,2,1100.0
2014-12-04,가을,457.2,54016426.0,13,118.1
2014-12-04,기타,13.7,24216835.1,17,1772.6
2014-12-04,쌈,12.2,9897676.4,10,811.0
2014-12-04,절임,8.9,9779000.0,2,1100.0
2014-12-05,가을,708.3,76169285.7,16,107.5
2014-12-05,기타,14.8,24884480.3,18,1680.4
2014-12-05,쌈,16.4,18103583.1,16,1100.8
2014-12-05,월동,9.5,1503500.0,2,158.3
2014-12-05,절임,11.6,13375446.0,2,1158.0
2014-12-06,가을,271.9,43897197.0,14,161.5
2014-12-06,기타,11.2,14757041.7,15,1315.5
2014-12-06,쌈,18.5,21509046.0,20,1161.6
2014-12-06,월동,9.0,4140000.0,2,460.0
2014-12-06,절임,13.1,14355000.0,2,1100.0
2014-12-08,가을,789.1,90698465.7,21,114.9
2014-12-08,기타,17.6,28371706.0,14,1608.3
2014-12-08,쌈,46.3,29428238.7,29,635.3
2014-12-08,절임,12.7,13948000.0,2,1100.0
2014-12-09,가을,562.8,61166696.7,15,108.7
2014-12-09,기타,7.9,10786442.2,21,1370.1
2014-12-09,기타부산물,1.4,1674000.0,1,1200.0
2014-12-09,쌈,29.7,17530912.7,27,589.5
2014-12-09,월동,9.0,1732500.0,1,192.5
2014-12-09,절임,1.3,1548000.0,2,1163.9
2014-12-10,가을,698.0,66208156.7,14,94.9
2014-12-10,기타,3.3,3893140.0,11,1186.2
2014-12-10,쌈,24.1,19813030.0,20,820.9
2014-12-10,월동,10.0,3350000.0,1,335.0
2014-12-10,절임,5.7,6226000.0,2,1100.0
2014-12-11,가을,876.6,84000099.7,17,95.8
2014-12-11,기타,5.4,8867363.8,13,1646.7
2014-12-11,기타부산물,1.5,2085000.0,1,1390.0
2014-12-11,쌈,21.7,19272139.1,21,887.5
2014-12-11,월동,9.0,2070000.0,2,230.0
2014-12-11,저장,0.3,6000.0,1,18.8
2014-12-11,절임,4.2,4576000.0,2,1100.0
2014-12-12,가을,765.4,72652376.7,13,94.9
2014-12-12,기타,12.8,10961781.0,12,856.4
2014-12-12,쌈,34.8,23071941.7,29,663.1
2014-12-12,절임,9.3,10186000.0,2,1100.0
2014-12-13,가을,421.3,43435180.3,12,103.1
2014-12-13,기타,8.3,12249212.5,10,1476.3
2014-12-13,쌈,22.1,17102271.6,24,773.9
2014-12-13,월동,9.3,3301500.0,1,355.0
2014-12-13,절임,12.8,14102000.0,2,1100.0
2014-12-15,가을,368.8,44262835.3,11,120.0
2014-12-15,기타,10.1,20349525.3,8,2021.2
2014-12-15,쌈,42.9,29437527.2,26,685.6
2014-12-15,월동,9.0,2232000.0,2,248.0
2014-12-15,절임,4.6,5016000.0,1,1100.0
2014-12-16,가을,601.0,57319369.7,8,95.4
2014-12-16,기타,1.9,1837599.2,10,950.2
2014-12-16,쌈,39.5,23125257.3,27,585.0
2014-12-16,절임,1.9,2046000.0,1,1100.0
2014-12-17,가을,299.4,26771947.7,5,89.4
2014-12-17,기타,2.5,3633898.6,11,1460.6
2014-12-17,쌈,26.7,16392059.9,28,613.0
2014-12-17,월동,9.0,1818000.0,2,202.0
2014-12-17,절임,7.9,9133448.0,3,1162.0
2014-12-18,가을,161.6,11099594.3,8,68.7
2014-12-18,기타,2.1,2320386.4,14,1084.3
2014-12-18,쌈,16.0,8765488.7,20,548.0
2014-12-18,저장,0.2,114000.0,1,600.0
2014-12-19,가을,85.8,9667474.0,4,112.7
2014-12-19,기타,0.5,938314.2,8,1760.4
2014-12-19,쌈,37.4,17334131.4,30,463.1
2014-12-19,절임,5.8,6424000.0,1,1100.0
2014-12-20,가을,194.0,22551281.0,9,116.2
2014-12-20,기타,6.5,9064510.3,13,1397.1
2014-12-20,쌈,27.2,13338483.1,21,490.9
2014-12-20,절임,6.5,1798500.0,1,275.0
2014-12-22,가을,573.4,64053568.0,12,111.7
2014-12-22,기타,2.3,1769301.8,8,762.0
2014-12-22,쌈,23.5,14850017.5,22,630.8
2014-12-22,월동,9.0,2232000.0,2,248.0
2014-12-23,가을,281.1,39473140.0,9,140.4
2014-12-23,기타,2.7,2671015.0,7,971.6
2014-12-23,쌈,19.0,15595006.3,18,819.8
2014-12-23,월동,9.3,2562000.0,2,275.5
2014-12-23,절임,1.4,1595000.0,1,1100.0
2014-12-24,가을,541.2,47646261.7,9,88.0
2014-12-24,기타,4.4,5352120.0,14,1210.3
2014-12-24,쌈,24.9,21774468.0,24,875.1
2014-12-24,월동,9.5,2014000.0,2,212.0
2014-12-24,절임,1.5,401500.0,1,275.0
2014-12-25,가을,315.9,27025021.7,4,85.5
2014-12-25,기타,1.7,2698168.6,8,1590.9
2014-12-25,기타부산물,1.6,1155000.0,1,700.0
2014-12-25,쌈,34.6,23166556.1,25,669.7
2014-12-25,월동,9.0,1656000.0,2,184.0
2014-12-25,절임,1.3,352000.0,1,275.0
2014-12-26,가을,385.0,21970330.0,8,57.1
2014-12-26,기타,2.5,2906071.2,9,1142.3
2014-12-26,기타부산물,5.8,3160668.0,4,545.9
2014-12-26,쌈,41.8,25094594.8,35,599.8
2014-12-27,가을,186.2,14581486.0,6,78.3
2014-12-27,기타,3.9,4128455.7,13,1064.6
2014-12-27,기타부산물,0.2,112500.0,1,500.0
2014-12-27,쌈,41.4,24600570.6,29,594.7
2014-12-29,가을,351.0,39994338.7,9,113.9
2014-12-29,기타,5.5,6958833.1,6,1263.2
2014-12-29,기타부산물,5.0,2309100.0,3,463.7
2014-12-29,쌈,39.2,24994442.8,26,637.0
2014-12-29,절임,1.3,352000.0,1,275.0
2014-12-30,가을,403.1,45820428.7,7,113.7
2014-12-30,기타,8.2,7353878.7,15,893.4
2014-12-30,기타부산물,3.6,2917575.0,3,810.4
2014-12-30,쌈,38.4,25776912.6,27,671.9
2014-12-30,절임,0.3,85250.0,1,275.0
2014-12-31,가을,403.8,40798719.3,6,101.0
2014-12-31,기타,7.9,6453478.0,17,814.9
2014-12-31,기타부산물,6.7,6153984.0,2,921.9
2014-12-31,쌈,36.5,20703313.8,32,567.6
2014-12-31,절임,5.6,1534500.0,1,275.0
2015-01-03,기타,1.0,2199811.6,10,2224.3
2015-01-03,기타부산물,4.8,4089600.0,2,857.4
2015-01-03,쌈,34.8,23113554.5,26,663.7
2015-01-03,월동,212.0,19874918.7,6,93.7
2015-01-03,저장,0.0,4000.0,1,100.0
2015-01-05,가을,26.9,6801105.0,1,253.3
2015-01-05,기타,5.0,5418570.0,6,1087.6
2015-01-05,기타부산물,3.6,4904100.0,3,1345.4
2015-01-05,쌈,43.5,26792416.6,32,616.1
2015-01-05,월동,434.7,46225818.7,10,106.3
2015-01-06,가을,19.0,5092000.0,1,268.0
2015-01-06,기타,5.4,4935456.0,10,910.9
2015-01-06,기타부산물,2.5,3729577.5,2,1471.2
2015-01-06,쌈,45.3,22185835.5,33,489.3
2015-01-06,월동,473.6,48878749.3,11,103.2
2015-01-06,저장,6.0,324508.2,1,54.2
2015-01-07,가을,9.0,2520000.0,1,280.0
2015-01-07,기타,3.6,4591595.1,15,1286.9
2015-01-07,기타부산물,5.2,7411902.0,3,1424.0
2015-01-07,쌈,37.8,17637118.6,26,466.2
2015-01-07,월동,422.2,38479975.3,11,91.1
2015-01-07,저장,0.1,50000.0,1,500.0
2015-01-08,기타,1.3,2198687.5,8,1634.7
2015-01-08,기타부산물,6.5,8307279.0,3,1270.2
2015-01-08,쌈,40.3,17028013.2,23,422.2
2015-01-08,월동,303.1,24143616.7,5,79.7
2015-01-08,저장,0.1,36000.0,1,300.0
2015-01-08,절임,0.1,20500.0,1,256.2
2015-01-09,가을,9.0,2016000.0,1,224.0
2015-01-09,기타,3.8,4681925.0,10,1225.3
2015-01-09,기타부산물,11.5,9357030.0,3,816.5
2015-01-09,쌈,28.9,15264481.2,22,528.3
2015-01-09,월동,264.9,17594762.0,4,66.4
2015-01-10,가을,9.0,1872000.0,1,208.0
2015-01-10,기타,5.5,5714304.5,11,1047.3
2015-01-10,기타부산물,11.5,5163483.0,5,450.6
2015-01-10,쌈,28.8,11399716.0,26,396.2
2015-01-10,월동,145.8,11555090.7,3,79.3
2015-01-12,가을,18.4,4206600.0,1,228.0
2015-01-12,기타,4.6,4711368.3,9,1022.2
2015-01-12,기타부산물,8.6,4608525.0,3,534.3
2015-01-12,쌈,31.7,13998122.7,25,441.1
2015-01-12,월동,356.2,32385000.0,10,90.9
2015-01-13,가을,18.9,4472200.0,1,236.0
2015-01-13,기타,8.8,8994060.9,12,1021.4
2015-01-13,기타부산물,16.6,7916898.0,3,476.8
2015-01-13,쌈,26.6,14667679.3,26,552.1
2015-01-13,월동,286.5,21586798.0,6,75.4
2015-01-13,저장,2.4,96000.0,1,40.0
2015-01-14,가을,9.0,1872000.0,1,208.0
2015-01-14,기타,6.2,6286945.5,10,1014.2
2015-01-14,기타부산물,5.6,2734200.0,1,490.0
2015-01-14,쌈,26.9,14242361.2,23,529.0
2015-01-14,월동,315.4,27461758.7,6,87.1
2015-01-15,가을,10.0,2400000.0,1,240.0
2015-01-15,기타,8.0,7611050.0,7,946.5
2015-01-15,기타부산물,6.5,3141483.0,2,484.8
2015-01-15,쌈,39.5,18144895.0,19,459.8
2015-01-15,월동,239.8,22580977.3,4,94.2
2015-01-16,가을,9.0,2592000.0,1,288.0
2015-01-16,기타,3.6,3095874.5,5,853.8
2015-01-16,기타부산물,3.2,2202060.0,1,686.0
2015-01-16,쌈,25.0,12111690.3,13,484.9
2015-01-16,월동,238.3,24993490.7,6,104.9
2015-01-17,가을,9.0,2304000.0,1,256.0
2015-01-17,기타,4.9,4341318.6,9,891.3
2015-01-17,기타부산물,3.2,2239200.0,2,707.5
2015-01-17,쌈,35.1,12294785.6,19,350.6
2015-01-17,월동,237.1,25112692.3,6,105.9
2015-01-19,가을,18.8,5475000.0,1,292.0
2015-01-19,기타,6.1,5987478.1,11,982.4
2015-01-19,기타부산물,4.7,4126875.0,1,887.5
2015-01-19,쌈,36.7,17435135.4,22,474.5
2015-01-19,월동,360.0,36580664.7,6,101.6
2015-01-20,가을,19.6,5174400.0,1,264.0
2015-01-20,기타,4.9,5573768.4,8,1142.9
2015-01-20,기타부산물,7.7,6025518.0,2,781.5
2015-01-20,쌈,25.3,10965006.3,26,432.8
2015-01-20,월동,352.8,28723521.0,10,81.4
2015-01-21,가을,9.0,2160000.0,1,240.0
2015-01-21,기타,5.8,6453727.3,13,1119.7
2015-01-21,기타부산물,7.3,5091390.0,2,701.3
2015-01-21,쌈,36.5,13613256.3,20,373.4
2015-01-21,월동,279.1,29635419.3,6,106.2
2015-01-22,가을,28.1,7329465.0,1,261.3
2015-01-22,기타,8.5,8990921.0,7,1054.8
2015-01-22,기타부산물,4.7,3668961.0,2,774.0
2015-01-22,쌈,16.8,9047124.7,17,538.4
2015-01-22,월동,338.4,31990649.7,9,94.5
2015-01-23,기타,6.3,6572265.8,13,1039.6
2015-01-23,기타부산물,8.9,7347675.0,2,823.3
2015-01-23,쌈,33.2,16840480.9,18,507.0
2015-01-23,월동,349.7,27635392.7,12,79.0
2015-01-24,가을,18.0,4752000.0,1,264.0
2015-01-24,기타,4.8,8585421.3,9,1795.0
2015-01-24,기타부산물,6.9,4133550.0,3,596.5
2015-01-24,쌈,22.7,14445948.1,16,637.6
2015-01-24,월동,219.6,24549210.0,8,111.8
2015-01-26,가을,19.0,5244000.0,1,276.0
2015-01-26,기타,7.3,10561962.8,16,1442.1
2015-01-26,기타부산물,11.1,6503062.5,3,585.1
2015-01-26,쌈,48.5,23924341.0,23,493.8
2015-01-26,월동,386.6,35799082.3,6,92.6
2015-01-27,가을,9.0,2232000.0,1,248.0
2015-01-27,기타,7.7,11382988.0,11,1487.8
2015-01-27,기타부산물,3.6,2975250.0,2,833.4
2015-01-27,쌈,25.5,13952656.6,17,547.1
2015-01-27,월동,180.5,18230214.3,4,101.0
2015-01-28,가을,27.0,6623100.0,1,245.3
2015-01-28,기타,5.8,7190200.0,5,1235.9
2015-01-28,기타부산물,4.3,4806000.0,2,1112.5
2015-01-28,쌈,26.0,9409751.7,17,361.6
2015-01-28,월동,286.9,29778947.3,8,103.8
2015-01-29,가을,8.5,1700000.0,1,200.0
2015-01-29,기타,7.3,8717594.7,9,1189.6
2015-01-29,기타부산물,11.9,11603146.5,2,975.5
2015-01-29,쌈,30.0,13874119.9,16,462.5
2015-01-29,월동,254.9,28751300.7,6,112.8
2015-01-30,가을,18.0,4896000.0,1,272.0
2015-01-30,기타,5.9,7717864.1,8,1306.3
2015-01-30,기타부산물,6.0,5577165.0,2,924.9
2015-01-30,쌈,41.2,18672042.6,20,453.7
2015-01-30,월동,163.1,20076493.7,4,123.1
2015-01-31,가을,9.0,2304000.0,1,256.0
2015-01-31,기타,7.9,10183925.0,5,1286.8
2015-01-31,기타부산물,6.4,6533250.0,2,1024.8
2015-01-31,쌈,15.9,5773365.3,18,363.7
2015-01-31,월동,222.3,26882027.0,6,120.9
2015-01-31,절임,2.0,550000.0,1,275.0
2015-02-02,가을,17.9,4426800.0,1,248.0
2015-02-02,기타,6.8,8422221.1,8,1230.1
2015-02-02,기타부산물,11.3,8798850.0,3,781.1
2015-02-02,쌈,36.9,20167895.7,20,546.8
2015-02-02,월동,459.1,51535359.0,11,112.3
2015-02-03,기타,3.8,5970126.8,8,1555.5
2015-02-03,기타부산물,5.2,4859079.0,4,933.5
2015-02-03,쌈,25.2,19795706.5,17,785.5
2015-02-03,월동,341.1,35537299.3,10,104.2
2015-02-04,가을,28.6,8168000.0,2,285.6
2015-02-04,기타,5.9,7802720.3,7,1328.8
2015-02-04,기타부산물,2.8,3378349.5,3,1191.7
2015-02-04,쌈,39.4,21956454.3,25,556.6
2015-02-04,월동,448.5,48349141.0,6,107.8
2015-02-05,가을,19.1,5487600.0,3,288.1
2015-02-05,기타,5.3,7187600.0,4,1363.9
2015-02-05,기타부산물,7.9,10465563.0,5,1329.0
2015-02-05,쌈,47.8,29234537.2,26,612.2
2015-02-05,월동,376.7,38972840.0,8,103.5
2015-02-06,가을,10.0,2640000.0,1,264.0
2015-02-06,기타,8.3,10666646.0,10,1288.4
2015-02-06,기타부산물,6.7,9273165.0,3,1389.2
2015-02-06,쌈,44.7,24224425.9,25,541.6
2015-02-06,월동,263.9,30875589.7,8,117.0
2015-02-07,가을,10.0,2640000.0,1,264.0
2015-02-07,기타,7.2,8339756.6,10,1161.8
2015-02-07,기타부산물,10.5,12200593.5,3,1165.3
2015-02-07,쌈,39.9,19843287.0,17,497.0
2015-02-07,월동,353.6,31185946.0,9,88.2
2015-02-07,절임,0.2,68750.0,1,275.0
2015-02-09,가을,19.4,5031000.0,1,260.0
2015-02-09,기타,11.2,12036869.0,11,1078.0
2015-02-09,기타부산물,11.3,10772640.0,3,951.2
2015-02-09,쌈,58.6,29080374.0,22,496.0
2015-02-09,월동,348.6,37544387.3,8,107.7
2015-02-10,기타,11.0,9523399.4,10,865.6
2015-02-10,기타부산물,9.0,6433012.5,3,713.6
2015-02-10,쌈,35.7,20634846.8,21,578.3
2015-02-10,월동,138.6,28499908.3,8,205.7
2015-02-11,가을,19.0,5872000.0,2,309.1
2015-02-11,기타,3.4,4112208.0,8,1198.2
2015-02-11,기타부산물,15.3,11160735.0,5,730.2
2015-02-11,쌈,49.2,28091057.6,20,571.4
2015-02-11,월동,368.5,54719748.3,17,148.5
2015-02-11,절임,0.2,57750.0,1,275.0
2015-02-12,가을,29.5,9388000.0,2,318.2
2015-02-12,기타,2.6,2914369.1,8,1106.9
2015-02-12,기타부산물,3.3,4783200.0,2,1449.5
2015-02-12,쌈,55.2,26176688.8,26,474.1
2015-02-12,월동,416.5,55853928.7,11,134.1
2015-02-13,가을,9.5,2508000.0,1,264.0
2015-02-13,기타,3.4,2411971.0,9,712.8
2015-02-13,기타부산물,14.3,11656608.0,4,813.7
2015-02-13,쌈,56.0,28772935.1,26,513.7
2015-02-13,월동,519.1,65900032.0,18,127.0
2015-02-13,절임,0.7,189750.0,1,275.0
2015-02-14,가을,28.2,7670400.0,1,272.0
2015-02-14,기타,5.0,4012340.4,9,797.4
2015-02-14,기타부산물,16.9,11662612.5,4,691.7
2015-02-14,쌈,50.4,26716466.4,15,530.5
2015-02-14,월동,341.5,39363994.0,12,115.3
2015-02-16,가을,18.9,5941500.0,3,315.2
2015-02-16,기타,6.5,7174824.0,10,1106.2
2015-02-16,기타부산물,13.8,6241149.0,3,451.3
2015-02-16,쌈,70.4,31016255.0,27,440.7
2015-02-16,월동,531.9,69351606.0,15,130.4
2015-02-17,기타,2.6,3254707.5,8,1238.5
2015-02-17,기타부산물,6.7,3090562.5,2,458.9
2015-02-17,쌈,34.9,21187536.8,25,607.4
2015-02-17,월동,155.2,22636903.3,8,145.9
2015-02-18,기타,0.1,144000.0,3,973.0
2015-02-18,쌈,5.4,2972093.8,6,546.8
2015-02-18,월동,48.3,6261380.0,2,129.6
2015-02-23,가을,29.2,10039400.0,2,344.1
2015-02-23,기타,4.9,5779304.2,8,1188.7
2015-02-23,기타부산물,4.6,3044625.0,3,656.9
2015-02-23,쌈,33.5,11086112.9,16,330.6
2015-02-23,월동,458.8,56862888.7,10,123.9
2015-02-24,가을,17.8,6041600.0,2,339.4
2015-02-24,기타,6.9,8283193.2,9,1193.0
2015-02-24,기타부산물,4.5,2995800.0,2,659.1
2015-02-24,쌈,35.6,25607228.6,15,719.4
2015-02-24,월동,363.4,45300281.7,10,124.7
2015-02-25,가을,21.1,6857324.0,1,325.3
2015-02-25,기타,8.4,11442094.6,19,1364.1
2015-02-25,기타부산물,4.2,3798780.0,2,907.7
2015-02-25,쌈,25.9,15833681.1,19,612.3
2015-02-25,월동,232.4,42355067.0,13,182.3
2015-02-26,기타,7.7,8566932.6,10,1107.3
2015-02-26,기타부산물,6.4,7040616.0,2,1107.0
2015-02-26,쌈,40.6,20131517.8,21,496.2
2015-02-26,월동,347.7,57102990.0,9,164.2
2015-02-26,절임,0.9,261250.0,1,275.0
2015-02-27,가을,9.8,3155600.0,2,322.0
2015-02-27,기타,9.9,10722710.8,18,1080.7
2015-02-27,기타부산물,13.8,12300750.0,2,889.4
2015-02-27,쌈,47.6,29719691.4,19,623.9
2015-02-27,월동,392.4,53127312.0,9,135.4
2015-02-28,기타,8.7,8930574.1,14,1029.1
2015-02-28,기타부산물,5.2,2859300.0,4,552.5
2015-02-28,쌈,25.9,12843255.9,19,496.4
2015-02-28,월동,201.8,26070504.0,9,129.2
2015-02-28,절임,0.2,68750.0,1,275.0
2015-03-02,가을,19.5,6942000.0,1,356.0
2015-03-02,기타,12.3,10464907.8,14,851.2
2015-03-02,기타부산물,8.6,6441634.5,2,748.2
2015-03-02,쌈,41.6,23214622.2,21,557.8
2015-03-02,월동,403.3,52663988.7,7,130.6
2015-03-03,가을,9.5,3570000.0,2,375.8
2015-03-03,기타,3.7,3550281.0,11,953.4
2015-03-03,기타부산물,2.6,2574000.0,1,975.0
2015-03-03,쌈,23.8,13272436.3,16,558.4
2015-03-03,월동,255.3,48332236.0,13,189.3
2015-03-03,절임,0.2,68750.0,1,275.0
2015-03-04,가을,19.0,6931770.0,2,364.8
2015-03-04,기타,6.0,6582233.1,13,1104.0
2015-03-04,기타부산물,3.3,4437187.5,2,1363.2
2015-03-04,쌈,37.9,21233193.2,21,560.1
2015-03-04,월동,220.2,40845005.0,8,185.5
2015-03-04,절임,0.1,41250.0,1,275.0
2015-03-05,가을,9.5,3496000.0,2,368.0
2015-03-05,기타,3.2,3137655.0,9,966.3
2015-03-05,기타부산물,2.5,4212843.0,2,1652.1
2015-03-05,쌈,25.2,16056645.1,21,635.9
2015-03-05,월동,364.1,56553106.0,10,155.3
2015-03-05,절임,0.4,121000.0,1,275.0
2015-03-06,가을,19.0,8372000.0,4,440.6
2015-03-06,기타,3.0,3623537.9,13,1199.8
2015-03-06,기타부산물,4.4,7080000.0,1,1600.0
2015-03-06,쌈,20.1,8500630.9,12,423.5
2015-03-06,월동,300.4,53362914.0,10,177.6
2015-03-06,절임,0.5,137500.0,1,275.0
2015-03-07,가을,9.0,3974400.0,2,441.6
2015-03-07,기타,3.4,3990362.8,10,1163.7
2015-03-07,기타부산물,7.4,7931079.0,2,1074.7
2015-03-07,쌈,29.2,18206172.0,20,622.6
2015-03-07,월동,273.2,38845182.7,12,142.2
2015-03-09,가을,18.0,7814400.0,2,434.1
2015-03-09,기타,2.8,3895866.9,9,1401.9
2015-03-09,기타부산물,9.7,8650530.0,2,891.3
2015-03-09,쌈,38.2,27191898.7,23,711.6
2015-03-09,월동,485.4,78447499.7,14,161.6
2015-03-09,절임,0.6,165000.0,1,275.0
2015-03-10,가을,18.5,8510000.0,2,460.0
2015-03-10,기타,8.1,6522348.6,11,809.4
2015-03-10,기타부산물,5.6,5572960.5,2,1001.4
2015-03-10,쌈,23.8,14952669.6,18,629.3
2015-03-10,월동,290.6,40827975.7,8,140.5
2015-03-11,가을,18.9,8538400.0,2,451.8
2015-03-11,기타,6.9,5639745.5,14,812.5
2015-03-11,기타부산물,9.0,7398840.0,2,826.2
2015-03-11,쌈,26.9,20086528.7,21,747.5
2015-03-11,월동,297.4,54116400.0,14,181.9
2015-03-11,절임,0.8,220000.0,1,275.0
2015-03-12,가을,9.0,4471200.0,2,496.8
2015-03-12,기타,7.3,5933281.1,18,808.5
2015-03-12,기타부산물,5.6,5779902.0,2,1038.6
2015-03-12,쌈,21.5,14019286.9,18,651.0
2015-03-12,월동,474.7,90070229.0,14,189.7
2015-03-12,절임,0.2,68750.0,1,275.0
2015-03-13,가을,18.8,9331200.0,2,496.3
2015-03-13,기타,4.7,4207927.7,11,892.1
2015-03-13,기타부산물,4.7,4547250.0,2,977.9
2015-03-13,쌈,26.7,21038181.8,21,786.6
2015-03-13,월동,392.3,66156217.3,10,168.6
2015-03-14,가을,9.0,4554000.0,2,506.0
2015-03-14,기타,3.1,3514614.7,13,1146.3
2015-03-14,기타부산물,7.2,4873768.5,2,678.3
2015-03-14,쌈,37.1,26311248.3,26,709.0
2015-03-14,월동,198.6,33126492.3,9,166.8
2015-03-14,절임,0.3,96250.0,1,275.0
2015-03-16,가을,9.0,4802400.0,2,533.6
2015-03-16,기타,3.6,4626952.4,16,1289.2
2015-03-16,기타부산물,7.0,4989105.0,2,715.3
2015-03-16,쌈,35.3,30013821.0,24,849.3
2015-03-16,월동,537.1,89698637.0,12,167.0
2015-03-17,가을,18.0,7977600.0,2,443.2
2015-03-17,기타,4.0,4901638.1,13,1231.6
2015-03-17,기타부산물,3.2,2194200.0,2,683.6
2015-03-17,쌈,19.9,17481062.0,15,880.6
2015-03-17,월동,476.5,70789285.0,10,148.6
2015-03-17,저장,10.0,3760000.0,1,376.0
2015-03-17,절임,0.8,233750.0,1,275.0
2015-03-18,기타,6.2,6412603.1,16,1041.3
2015-03-18,기타부산물,1.3,1389000.0,2,1052.3
2015-03-18,쌈,30.0,28871718.3,19,961.2
2015-03-18,월동,372.6,66270903.0,10,177.9
2015-03-18,절임,0.3,82500.0,1,275.0
2015-03-19,가을,18.8,8561520.0,2,455.4
2015-03-19,기타,3.0,3600855.6,12,1202.3
2015-03-19,기타부산물,1.5,1617000.0,1,1100.0
2015-03-19,쌈,23.2,24102784.0,16,1040.8
2015-03-19,월동,317.7,46449876.0,10,146.2
2015-03-19,절임,0.2,55000.0,1,275.0
2015-03-20,가을,18.0,9072000.0,2,504.0
2015-03-20,기타,3.2,4289460.1,17,1347.2
2015-03-20,기타부산물,1.5,1794000.0,2,1220.4
2015-03-20,쌈,19.9,26141926.1,17,1312.1
2015-03-20,월동,332.8,53631915.0,8,161.2
2015-03-20,절임,0.2,55000.0,1,275.0
2015-03-21,가을,9.0,4806800.0,2,534.1
2015-03-21,기타,3.3,4676735.2,14,1416.8
2015-03-21,기타부산물,2.7,2950200.0,3,1086.6
2015-03-21,쌈,16.7,21214453.7,15,1267.2
2015-03-21,월동,169.4,27499955.3,8,162.3
2015-03-21,저장,9.0,4104000.0,1,456.0
2015-03-21,절임,0.2,55000.0,1,275.0
2015-03-23,가을,19.0,8662506.0,2,455.4
2015-03-23,기타,4.7,6474818.3,18,1370.6
2015-03-23,기타부산물,3.9,3094923.0,3,790.5
2015-03-23,쌈,24.4,33342227.2,15,1365.1
2015-03-23,월동,485.4,85598149.0,14,176.4
2015-03-23,절임,0.5,137500.0,1,275.0
2015-03-24,가을,18.5,8934500.0,2,482.9
2015-03-24,기타,3.5,2108443.0,15,602.9
2015-03-24,기타부산물,2.6,2322000.0,1,900.0
2015-03-24,쌈,26.3,26045138.3,16,988.6
2015-03-24,월동,472.4,73335278.7,9,155.2
2015-03-24,절임,0.3,82500.0,1,275.0
2015-03-25,가을,18.3,9091440.0,2,496.8
2015-03-25,기타,3.0,3503272.0,15,1157.0
2015-03-25,기타부산물,6.0,4717125.0,2,788.2
2015-03-25,쌈,19.2,25890633.0,15,1349.1
2015-03-25,월동,319.9,50565156.7,9,158.0
2015-03-25,절임,0.3,82500.0,1,275.0
2015-03-26,가을,18.0,8628400.0,2,479.4
2015-03-26,기타,6.5,4586586.2,26,708.4
2015-03-26,기타부산물,1.0,917100.0,2,955.3
2015-03-26,쌈,18.3,22095276.3,15,1204.7
2015-03-26,월동,358.2,65370006.0,10,182.5
2015-03-26,절임,0.3,82500.0,1,275.0
2015-03-27,가을,28.6,11968050.0,2,419.2
2015-03-27,기타,3.6,4193116.2,21,1158.0
2015-03-27,기타부산물,2.1,1721850.0,2,825.8
2015-03-27,쌈,35.4,42393810.1,17,1198.3
2015-03-27,월동,312.1,54727699.7,13,175.4
2015-03-28,가을,10.0,3680000.0,2,368.0
2015-03-28,기타,2.3,3805200.0,14,1633.1
2015-03-28,기타부산물,1.2,1098000.0,1,915.0
2015-03-28,쌈,25.0,29519334.5,14,1181.3
2015-03-28,월동,207.7,37766021.7,8,181.8
2015-03-28,절임,0.3,71500.0,1,275.0
2015-03-30,가을,19.1,7947700.0,2,416.1
2015-03-30,기타,4.5,6421080.0,15,1411.2
2015-03-30,기타부산물,0.8,846300.0,1,1085.0
2015-03-30,쌈,41.3,31193969.1,18,754.7
2015-03-30,월동,463.2,75183947.7,10,162.3
2015-03-30,저장,9.5,4524000.0,2,476.2
2015-03-31,가을,9.5,3040000.0,2,320.0
2015-03-31,기타,6.6,9755696.4,20,1480.8
2015-03-31,기타부산물,1.4,1370250.0,1,1015.0
2015-03-31,쌈,26.9,23259013.1,17,865.2
2015-03-31,월동,489.3,63229466.3,12,129.2
2015-03-31,저장,9.6,4725120.0,2,492.2
2015-03-31,절임,0.2,60500.0,1,275.0
2015-04-01,기타,6.1,8598635.0,18,1406.8
2015-04-01,기타부산물,1.6,1334254.5,2,808.6
2015-04-01,쌈,32.5,30121159.6,14,926.9
2015-04-01,월동,55.7,20253746.7,6,363.6
2015-04-01,저장,297.1,40006165.3,8,134.6
2015-04-01,절임,0.6,151250.0,1,275.0
2015-04-02,기타,4.7,4577489.6,29,966.5
2015-04-02,기타부산물,3.5,2126250.0,2,603.2
2015-04-02,쌈,19.4,20533409.1,11,1055.8
2015-04-02,월동,19.1,6835140.0,2,358.8
2015-04-02,저장,324.3,39795401.7,8,122.7
2015-04-03,기타,5.7,6957877.5,23,1229.7
2015-04-03,기타부산물,1.4,1277797.5,1,896.7
2015-04-03,쌈,21.3,23484844.8,12,1102.1
2015-04-03,월동,18.6,9126030.0,2,492.0
2015-04-03,저장,265.5,33697394.3,8,126.9
2015-04-03,절임,0.3,82500.0,1,275.0
2015-04-04,기타,6.7,8220552.4,25,1225.5
2015-04-04,기타부산물,1.6,1104375.0,2,669.3
2015-04-04,쌈,30.2,30651699.4,18,1015.8
2015-04-04,월동,28.6,11401104.0,2,398.6
2015-04-04,저장,221.2,22867231.3,4,103.4
2015-04-04,절임,0.1,27500.0,1,275.0
2015-04-06,기타,45.2,25319175.4,24,560.7
2015-04-06,기타부산물,0.3,255000.0,1,850.0
2015-04-06,쌈,22.9,22724249.3,17,993.4
2015-04-06,월동,66.3,29415292.0,6,443.3
2015-04-06,저장,476.9,51732701.0,8,108.5
2015-04-07,기타,4.4,4520881.4,21,1033.6
2015-04-07,기타부산물,0.2,126000.0,1,525.0
2015-04-07,쌈,24.8,23230034.1,17,935.4
2015-04-07,월동,36.1,20230110.0,4,559.6
2015-04-07,저장,394.0,44089450.0,8,111.9
2015-04-07,절임,0.3,96250.0,1,275.0
2015-04-08,기타,4.1,4085649.0,19,992.6
2015-04-08,기타부산물,0.3,225000.0,1,750.0
2015-04-08,쌈,22.9,29628255.2,20,1296.0
2015-04-08,월동,37.8,16439008.0,4,434.9
2015-04-08,저장,421.4,54641682.0,10,129.7
2015-04-08,절임,0.4,110000.0,1,275.0
2015-04-09,기타,5.4,5496750.5,25,1021.9
2015-04-09,기타부산물,1.5,1205025.0,2,811.5
2015-04-09,쌈,18.3,21277786.7,14,1162.3
2015-04-09,월동,56.1,26240610.0,4,467.7
2015-04-09,저장,329.4,38606283.3,8,117.2
2015-04-09,절임,0.2,55000.0,1,275.0
2015-04-10,기타,15.0,9707333.6,25,647.6
2015-04-10,기타부산물,2.0,1504800.0,1,760.0
2015-04-10,쌈,23.0,29377889.1,18,1276.8
2015-04-10,월동,67.2,30971904.0,6,461.2
2015-04-10,저장,316.4,40133065.3,10,126.8
2015-04-11,기타,5.9,6865098.1,23,1163.8
2015-04-11,기타부산물,1.2,753300.0,1,620.0
2015-04-11,쌈,13.5,20566199.6,13,1525.5
2015-04-11,월동,37.2,19828800.0,2,532.7
2015-04-11,저장,227.7,31240500.0,10,137.2
2015-04-13,기타,2.0,3428711.2,17,1675.8
2015-04-13,기타부산물,0.8,697500.0,1,930.0
2015-04-13,쌈,32.5,39152360.4,22,1203.8
2015-04-13,월동,36.7,17509897.0,4,477.5
2015-04-13,저장,399.8,55922924.3,12,139.9
2015-04-13,절임,0.4,110000.0,1,275.0
2015-04-14,기타,3.1,4565154.8,23,1485.6
2015-04-14,기타부산물,0.5,297000.0,1,550.0
2015-04-14,쌈,26.0,31798361.5,21,1222.7
2015-04-14,월동,57.0,27523888.0,4,482.7
2015-04-14,저장,427.9,60057650.3,10,140.3
2015-04-14,절임,0.4,110000.0,1,275.0
2015-04-15,기타,2.8,5167159.4,22,1838.8
2015-04-15,기타부산물,2.1,1215571.5,1,566.7
2015-04-15,쌈,29.3,37465346.3,21,1277.9
2015-04-15,월동,66.7,32273105.0,9,484.0
2015-04-15,저장,351.8,44286744.7,10,125.9
2015-04-15,절임,0.2,55000.0,1,275.0
2015-04-16,기타,5.7,5762474.8,27,1005.8
2015-04-16,기타부산물,1.3,642600.0,1,510.0
2015-04-16,쌈,33.4,40378651.4,21,1210.2
2015-04-16,월동,56.2,25542208.0,7,454.6
2015-04-16,저장,323.8,42766531.3,10,132.1
2015-04-16,절임,0.1,27500.0,1,275.0
2015-04-17,기타,3.0,3127807.7,17,1053.1
2015-04-17,기타부산물,1.8,885000.0,1,500.0
2015-04-17,쌈,36.4,41500372.2,21,1139.5
2015-04-17,월동,56.8,27608384.0,4,486.1
2015-04-17,저장,364.9,53297237.0,10,146.1
2015-04-18,기타,4.6,5074436.0,26,1105.3
2015-04-18,기타부산물,3.0,1170000.0,1,390.0
2015-04-18,쌈,24.8,26131622.8,18,1053.7
2015-04-18,월동,29.1,12634700.0,5,433.9
2015-04-18,저장,207.1,29525864.0,6,142.6
2015-04-20,기타,4.0,4179889.9,24,1057.9
2015-04-20,쌈,35.2,32017021.8,21,908.8
2015-04-20,월동,37.1,15022480.0,2,404.8
2015-04-20,저장,443.1,61873204.0,10,139.7
2015-04-20,절임,0.3,82500.0,1,275.0
2015-04-21,기타,4.0,4225296.2,23,1062.2
2015-04-21,쌈,42.1,33954073.0,24,806.1
2015-04-21,월동,28.1,12604444.0,2,447.8
2015-04-21,저장,458.3,72408598.0,10,158.0
2015-04-21,절임,0.3,82500.0,1,275.0
2015-04-22,기타,5.5,4667632.4,33,844.5
2015-04-22,쌈,41.1,34348095.9,19,836.2
2015-04-22,월동,46.9,23663320.0,4,504.5
2015-04-22,저장,434.1,55334856.3,10,127.5
2015-04-22,절임,0.1,27500.0,1,275.0
2015-04-23,기타,2.5,3659668.3,36,1458.0
2015-04-23,기타부산물,0.3,225000.0,1,750.0
2015-04-23,쌈,43.2,32967815.1,22,763.1
2015-04-23,월동,36.8,20240880.0,2,550.0
2015-04-23,저장,335.5,51366842.3,10,153.1
2015-04-23,절임,0.4,110000.0,1,275.0
2015-04-24,기타,5.8,7861290.4,42,1366.5
2015-04-24,기타부산물,0.3,255000.0,1,850.0
2015-04-24,봄,19.6,2430433.3,3,124.0
2015-04-24,쌈,27.6,22062860.9,17,800.7
2015-04-24,월동,56.9,25886924.0,4,455.4
2015-04-24,저장,446.3,64880653.3,12,145.4
2015-04-24,절임,0.2,55000.0,1,275.0
2015-04-25,기타,1.7,1911158.3,26,1101.5
2015-04-25,쌈,31.7,26991076.3,19,852.5
2015-04-25,월동,26.9,15538292.0,2,576.6
2015-04-25,저장,230.1,34081925.7,10,148.1
2015-04-25,절임,0.3,96250.0,1,275.0
2015-04-27,기타,1.5,1568717.5,24,1071.5
2015-04-27,봄,9.0,1200000.0,2,133.3
2015-04-27,쌈,32.3,31681589.8,20,979.4
2015-04-27,월동,57.9,25189408.0,4,435.1
2015-04-27,저장,336.0,55997693.3,10,166.7
2015-04-28,기타,1.4,1770070.7,24,1236.9
2015-04-28,봄,19.5,2031000.0,4,104.2
2015-04-28,쌈,38.1,36796987.9,21,965.1
2015-04-28,월동,29.3,14197608.0,2,484.6
2015-04-28,저장,418.6,65545208.0,12,156.6
2015-04-28,절임,0.3,82500.0,1,275.0
2015-04-29,기타,1.8,2494278.7,26,1386.5
2015-04-29,봄,20.1,2807466.7,4,139.7
2015-04-29,쌈,22.3,23872406.8,18,1072.4
2015-04-29,월동,28.5,16080840.0,2,564.2
2015-04-29,저장,300.0,48334609.7,10,161.1
2015-04-30,기타,1.0,1316269.8,16,1301.9
2015-04-30,봄,10.0,1346666.7,2,134.7
2015-04-30,쌈,30.7,31560256.1,18,1027.2
2015-04-30,월동,38.4,21793000.0,2,568.3
2015-04-30,저장,334.6,56562894.0,10,169.0
2015-04-30,절임,0.3,82500.0,1,275.0
2015-05-01,기타,2.2,2186133.7,23,994.6
2015-05-01,봄,13.6,2178933.3,4,160.2
2015-05-01,쌈,31.4,26922298.6,24,856.1
2015-05-01,월동,38.3,22551040.0,2,588.8
2015-05-01,저장,312.4,60988319.7,10,195.2
2015-05-01,절임,0.4,110000.0,1,275.0
2015-05-02,기타,1.5,902451.4,17,584.5
2015-05-02,봄,25.8,4115333.3,6,159.3
2015-05-02,쌈,21.6,18495472.9,21,855.7
2015-05-02,저장,105.7,21786008.3,6,206.1
2015-05-04,기타,1.2,1379923.4,15,1174.4
2015-05-04,봄,111.1,19144619.0,6,172.3
2015-05-04,쌈,29.0,27649871.5,20,953.7
2015-05-04,월동,57.5,34012400.0,4,591.5
2015-05-04,저장,271.8,61817838.3,10,227.4
2015-05-04,절임,0.3,82500.0,1,275.0
2015-05-05,기타,2.2,1787610.0,20,806.3
2015-05-05,봄,137.8,21677886.7,8,157.3
2015-05-05,쌈,22.9,21091342.6,17,921.2
2015-05-05,월동,47.1,26781512.0,6,568.0
2015-05-05,저장,283.7,59641043.7,10,210.2
2015-05-06,기타,2.7,1792231.4,14,662.3
2015-05-06,봄,170.1,27514812.7,6,161.7
2015-05-06,쌈,25.5,24158956.2,19,948.8
2015-05-06,월동,18.9,12999600.0,4,687.8
2015-05-06,저장,258.1,52006017.7,10,201.5
2015-05-06,절임,0.1,41250.0,1,275.0
2015-05-07,기타,2.5,1350729.5,17,546.9
2015-05-07,봄,166.4,29139723.7,6,175.1
2015-05-07,쌈,23.2,23360698.4,18,1008.0
2015-05-07,월동,47.9,28658920.0,4,598.3
2015-05-07,저장,233.5,46195624.3,10,197.9
2015-05-07,절임,0.3,96250.0,1,275.0
2015-05-08,기타,1.8,1460411.2,17,789.8
2015-05-08,봄,166.8,27254937.7,6,163.4
2015-05-08,쌈,21.2,19464159.9,17,918.8
2015-05-08,월동,48.2,27657500.0,6,573.2
2015-05-08,저장,229.1,44194172.7,10,192.9
2015-05-08,절임,0.3,82500.0,1,275.0
2015-05-09,기타,2.0,1515092.5,17,761.7
2015-05-09,봄,143.2,24019861.7,8,167.8
2015-05-09,쌈,21.1,26759050.4,21,1268.6
2015-05-09,월동,9.3,7344400.0,2,789.7
2015-05-09,저장,137.2,23257239.3,6,169.5
2015-05-09,절임,0.1,41250.0,1,275.0
2015-05-11,기타,1.1,1171242.8,13,1034.7
2015-05-11,봄,214.6,48778455.3,10,227.3
2015-05-11,쌈,27.1,39399522.5,22,1455.5
2015-05-11,월동,28.8,18955680.0,4,658.2
2015-05-11,저장,167.5,36648210.0,6,218.8
2015-05-12,기타,1.0,1161590.0,15,1210.0
2015-05-12,봄,188.2,53102948.3,8,282.2
2015-05-12,쌈,24.0,37187862.0,21,1549.7
2015-05-12,월동,19.2,16339200.0,2,851.0
2015-05-12,저장,112.9,25937083.3,6,229.8
2015-05-12,절임,0.2,55000.0,1,275.0
2015-05-13,기타,0.7,881050.0,10,1197.1
2015-05-13,봄,197.5,73139802.3,16,370.3
2015-05-13,쌈,29.6,42175689.3,24,1426.1
2015-05-13,월동,18.9,17648820.0,2,933.8
2015-05-13,저장,131.7,47379069.0,8,359.9
2015-05-13,절임,0.4,110000.0,1,275.0
2015-05-14,기타,0.9,831160.7,12,964.2
2015-05-14,봄,182.7,69394850.3,11,379.8
2015-05-14,쌈,33.6,40877284.5,22,1215.1
2015-05-14,월동,17.9,20034840.0,2,1122.4
2015-05-14,저장,123.6,39336418.3,5,318.3
2015-05-14,절임,0.1,27500.0,1,275.0
2015-05-15,기타,1.5,1449234.3,18,992.6
2015-05-15,봄,191.8,63954186.0,10,333.4
2015-05-15,쌈,21.3,32543576.0,15,1530.1
2015-05-15,월동,18.0,23184000.0,2,1288.0
2015-05-15,저장,202.3,65554836.0,4,324.0
2015-05-16,기타,1.3,801526.5,17,603.1
2015-05-16,봄,157.3,58079558.0,12,369.1
2015-05-16,쌈,20.0,34820867.3,19,1744.1
2015-05-16,월동,27.8,32359007.0,2,1165.3
2015-05-16,저장,95.8,31723076.7,2,331.3
2015-05-16,절임,0.8,220000.0,1,275.0
2015-05-18,기타,1.5,1359349.5,17,936.2
2015-05-18,봄,432.2,161758747.0,27,374.3
2015-05-18,쌈,29.4,46804051.1,22,1594.1
2015-05-18,월동,29.1,29474080.0,3,1012.9
2015-05-18,저장,255.8,94863957.0,8,370.9
2015-05-19,기타,2.3,1771410.4,17,774.9
2015-05-19,봄,318.0,117474753.7,25,369.5
2015-05-19,쌈,21.9,33753848.5,19,1542.1
2015-05-19,월동,18.6,23899140.0,2,1283.5
2015-05-19,저장,181.5,65824744.0,8,362.6
2015-05-20,기타,1.3,1137312.5,15,850.0
2015-05-20,봄,333.6,102028823.0,19,305.9
2015-05-20,쌈,22.8,32837168.9,20,1439.2
2015-05-20,월동,19.1,19820250.0,2,1035.0
2015-05-20,저장,179.3,51626972.0,4,287.9
2015-05-20,절임,0.6,202500.0,1,337.5
2015-05-21,기타,1.9,1697052.7,18,914.9
2015-05-21,봄,228.1,82992781.0,16,363.8
2015-05-21,쌈,27.8,30979318.5,20,1113.0
2015-05-21,월동,36.6,42964010.0,4,1173.2
2015-05-21,저장,160.4,46270089.3,4,288.5
2015-05-22,기타,1.9,1585815.3,17,824.2
2015-05-22,봄,426.5,120604754.3,30,282.8
2015-05-22,쌈,25.2,28552690.9,18,1134.2
2015-05-22,월동,9.3,10418800.0,2,1120.3
2015-05-22,저장,96.8,30769245.0,2,317.7
2015-05-23,기타,1.0,798388.0,18,763.3
2015-05-23,봄,139.6,57454733.3,17,411.6
2015-05-23,쌈,28.4,36765859.2,20,1294.6
2015-05-23,저장,48.3,14648866.7,2,303.5
2015-05-23,절임,0.9,303750.0,1,337.5
2015-05-25,기타,1.5,1153709.4,16,756.5
2015-05-25,봄,303.0,104368105.0,22,344.4
2015-05-25,쌈,24.7,39844002.6,20,1611.5
2015-05-25,저장,85.7,29328254.0,2,342.2
2015-05-26,기타,1.6,1096380.5,15,679.3
2015-05-26,봄,453.8,140532501.7,34,309.7
2015-05-26,쌈,26.5,44890071.5,22,1693.5
2015-05-26,월동,9.6,6824000.0,2,714.6
2015-05-26,저장,65.8,25276077.7,2,384.3
2015-05-27,기타,1.0,702519.2,11,711.1
2015-05-27,기타부산물,0.5,348750.0,1,750.0
2015-05-27,봄,443.6,110926997.0,33,250.1
2015-05-27,쌈,28.6,36659585.4,21,1283.5
2015-05-27,저장,74.8,29868605.0,2,399.6
2015-05-28,기타,1.3,923343.0,15,729.9
2015-05-28,기타부산물,0.8,522600.0,1,670.0
2015-05-28,봄,409.0,159156905.0,35,389.1
2015-05-28,쌈,27.5,33249577.1,23,1210.3
2015-05-28,저장,66.4,25887081.3,2,390.0
2015-05-28,절임,0.5,168750.0,1,337.5
2015-05-29,기타,2.0,1626393.3,14,805.1
2015-05-29,기타부산물,0.3,210000.0,1,700.0
2015-05-29,봄,489.4,118760418.7,32,242.7
2015-05-29,쌈,25.6,34721193.9,23,1358.8
2015-05-29,월동,19.1,8758500.0,4,459.8
2015-05-29,저장,77.2,29664357.3,2,384.3
2015-05-30,기타,1.3,888868.0,14,701.0
2015-05-30,기타부산물,1.1,220000.0,1,200.0
2015-05-30,봄,302.8,72329342.3,20,238.9
2015-05-30,쌈,38.6,46022092.5,28,1191.8
2015-05-30,저장,38.7,16976400.0,2,438.7
2015-05-30,절임,1.0,337500.0,1,337.5
2015-06-01,기타,3.3,1584905.8,16,477.8
2015-06-01,봄,405.2,116306385.7,25,287.0
2015-06-01,쌈,34.7,40945514.4,29,1178.9
2015-06-02,기타,1.9,1787722.9,16,922.5
2015-06-02,봄,554.5,158773243.3,32,286.3
2015-06-02,쌈,23.6,30476967.5,25,1292.0
2015-06-03,기타,1.6,1265557.0,16,811.8
2015-06-03,봄,573.2,150925436.3,29,263.3
2015-06-03,쌈,18.4,20064046.3,21,1092.2
2015-06-03,절임,0.2,67500.0,1,337.5
2015-06-04,기타,2.1,1773061.3,13,843.5
2015-06-04,기타부산물,0.3,99300.0,2,312.3
2015-06-04,봄,524.2,122821841.7,29,234.3
2015-06-04,쌈,27.2,24663840.9,20,905.7
2015-06-05,기타,1.6,1412459.7,13,864.9
2015-06-05,기타부산물,0.1,6240.0,1,120.0
2015-06-05,봄,489.7,102116338.7,31,208.5
2015-06-05,쌈,24.3,21570371.7,17,887.9
2015-06-05,절임,0.3,94500.0,1,337.5
2015-06-06,기타,1.0,933018.0,14,895.4
2015-06-06,봄,412.7,91023326.9,22,220.6
2015-06-06,쌈,24.3,21767740.9,19,896.0
2015-06-06,절임,0.5,168750.0,1,337.5
2015-06-08,기타,29.7,20051436.2,16,674.4
2015-06-08,기타부산물,0.1,9600.0,1,160.0
2015-06-08,봄,454.5,110176389.0,29,242.4
2015-06-08,쌈,24.5,28815398.2,24,1174.7
2015-06-09,기타,1.1,814168.0,15,716.7
2015-06-09,기타부산물,0.1,7800.0,1,130.0
2015-06-09,봄,483.3,110198756.9,25,228.0
2015-06-09,쌈,28.2,32239635.8,22,1142.9
2015-06-10,기타,30.4,24246918.0,17,797.2
2015-06-10,기타부산물,0.1,11400.0,1,150.0
2015-06-10,봄,434.2,129105546.3,30,297.3
2015-06-10,쌈,27.2,26435936.4,25,971.1
2015-06-10,절임,0.2,67500.0,1,337.5
2015-06-11,기타,10.3,9288532.0,16,901.9
2015-06-11,기타부산물,0.0,5760.0,1,120.0
2015-06-11,봄,417.7,132952896.3,34,318.3
2015-06-11,쌈,16.0,16499444.5,21,1033.3
2015-06-11,절임,0.4,135000.0,1,337.5
2015-06-12,기타,1.3,1112818.0,13,874.9
2015-06-12,기타부산물,0.0,6000.0,1,150.0
2015-06-12,봄,671.9,168581046.7,43,250.9
2015-06-12,쌈,22.3,19427782.5,27,871.4
2015-06-12,절임,0.2,67500.0,1,337.5
2015-06-13,기타,3.4,5442134.7,13,1622.6
2015-06-13,기타부산물,0.1,12000.0,1,150.0
2015-06-13,봄,559.1,105734735.7,22,189.1
2015-06-13,쌈,13.6,13142113.6,26,966.8
2015-06-13,절임,0.4,135000.0,1,337.5
2015-06-15,기타,3.7,5927795.2,11,1607.3
2015-06-15,기타부산물,0.1,7800.0,1,150.0
2015-06-15,봄,776.4,176612140.0,30,227.5
2015-06-15,쌈,37.8,39151268.2,30,1034.5
2015-06-16,기타,0.7,635696.8,9,859.0
2015-06-16,기타부산물,0.1,8400.0,1,150.0
2015-06-16,봄,741.7,125255842.7,19,168.9
2015-06-16,쌈,21.0,25884411.4,26,1232.1
2015-06-16,월동,10.0,4140000.0,2,414.0
2015-06-17,기타,10.1,8711193.0,10,865.9
2015-06-17,기타부산물,0.0,2200.0,1,110.0
2015-06-17,봄,547.8,119280201.0,26,217.8
2015-06-17,쌈,28.8,31003578.4,25,1077.6
2015-06-17,절임,0.3,101250.0,1,337.5
2015-06-18,기타,2.0,1561887.6,11,794.4
2015-06-18,봄,668.3,126855822.7,29,189.8
2015-06-18,쌈,19.6,21472081.2,20,1098.3
2015-06-19,기타,1.4,922468.0,12,659.8
2015-06-19,기타부산물,0.0,2400.0,1,120.0
2015-06-19,봄,595.8,100016744.3,28,167.9
2015-06-19,쌈,28.8,25216547.5,23,876.2
2015-06-20,기타,0.5,328166.5,9,686.5
2015-06-20,기타부산물,0.0,6000.0,1,150.0
2015-06-20,봄,388.7,76961224.7,24,198.0
2015-06-20,쌈,23.4,26882222.0,17,1148.5
2015-06-22,기타,2.1,1400628.6,16,679.9
2015-06-22,봄,513.4,136259787.3,33,265.4
2015-06-22,쌈,36.1,36475586.4,26,1010.5
2015-06-22,월동,10.6,4500000.0,2,424.5
2015-06-22,절임,0.6,202500.0,1,337.5
2015-06-23,기타,3.4,5749676.5,11,1695.6
2015-06-23,기타부산물,0.0,4800.0,1,150.0
2015-06-23,봄,439.6,112780002.0,21,256.5
2015-06-23,쌈,29.4,26751942.2,20,910.5
2015-06-24,기타,1.6,955849.0,13,581.1
2015-06-24,봄,555.2,137385367.7,28,247.5
2015-06-24,쌈,45.1,29325608.1,24,650.9
2015-06-24,월동,9.5,3933000.0,2,414.0
2015-06-24,절임,0.5,168750.0,1,337.5
2015-06-25,기타,1.3,1054218.0,11,836.7
2015-06-25,기타부산물,0.1,9120.0,1,120.0
2015-06-25,봄,567.2,129603494.0,36,228.5
2015-06-25,쌈,37.6,27888202.9,22,741.8
2015-06-26,기타,2.0,816918.0,13,408.1
2015-06-26,기타부산물,0.1,13520.0,1,130.0
2015-06-26,봄,551.4,143917613.3,35,261.0
2015-06-26,쌈,31.2,33733803.2,23,1080.3
2015-06-26,절임,0.7,236250.0,1,337.5
2015-06-27,기타,0.3,240816.5,6,734.2
2015-06-27,기타부산물,0.2,24640.0,1,140.0
2015-06-27,봄,229.8,68959422.3,15,300.1
2015-06-27,쌈,23.0,26623203.9,19,1156.9
2015-06-27,월동,10.0,5060000.0,2,506.0
2015-06-27,절임,0.5,168750.0,1,337.5
2015-06-29,고랭지,0.2,112800.0,2,587.5
2015-06-29,기타,32.0,24954718.0,17,779.1
2015-06-29,기타부산물,0.1,15200.0,1,200.0
2015-06-29,봄,728.8,168233902.7,26,230.8
2015-06-29,쌈,44.5,49042650.2,26,1103.3
2015-06-29,월동,9.5,3800000.0,1,400.0
2015-06-30,기타,2.8,1065894.5,17,379.9
2015-06-30,기타부산물,0.1,12240.0,1,180.0
2015-06-30,봄,614.3,169057152.7,28,275.2
2015-06-30,쌈,46.1,40193724.5,25,872.6
2015-06-30,절임,0.2,62500.0,1,312.5
2015-07-01,기타,2.5,1056893.0,10,425.1
2015-07-01,기타부산물,0.2,19600.0,1,100.0
2015-07-01,봄,155.9,65238001.7,18,418.5
2015-07-01,쌈,35.3,22979462.8,21,650.4
2015-07-01,여름,412.3,84105618.3,16,204.0
2015-07-01,월동,9.7,5655000.0,2,583.0
2015-07-02,기타,1.3,915869.5,12,706.1
2015-07-02,봄,18.0,11592000.0,4,644.0
2015-07-02,쌈,25.5,19066100.9,22,749.0
2015-07-02,여름,382.0,98894066.3,18,258.9
2015-07-03,기타,1.6,1063968.0,15,676.8
2015-07-03,봄,12.2,6707400.0,4,552.0
2015-07-03,쌈,30.4,25562994.9,23,841.7
2015-07-03,여름,566.7,149619722.7,21,264.0
2015-07-04,기타,0.4,254868.0,9,579.2
2015-07-04,봄,17.0,10635200.0,4,625.6
2015-07-04,쌈,30.8,35151393.0,25,1142.1
2015-07-04,여름,380.1,96188565.3,20,253.1
2015-07-04,절임,0.6,175000.0,1,312.5
2015-07-06,기타,0.5,326144.5,11,613.1
2015-07-06,봄,36.0,21841400.0,6,606.7
2015-07-06,쌈,27.1,30798568.3,21,1134.4
2015-07-06,여름,570.4,149580887.0,25,262.2
2015-07-07,고랭지,0.5,202500.0,1,450.0
2015-07-07,기타,0.6,154161.2,11,269.5
2015-07-07,봄,9.0,5166000.0,2,574.0
2015-07-07,쌈,30.4,34134699.1,22,1123.5
2015-07-07,여름,513.5,152863519.3,19,297.7
2015-07-08,기타,1.1,261935.3,13,234.7
2015-07-08,봄,27.6,17106936.0,2,619.8
2015-07-08,쌈,32.2,33505053.8,25,1042.1
2015-07-08,여름,501.3,128568848.7,18,256.5
2015-07-08,월동,7.2,3614000.0,2,501.9
2015-07-09,기타,0.4,234359.7,12,542.5
2015-07-09,쌈,20.1,24162080.0,15,1199.4
2015-07-09,여름,435.6,108753987.1,17,249.7
2015-07-10,기타,5.3,2991618.0,13,562.0
2015-07-10,봄,18.5,11645000.0,2,629.5
2015-07-10,쌈,29.5,32305828.8,21,1095.6
2015-07-10,여름,357.2,104031010.0,17,291.2
2015-07-11,기타,15.0,8921034.0,16,594.7
2015-07-11,쌈,31.3,30144369.8,30,962.3
2015-07-11,여름,354.1,109742976.7,22,310.0
2015-07-11,절임,1.4,437500.0,1,312.5
2015-07-13,기타,20.2,12910119.5,14,638.7
2015-07-13,쌈,32.2,35157256.0,25,1091.8
2015-07-13,여름,634.0,137908593.7,22,217.5
2015-07-13,월동,9.0,3312000.0,2,368.0
2015-07-14,기타,19.9,11130790.0,16,559.8
2015-07-14,쌈,29.1,32897276.2,19,1130.8
2015-07-14,여름,488.6,117659941.5,26,240.8
2015-07-15,기타,18.8,11323339.5,18,601.6
2015-07-15,쌈,30.7,27244985.7,20,887.7
2015-07-15,여름,640.4,125567758.7,30,196.1
2015-07-15,월동,9.0,3726000.0,2,414.0
2015-07-15,절임,0.6,187500.0,1,312.5
2015-07-16,기타,0.8,459593.0,14,563.9
2015-07-16,봄,9.0,4554000.0,2,506.0
2015-07-16,쌈,38.0,28226477.3,20,743.7
2015-07-16,여름,745.3,121850628.0,28,163.5
2015-07-17,기타,22.7,12019995.0,18,529.7
2015-07-17,쌈,27.9,21685574.1,21,776.6
2015-07-17,여름,480.1,98400439.0,22,205.0
2015-07-17,월동,10.0,2960000.0,2,296.0
2015-07-18,기타,0.8,494474.0,15,602.3
2015-07-18,쌈,23.1,22827018.7,18,986.2
2015-07-18,여름,377.2,71156075.7,23,188.6
2015-07-20,기타,1.5,941900.0,15,646.5
2015-07-20,봄,27.6,13454945.0,2,488.4
2015-07-20,쌈,33.9,24387771.2,20,719.3
2015-07-20,여름,592.8,122351455.7,28,206.4
2015-07-21,기타,1.3,798168.0,18,618.7
2015-07-21,봄,14.5,6536600.0,2,450.8
2015-07-21,쌈,22.6,15953978.2,21,705.8
2015-07-21,여름,653.6,102351413.0,26,156.6
2015-07-21,절임,1.3,406250.0,1,312.5
2015-07-22,기타,9.8,4488579.0,19,457.7
2015-07-22,봄,9.5,3789000.0,2,398.8
2015-07-22,쌈,25.5,18036496.9,20,707.2
2015-07-22,여름,479.6,86116841.0,23,179.6
2015-07-23,기타,1.1,417299.0,17,373.6
2015-07-23,봄,10.4,3584000.0,2,344.6
2015-07-23,쌈,44.9,28868308.7,25,642.3
2015-07-23,여름,566.3,98482690.7,29,173.9
2015-07-23,절임,0.6,187500.0,1,312.5
2015-07-24,고랭지,0.1,80000.0,1,1000.0
2015-07-24,기타,1.0,318940.0,17,314.2
2015-07-24,봄,18.5,8893500.0,2,480.7
2015-07-24,쌈,26.3,17423627.2,19,662.7
2015-07-24,여름,532.3,82190227.3,29,154.4
2015-07-25,기타,9.8,5836465.0,11,597.8
2015-07-25,쌈,20.8,17847730.3,18,857.1
2015-07-25,여름,130.1,1011863349.0,10,7777.6
2015-07-25,절임,0.4,125000.0,1,312.5
2015-07-27,고랭지,19.0,10010750.0,2,527.7
2015-07-27,기타,11.1,3350466.5,16,301.6
2015-07-27,쌈,25.2,20153871.4,21,799.7
2015-07-27,여름,990.7,130658388.3,35,131.9
2015-07-27,절임,0.1,31250.0,1,312.5
2015-07-28,고랭지,7.2,4450000.0,2,621.5
2015-07-28,기타,9.9,4727215.0,18,479.4
2015-07-28,기타부산물,0.1,5600.0,1,100.0
2015-07-28,쌈,39.6,28065202.1,22,708.5
2015-07-28,여름,687.9,95683957.3,24,139.1
2015-07-29,고랭지,27.6,11445300.0,2,413.9
2015-07-29,기타,0.6,201891.5,8,325.1
2015-07-29,쌈,40.8,31405074.2,23,770.6
2015-07-29,여름,636.3,80098297.7,26,125.9
2015-07-29,월동,9.5,3288000.0,2,346.1
2015-07-30,고랭지,9.6,3732400.0,2,388.8
2015-07-30,기타,0.4,134382.5,6,316.2
2015-07-30,쌈,32.5,22840100.7,23,702.1
2015-07-30,여름,406.7,54456470.7,24,133.9
2015-07-30,절임,0.8,234375.0,1,312.5
2015-07-31,고랭지,9.9,4112400.0,3,415.4
2015-07-31,기타,1.7,431967.5,16,253.5
2015-07-31,쌈,29.5,27616986.3,23,937.3
2015-07-31,여름,477.1,92422440.3,19,193.7
2015-07-31,절임,0.2,62500.0,1,312.5
2015-08-03,고랭지,581.9,60517593.7,15,104.0
2015-08-03,기타,0.7,278400.0,5,427.0
2015-08-03,쌈,34.3,32975088.0,26,962.2
2015-08-03,여름,113.1,45736830.0,12,404.4
2015-08-04,고랭지,526.1,562232011.0,27,1068.6
2015-08-04,기타,1.1,375426.4,12,334.0
2015-08-04,쌈,26.4,29043511.6,21,1099.0
2015-08-04,여름,9.9,598950000.0,1,60500.0
2015-08-05,고랭지,501.7,104470278.7,21,208.2
2015-08-05,기타,0.9,334390.0,7,366.7
2015-08-05,쌈,29.4,28486334.8,23,968.1
2015-08-05,여름,9.8,4802000.0,1,490.0
2015-08-05,절임,0.7,203125.0,1,312.5
2015-08-06,고랭지,421.1,1047647850.0,24,2488.2
2015-08-06,기타,0.8,369862.5,8,438.7
2015-08-06,쌈,25.9,24629485.7,18,951.4
2015-08-07,고랭지,425.2,114960163.0,23,270.4
2015-08-07,기타,1.3,579838.6,7,435.0
2015-08-07,쌈,34.7,25683736.7,23,739.8
2015-08-07,절임,0.7,218750.0,1,312.5
2015-08-08,고랭지,392.2,100695498.0,21,256.7
2015-08-08,기타,1.0,348557.2,3,363.5
2015-08-08,쌈,30.6,28542935.2,21,932.5
2015-08-08,절임,0.2,62500.0,1,312.5
2015-08-10,고랭지,645.0,171696074.7,24,266.2
2015-08-10,기타,1.1,459946.0,7,400.6
2015-08-10,쌈,29.9,29791833.3,21,995.6
2015-08-11,고랭지,594.8,130149416.3,24,218.8
2015-08-11,기타,1.3,565604.0,8,425.9
2015-08-11,쌈,30.1,30413033.1,23,1011.3
2015-08-11,절임,0.5,140625.0,1,312.5
2015-08-12,고랭지,672.3,156784756.3,27,233.2
2015-08-12,기타,2.0,1242525.0,9,631.4
2015-08-12,쌈,32.2,28971938.3,23,900.9
2015-08-12,월동,10.0,4040000.0,2,404.0
2015-08-12,절임,0.4,125000.0,1,312.5
2015-08-13,고랭지,392.3,111907377.7,22,285.2
2015-08-13,기타,1.9,1436090.0,5,737.2
2015-08-13,쌈,23.7,25928428.6,21,1095.6
2015-08-13,절임,0.2,62500.0,1,312.5
2015-08-14,고랭지,589.2,2522397723.7,28,4281.1
2015-08-14,기타,3.3,1789297.0,10,549.4
2015-08-14,쌈,31.6,33279018.2,21,1054.2
2015-08-14,월동,9.5,3059000.0,2,322.0
2015-08-15,고랭지,240.3,82551663.3,14,343.6
2015-08-15,기타,2.0,505465.5,7,255.7
2015-08-15,쌈,25.5,28017720.9,22,1098.6
2015-08-15,절임,0.2,62500.0,1,312.5
2015-08-17,고랭지,769.2,184409980.7,28,239.7
2015-08-17,기타,2.2,652602.4,10,299.2
2015-08-17,쌈,40.1,39414839.4,20,983.0
2015-08-18,고랭지,675.0,151029700.3,22,223.7
2015-08-18,기타,2.3,1026000.0,12,444.5
2015-08-18,쌈,32.6,36724490.5,20,1127.9
2015-08-19,고랭지,638.4,139123600.0,27,217.9
2015-08-19,기타,2.7,1472344.7,12,545.9
2015-08-19,쌈,29.2,34353563.7,27,1176.3
2015-08-20,고랭지,555.9,139453689.0,23,250.9
2015-08-20,기타,1.5,575984.4,12,395.6
2015-08-20,쌈,23.9,28541576.9,22,1193.4
2015-08-21,고랭지,570.5,131496041.7,22,230.5
2015-08-21,기타,1.1,421716.0,7,381.6
2015-08-21,쌈,29.2,34578682.1,24,1183.4
2015-08-22,고랭지,428.8,94839081.3,20,221.2
2015-08-22,기타,2.3,1224720.8,8,528.6
2015-08-22,쌈,17.8,22828791.9,18,1283.7
2015-08-22,절임,1.2,375000.0,1,312.5
2015-08-24,고랭지,664.9,154887055.3,22,233.0
2015-08-24,기타,2.6,1300183.2,10,495.5
2015-08-24,쌈,31.6,39365704.9,21,1244.1
2015-08-24,월동,10.0,2940000.0,2,294.0
2015-08-25,고랭지,666.6,166720157.0,26,250.1
2015-08-25,기타,2.6,1455196.0,9,560.6
2015-08-25,쌈,31.7,44814137.4,18,1414.2
2015-08-26,고랭지,193.5,91811969.7,13,474.6
2015-08-26,기타,0.6,199718.0,7,346.7
2015-08-26,쌈,11.6,21509666.6,13,1851.2
2015-08-27,고랭지,803.9,184570376.0,21,229.6
2015-08-27,기타,1.8,1046227.6,7,587.1
2015-08-27,쌈,27.4,52444810.9,20,1915.5
2015-08-27,절임,0.5,156250.0,1,312.5
2015-08-28,고랭지,950.1,177562995.0,29,186.9
2015-08-28,기타,1.2,496672.9,10,428.9
2015-08-28,쌈,30.7,38943986.3,21,1268.0
2015-08-28,월동,10.0,2300000.0,2,230.0
2015-08-29,고랭지,617.2,112956120.7,19,183.0
2015-08-29,기타,4.3,1621366.2,13,378.5
2015-08-29,쌈,32.2,41407096.5,20,1286.6
2015-08-29,절임,0.8,234375.0,1,312.5
2015-08-31,고랭지,848.2,146403668.3,23,172.6
2015-08-31,기타,31.0,12692674.8,15,408.8
2015-08-31,쌈,29.1,36346227.7,26,1248.3
2015-08-31,월동,9.0,3510000.0,2,390.0
2015-08-31,절임,0.3,93750.0,1,312.5
2015-09-01,고랭지,798.9,159467092.3,23,199.6
2015-09-01,기타,2.9,1699567.8,12,586.1
2015-09-01,쌈,27.8,30182249.0,25,1086.1
2015-09-01,절임,0.4,125000.0,1,312.5
2015-09-02,고랭지,654.2,123376479.3,24,188.6
2015-09-02,기타,1.9,1033100.0,14,535.6
2015-09-02,쌈,31.4,30648438.2,22,975.9
2015-09-02,절임,0.3,93750.0,1,312.5
2015-09-03,고랭지,906.5,708157567.7,27,781.2
2015-09-03,기타,3.6,3458601.0,15,968.5
2015-09-03,쌈,26.4,24589332.3,20,932.4
2015-09-04,고랭지,889.5,140131932.3,25,157.5
2015-09-04,기타,3.0,3191824.0,10,1051.3
2015-09-04,쌈,29.3,22684206.1,21,774.6
2015-09-05,고랭지,669.4,113426150.0,21,169.4
2015-09-05,기타,8.1,4743441.5,16,584.3
2015-09-05,쌈,29.5,22982693.5,20,778.3
2015-09-07,고랭지,584.0,147342726.3,19,252.3
2015-09-07,기타,1.3,625650.0,10,479.1
2015-09-07,쌈,19.7,18407587.4,17,932.8
2015-09-08,고랭지,845.4,174350280.0,22,206.2
2015-09-08,기타,2.9,2052331.5,18,699.0
2015-09-08,쌈,29.8,24203304.8,23,811.2
2015-09-08,월동,9.0,2484000.0,2,276.0
2015-09-08,절임,1.4,453125.0,1,312.5
2015-09-09,고랭지,874.9,193310942.0,19,220.9
2015-09-09,기타,11.4,5089200.0,9,447.2
2015-09-09,쌈,25.9,20524989.3,19,791.7
2015-09-09,월동,10.0,2412000.0,2,241.2
2015-09-10,고랭지,791.4,167654855.0,21,211.9
2015-09-10,기타,40.6,19922107.0,17,490.8
2015-09-10,쌈,27.9,20227125.7,23,724.2
2015-09-11,고랭지,846.6,178334328.3,25,210.6
2015-09-11,기타,19.4,11492667.5,10,591.4
2015-09-11,쌈,28.6,24175679.7,20,846.7
2015-09-11,월동,9.0,3312000.0,2,368.0
2015-09-12,고랭지,873.1,161208494.0,21,184.6
2015-09-12,기타,1.1,495859.6,11,455.8
2015-09-12,쌈,29.0,20969895.0,24,724.2
2015-09-12,월동,9.5,3059000.0,2,322.0
2015-09-12,절임,0.8,262500.0,1,312.5
2015-09-14,고랭지,1057.5,201651111.0,30,190.7
2015-09-14,기타,0.9,761435.8,15,824.1
2015-09-14,쌈,38.4,33889515.4,24,883.4
2015-09-14,여름,10.0,1800000.0,2,180.0
2015-09-15,고랭지,1093.1,214240542.7,30,196.0
2015-09-15,기타,1.8,710495.0,15,392.1
2015-09-15,쌈,44.9,42147375.0,26,938.7
2015-09-16,고랭지,1013.3,218075645.3,28,215.2
2015-09-16,기타,0.9,723990.5,15,775.2
2015-09-16,쌈,41.4,32245648.0,25,778.4
2015-09-16,월동,9.5,3059000.0,2,322.0
2015-09-17,고랭지,1002.9,230221834.3,29,229.6
2015-09-17,기타,1.2,1149012.5,14,983.7
2015-09-17,쌈,43.4,28195276.9,30,650.2
2015-09-17,절임,1.4,421875.0,1,312.5
2015-09-18,고랭지,1027.9,241803946.0,24,235.2
2015-09-18,기타,1.2,904430.8,12,757.5
2015-09-18,쌈,47.4,33091034.9,35,698.1
2015-09-18,월동,9.0,3312000.0,2,368.0
2015-09-19,고랭지,1082.0,214075245.7,25,197.9
2015-09-19,기타,2.8,1146139.5,23,414.8
2015-09-19,쌈,44.3,25307511.7,28,571.7
2015-09-19,월동,10.0,2760000.0,2,276.0
2015-09-21,고랭지,1091.5,244874885.7,28,224.4
2015-09-21,기타,3.1,2483687.6,19,813.5
2015-09-21,쌈,58.9,39224682.0,34,666.3
2015-09-22,고랭지,1087.4,281635608.0,28,259.0
2015-09-22,기타,4.8,4335317.8,19,895.9
2015-09-22,쌈,54.2,37978195.0,34,700.9
2015-09-22,월동,9.6,4416000.0,2,460.0
2015-09-23,고랭지,1176.0,300910279.0,34,255.9
2015-09-23,기타,11.0,7045688.8,23,641.0
2015-09-23,쌈,50.8,55350597.6,26,1089.4
2015-09-23,절임,2.0,625000.0,1,312.5
2015-09-24,고랭지,915.6,240073437.0,36,262.2
2015-09-24,기타,21.6,13382657.7,26,619.5
2015-09-24,쌈,67.3,66712814.6,31,991.1
2015-09-24,월동,9.0,4140000.0,2,460.0
2015-09-25,고랭지,874.4,183603419.0,29,210.0
2015-09-25,기타,15.8,6089851.4,25,384.4
2015-09-25,쌈,76.2,62305465.1,29,817.2
2015-09-26,고랭지,236.4,29977728.0,17,126.8
2015-09-26,기타,0.4,176200.0,12,438.3
2015-09-26,쌈,28.6,12147885.5,21,424.8
2015-09-30,고랭지,576.0,124366958.0,32,215.9
2015-09-30,기타,0.5,318355.0,11,667.4
2015-09-30,쌈,32.5,35900835.3,18,1103.0
2015-10-01,가을,613.3,81311802.7,14,132.6
2015-10-01,고랭지,87.9,41784200.0,11,475.4
2015-10-01,기타,1.8,1144377.8,10,623.0
2015-10-01,쌈,42.1,37548872.8,26,892.3
2015-10-02,가을,309.6,49598317.7,14,160.2
2015-10-02,고랭지,55.2,27671500.0,7,501.2
2015-10-02,기타,57.6,28343080.0,18,492.4
2015-10-02,쌈,27.5,22796767.2,21,828.6
2015-10-03,가을,655.3,71976097.7,18,109.8
2015-10-03,고랭지,76.5,30599989.0,8,400.3
2015-10-03,기타,47.4,25386425.0,16,535.3
2015-10-03,쌈,29.2,22483656.8,23,768.7
2015-10-05,가을,777.1,90674989.0,19,116.7
2015-10-05,고랭지,83.7,39217620.0,9,468.5
2015-10-05,기타,83.8,38965329.2,22,465.1
2015-10-05,쌈,39.9,27292559.1,23,684.6
2015-10-06,가을,711.3,80094905.3,25,112.6
2015-10-06,고랭지,64.5,29934550.0,6,464.1
2015-10-06,기타,68.3,30756998.8,26,450.3
2015-10-06,쌈,43.6,26198125.7,26,601.1
2015-10-06,절임,0.7,218750.0,1,312.5
2015-10-07,가을,548.9,74117488.0,30,135.0
2015-10-07,고랭지,45.3,18076650.0,6,399.0
2015-10-07,기타,39.0,18328767.5,21,470.1
2015-10-07,쌈,59.9,30276824.1,29,505.6
2015-10-07,절임,0.8,250000.0,1,312.5
2015-10-08,가을,603.7,67548615.0,30,111.9
2015-10-08,고랭지,9.0,3726000.0,2,414.0
2015-10-08,기타,38.2,16606490.8,20,434.6
2015-10-08,쌈,27.7,13346999.7,26,481.3
2015-10-09,가을,465.1,60361378.3,28,129.8
2015-10-09,고랭지,9.0,4057200.0,2,450.8
2015-10-09,기타,38.1,18530150.5,17,485.9
2015-10-09,쌈,29.7,13255559.8,27,445.7
2015-10-09,월동,9.5,2185000.0,2,230.0
2015-10-09,절임,0.5,156250.0,1,312.5
2015-10-10,가을,354.6,49771976.3,22,140.4
2015-10-10,고랭지,9.0,4305600.0,2,478.4
2015-10-10,기타,57.2,27140214.2,23,474.1
2015-10-10,쌈,24.1,10358690.6,21,429.6
2015-10-12,가을,597.1,74705843.7,24,125.1
2015-10-12,고랭지,18.2,7718800.0,3,424.1
2015-10-12,기타,74.6,32309650.0,19,433.3
2015-10-12,쌈,27.5,16579289.0,23,603.9
2015-10-12,절임,1.0,312500.0,1,312.5
2015-10-13,가을,601.0,72038783.7,36,119.9
2015-10-13,고랭지,9.0,3560400.0,2,395.6
2015-10-13,기타,74.8,29825820.0,23,398.6
2015-10-13,쌈,37.8,26150724.0,26,692.6
2015-10-14,가을,526.0,60186599.7,28,114.4
2015-10-14,고랭지,27.9,10395200.0,6,372.6
2015-10-14,기타,59.1,22636946.4,29,382.9
2015-10-14,쌈,41.2,23749462.0,28,576.1
2015-10-14,월동,9.7,2677200.0,2,276.0
2015-10-14,절임,0.4,125000.0,1,312.5
2015-10-15,가을,684.5,72089048.7,29,105.3
2015-10-15,고랭지,29.0,9379400.0,4,323.4
2015-10-15,기타,48.8,18988941.5,28,389.5
2015-10-15,쌈,35.9,20213121.5,27,562.7
2015-10-15,월동,9.5,1922800.0,2,202.4
2015-10-15,절임,0.3,93750.0,1,312.5
2015-10-16,가을,517.6,59007446.3,33,114.0
2015-10-16,고랭지,19.5,7242000.0,4,371.4
2015-10-16,기타,76.2,25605247.2,21,335.8
2015-10-16,쌈,47.1,24207299.2,28,513.5
2015-10-16,절임,0.3,93750.0,1,312.5
2015-10-17,가을,408.5,38592915.0,23,94.5
2015-10-17,고랭지,9.5,2447200.0,2,257.6
2015-10-17,기타,39.7,15254757.5,16,384.0
2015-10-17,쌈,32.1,18508675.8,23,576.8
2015-10-19,가을,532.3,59091562.0,32,111.0
2015-10-19,고랭지,19.5,5924200.0,3,303.8
2015-10-19,기타,59.1,21152941.4,32,357.8
2015-10-19,쌈,40.5,22307998.0,24,551.0
2015-10-19,절임,0.4,125000.0,1,312.5
2015-10-20,가을,612.9,71762617.3,39,117.1
2015-10-20,고랭지,19.5,6467600.0,4,331.7
2015-10-20,기타,51.9,18804081.7,25,362.5
2015-10-20,쌈,30.3,17323148.3,24,570.9
2015-10-21,가을,585.6,60608145.0,34,103.5
2015-10-21,기타,79.3,25645125.7,28,323.5
2015-10-21,쌈,34.9,18640800.3,25,534.0
2015-10-21,절임,0.6,187500.0,1,312.5
2015-10-22,가을,510.6,48366581.3,37,94.7
2015-10-22,고랭지,9.5,2651000.0,2,279.1
2015-10-22,기타,67.0,19030227.5,19,284.0
2015-10-22,쌈,33.2,16938711.9,25,510.0
2015-10-22,월동,9.8,2073680.0,2,211.6
2015-10-23,가을,484.8,50317925.7,39,103.8
2015-10-23,고랭지,19.5,5977500.0,4,306.5
2015-10-23,기타,39.6,14450575.4,22,364.7
2015-10-23,쌈,38.7,21966839.5,27,567.5
2015-10-23,절임,0.4,137500.0,1,312.5
2015-10-24,가을,464.0,44506587.3,29,95.9
2015-10-24,고랭지,19.0,5990900.0,2,315.3
2015-10-24,기타,29.5,14943350.0,16,506.5
2015-10-24,쌈,39.5,21756734.8,30,551.3
2015-10-26,가을,601.9,56963249.0,32,94.6
2015-10-26,고랭지,17.6,5181440.0,4,294.4
2015-10-26,기타,67.7,25808762.5,34,381.2
2015-10-26,쌈,50.4,27452138.5,25,545.0
2015-10-26,월동,9.0,7452000.0,2,828.0
2015-10-27,가을,432.9,49841092.7,30,115.1
2015-10-27,고랭지,18.5,6545800.0,4,353.8
2015-10-27,기타,58.4,23000115.1,25,394.0
2015-10-27,기타부산물,0.1,11040.0,1,120.0
2015-10-27,쌈,42.3,20931644.0,23,495.1
2015-10-27,월동,9.5,2185000.0,2,230.0
2015-10-28,가을,397.2,49278622.7,28,124.1
2015-10-28,고랭지,9.5,3321200.0,2,349.6
2015-10-28,기타,22.3,13377080.0,19,600.4
2015-10-28,쌈,24.9,14818483.9,19,594.6
2015-10-28,월동,9.5,2185000.0,2,230.0
2015-10-28,절임,0.9,281250.0,1,312.5
2015-10-29,가을,660.0,67568858.0,36,102.4
2015-10-29,고랭지,27.8,9530400.0,4,342.8
2015-10-29,기타,78.0,27995616.7,26,359.0
2015-10-29,쌈,26.0,20189884.8,22,776.5
2015-10-29,월동,9.0,2000000.0,2,222.2
2015-10-29,절임,0.5,156250.0,1,312.5
2015-10-30,가을,660.0,62430056.7,36,94.6
2015-10-30,고랭지,9.3,3016400.0,3,323.6
2015-10-30,기타,57.2,20723080.0,27,362.4
2015-10-30,기타부산물,0.0,3080.0,1,110.0
2015-10-30,쌈,41.9,30516479.8,26,729.1
2015-10-30,월동,9.5,1922800.0,2,202.4
2015-10-30,절임,0.5,156250.0,1,312.5
2015-10-31,가을,417.6,40472700.7,24,96.9
2015-10-31,고랭지,9.5,2971600.0,2,312.8
2015-10-31,기타,41.4,18623363.8,22,449.8
2015-10-31,쌈,32.2,24651724.7,25,765.6
2015-11-02,가을,685.6,90935933.7,53,132.6
2015-11-02,고랭지,18.5,5257800.0,4,284.2
2015-11-02,기타,4.1,6909354.0,17,1689.3
2015-11-02,쌈,48.4,32721049.9,35,676.1
2015-11-02,절임,0.5,137500.0,1,275.0
2015-11-03,가을,794.5,85565735.3,51,107.7
2015-11-03,고랭지,18.6,5607000.0,3,301.5
2015-11-03,기타,2.2,1777313.7,21,820.2
2015-11-03,쌈,40.8,25966545.0,30,636.8
2015-11-04,가을,584.2,76516143.7,49,131.0
2015-11-04,고랭지,9.5,3321200.0,2,349.6
2015-11-04,기타,2.6,7190927.3,17,2715.6
2015-11-04,기타부산물,0.0,4320.0,1,180.0
2015-11-04,쌈,47.4,27652111.3,31,583.0
2015-11-04,월동,9.5,2796800.0,2,294.4
2015-11-04,절임,1.5,420000.0,2,280.0
2015-11-05,가을,658.4,80436297.3,48,122.2
2015-11-05,고랭지,27.5,9278200.0,6,337.4
2015-11-05,기타,3.9,10952775.0,13,2843.4
2015-11-05,기타부산물,0.2,38940.0,1,165.0
2015-11-05,쌈,40.1,21802485.6,32,543.1
2015-11-05,절임,0.6,165000.0,1,275.0
2015-11-06,가을,685.8,88431083.0,51,129.0
2015-11-06,고랭지,9.5,2796800.0,2,294.4
2015-11-06,기타,4.2,10885294.4,19,2594.2
2015-11-06,쌈,41.3,23789835.7,32,576.1
2015-11-06,절임,1.2,2424000.0,3,1986.9
2015-11-07,가을,582.5,86964168.0,49,149.3
2015-11-07,고랭지,28.1,9532360.0,5,338.6
2015-11-07,기타,3.7,9406400.0,17,2531.3
2015-11-07,기타부산물,0.1,10080.0,1,180.0
2015-11-07,쌈,36.8,20978886.5,30,570.0
2015-11-07,절임,3.1,3066000.0,5,1002.0
2015-11-09,가을,446.9,81446176.7,34,182.2
2015-11-09,기타,23.8,18167033.3,22,764.0
2015-11-09,기타부산물,0.0,5760.0,1,160.0
2015-11-09,쌈,45.4,22832314.2,28,502.5
2015-11-09,절임,9.7,8197500.0,5,841.6
2015-11-10,가을,742.5,101286401.0,48,136.4
2015-11-10,고랭지,19.1,6577200.0,4,344.4
2015-11-10,기타,3.2,3164676.7,23,991.8
2015-11-10,기타부산물,0.0,1920.0,1,160.0
2015-11-10,쌈,20.9,15313595.5,23,731.4
2015-11-10,월동,9.2,2539200.0,2,276.0
2015-11-10,절임,2.0,579000.0,3,282.4
2015-11-11,가을,903.4,104945520.7,68,116.2
2015-11-11,고랭지,27.5,8496200.0,6,309.0
2015-11-11,기타,2.6,2809938.9,19,1095.9
2015-11-11,쌈,27.6,22745780.0,22,825.3
2015-11-11,월동,9.6,1766400.0,2,184.0
2015-11-11,절임,5.7,4127250.0,7,727.9
2015-11-12,가을,777.6,126012929.0,58,162.1
2015-11-12,고랭지,36.9,12749800.0,7,345.5
2015-11-12,기타,2.2,1998006.0,13,921.2
2015-11-12,기타부산물,0.0,1920.0,1,120.0
2015-11-12,쌈,50.1,30889500.6,27,616.1
2015-11-12,절임,5.4,3260750.0,3,605.0
2015-11-13,가을,958.5,185454662.3,69,193.5
2015-11-13,고랭지,55.5,23130340.0,8,416.8
2015-11-13,기타,2.3,8635189.0,14,3784.0
2015-11-13,쌈,49.4,29287783.2,33,593.0
2015-11-13,절임,13.9,12103000.0,8,868.8
2015-11-14,가을,718.8,181550023.7,50,252.6
2015-11-14,고랭지,34.1,17732400.0,7,520.0
2015-11-14,기타,7.9,17859600.0,14,2273.1
2015-11-14,기타부산물,0.0,440.0,1,110.0
2015-11-14,쌈,32.2,19161196.1,26,595.9
2015-11-14,절임,26.7,24534093.8,12,919.6
2015-11-16,가을,1521.1,260262319.0,86,171.1
2015-11-16,기타,2.0,3347150.0,10,1676.9
2015-11-16,기타부산물,0.0,4200.0,1,350.0
2015-11-16,쌈,34.2,22485261.5,35,657.9
2015-11-16,절임,21.2,16648000.0,9,786.4
2015-11-17,가을,1141.7,200740770.7,67,175.8
2015-11-17,기타,2.5,2142524.5,15,850.9
2015-11-17,쌈,34.9,22101839.1,28,632.7
2015-11-17,절임,16.9,17572723.5,8,1040.4
2015-11-18,가을,1275.9,201792964.7,90,158.2
2015-11-18,기타,1.6,1339720.2,15,814.4
2015-11-18,쌈,32.3,16209000.2,27,501.1
2015-11-18,월동,9.9,3643200.0,2,368.0
2015-11-18,절임,13.8,8163000.0,11,589.4
2015-11-19,가을,1020.2,190856533.3,67,187.1
2015-11-19,기타,3.1,4672355.2,16,1486.6
2015-11-19,쌈,31.2,18474744.6,24,592.8
2015-11-19,절임,24.7,32476616.0,10,1316.4
2015-11-20,가을,1266.8,287654292.7,70,227.1
2015-11-20,기타,4.5,7980157.2,18,1758.5
2015-11-20,쌈,23.7,13655915.2,15,576.4
2015-11-20,절임,29.1,14365150.0,12,494.5
2015-11-23,가을,3484.9,798850828.0,66,229.2
2015-11-23,쌈,10.4,2246090.0,9,216.1
2015-11-23,절임,92.3,69641485.0,8,754.5
2015-12-03,가을,1214.8,189355759.0,26,155.9
2015-12-03,고랭지,0.3,35000.0,1,100.0
2015-12-03,기타,7.1,14763726.7,9,2072.4
2015-12-03,쌈,3.6,1938872.7,11,537.5
2015-12-03,월동,10.0,1932000.0,2,193.2
2015-12-03,절임,28.3,25590018.0,4,903.0
2015-12-04,가을,807.6,152160365.7,26,188.4
2015-12-04,기타,8.7,17706400.0,11,2046.5
2015-12-04,쌈,4.5,1703140.1,7,375.6
2015-12-04,월동,9.5,2622000.0,2,276.0
2015-12-04,절임,57.5,32909679.0,5,572.8
2015-12-05,가을,776.0,115518122.7,22,148.9
2015-12-05,기타,0.6,949300.0,10,1598.1
2015-12-05,쌈,2.7,1641644.6,8,604.2
2015-12-05,절임,65.6,43919434.8,5,669.7
2015-12-07,가을,890.8,881655791.7,19,989.8
2015-12-07,기타,12.5,24558125.2,16,1963.2
2015-12-07,쌈,11.8,5015142.0,14,425.8
2015-12-07,월동,18.6,4449120.0,2,239.2
2015-12-07,절임,24.9,21098278.0,4,846.3
2015-12-08,가을,667.0,70505885.3,19,105.7
2015-12-08,기타,3.9,6102035.7,18,1565.4
2015-12-08,쌈,4.5,1933520.8,9,432.6
2015-12-08,월동,16.5,6490000.0,2,393.3
2015-12-08,절임,16.5,4793981.5,2,290.4
2015-12-09,가을,607.1,68106492.7,18,112.2
2015-12-09,기타,4.5,7068540.9,17,1584.5
2015-12-09,기타부산물,0.9,1314000.0,1,1460.0
2015-12-09,쌈,8.9,3290374.9,15,369.3
2015-12-09,절임,15.2,15982890.8,4,1048.7
2015-12-10,가을,471.6,71510757.7,20,151.6
2015-12-10,기타,3.9,4583710.0,21,1161.9
2015-12-10,기타부산물,0.8,1185000.0,1,1580.0
2015-12-10,쌈,6.7,3198616.4,17,479.6
2015-12-10,절임,11.7,5467735.2,3,465.7
2015-12-11,가을,605.1,74883052.3,21,123.7
2015-12-11,기타,5.2,9027721.1,15,1736.1
2015-12-11,기타부산물,3.4,4185600.0,2,1223.9
2015-12-11,쌈,8.3,3371433.1,13,408.6
2015-12-11,월동,9.0,2070000.0,2,230.0
2015-12-11,절임,18.9,15268861.8,4,806.6
2015-12-12,가을,538.8,67719214.7,22,125.7
2015-12-12,기타,5.2,8318092.4,18,1605.5
2015-12-12,기타부산물,1.5,1425000.0,1,950.0
2015-12-12,쌈,13.2,4230706.4,16,320.9
2015-12-12,절임,18.0,9344329.5,4,519.7
2015-12-14,가을,620.2,91374325.0,9,147.3
2015-12-14,기타,3.4,3184817.3,16,933.7
2015-12-14,기타부산물,4.3,4594875.0,3,1071.1
2015-12-14,쌈,6.2,1402586.2,15,226.4
2015-12-14,절임,10.9,6686905.0,4,612.4
2015-12-16,가을,519.0,71161888.3,7,137.1
2015-12-16,기타,2.9,3302618.2,18,1141.6
2015-12-16,기타부산물,3.9,3852000.0,2,987.7
2015-12-16,쌈,7.9,4748011.6,9,601.8
2015-12-16,월동,9.5,2622000.0,2,276.0
2015-12-16,절임,3.0,819500.0,2,275.0
2015-12-17,가을,439.3,54678510.7,9,124.5
2015-12-17,기타,3.3,3626995.8,24,1107.8
2015-12-17,기타부산물,4.7,4482840.0,2,961.0
2015-12-17,쌈,10.1,4141833.7,17,411.8
2015-12-17,월동,9.5,2622000.0,2,276.0
2015-12-17,절임,12.7,11835750.0,4,930.5
2015-12-18,가을,298.6,30222999.0,6,101.2
2015-12-18,기타,1.6,2078223.0,9,1298.9
2015-12-18,기타부산물,3.2,2934375.0,3,921.0
2015-12-18,쌈,6.2,2651966.4,12,430.3
2015-12-18,절임,8.6,6585000.0,4,765.7
2015-12-19,가을,236.9,39616205.0,5,167.2
2015-12-19,기타,3.0,2937474.8,22,973.6
2015-12-19,기타부산물,2.9,2094750.0,1,712.5
2015-12-19,쌈,7.5,3948524.5,9,525.8
2015-12-19,절임,3.8,2810750.0,2,735.8
2015-12-21,가을,477.8,77704741.0,5,162.6
2015-12-21,기타,0.0,7920.0,1,330.0
2015-12-21,기타부산물,4.1,3831060.0,2,932.1
2015-12-21,쌈,8.9,3741067.4,15,422.6
2015-12-21,절임,5.8,1618500.0,2,281.0
2015-12-22,가을,517.9,75138387.0,7,145.1
2015-12-22,기타,3.4,3140404.0,23,918.5
2015-12-22,기타부산물,7.1,6634620.0,2,937.1
2015-12-22,쌈,11.2,4950513.7,16,441.0
2015-12-22,월동,9.3,2566800.0,2,276.0
2015-12-22,절임,0.6,75000.0,1,125.0
2015-12-23,가을,459.2,69669639.0,9,151.7
2015-12-23,기타,2.9,3821565.0,22,1321.0
2015-12-23,기타부산물,4.2,4158900.0,2,986.7
2015-12-23,쌈,5.5,4097706.3,10,741.7
2015-12-23,절임,3.3,5955000.0,2,1804.5
2015-12-24,가을,278.3,33563251.0,5,120.6
2015-12-24,기타,2.3,2082200.0,19,900.2
2015-12-24,기타부산물,5.4,4642650.0,1,855.0
2015-12-24,쌈,9.9,4546987.8,14,458.8
2015-12-24,월동,9.5,2014000.0,2,212.0
2015-12-24,절임,0.8,220000.0,1,275.0
2015-12-25,가을,194.7,30253979.3,7,155.4
2015-12-25,기타,4.1,4157478.8,21,1013.5
2015-12-25,기타부산물,6.2,4460455.5,3,718.3
2015-12-25,쌈,7.9,4062401.2,10,512.6
2015-12-25,절임,6.1,4780000.0,3,786.2
2015-12-26,가을,167.6,28217386.7,5,168.3
2015-12-26,기타,1.5,1197032.5,15,775.3
2015-12-26,기타부산물,3.2,2455920.0,1,758.0
2015-12-26,쌈,7.4,2002263.6,12,271.2
2015-12-26,절임,0.4,800000.0,1,2000.0
2015-12-28,가을,302.5,72393592.0,5,239.3
2015-12-28,기타,4.1,3949566.8,10,955.4
2015-12-28,기타부산물,8.0,6808710.0,2,846.9
2015-12-28,쌈,1.8,1268809.4,6,716.0
2015-12-29,가을,515.4,89702501.7,8,174.1
2015-12-29,기타,5.0,4294161.5,20,866.3
2015-12-29,기타부산물,2.6,2279761.5,2,883.6
2015-12-29,쌈,13.3,8189646.3,16,615.0
2015-12-29,절임,0.8,565000.0,2,706.2
2015-12-30,가을,363.3,64926415.0,9,178.7
2015-12-30,기타,4.8,3377457.0,17,711.0
2015-12-30,기타부산물,0.5,653400.0,1,1320.0
2015-12-30,쌈,11.7,7709580.8,13,657.0
2015-12-30,월동,9.5,3496000.0,2,368.0
2015-12-30,절임,0.5,137500.0,1,275.0
2015-12-31,가을,279.5,52993430.7,13,189.6
2015-12-31,기타,6.6,4805664.7,20,724.1
2015-12-31,기타부산물,2.8,4384920.0,2,1571.7
2015-12-31,쌈,8.5,3589190.5,12,424.5
2015-12-31,절임,1.7,467500.0,1,275.0
2016-01-04,가을,29.1,11615000.0,2,399.8
2016-01-04,기타,1.7,1880320.0,9,1134.8
2016-01-04,기타부산물,3.9,7303125.0,2,1865.4
2016-01-04,쌈,11.3,4782391.6,14,422.6
2016-01-04,월동,549.6,111607761.3,9,203.1
2016-01-05,가을,9.0,3936000.0,2,437.3
2016-01-05,기타,4.3,4885950.0,12,1126.6
2016-01-05,기타부산물,9.9,11500072.5,3,1163.4
2016-01-05,봄,1.8,2760000.0,3,1533.3
2016-01-05,쌈,41.3,24701481.1,24,597.6
2016-01-05,월동,375.9,70682564.3,9,188.0
2016-01-06,가을,18.4,7890000.0,2,427.6
2016-01-06,기타,4.6,5032112.5,15,1103.8
2016-01-06,기타부산물,5.1,4159650.0,3,822.9
2016-01-06,쌈,4.8,2200656.9,10,455.2
2016-01-06,월동,334.1,68150612.7,11,204.0
2016-01-06,절임,0.5,137500.0,1,275.0
2016-01-07,가을,18.9,5858250.0,2,310.8
2016-01-07,기타,2.9,2510565.8,16,870.5
2016-01-07,기타부산물,5.6,5641656.0,3,1005.6
2016-01-07,쌈,9.4,3693517.3,13,392.6
2016-01-07,월동,320.2,59185453.0,14,184.8
2016-01-07,절임,0.5,137500.0,1,275.0
2016-01-08,가을,9.3,3220000.0,2,344.4
2016-01-08,기타,2.3,2628306.0,22,1136.3
2016-01-08,기타부산물,5.2,5877444.0,3,1129.2
2016-01-08,쌈,8.7,1139079.7,14,130.8
2016-01-08,월동,337.6,57946573.3,9,171.6
2016-01-09,가을,4.7,1608800.0,2,344.5
2016-01-09,기타,3.6,3712210.0,18,1017.0
2016-01-09,기타부산물,7.0,5625090.0,2,797.9
2016-01-09,쌈,7.6,4115974.8,13,542.1
2016-01-09,월동,283.3,36159188.0,9,127.6
2016-01-09,절임,1.0,275000.0,1,275.0
2016-01-11,가을,28.0,9912000.0,2,354.0
2016-01-11,기타,4.8,5327881.7,17,1099.4
2016-01-11,기타부산물,8.2,6577875.0,2,803.2
2016-01-11,쌈,7.3,4915797.1,13,671.4
2016-01-11,월동,401.9,64871338.3,12,161.4
2016-01-12,기타,7.9,7104167.9,31,894.5
2016-01-12,기타부산물,10.9,8588850.0,4,784.4
2016-01-12,쌈,16.6,11318296.0,10,680.8
2016-01-12,월동,257.1,40930688.3,7,159.2
2016-01-12,절임,0.7,192500.0,1,275.0
2016-01-13,가을,9.3,3995000.0,2,429.6
2016-01-13,기타,5.3,4492453.0,21,849.2
2016-01-13,기타부산물,2.0,2098200.0,2,1051.7
2016-01-13,쌈,6.6,2797670.1,9,422.7
2016-01-13,월동,250.9,43642990.0,9,173.9
2016-01-14,기타,5.8,5030668.0,17,864.2
2016-01-14,기타부산물,4.9,5407050.0,2,1105.7
2016-01-14,쌈,12.3,3373298.1,10,274.9
2016-01-14,월동,270.9,48854040.0,8,180.3
2016-01-14,절임,1.0,275000.0,1,275.0
2016-01-15,가을,19.0,8613000.0,2,453.3
2016-01-15,기타,3.4,2797595.7,16,824.0
2016-01-15,기타부산물,10.2,9744150.0,5,951.1
2016-01-15,쌈,11.3,4518442.5,13,399.6
2016-01-15,월동,316.1,55312786.0,9,175.0
2016-01-16,기타,4.7,3214671.0,23,685.6
2016-01-16,기타부산물,8.7,8026074.0,4,917.8
2016-01-16,쌈,9.3,4094013.2,10,439.4
2016-01-16,월동,231.6,34601490.0,10,149.4
2016-01-16,절임,1.3,357500.0,1,275.0
2016-01-18,기타,4.1,3463866.6,16,843.6
2016-01-18,기타부산물,7.1,5779444.5,2,818.0
2016-01-18,쌈,9.0,4305825.2,10,480.1
2016-01-18,월동,347.2,61071867.7,14,175.9
2016-01-19,가을,9.3,3740000.0,1,400.0
2016-01-19,기타,4.4,3470663.0,21,796.9
2016-01-19,기타부산물,5.3,5156197.5,1,968.3
2016-01-19,쌈,6.5,2734364.5,11,419.8
2016-01-19,월동,196.6,50282735.3,12,255.8
2016-01-19,절임,0.9,247500.0,1,275.0
2016-01-20,가을,10.0,4784000.0,2,478.4
2016-01-20,기타부산물,5.7,5027475.0,2,889.0
2016-01-20,쌈,3.1,546513.2,5,175.8
2016-01-20,월동,252.1,549645628.0,9,2180.2
2016-01-20,절임,0.3,82500.0,1,275.0
2016-01-21,가을,3.3,1644500.0,2,496.8
2016-01-21,기타부산물,4.9,5636241.0,2,1156.2
2016-01-21,쌈,4.6,653357.8,9,141.1
2016-01-21,월동,161.7,37230116.7,9,230.3
2016-01-22,가을,27.0,15678000.0,2,580.7
2016-01-22,기타부산물,22.4,25116624.0,2,1123.0
2016-01-22,쌈,13.0,2204787.6,8,170.2
2016-01-22,월동,772.7,215278018.0,10,278.6
2016-01-22,절임,0.9,247500.0,1,275.0
2016-01-23,기타부산물,6.1,5815597.5,3,947.9
2016-01-23,쌈,1.8,723652.6,5,399.8
2016-01-23,월동,276.5,71912918.7,11,260.1
2016-01-25,기타부산물,1.9,2551500.0,1,1350.0
2016-01-25,쌈,2.9,791736.6,5,274.9
2016-01-25,월동,285.6,78951216.0,13,276.4
2016-01-25,절임,0.4,110000.0,1,275.0
2016-01-26,가을,10.0,6624000.0,2,662.4
2016-01-26,기타부산물,1.9,2819880.0,1,1492.0
2016-01-26,쌈,4.4,961793.1,6,220.8
2016-01-26,월동,309.4,82767088.7,9,267.5
2016-01-27,기타부산물,0.6,818250.0,1,1435.5
2016-01-27,쌈,3.4,838555.6,10,250.2
2016-01-27,월동,318.4,82764204.0,6,259.9
2016-01-28,가을,18.6,11004400.0,2,591.6
2016-01-28,기타,7.5,3450000.0,2,460.0
2016-01-28,기타부산물,3.5,6061500.0,2,1749.4
2016-01-28,쌈,5.2,1141577.9,11,219.8
2016-01-28,월동,350.6,102650886.3,9,292.8
2016-01-28,절임,0.4,800000.0,1,2000.0
2016-01-29,가을,10.2,6568800.0,2,644.0
2016-01-29,기타부산물,3.9,5036700.0,2,1296.4
2016-01-29,쌈,7.3,5701023.2,14,785.5
2016-01-29,월동,443.6,119816889.7,16,270.1
2016-01-29,절임,0.9,247500.0,1,275.0
2016-02-01,가을,18.6,10565550.0,2,568.0
2016-02-01,기타,1.1,1136000.0,1,1000.0
2016-02-01,기타부산물,5.0,5589684.0,3,1119.1
2016-02-01,쌈,9.5,2627480.5,12,277.0
2016-02-01,월동,687.9,148735729.3,13,216.2
2016-02-02,기타부산물,12.0,8111850.0,5,677.6
2016-02-02,쌈,4.4,1692758.3,9,386.0
2016-02-02,월동,475.1,104843809.0,8,220.7
2016-02-02,절임,0.5,137500.0,1,275.0
2016-02-03,가을,18.6,11844200.0,2,636.8
2016-02-03,기타부산물,7.0,3705415.5,3,526.7
2016-02-03,쌈,18.6,6908422.2,9,371.9
2016-02-03,월동,347.6,87053166.7,7,250.4
2016-02-03,절임,0.5,137500.0,1,275.0
2016-02-04,가을,28.1,15384280.0,2,547.5
2016-02-04,기타,9.6,3780000.0,2,393.8
2016-02-04,기타부산물,6.3,4406538.0,1,697.8
2016-02-04,쌈,14.9,2623488.6,9,175.9
2016-02-04,월동,373.3,90155583.7,13,241.5
2016-02-04,절임,0.5,137500.0,1,275.0
2016-02-05,기타,0.0,8000.0,1,400.0
2016-02-05,기타부산물,4.2,3124515.0,3,745.0
2016-02-05,쌈,10.8,1682395.3,7,155.2
2016-02-05,월동,420.6,98160443.7,8,233.4
2016-02-05,절임,0.5,137500.0,1,275.0
2016-02-06,기타부산물,0.2,33750.0,1,150.0
2016-02-06,쌈,7.2,1837621.5,11,256.1
2016-02-06,월동,165.6,40609232.3,7,245.3
2016-02-11,가을,18.9,13425850.0,2,710.4
2016-02-11,기타부산물,4.8,4498762.5,3,931.4
2016-02-11,쌈,4.7,1239165.4,8,264.7
2016-02-11,월동,259.1,72150145.7,7,278.4
2016-02-12,가을,18.6,13710760.0,2,737.1
2016-02-12,기타부산물,1.4,1204800.0,2,873.0
2016-02-12,쌈,7.7,1146021.5,9,149.7
2016-02-12,월동,283.3,72664901.3,7,256.5
2016-02-13,기타부산물,0.8,914850.0,2,1145.0
2016-02-13,쌈,7.8,1156848.0,6,149.1
2016-02-13,월동,149.3,42830944.0,5,286.8
2016-02-15,가을,18.5,15197000.0,2,821.5
2016-02-15,기타부산물,3.3,3204441.0,2,975.5
2016-02-15,쌈,9.0,1266722.6,10,141.2
2016-02-15,월동,526.7,176780369.7,11,335.7
2016-02-16,가을,19.3,15404400.0,2,798.2
2016-02-16,기타,9.0,4968000.0,2,552.0
2016-02-16,기타부산물,1.3,525000.0,2,416.7
2016-02-16,쌈,3.8,641383.5,6,168.1
2016-02-16,월동,323.3,113061551.3,7,349.7
2016-02-16,절임,0.6,165000.0,1,275.0
2016-02-17,가을,9.6,7812000.0,2,813.8
2016-02-17,봄,2.1,4830000.0,1,2300.0
2016-02-17,쌈,33.7,32407911.4,16,960.5
2016-02-17,월동,457.0,116044791.7,9,253.9
2016-02-17,절임,0.6,165000.0,1,275.0
2016-02-18,가을,18.5,13520000.0,2,730.8
2016-02-18,기타부산물,2.0,2778037.5,1,1392.5
2016-02-18,봄,3.1,5655000.0,2,1795.2
2016-02-18,쌈,15.2,19505297.3,17,1280.6
2016-02-18,월동,286.6,56364356.3,6,196.7
2016-02-19,가을,10.0,6440000.0,2,644.0
2016-02-19,기타,0.6,123200.0,1,200.0
2016-02-19,기타부산물,3.0,4860000.0,1,1620.0
2016-02-19,봄,2.0,3363000.0,2,1698.5
2016-02-19,쌈,47.2,35118496.2,21,744.6
2016-02-19,월동,436.8,122990228.7,11,281.6
2016-02-19,절임,0.8,233750.0,1,275.0
2016-02-20,기타부산물,3.0,4064310.0,2,1334.7
2016-02-20,봄,2.6,3924000.0,2,1486.4
2016-02-20,쌈,30.5,24476317.8,18,802.9
2016-02-20,월동,209.8,59108363.3,8,281.8
2016-02-22,가을,10.0,6716000.0,2,671.6
2016-02-22,기타부산물,9.4,10685250.0,3,1139.8
2016-02-22,봄,9.1,10516200.0,2,1160.7
2016-02-22,쌈,33.5,22156189.8,22,662.2
2016-02-22,월동,423.9,147148286.7,11,347.2
2016-02-22,절임,1.3,406250.0,1,312.5
2016-02-23,가을,9.5,9135000.0,2,961.6
2016-02-23,기타부산물,8.5,6814178.0,4,802.4
2016-02-23,봄,2.8,4384125.0,2,1563.0
2016-02-23,쌈,18.3,17166566.8,18,936.2
2016-02-23,월동,406.7,108144485.3,10,265.9
2016-02-23,절임,0.7,218750.0,1,312.5
2016-02-24,가을,19.1,18375000.0,2,962.0
2016-02-24,기타,7.9,3739845.2,24,475.7
2016-02-24,기타부산물,1.1,1271250.0,3,1145.3
2016-02-24,봄,2.3,3873000.0,2,1655.1
2016-02-24,쌈,25.7,22441514.4,19,871.7
2016-02-24,월동,397.6,116425037.7,21,292.8
2016-02-24,절임,0.5,159375.0,1,312.5
2016-02-25,가을,10.0,5980000.0,2,598.0
2016-02-25,기타,7.7,3699722.8,20,478.2
2016-02-25,기타부산물,2.0,2912775.0,2,1482.3
2016-02-25,봄,2.1,2940000.0,1,1400.0
2016-02-25,쌈,35.0,29347993.0,21,837.6
2016-02-25,월동,430.5,106911785.3,11,248.3
2016-02-25,절임,0.4,125000.0,1,312.5
2016-02-26,가을,8.2,7544000.0,2,920.0
2016-02-26,기타,5.5,3292572.1,17,603.6
2016-02-26,기타부산물,3.0,4908300.0,2,1611.9
2016-02-26,봄,4.7,6615000.0,1,1400.0
2016-02-26,쌈,52.4,40259642.1,15,768.2
2016-02-26,월동,482.6,119503220.0,10,247.6
2016-02-26,절임,0.5,156250.0,1,312.5
2016-02-27,가을,9.5,8265000.0,2,870.0
2016-02-27,기타,5.8,3786435.3,27,658.2
2016-02-27,기타부산물,3.5,4437480.0,2,1286.2
2016-02-27,봄,3.9,5223600.0,2,1329.2
2016-02-27,쌈,29.0,25940781.6,19,895.9
2016-02-27,월동,232.8,71745639.7,10,308.3
2016-02-27,절임,1.0,312500.0,1,312.5
2016-02-29,기타,6.8,4333768.5,20,636.3
2016-02-29,기타부산물,6.7,7160580.0,2,1063.2
2016-02-29,봄,4.0,7470000.0,2,1844.4
2016-02-29,쌈,15.9,25817817.2,14,1622.9
2016-02-29,월동,395.8,132917979.3,12,335.8
2016-03-01,가을,10.0,10580000.0,2,1058.0
2016-03-01,기타,4.9,2591071.5,21,532.0
2016-03-01,기타부산물,5.7,8049525.0,2,1423.4
2016-03-01,봄,4.2,10284750.0,2,2457.5
2016-03-01,쌈,27.7,43778915.4,23,1582.8
2016-03-01,월동,341.3,93815454.0,9,274.8
2016-03-01,절임,0.8,250000.0,1,312.5
2016-03-02,기타,7.5,5264664.6,19,702.2
2016-03-02,기타부산물,4.9,6955200.0,2,1426.7
2016-03-02,봄,2.0,5144940.0,2,2540.7
2016-03-02,쌈,26.4,34943220.0,22,1322.7
2016-03-02,월동,356.1,140553461.7,17,394.7
2016-03-03,가을,10.0,10856000.0,2,1085.6
2016-03-03,기타,7.6,10586709.6,27,1394.6
2016-03-03,기타부산물,2.0,3296795.5,3,1636.1
2016-03-03,봄,3.5,8509447.5,2,2434.7
2016-03-03,쌈,21.5,31128543.1,25,1448.7
2016-03-03,월동,335.4,128432496.3,15,383.0
2016-03-03,절임,0.3,93750.0,1,312.5
2016-03-04,기타,9.3,8997071.8,30,970.0
2016-03-04,기타부산물,6.7,9907738.5,4,1481.9
2016-03-04,봄,3.5,7434000.0,2,2100.0
2016-03-04,쌈,22.2,25081917.7,15,1130.6
2016-03-04,월동,385.9,165250588.0,13,428.3
2016-03-04,절임,0.6,187500.0,1,312.5
2016-03-05,가을,9.5,8700000.0,2,915.8
2016-03-05,기타,4.9,3164956.5,26,649.0
2016-03-05,기타부산물,4.7,6171542.0,3,1309.2
2016-03-05,봄,1.0,2445466.5,1,2433.3
2016-03-05,쌈,25.2,38798546.7,29,1540.2
2016-03-05,월동,179.6,78693724.3,11,438.2
2016-03-05,절임,0.5,156250.0,1,312.5
2016-03-07,기타,14.5,12994628.8,23,896.7
2016-03-07,기타부산물,4.4,4524780.0,4,1034.5
2016-03-07,봄,3.4,9240000.0,2,2737.8
2016-03-07,쌈,19.1,26475189.7,18,1386.6
2016-03-07,월동,499.2,213095164.2,15,426.9
2016-03-08,가을,9.5,10455000.0,2,1100.5
2016-03-08,기타,5.8,3386274.8,35,586.0
2016-03-08,기타부산물,0.9,555750.0,1,650.0
2016-03-08,봄,3.5,6855000.0,2,1987.0
2016-03-08,쌈,26.8,44771756.9,21,1670.9
2016-03-08,월동,530.5,185299288.0,15,349.3
2016-03-09,가을,2.6,1918800.0,1,738.0
2016-03-09,기타,5.6,4108662.1,22,737.0
2016-03-09,기타부산물,1.5,1713000.0,2,1177.3
2016-03-09,봄,3.4,5400000.0,1,1600.0
2016-03-09,쌈,17.9,22136828.8,21,1233.3
2016-03-09,월동,459.4,142539248.7,18,310.3
2016-03-10,가을,19.6,21291596.0,2,1086.3
2016-03-10,기타,3.2,1953240.2,16,616.6
2016-03-10,기타부산물,3.8,2206500.0,2,579.1
2016-03-10,봄,11.9,14727693.0,2,1238.1
2016-03-10,쌈,20.7,27638694.5,20,1338.2
2016-03-10,월동,196.8,78740824.3,12,400.0
2016-03-11,가을,9.5,8914800.0,2,938.4
2016-03-11,기타,3.0,1664867.7,31,557.6
2016-03-11,기타부산물,3.3,3117075.0,2,940.3
2016-03-11,봄,7.8,11468556.0,3,1473.2
2016-03-11,쌈,24.1,28733361.5,19,1191.9
2016-03-11,월동,315.6,114059030.3,12,361.5
2016-03-12,가을,9.0,9936000.0,2,1104.0
2016-03-12,기타,4.9,3103864.0,22,629.8
2016-03-12,기타부산물,1.2,645000.0,2,537.5
2016-03-12,봄,1.7,2932500.0,1,1700.0
2016-03-12,쌈,19.6,26126275.4,18,1334.5
2016-03-12,월동,301.4,122051055.3,11,404.9
2016-03-14,가을,9.3,9668280.0,2,1039.6
2016-03-14,기타,5.6,3890751.3,28,695.8
2016-03-14,봄,3.1,5112000.0,2,1646.4
2016-03-14,쌈,9.0,9960023.1,13,1104.0
2016-03-14,월동,161.0,123385379.3,10,766.3
2016-03-14,저장,379.8,97118792.0,6,255.7
2016-03-15,기타,4.6,4070134.1,27,885.8
2016-03-15,봄,3.5,6712500.0,2,1904.3
2016-03-15,쌈,14.8,23638172.4,15,1593.0
2016-03-15,월동,103.7,93793400.0,7,904.5
2016-03-15,저장,423.8,127727116.7,8,301.4
2016-03-15,절임,1.8,652500.0,1,362.5
2016-03-16,기타,5.9,4867963.9,32,829.9
2016-03-16,봄,5.2,11068500.0,2,2114.3
2016-03-16,쌈,20.4,33544488.9,16,1646.8
2016-03-16,월동,46.9,42444350.0,3,906.0
2016-03-16,저장,391.9,124334984.0,11,317.2
2016-03-17,기타,6.9,5115591.5,18,740.7
2016-03-17,기타부산물,2.6,3180055.5,2,1239.8
2016-03-17,봄,3.0,7035067.5,2,2345.0
2016-03-17,쌈,22.5,27926331.6,18,1240.2
2016-03-17,월동,57.7,46781000.0,6,810.9
2016-03-17,저장,366.5,138224430.7,9,377.2
2016-03-17,절임,0.8,290000.0,1,362.5
2016-03-18,기타,6.2,4855540.0,24,780.9
2016-03-18,기타부산물,0.8,1170000.0,1,1500.0
2016-03-18,봄,4.3,7946500.0,3,1828.9
2016-03-18,쌈,17.3,21783096.2,13,1262.6
2016-03-18,월동,75.8,68230985.0,7,900.1
2016-03-18,저장,355.0,107437298.3,6,302.6
2016-03-19,기타,7.6,4213656.6,26,557.3
2016-03-19,기타부산물,1.1,1140000.0,1,1000.0
2016-03-19,봄,1.4,2430000.0,1,1800.0
2016-03-19,쌈,17.9,20250276.4,15,1131.2
2016-03-19,월동,38.5,36563200.0,3,949.7
2016-03-19,저장,189.7,65229259.7,6,343.8
2016-03-21,기타,8.3,4513980.5,28,544.0
2016-03-21,기타부산물,3.1,2624895.0,1,833.3
2016-03-21,봄,5.9,4864500.0,2,829.4
2016-03-21,쌈,19.5,34169927.3,18,1748.2
2016-03-21,월동,75.0,68729250.0,7,917.0
2016-03-21,저장,370.6,132344227.7,10,357.1
2016-03-21,절임,1.4,530845.0,1,379.2
2016-03-22,고랭지,0.1,25000.0,1,500.0
2016-03-22,기타,5.7,3586097.4,32,626.8
2016-03-22,기타부산물,3.3,2871013.5,1,858.3
2016-03-22,봄,0.8,1050000.0,1,1400.0
2016-03-22,쌈,14.1,20975194.6,13,1487.7
2016-03-22,월동,35.9,34261950.0,3,955.7
2016-03-22,저장,412.7,147981335.7,10,358.6
2016-03-23,기타,6.4,3080480.1,26,484.1
2016-03-23,기타부산물,1.2,1040040.0,1,866.7
2016-03-23,봄,3.6,1708590.0,2,470.7
2016-03-23,쌈,19.3,24772192.1,16,1282.8
2016-03-23,월동,36.1,34732500.0,2,962.1
2016-03-23,저장,470.9,160615568.3,12,341.1
2016-03-23,절임,0.4,145000.0,1,362.5
2016-03-24,기타,8.1,4024882.1,34,497.2
2016-03-24,기타부산물,0.3,255000.0,1,850.0
2016-03-24,쌈,21.3,37450664.8,15,1761.7
2016-03-24,월동,47.0,44747875.0,5,951.1
2016-03-24,저장,401.1,129093720.0,10,321.8
2016-03-25,기타,4.0,3211317.0,17,810.3
2016-03-25,기타부산물,0.9,832500.0,1,925.0
2016-03-25,쌈,31.8,35119136.6,28,1103.4
2016-03-25,월동,55.0,46411695.0,7,843.8
2016-03-25,저장,297.5,113598098.3,8,381.8
2016-03-26,기타,4.5,2572190.5,29,572.5
2016-03-26,기타부산물,0.9,787500.0,1,875.0
2016-03-26,쌈,29.6,34632978.3,26,1171.3
2016-03-26,월동,16.5,16242600.0,2,984.4
2016-03-26,저장,223.2,78432089.7,10,351.4
2016-03-26,절임,0.7,259577.5,1,370.8
2016-03-28,기타,3.4,3047223.5,18,890.0
2016-03-28,기타부산물,0.8,712500.0,1,950.0
2016-03-28,쌈,20.0,40938080.5,14,2047.1
2016-03-28,월동,34.0,36571505.0,3,1077.2
2016-03-28,저장,284.8,115513580.0,8,405.6
2016-03-29,기타,50.8,41447863.5,22,816.3
2016-03-29,기타부산물,1.2,1140000.0,1,950.0
2016-03-29,쌈,22.9,30634136.8,17,1334.9
2016-03-29,저장,349.2,139258475.0,11,398.8
2016-03-30,기타,51.1,49211456.0,24,962.7
2016-03-30,기타부산물,1.1,1055250.0,1,1005.0
2016-03-30,쌈,25.1,38904069.4,19,1546.9
2016-03-30,월동,8.3,9174000.0,1,1100.0
2016-03-30,저장,371.2,165561931.7,11,446.0
2016-03-30,절임,0.5,181250.0,1,362.5
2016-03-31,기타,52.0,43526000.6,14,837.2
2016-03-31,기타부산물,1.1,1134000.0,1,1080.0
2016-03-31,쌈,27.3,44787504.7,20,1640.4
2016-03-31,저장,396.2,158734892.3,11,400.6
2016-04-01,기타,32.9,30372039.3,25,923.4
2016-04-01,기타부산물,1.1,1086750.0,1,1035.0
2016-04-01,쌈,21.1,31665012.7,21,1498.7
2016-04-01,월동,16.7,20040000.0,1,1200.0
2016-04-01,저장,352.8,139380102.3,9,395.1
2016-04-02,기타,13.7,12365178.9,25,902.9
2016-04-02,기타부산물,2.5,1732500.0,1,700.0
2016-04-02,쌈,21.1,31498670.2,14,1495.9
2016-04-02,월동,29.0,25084800.0,3,865.0
2016-04-02,저장,219.0,73204380.0,5,334.3
2016-04-04,기타,24.3,16155021.1,25,666.0
2016-04-04,기타부산물,2.5,2281500.0,1,900.0
2016-04-04,쌈,28.8,39512430.8,17,1372.9
2016-04-04,월동,8.3,11272500.0,1,1350.0
2016-04-04,저장,408.6,193912030.7,10,474.6
2016-04-05,기타,59.0,68103234.4,23,1154.0
2016-04-05,기타부산물,0.9,855000.0,1,950.0
2016-04-05,쌈,26.4,28838711.7,15,1093.9
2016-04-05,월동,9.5,11704000.0,2,1232.0
2016-04-05,저장,417.6,176731533.3,11,423.2
2016-04-06,기타,58.3,62195648.0,31,1066.1
2016-04-06,기타부산물,0.3,243000.0,1,900.0
2016-04-06,쌈,38.5,52756125.6,24,1371.4
2016-04-06,저장,388.4,185515662.0,10,477.6
2016-04-07,기타,37.8,34266888.2,21,907.1
2016-04-07,쌈,28.3,37873233.3,15,1338.0
2016-04-07,저장,341.3,158478536.7,10,464.4
2016-04-07,절임,1.0,375000.0,1,375.0
2016-04-08,기타,37.6,29143132.9,24,775.2
2016-04-08,기타부산물,0.5,517500.0,1,1150.0
2016-04-08,쌈,19.6,25245131.7,11,1290.2
2016-04-08,저장,271.5,135775042.0,6,500.1
2016-04-09,기타,22.6,11676430.0,22,516.1
2016-04-09,기타부산물,0.5,630000.0,1,1200.0
2016-04-09,쌈,39.4,35919573.3,20,911.8
2016-04-09,저장,134.2,79435161.3,6,591.8
2016-04-11,기타,37.0,24508822.2,25,663.2
2016-04-11,기타부산물,0.6,750000.0,1,1250.0
2016-04-11,쌈,31.4,30031654.3,24,957.9
2016-04-11,저장,474.1,228621902.7,8,482.2
2016-04-11,절임,1.3,471250.0,1,362.5
2016-04-12,기타,36.5,35564408.3,20,973.3
2016-04-12,기타부산물,0.7,911250.0,1,1350.0
2016-04-12,쌈,26.6,34405753.8,19,1292.0
2016-04-12,저장,372.1,183830200.0,8,494.0
2016-04-13,기타,55.4,61580747.8,22,1111.1
2016-04-13,기타부산물,0.6,838500.0,1,1300.0
2016-04-13,쌈,28.0,35690894.0,20,1275.2
2016-04-13,저장,333.8,182154755.7,10,545.8
2016-04-13,절임,1.1,424000.0,1,400.0
2016-04-14,기타,36.8,47177858.4,22,1281.8
2016-04-14,봄,10.0,2606666.7,2,260.7
2016-04-14,쌈,33.1,35654668.1,24,1076.3
2016-04-14,저장,242.6,145208719.7,8,598.6
2016-04-15,기타,56.5,79838035.2,28,1414.2
2016-04-15,기타부산물,0.4,576000.0,1,1600.0
2016-04-15,봄,19.7,5706433.3,2,289.7
2016-04-15,쌈,34.9,34453589.7,24,986.2
2016-04-15,저장,318.0,178280318.0,11,560.6
2016-04-16,기타,22.3,29307499.4,42,1314.5
2016-04-16,기타부산물,2.2,2165680.5,2,988.9
2016-04-16,쌈,32.7,30030556.8,20,918.4
2016-04-16,저장,241.7,139455483.3,9,576.9
2016-04-18,기타,52.6,68061455.1,34,1292.7
2016-04-18,기타부산물,0.3,457125.0,1,1325.0
2016-04-18,봄,83.8,16613012.3,5,198.2
2016-04-18,쌈,31.6,32455791.5,18,1028.0
2016-04-18,저장,337.1,187445646.7,11,556.1
2016-04-19,기타,31.8,47372840.9,29,1487.9
2016-04-19,기타부산물,1.0,1105500.0,1,1100.0
2016-04-19,봄,56.4,12033730.7,3,213.3
2016-04-19,쌈,26.4,28477177.4,14,1079.2
2016-04-19,저장,319.6,185280630.3,10,579.8
2016-04-20,기타,58.4,85797547.5,36,1468.6
2016-04-20,기타부산물,1.9,1605000.0,3,835.9
2016-04-20,봄,9.5,3204666.7,2,337.3
2016-04-20,쌈,28.6,27645058.4,14,967.0
2016-04-20,저장,272.3,172150506.0,8,632.2
2016-04-21,기타,31.6,47426838.4,32,1499.5
2016-04-21,기타부산물,3.0,3425194.5,2,1147.5
2016-04-21,봄,94.0,33335918.3,8,354.4
2016-04-21,쌈,29.8,27918161.3,16,936.5
2016-04-21,저장,291.9,166099912.3,6,569.0
2016-04-22,기타,12.0,18251038.4,25,1517.4
2016-04-22,기타부산물,4.1,3377400.0,2,830.8
2016-04-22,봄,115.9,48119002.3,4,415.1
2016-04-22,쌈,20.7,23916986.9,12,1154.2
2016-04-22,저장,180.7,127456571.0,8,705.5
2016-04-23,기타,9.1,13806463.4,27,1513.9
2016-04-23,기타부산물,3.4,3375750.0,3,982.8
2016-04-23,봄,146.2,57989217.3,4,396.8
2016-04-23,쌈,38.0,39599419.1,17,1042.6
2016-04-23,저장,107.2,67452513.3,6,628.9
2016-04-23,절임,1.0,425000.0,1,425.0
2016-04-25,기타,11.1,13575503.3,34,1227.7
2016-04-25,기타부산물,0.6,922500.0,1,1500.0
2016-04-25,봄,261.5,138704542.0,13,530.4
2016-04-25,쌈,30.3,36059312.3,15,1190.6
2016-04-25,저장,170.6,115095701.3,4,674.6
2016-04-26,기타,21.9,36177758.4,32,1655.4
2016-04-26,기타부산물,1.7,2607375.0,2,1566.0
2016-04-26,봄,339.9,163266028.7,14,480.4
2016-04-26,쌈,37.7,35426030.1,19,938.5
2016-04-26,월동,10.0,7680000.0,2,768.0
2016-04-26,저장,150.9,97188164.0,4,644.0
2016-04-27,기타,20.5,33395678.5,25,1631.8
2016-04-27,기타부산물,2.1,2714179.5,1,1283.3
2016-04-27,봄,437.8,178033381.0,13,406.7
2016-04-27,쌈,43.8,42154008.3,16,961.9
2016-04-27,월동,10.3,12498900.0,2,1213.5
2016-04-27,저장,113.3,90435346.7,6,798.1
2016-04-28,기타,11.7,21571207.2,27,1839.0
2016-04-28,기타부산물,4.6,5684952.0,1,1246.7
2016-04-28,봄,405.1,162543773.0,12,401.3
2016-04-28,쌈,41.2,34937233.2,22,848.5
2016-04-28,저장,84.0,55909413.3,4,665.2
2016-04-29,기타,2.7,4013121.3,27,1484.1
2016-04-29,기타부산물,5.3,4955100.0,3,927.9
2016-04-29,봄,356.3,164666116.0,10,462.1
2016-04-29,쌈,43.9,32194746.5,27,732.8
2016-04-29,월동,8.5,14310600.0,2,1683.6
2016-04-29,저장,47.2,25238885.7,3,534.5
2016-04-30,기타,2.5,2794836.0,27,1114.8
2016-04-30,기타부산물,2.6,1929000.0,2,752.0
2016-04-30,봄,201.7,70219568.0,6,348.1
2016-04-30,쌈,8.0,3703513.7,11,461.6
2016-04-30,저장,49.1,27841800.0,3,566.9
2016-05-02,기타,1.9,1660382.2,21,879.4
2016-05-02,기타부산물,0.1,82500.0,1,1100.0
2016-05-02,봄,475.4,214496632.7,19,451.2
2016-05-02,쌈,32.6,28283643.0,22,867.9
2016-05-02,저장,73.7,63715850.0,5,864.1
2016-05-03,기타,10.8,11615828.1,26,1079.6
2016-05-03,기타부산물,2.5,2484000.0,2,1009.8
2016-05-03,봄,573.4,214707912.0,14,374.5
2016-05-03,쌈,44.8,35883028.6,24,801.8
2016-05-03,월동,9.5,6992000.0,2,736.0
2016-05-03,저장,43.7,36506750.0,4,836.0
2016-05-04,기타,1.9,1583065.1,12,839.8
2016-05-04,기타부산물,1.6,1404000.0,1,900.0
2016-05-04,봄,331.1,137985149.3,9,416.8
2016-05-04,쌈,36.0,41272359.7,19,1146.8
2016-05-04,저장,37.6,19458000.0,2,517.5
2016-05-05,기타,1.4,1135530.0,14,819.3
2016-05-05,기타부산물,1.8,1845000.0,1,1025.0
2016-05-05,봄,446.9,180783273.7,13,404.5
2016-05-05,쌈,36.9,33166723.5,19,897.7
2016-05-05,저장,29.1,25823600.0,4,887.4
2016-05-06,기타,2.0,2007788.4,15,993.5
2016-05-06,기타부산물,3.6,2826750.0,2,775.5
2016-05-06,봄,341.6,113363188.0,15,331.8
2016-05-06,쌈,31.9,31829329.0,25,999.2
2016-05-06,저장,9.8,5318133.3,2,542.7
2016-05-07,봄,154.7,59961525.3,7,387.6
2016-05-07,쌈,21.6,22922158.7,19,1061.0
2016-05-09,기타,1.9,1335613.0,14,691.3
2016-05-09,봄,632.9,233500562.7,21,369.0
2016-05-09,쌈,37.7,41457031.6,25,1100.3
2016-05-09,저장,19.6,10610133.3,2,541.3
2016-05-10,기타,1.5,1711203.6,15,1154.7
2016-05-10,기타부산물,4.5,4197600.0,3,939.1
2016-05-10,봄,597.1,224690078.3,25,376.3
2016-05-10,쌈,33.5,35484134.0,26,1060.1
2016-05-10,절임,0.3,135000.0,1,450.0
2016-05-11,기타,2.1,2128344.3,22,996.4
2016-05-11,기타부산물,4.1,3740136.0,1,916.7
2016-05-11,봄,551.2,196317286.3,15,356.2
2016-05-11,쌈,27.8,36059006.2,19,1294.9
2016-05-12,기타,1.1,996934.2,18,869.9
2016-05-12,기타부산물,5.9,4145250.0,3,706.8
2016-05-12,봄,612.4,206208075.7,24,336.7
2016-05-12,쌈,30.9,30947649.3,23,1000.9
2016-05-12,월동,8.0,6400000.0,1,800.0
2016-05-13,기타,2.0,2116893.4,20,1052.1
2016-05-13,기타부산물,1.3,258000.0,1,200.0
2016-05-13,봄,396.2,127126986.0,23,320.9
2016-05-13,쌈,33.0,33559580.6,20,1016.5
2016-05-14,쌈,37.0,36593950.0,16,989.7
2016-05-16,기타,1.2,1182251.0,13,979.5
2016-05-16,봄,499.6,236797422.7,35,473.9
2016-05-16,쌈,25.2,26906428.7,19,1066.4
2016-05-17,기타,1.6,1654803.5,23,1022.7
2016-05-17,봄,430.9,172105023.0,27,399.4
2016-05-17,쌈,32.1,38443930.8,25,1196.5
2016-05-17,절임,0.7,315000.0,1,450.0
2016-05-18,기타,2.8,4309653.5,25,1549.1
2016-05-18,기타부산물,2.3,1325250.0,3,566.3
2016-05-18,봄,590.1,242957956.0,35,411.7
2016-05-18,쌈,32.4,34395550.7,25,1061.5
2016-05-18,절임,1.1,490500.0,1,450.0
2016-05-19,기타,3.3,3219705.2,25,977.1
2016-05-19,기타부산물,1.3,765000.0,1,600.0
2016-05-19,봄,539.4,216829583.3,34,402.0
2016-05-19,쌈,27.0,25169945.3,22,931.9
2016-05-20,기타,4.5,3712549.6,27,824.8
2016-05-20,봄,538.1,206114119.0,34,383.1
2016-05-20,쌈,29.2,27216266.0,21,933.2
2016-05-21,기타,2.1,1187082.8,20,569.9
2016-05-21,기타부산물,1.1,684000.0,1,600.0
2016-05-21,봄,460.8,152499070.0,35,331.0
2016-05-21,쌈,19.9,21823380.4,18,1096.0
2016-05-23,기타,2.6,1705260.4,14,661.5
2016-05-23,기타부산물,0.7,414000.0,1,600.0
2016-05-23,봄,621.7,220535988.0,44,354.7
2016-05-23,쌈,22.0,20881162.0,22,948.2
2016-05-24,기타,1.9,1265318.0,17,662.8
2016-05-24,봄,495.7,169074795.0,37,341.1
2016-05-24,쌈,16.9,19835327.4,21,1173.9
2016-05-25,기타,1.5,1086467.0,14,724.8
2016-05-25,봄,546.0,158964712.0,37,291.1
2016-05-25,쌈,7.2,4135553.9,8,571.0
2016-05-26,쌈,21.2,34259304.0,15,1617.7
2016-05-27,기타,2.1,1727392.8,18,813.7
2016-05-27,봄,669.2,183838255.7,40,274.7
2016-05-27,쌈,32.6,36964464.0,31,1134.3
2016-05-28,기타,1.9,1621759.8,27,857.2
2016-05-28,봄,427.8,90591984.0,37,211.7
2016-05-28,쌈,29.4,34765178.0,26,1181.4
2016-05-30,기타,22.1,14155484.2,27,640.6
2016-05-30,기타부산물,0.9,378000.0,1,400.0
2016-05-30,봄,522.5,123732125.7,26,236.8
2016-05-30,쌈,33.0,33861231.5,27,1027.3
2016-05-30,절임,2.4,1011420.0,1,421.4
2016-05-31,기타,3.0,2201318.0,27,731.6
2016-05-31,봄,651.7,131556545.0,35,201.9
2016-05-31,쌈,32.0,28974038.2,21,905.8
2016-05-31,절임,0.3,135000.0,1,450.0
2016-06-01,기타,2.0,1467368.3,18,739.6
2016-06-01,봄,510.7,102319614.3,29,200.4
2016-06-01,쌈,32.5,26977164.8,25,829.9
2016-06-02,기타,2.3,1826131.8,21,779.7
2016-06-02,봄,466.0,95280491.3,27,204.5
2016-06-02,쌈,31.4,25620494.5,26,816.1
2016-06-03,기타,3.0,2734769.0,27,904.7
2016-06-03,봄,485.6,108268011.0,23,223.0
2016-06-03,쌈,34.7,25153797.2,26,723.9
2016-06-04,기타,2.4,2216736.4,32,933.4
2016-06-04,봄,277.9,66943718.3,21,240.9
2016-06-04,쌈,39.0,24961319.8,25,639.8
2016-06-04,절임,1.3,472500.0,2,363.5
2016-06-06,기타,1.1,957595.6,18,841.5
2016-06-06,봄,616.9,126949614.3,35,205.8
2016-06-06,쌈,28.9,22185339.8,20,766.4
2016-06-07,기타,2.7,2831653.0,31,1046.0
2016-06-07,봄,562.2,111038952.0,39,197.5
2016-06-07,쌈,36.8,29482562.6,27,802.2
2016-06-08,기타,2.3,2324679.9,24,989.6
2016-06-08,봄,604.4,106434237.0,45,176.1
2016-06-08,쌈,25.6,23198336.7,21,906.6
2016-06-09,봄,528.6,85406018.7,28,161.6
2016-06-09,쌈,34.7,24453083.1,26,704.3
2016-06-10,기타,2.3,2620046.1,29,1154.2
2016-06-10,봄,559.2,102390153.0,33,183.1
2016-06-10,쌈,31.8,25445630.8,30,799.1
2016-06-11,쌈,22.2,20132564.6,16,905.2
2016-06-13,기타,2.2,2539265.7,29,1152.6
2016-06-13,봄,595.6,107872722.7,34,181.1
2016-06-13,쌈,36.7,27332338.0,27,745.2
2016-06-14,기타,2.2,2794971.4,31,1264.7
2016-06-14,봄,633.5,107823568.3,36,170.2
2016-06-14,쌈,65.0,45228358.1,29,696.0
2016-06-15,기타,3.2,2577412.5,31,804.4
2016-06-15,봄,658.5,93587579.3,29,142.1
2016-06-15,쌈,11.9,4592296.4,12,386.8
2016-06-16,기타,1.1,1178649.1,12,1069.6
2016-06-16,봄,478.8,65534241.7,23,136.9
2016-06-16,쌈,28.2,17912285.9,16,635.4
2016-06-17,기타,1.7,2321365.5,24,1385.1
2016-06-17,봄,342.2,69186428.0,24,202.2
2016-06-17,쌈,27.7,18221340.1,19,657.2
2016-06-18,기타,2.4,2721949.0,22,1115.1
2016-06-18,봄,616.9,115309287.3,30,186.9
2016-06-18,쌈,31.4,20423169.9,20,649.9
2016-06-20,기타,3.2,3951985.5,28,1246.7
2016-06-20,봄,603.7,113410805.7,25,187.9
2016-06-20,쌈,41.5,34243725.4,21,825.6
2016-06-20,절임,0.8,260000.0,1,325.0
2016-06-21,기타,3.8,4430104.6,26,1173.5
2016-06-21,봄,521.3,91847638.7,26,176.2
2016-06-21,쌈,49.7,36804055.9,23,741.2
2016-06-22,기타,3.3,4847263.4,23,1463.5
2016-06-22,봄,76.2,34290600.0,10,449.7
2016-06-22,쌈,55.8,43405638.7,24,777.2
2016-06-23,기타,6.7,6657748.8,27,993.1
2016-06-23,봄,470.9,126944502.3,29,269.5
2016-06-23,쌈,35.7,28668563.7,25,803.2
2016-06-24,기타,6.6,6320229.3,25,952.4
2016-06-24,봄,91.2,34944639.0,15,383.0
2016-06-24,쌈,10.5,4179635.8,12,397.6
2016-06-25,기타,10.4,11767896.0,29,1127.5
2016-06-25,봄,448.4,65148128.0,28,145.3
2016-06-25,쌈,22.3,15901920.4,19,714.5
2016-06-27,기타,28.9,16387650.0,16,566.4
2016-06-27,봄,459.9,89075626.3,20,193.7
2016-06-27,쌈,46.8,35429188.4,29,757.5
2016-06-27,절임,1.5,487500.0,1,325.0
2016-06-28,고랭지,18.5,8833800.0,4,477.5
2016-06-28,기타,7.5,5815650.0,15,774.0
2016-06-28,봄,656.9,115986378.3,21,176.6
2016-06-28,쌈,14.5,2096134.6,16,144.5
2016-06-29,기타,11.8,7399483.3,17,628.5
2016-06-29,봄,38.5,17333200.0,6,450.2
2016-06-29,쌈,80.5,47255083.2,17,586.8
2016-06-30,기타,2.6,1787557.5,14,691.0
2016-06-30,봄,923.0,161420862.7,25,174.9
2016-06-30,쌈,101.9,50666694.7,24,497.5
2016-07-01,기타,1.3,722850.0,7,565.6
2016-07-01,봄,143.5,55295400.0,11,385.3
2016-07-01,쌈,66.3,31116317.3,20,469.4
2016-07-01,여름,702.0,98400748.0,14,140.2
2016-07-01,절임,0.6,187500.0,1,312.5
2016-07-02,기타,1.0,339000.0,9,356.1
2016-07-02,봄,48.2,20307600.0,4,421.3
2016-07-02,쌈,62.3,35962948.8,16,577.7
2016-07-02,여름,725.4,151942472.7,22,209.5
2016-07-02,절임,1.0,306250.0,1,312.5
2016-07-04,기타,1.0,529000.0,9,512.6
2016-07-04,봄,34.9,15580400.0,4,446.4
2016-07-04,쌈,73.5,59730673.5,27,812.7
2016-07-04,여름,1370.5,270880018.7,20,197.7
2016-07-05,기타,1.1,1317200.0,4,1238.0
2016-07-05,쌈,56.7,59516204.8,17,1050.4
2016-07-05,여름,474.8,116056220.0,16,244.4
2016-07-06,기타,2.1,438948.4,13,207.2
2016-07-06,봄,28.8,17740000.0,4,616.0
2016-07-06,쌈,28.6,21524566.2,19,753.8
2016-07-06,여름,441.9,69202242.0,18,156.6
2016-07-07,기타,1.7,1628182.0,15,962.3
2016-07-07,쌈,35.8,38682758.1,13,1081.5
2016-07-07,여름,738.0,182177040.0,15,246.9
2016-07-08,기타,1.2,682610.0,10,588.0
2016-07-08,봄,26.0,13347600.0,4,513.4
2016-07-08,쌈,31.4,30187304.3,20,962.2
2016-07-08,여름,405.1,82620373.7,14,203.9
2016-07-08,절임,1.0,312500.0,1,312.5
2016-07-09,기타,0.4,184400.0,7,475.3
2016-07-09,봄,32.0,13836800.0,2,432.4
2016-07-09,쌈,37.6,23231526.5,16,617.3
2016-07-09,여름,737.5,111350356.7,8,151.0
2016-07-11,봄,19.0,10411040.0,2,547.9
2016-07-11,쌈,13.8,5953182.3,12,430.9
2016-07-11,여름,83.0,16352393.3,12,197.0
2016-07-12,기타,3.4,2415300.0,18,711.6
2016-07-12,봄,19.0,10837600.0,2,570.4
2016-07-12,쌈,81.1,65406545.0,24,806.3
2016-07-12,여름,1120.2,246671750.0,24,220.2
2016-07-12,절임,0.8,250000.0,1,312.5
2016-07-13,기타,0.7,437000.0,8,629.7
2016-07-13,봄,18.4,4992000.0,2,271.3
2016-07-13,쌈,28.3,23545460.9,20,832.1
2016-07-13,여름,724.7,167981101.3,21,231.8
2016-07-14,기타,1.3,1346600.0,16,1042.3
2016-07-14,봄,9.0,7452000.0,2,828.0
2016-07-14,쌈,8.8,4121512.1,9,469.7
2016-07-14,여름,458.2,131855232.3,28,287.7
2016-07-14,월동,10.0,4000000.0,1,400.0
2016-07-15,기타,0.7,423200.0,12,596.9
2016-07-15,쌈,28.6,32773802.4,22,1144.5
2016-07-15,여름,481.4,130200840.0,26,270.4
2016-07-15,절임,1.0,312500.0,1,312.5
2016-07-16,고랭지,0.3,236550.0,1,830.0
2016-07-16,기타,1.1,1118300.0,17,996.7
2016-07-16,봄,15.0,10120000.0,4,674.7
2016-07-16,쌈,32.8,38911180.8,26,1187.4
2016-07-16,여름,505.9,130889285.7,29,258.8
2016-07-16,절임,0.5,156250.0,1,312.5
2016-07-18,기타,0.6,365207.5,14,596.7
2016-07-18,봄,6.8,5842500.0,2,865.6
2016-07-18,쌈,9.4,4790965.2,9,507.6
2016-07-18,여름,526.8,133892809.7,28,254.2
2016-07-19,기타,1.0,673700.0,11,669.0
2016-07-19,봄,17.0,10044000.0,4,590.8
2016-07-19,쌈,13.9,5803922.2,14,418.7
2016-07-19,여름,710.4,128760811.0,29,181.3
2016-07-19,월동,9.0,3726000.0,2,414.0
2016-07-20,기타,2.0,1658575.0,19,833.0
2016-07-20,쌈,5.4,4046400.0,4,742.7
2016-07-20,여름,47.6,23661800.0,8,497.1
2016-07-21,기타,1.3,1321032.0,16,1046.8
2016-07-21,봄,9.5,6090000.0,2,641.1
2016-07-21,쌈,14.6,6058830.7,12,415.5
2016-07-21,여름,449.8,84503626.0,25,187.9
2016-07-21,월동,9.5,4370000.0,2,460.0
2016-07-21,절임,0.4,130000.0,1,325.0
2016-07-23,쌈,17.3,20526108.6,12,1183.1
2016-07-25,기타,1.3,651557.5,17,510.6
2016-07-25,봄,9.5,6960000.0,2,732.6
2016-07-25,쌈,33.2,37823100.5,24,1140.9
2016-07-25,여름,535.6,141160724.0,21,263.6
2016-07-25,절임,0.3,97500.0,1,325.0
2016-07-26,기타,1.6,788175.0,13,508.2
2016-07-26,봄,19.5,14177200.0,4,727.0
2016-07-26,쌈,33.7,40232197.6,24,1192.5
2016-07-26,여름,640.9,148367613.3,24,231.5
2016-07-26,월동,9.5,4370000.0,2,460.0
2016-07-26,절임,0.8,260000.0,1,325.0
2016-07-27,기타,1.8,824569.0,19,469.8
2016-07-27,봄,18.7,14954200.0,4,798.8
2016-07-27,쌈,42.2,34040449.8,27,806.4
2016-07-27,여름,580.5,139049597.7,22,239.5
2016-07-28,기타,1.4,1239150.0,14,895.3
2016-07-28,봄,16.6,13809200.0,4,831.9
2016-07-28,쌈,32.2,24609003.5,22,765.3
2016-07-28,여름,426.4,139216649.7,21,326.5
2016-07-29,기타,1.3,619453.8,13,465.4
2016-07-29,쌈,24.7,28314443.9,18,1146.8
2016-07-29,여름,423.6,93452929.7,16,220.6
2016-07-29,절임,0.7,227500.0,1,325.0
2016-07-30,기타,0.8,319306.0,11,402.1
2016-07-30,봄,9.5,8620000.0,2,907.4
2016-07-30,쌈,25.6,25074843.2,18,978.4
2016-07-30,여름,386.7,109571558.0,18,283.3
2016-07-30,절임,0.4,130000.0,1,325.0
2016-08-01,고랭지,509.9,131620763.0,22,258.1
2016-08-01,기타,1.9,635420.0,16,338.5
2016-08-01,봄,18.2,16048500.0,2,881.8
2016-08-01,쌈,30.8,34667071.1,23,1126.7
2016-08-01,여름,37.7,32868000.0,2,871.8
2016-08-01,절임,0.7,227500.0,1,325.0
2016-08-02,고랭지,407.9,148774587.0,22,364.7
2016-08-02,기타,0.9,306491.0,7,327.8
2016-08-02,봄,18.5,17871250.0,2,966.0
2016-08-02,쌈,29.6,37608504.5,18,1271.6
2016-08-02,여름,9.5,9177000.0,2,966.0
2016-08-03,고랭지,502.0,147587435.0,18,294.0
2016-08-03,기타,1.5,484842.5,9,321.7
2016-08-03,쌈,29.9,42115595.0,21,1409.5
2016-08-03,여름,9.5,8208000.0,2,864.0
2016-08-04,고랭지,472.5,172740244.7,16,365.6
2016-08-04,기타,1.5,482166.7,9,327.1
2016-08-04,쌈,25.4,39331525.4,25,1547.9
2016-08-04,여름,10.2,3756600.0,2,368.7
2016-08-05,고랭지,391.2,180962053.0,21,462.6
2016-08-05,기타,1.3,404000.0,6,317.1
2016-08-05,쌈,6.1,3540547.6,5,578.1
2016-08-05,여름,8.6,6095000.0,2,708.7
2016-08-08,고랭지,691.3,210818948.7,24,304.9
2016-08-08,기타,10.6,9506920.0,15,897.4
2016-08-08,쌈,32.1,40342389.6,21,1258.3
2016-08-08,절임,0.4,130000.0,1,325.0
2016-08-09,고랭지,502.5,193836401.3,20,385.7
2016-08-09,기타,2.9,703540.7,13,246.3
2016-08-09,쌈,28.1,30960247.9,18,1100.9
2016-08-10,고랭지,464.0,213321263.0,23,459.8
2016-08-10,기타,0.9,364130.0,11,392.4
2016-08-10,쌈,24.8,33915493.6,17,1366.7
2016-08-11,고랭지,462.8,206065211.7,18,445.3
2016-08-11,기타,0.9,316210.0,10,349.8
2016-08-11,쌈,21.0,36135906.9,15,1723.5
2016-08-11,절임,0.8,262500.0,1,350.0
2016-08-12,고랭지,438.8,191941316.7,18,437.4
2016-08-12,기타,1.1,1180555.5,13,1078.1
2016-08-12,쌈,26.8,33972512.1,18,1269.9
2016-08-12,절임,1.8,590625.0,1,337.5
2016-08-13,고랭지,424.7,173223323.3,18,407.9
2016-08-13,기타,1.0,396500.0,12,387.2
2016-08-13,쌈,26.4,31925009.5,18,1208.6
2016-08-15,고랭지,453.2,236084106.0,20,520.9
2016-08-15,기타,1.7,1327612.5,16,782.3
2016-08-15,쌈,23.8,37608430.3,15,1578.9
2016-08-15,절임,0.2,63000.0,1,350.0
2016-08-16,고랭지,372.7,195687687.0,19,525.0
2016-08-16,기타,1.4,590439.0,12,436.4
2016-08-16,쌈,17.3,25173434.1,18,1455.2
2016-08-17,고랭지,479.0,252038230.3,23,526.2
2016-08-17,기타,21.0,30566866.3,17,1452.3
2016-08-17,쌈,17.9,29742721.7,14,1662.2
2016-08-18,고랭지,496.7,274373507.3,21,552.4
2016-08-18,기타,0.9,467025.0,9,518.3
2016-08-18,쌈,20.7,40059148.2,15,1932.1
2016-08-19,고랭지,404.4,201423736.0,19,498.1
2016-08-19,기타,1.0,522460.0,15,505.3
2016-08-19,쌈,22.7,41982748.8,20,1849.6
2016-08-20,고랭지,287.2,183478987.7,16,638.9
2016-08-20,기타,0.9,513826.0,10,568.4
2016-08-20,쌈,22.3,40001701.5,19,1792.0
2016-08-22,고랭지,445.4,326856212.7,20,733.8
2016-08-22,기타,1.8,1001650.0,17,565.6
2016-08-22,쌈,25.5,53843815.3,19,2113.3
2016-08-23,고랭지,584.7,394639459.3,24,674.9
2016-08-23,기타,2.9,2188453.8,17,751.3
2016-08-23,쌈,21.5,52883710.3,22,2458.0
2016-08-24,고랭지,649.8,391033110.3,17,601.7
2016-08-24,기타,1.3,738700.0,11,565.2
2016-08-24,쌈,22.6,49866293.4,20,2203.3
2016-08-25,고랭지,560.6,329053151.7,20,587.0
2016-08-25,기타,1.4,2019612.5,20,1450.9
2016-08-25,쌈,21.4,44080785.3,20,2062.7
2016-08-26,고랭지,604.2,370226265.0,16,612.8
2016-08-26,기타,2.1,3876965.2,18,1834.8
2016-08-26,쌈,15.3,37296716.0,18,2439.9
2016-08-27,고랭지,285.6,233638851.3,14,817.9
2016-08-27,기타,1.3,918475.0,15,698.5
2016-08-27,쌈,14.2,35490323.1,13,2501.6
2016-08-29,고랭지,700.9,519929544.3,22,741.8
2016-08-29,기타,3.0,2956444.8,19,996.1
2016-08-29,쌈,16.9,53488174.1,15,3171.4
2016-08-30,고랭지,511.0,395537121.3,17,774.1
2016-08-30,기타,3.8,2787804.7,31,736.5
2016-08-30,쌈,10.0,33345312.6,15,3345.2
2016-08-30,저장,8.7,3946590.0,2,451.3
2016-08-31,고랭지,739.9,562755795.3,17,760.6
2016-08-31,기타,2.3,2233215.2,24,968.0
2016-08-31,쌈,15.6,43855236.3,17,2812.3
2016-09-01,고랭지,649.8,498032376.3,24,766.5
2016-09-01,기타,2.9,3412272.8,17,1193.9
2016-09-01,쌈,18.1,37292862.1,21,2057.0
2016-09-02,고랭지,760.4,558971735.0,23,735.1
2016-09-02,기타,4.3,3029012.1,23,704.6
2016-09-02,쌈,24.2,64522040.8,26,2661.4
2016-09-03,고랭지,697.8,453316340.3,22,649.6
2016-09-03,기타,5.5,2670469.8,21,489.5
2016-09-03,쌈,23.0,65981177.8,20,2863.9
2016-09-05,고랭지,1013.4,658270829.1,29,649.6
2016-09-05,기타,4.5,3231849.0,25,721.7
2016-09-05,쌈,34.8,70515336.8,22,2028.5
2016-09-06,고랭지,979.5,655921021.3,28,669.6
2016-09-06,기타,2.7,2367281.1,25,875.5
2016-09-06,쌈,27.9,60755331.0,24,2180.0
2016-09-07,고랭지,1006.9,610448106.0,29,606.2
2016-09-07,기타,3.4,2938653.5,29,868.1
2016-09-07,쌈,35.6,79716419.4,21,2241.0
2016-09-07,절임,0.1,62500.0,1,625.0
2016-09-08,고랭지,919.8,563770862.7,19,612.9
2016-09-08,기타,4.1,8062098.5,25,1969.2
2016-09-08,쌈,46.2,109282756.4,27,2366.0
2016-09-09,고랭지,831.6,560181765.0,17,673.6
2016-09-09,기타,4.9,8604717.8,26,1763.6
2016-09-09,쌈,43.2,120636397.5,24,2790.1
2016-09-10,고랭지,910.8,520673481.7,26,571.7
2016-09-10,기타,20.9,36440192.8,33,1740.3
2016-09-10,쌈,36.2,101814643.7,25,2811.4
2016-09-10,월동,10.0,15000000.0,1,1500.0
2016-09-12,고랭지,1114.2,634412578.7,29,569.4
2016-09-12,기타,5.5,5966183.0,24,1084.2
2016-09-12,쌈,44.9,120747575.5,28,2688.1
2016-09-13,고랭지,583.3,431649451.0,20,740.0
2016-09-13,기타,15.1,32002090.0,23,2117.8
2016-09-13,쌈,40.2,145587709.5,22,3623.5
2016-09-14,고랭지,242.7,102749782.0,11,423.4
2016-09-14,기타,1.0,192365.0,7,196.7
2016-09-14,쌈,2.5,1611699.5,6,638.0
2016-09-19,고랭지,636.7,308494481.0,28,484.6
2016-09-19,기타,2.2,445066.7,13,198.0
2016-09-19,쌈,32.7,58106851.8,22,1777.2
2016-09-20,고랭지,582.8,321763084.3,26,552.1
2016-09-20,기타,0.5,350799.5,14,764.3
2016-09-20,쌈,31.1,60842772.0,19,1954.6
2016-09-21,고랭지,561.0,301965972.0,26,538.2
2016-09-21,기타,0.7,452350.0,17,617.1
2016-09-21,쌈,34.0,52300984.3,20,1537.9
2016-09-22,고랭지,546.2,292013087.3,24,534.6
2016-09-22,기타,0.8,417350.0,17,528.3
2016-09-22,쌈,37.2,42970505.0,24,1156.1
2016-09-23,고랭지,522.2,297454441.3,24,569.6
2016-09-23,기타,1.0,674128.6,27,699.3
2016-09-23,쌈,50.3,41187891.5,25,819.4
2016-09-24,고랭지,431.9,261557783.7,24,605.5
2016-09-24,기타,2.7,2099646.0,12,764.9
2016-09-24,쌈,28.6,31807942.6,22,1110.7
2016-09-26,고랭지,762.7,442100853.2,34,579.6
2016-09-26,기타,6.7,2575073.4,26,382.8
2016-09-26,쌈,35.1,43943601.1,23,1251.9
2016-09-27,고랭지,576.2,379583506.7,32,658.7
2016-09-27,기타,8.9,5047857.7,30,564.0
2016-09-27,쌈,32.7,33794404.7,18,1034.9
2016-09-28,고랭지,480.4,317439627.7,28,660.8
2016-09-28,기타,1.7,1258536.5,24,739.0
2016-09-28,쌈,29.1,27196598.2,20,933.5
2016-09-29,고랭지,697.6,386291894.7,33,553.7
2016-09-29,기타,5.9,2373370.4,22,401.1
2016-09-29,쌈,29.6,39531071.6,18,1335.0
2016-09-30,고랭지,686.4,407804064.0,38,594.1
2016-09-30,기타,11.2,6544194.4,36,584.6
2016-09-30,쌈,19.1,24992755.5,18,1305.1
2016-10-01,가을,602.9,183320971.0,23,304.1
2016-10-01,고랭지,87.4,101615406.7,9,1162.6
2016-10-01,기타,6.6,5731692.6,29,869.9
2016-10-01,쌈,29.7,40235293.5,23,1355.1
2016-10-03,가을,637.1,204796786.7,24,321.5
2016-10-03,고랭지,49.0,50208746.0,7,1024.7
2016-10-03,기타,41.1,46638704.5,26,1134.2
2016-10-03,쌈,32.3,37845606.8,26,1170.2
2016-10-04,가을,416.9,142712901.7,19,342.4
2016-10-04,고랭지,38.5,48397250.0,2,1257.1
2016-10-04,기타,34.5,46554147.6,33,1349.2
2016-10-04,쌈,21.1,36106099.6,21,1714.1
2016-10-04,월동,9.0,8100000.0,1,900.0
2016-10-05,가을,845.5,210318674.3,24,248.7
2016-10-05,고랭지,58.5,48028560.0,5,821.4
2016-10-05,기타,77.3,71054849.1,39,919.6
2016-10-05,쌈,28.4,35862432.6,23,1264.0
2016-10-06,가을,400.9,126372982.0,23,315.2
2016-10-06,고랭지,39.0,40110015.0,2,1028.5
2016-10-06,기타,36.0,36438006.4,25,1012.7
2016-10-06,쌈,27.4,36722342.1,23,1340.4
2016-10-07,가을,848.7,228299685.3,28,269.0
2016-10-07,고랭지,0.1,101200.0,1,1150.0
2016-10-07,기타,74.6,50126479.0,37,672.2
2016-10-07,쌈,26.8,31572677.6,29,1176.2
2016-10-08,가을,756.5,145701303.3,27,192.6
2016-10-08,고랭지,0.3,190000.0,1,625.0
2016-10-08,기타,49.0,36842933.3,29,752.1
2016-10-08,쌈,40.4,46150771.1,32,1141.4
2016-10-10,가을,742.3,169547573.7,27,228.4
2016-10-10,기타,51.1,38937514.0,24,762.2
2016-10-10,쌈,38.3,47571754.0,26,1243.4
2016-10-12,가을,592.2,146865194.0,26,248.0
2016-10-12,고랭지,0.1,46400.0,1,580.0
2016-10-12,기타,54.3,39012436.4,34,718.0
2016-10-12,쌈,25.7,25580136.1,17,995.9
2016-10-12,절임,0.3,150000.0,1,500.0
2016-10-13,가을,546.4,148317009.7,32,271.4
2016-10-13,고랭지,0.1,53000.0,1,530.0
2016-10-13,기타,35.2,26667654.5,25,757.5
2016-10-13,쌈,41.7,40856386.4,28,979.6
2016-10-13,월동,9.0,7200000.0,1,800.0
2016-10-14,가을,548.5,160447430.7,36,292.5
2016-10-14,고랭지,0.3,210800.0,1,680.0
2016-10-14,기타,52.0,47378489.4,34,911.1
2016-10-14,쌈,42.0,34737108.1,29,827.9
2016-10-15,가을,511.3,144013141.7,28,281.7
2016-10-15,고랭지,0.2,172000.0,1,860.0
2016-10-15,기타,31.3,27954104.9,22,893.4
2016-10-15,쌈,33.3,32640251.9,23,980.8
2016-10-17,가을,929.6,215513335.7,34,231.8
2016-10-17,기타,80.8,57004878.8,36,705.4
2016-10-17,쌈,47.9,49358476.5,27,1031.5
2016-10-18,가을,699.0,152292868.3,39,217.9
2016-10-18,기타,75.4,43694923.6,38,579.4
2016-10-18,쌈,40.9,36133796.7,25,884.5
2016-10-19,가을,674.9,143569885.7,37,212.7
2016-10-19,기타,59.6,35972288.0,30,604.0
2016-10-19,쌈,38.9,35495401.0,21,913.5
2016-10-19,월동,9.5,4560000.0,2,480.0
2016-10-19,절임,0.2,100000.0,1,500.0
2016-10-20,가을,744.8,148362010.7,28,199.2
2016-10-20,기타,57.8,33052006.7,25,572.0
2016-10-20,쌈,49.1,36460533.6,27,742.2
2016-10-21,가을,760.8,143982364.0,31,189.2
2016-10-21,기타,31.8,11759516.7,21,369.3
2016-10-21,쌈,40.4,29792062.3,28,738.3
2016-10-21,월동,9.9,4554000.0,2,460.0
2016-10-22,가을,562.1,95955254.0,27,170.7
2016-10-22,고랭지,0.4,147840.0,1,420.0
2016-10-22,기타,57.8,29861563.7,30,517.0
2016-10-22,쌈,32.3,25331642.6,20,784.8
2016-10-22,절임,0.2,90000.0,1,450.0
2016-10-24,가을,688.2,121398083.0,36,176.4
2016-10-24,기타,59.1,36901029.0,43,624.3
2016-10-24,기타부산물,0.5,135000.0,1,300.0
2016-10-24,쌈,27.7,25076446.6,19,904.4
2016-10-24,월동,9.5,3059000.0,2,322.0
2016-10-25,가을,700.9,125290844.3,37,178.8
2016-10-25,기타,39.0,20580210.6,20,528.2
2016-10-25,쌈,28.1,30283939.4,24,1079.1
2016-10-26,가을,317.4,70672439.0,37,222.7
2016-10-26,기타,11.8,12586250.0,13,1062.2
2016-10-26,쌈,21.7,28211513.2,17,1301.4
2016-10-26,절임,2.5,781250.0,1,312.5
2016-10-27,가을,872.3,149755029.7,50,171.7
2016-10-27,기타,34.3,28293269.8,35,824.1
2016-10-27,기타부산물,0.3,123000.0,1,410.0
2016-10-27,쌈,41.1,43170930.0,23,1051.5
2016-10-28,가을,733.3,125034066.7,46,170.5
2016-10-28,기타,41.8,23469683.3,13,561.9
2016-10-28,쌈,40.6,33975856.3,27,836.3
2016-10-29,가을,568.5,87898206.3,34,154.6
2016-10-29,기타,25.2,13231836.3,30,525.9
2016-10-29,쌈,16.9,12552585.1,17,740.9
2016-10-29,절임,0.5,225000.0,1,450.0
2016-10-31,가을,684.1,113827024.7,44,166.4
2016-10-31,기타,67.0,31529986.7,43,470.5
2016-10-31,쌈,61.8,54721094.9,29,884.9
2016-11-01,가을,664.8,109215060.3,42,164.3
2016-11-01,기타,47.1,22405625.3,35,476.0
2016-11-01,쌈,43.2,32459412.8,28,751.1
2016-11-02,가을,708.1,119732350.0,43,169.1
2016-11-02,기타,58.1,27821208.3,42,478.6
2016-11-02,쌈,37.2,31713974.7,24,852.2
2016-11-03,가을,447.0,90445350.3,34,202.3
2016-11-03,기타,33.9,22125745.0,32,651.9
2016-11-03,쌈,31.5,28654055.8,23,908.6
2016-11-03,월동,12.0,4680000.0,2,390.0
2016-11-04,가을,902.4,161973630.7,41,179.5
2016-11-04,기타,76.1,44642661.3,37,586.5
2016-11-04,쌈,42.5,29410084.7,34,692.5
2016-11-04,절임,2.5,698500.0,2,275.0
2016-11-05,가을,755.4,145955859.0,41,193.2
2016-11-05,기타,70.2,43246512.2,32,616.4
2016-11-05,쌈,33.6,27347227.6,29,812.8
2016-11-05,절임,0.7,178750.0,2,275.0
2016-11-07,가을,944.5,192236002.0,47,203.5
2016-11-07,기타,91.2,53887980.7,43,591.1
2016-11-07,쌈,50.9,39488612.3,38,776.1
2016-11-07,절임,4.9,3647250.0,4,745.9
2016-11-08,가을,936.9,187564304.3,40,200.2
2016-11-08,기타,84.2,46520450.0,35,552.3
2016-11-08,쌈,43.8,36056972.3,29,822.7
2016-11-08,절임,3.4,940500.0,2,275.0
2016-11-09,가을,945.2,188629920.3,48,199.6
2016-11-09,기타,70.1,37246185.1,33,531.4
2016-11-09,쌈,40.3,32840376.2,32,814.9
2016-11-09,월동,9.5,4370000.0,2,460.0
2016-11-09,절임,3.9,3174250.0,4,807.7
2016-11-10,가을,864.6,214707974.0,63,248.3
2016-11-10,기타,8.3,6683513.3,22,806.9
2016-11-10,쌈,28.7,28597207.7,27,996.7
2016-11-10,절임,13.5,4007000.0,4,295.9
2016-11-11,가을,833.1,288155473.0,62,345.9
2016-11-11,기타,24.2,12003707.9,31,497.0
2016-11-11,쌈,34.3,26714378.9,32,779.0
2016-11-11,절임,21.9,6953000.0,5,317.5
2016-11-12,가을,1161.2,404233091.3,72,348.1
2016-11-12,기타,14.4,8175740.0,27,569.1
2016-11-12,쌈,24.2,24674303.8,26,1021.7
2016-11-12,절임,47.9,42455750.0,7,885.8
2016-11-14,가을,1736.0,515293329.0,104,296.8
2016-11-14,기타,18.2,12580173.9,19,690.0
2016-11-14,쌈,51.8,47015057.5,29,907.2
2016-11-14,월동,10.0,5520000.0,2,552.0
2016-11-14,절임,31.9,13885149.5,7,435.1
2016-11-15,가을,1346.2,404055713.0,68,300.1
2016-11-15,고랭지,0.1,51000.0,1,850.0
2016-11-15,기타,8.2,5643397.3,23,690.8
2016-11-15,쌈,43.0,29062797.1,31,675.9
2016-11-15,절임,32.0,30818968.8,9,961.6
2016-11-16,가을,1191.8,316780561.0,67,265.8
2016-11-16,기타,6.2,7236941.5,16,1160.9
2016-11-16,쌈,27.5,24392119.7,19,885.4
2016-11-16,절임,34.8,33414803.8,8,959.6
2016-11-17,가을,945.6,372259828.3,58,393.7
2016-11-17,기타,4.9,6119174.3,18,1257.3
2016-11-17,쌈,25.0,18354328.7,28,734.8
2016-11-17,절임,58.1,39967500.0,7,687.3
2016-11-18,가을,1330.2,535493542.0,73,402.6
2016-11-18,기타,5.4,8860725.0,19,1645.1
2016-11-18,쌈,26.0,22090833.9,25,849.8
2016-11-18,절임,75.8,55369977.0,6,730.2
2016-11-19,가을,1427.5,496502783.7,72,347.8
2016-11-19,기타,12.2,28531680.0,17,2341.2
2016-11-19,쌈,31.2,31180701.9,27,999.3
2016-11-19,절임,52.2,35323125.0,7,676.0
2016-11-21,가을,1492.6,454176223.0,68,304.3
2016-11-21,기타,7.6,17473598.0,11,2290.7
2016-11-21,기타부산물,0.2,32400.0,1,150.0
2016-11-21,쌈,36.1,37801305.0,30,1046.2
2016-11-21,월동,9.0,6120000.0,1,680.0
2016-11-21,절임,105.1,140586290.0,7,1337.6
2016-11-22,가을,1486.2,379868433.3,66,255.6
2016-11-22,기타,14.8,30260265.0,22,2038.6
2016-11-22,쌈,42.0,38043431.2,30,905.5
2016-11-22,절임,77.0,53901375.0,9,700.2
2016-11-23,가을,1153.5,385612491.7,56,334.3
2016-11-23,기타,2.5,3224650.0,9,1279.6
2016-11-23,봄,0.9,1710000.0,1,1900.0
2016-11-23,쌈,37.7,35823984.5,28,950.8
2016-11-23,절임,64.0,39906750.0,8,624.0
2016-11-24,가을,1318.5,469804699.3,54,356.3
2016-11-24,기타,21.3,51212326.5,26,2403.5
2016-11-24,쌈,27.5,24258533.2,28,881.7
2016-11-24,절임,85.8,62442500.0,8,727.9
2016-11-25,가을,1123.2,422344888.3,45,376.0
2016-11-25,기타,10.0,22643664.9,13,2273.0
2016-11-25,기타부산물,1.3,1305000.0,1,1000.0
2016-11-25,봄,0.5,767250.0,1,1650.0
2016-11-25,쌈,29.7,28598972.2,23,961.7
2016-11-25,절임,94.9,130950500.0,13,1380.3
2016-11-26,가을,1358.6,397447819.0,42,292.5
2016-11-26,기타,9.8,23847056.1,13,2434.9
2016-11-26,기타부산물,2.0,1980000.0,1,1000.0
2016-11-26,봄,0.6,960000.0,2,1600.0
2016-11-26,쌈,33.6,30135407.0,28,898.1
2016-11-26,절임,79.5,96876400.0,9,1219.2
2016-11-28,가을,1042.5,343106978.0,39,329.1
2016-11-28,기타,11.4,22182672.1,28,1950.8
2016-11-28,기타부산물,2.0,15000000.0,1,7500.0
2016-11-28,봄,1.6,2904000.0,1,1760.0
2016-11-28,쌈,23.0,30459565.7,18,1321.9
2016-11-28,월동,9.6,7065600.0,2,736.0
2016-11-28,절임,91.4,110829000.0,10,1212.7
2016-11-29,가을,1184.3,340339696.7,38,287.4
2016-11-29,기타,6.7,13870404.0,12,2060.4
2016-11-29,봄,0.4,675000.0,1,1800.0
2016-11-29,쌈,24.2,31950036.3,21,1322.3
2016-11-29,절임,42.3,22620875.0,8,534.8
2016-11-30,가을,1062.5,309440890.7,33,291.3
2016-11-30,기타,12.0,29163875.0,14,2440.3
2016-11-30,쌈,28.3,39125247.6,24,1381.5
2016-11-30,월동,9.5,6555000.0,2,690.0
2016-11-30,절임,58.0,83842000.0,8,1444.3
2016-12-01,가을,1070.3,329737942.0,30,308.1
2016-12-01,기타,17.2,30925800.0,12,1800.2
2016-12-01,봄,1.6,3762000.0,2,2343.9
2016-12-01,쌈,35.7,43645736.1,29,1221.4
2016-12-01,절임,87.0,90281758.5,8,1037.8
2016-12-02,가을,944.1,347968135.3,25,368.6
2016-12-02,기타,24.2,61949168.0,13,2561.3
2016-12-02,봄,0.1,285000.0,1,1900.0
2016-12-02,쌈,33.4,38553000.9,28,1154.8
2016-12-02,월동,9.5,7866000.0,2,828.0
2016-12-02,절임,64.3,72298052.0,11,1124.7
2016-12-03,가을,983.2,339124875.7,22,344.9
2016-12-03,기타,17.0,43519900.0,12,2552.8
2016-12-03,기타부산물,0.8,702000.0,1,900.0
2016-12-03,봄,2.7,5670000.0,1,2100.0
2016-12-03,쌈,36.6,41709880.9,23,1140.1
2016-12-03,월동,9.5,5320000.0,1,560.0
2016-12-03,절임,56.6,37207750.0,9,657.7
2016-12-05,가을,1093.0,352864150.7,25,322.8
2016-12-05,기타,8.1,16786721.8,19,2068.9
2016-12-05,기타부산물,2.6,1050000.0,1,400.0
2016-12-05,봄,1.1,1995000.0,2,1821.9
2016-12-05,쌈,60.1,54138248.4,40,900.4
2016-12-05,월동,9.5,6992000.0,2,736.0
2016-12-05,절임,122.7,227074250.0,8,1850.5
2016-12-06,가을,806.0,227455682.0,27,282.2
2016-12-06,기타,4.7,10564040.4,11,2225.4
2016-12-06,봄,1.1,2400000.0,2,2133.3
2016-12-06,쌈,41.1,36038999.5,29,876.8
2016-12-06,절임,27.9,41630249.5,5,1491.1
2016-12-07,가을,825.4,234759271.7,23,284.4
2016-12-07,기타,5.6,11571763.3,16,2080.5
2016-12-07,기타부산물,4.0,2925375.0,1,725.0
2016-12-07,봄,0.3,630000.0,1,2100.0
2016-12-07,쌈,31.7,24603728.4,25,775.8
2016-12-07,월동,9.5,6292800.0,2,662.4
2016-12-07,절임,20.9,29512250.0,5,1411.4
2016-12-08,가을,548.2,185013475.7,13,337.5
2016-12-08,기타,6.8,15534427.0,9,2274.1
2016-12-08,기타부산물,2.0,1633500.0,1,825.0
2016-12-08,봄,1.2,2232961.5,1,1933.3
2016-12-08,쌈,28.4,25543217.3,24,899.6
2016-12-08,절임,30.4,35676000.0,5,1172.8
2016-12-09,가을,926.8,269596314.3,24,290.9
2016-12-09,기타,11.7,23477060.0,17,2011.4
2016-12-09,기타부산물,3.8,2746926.0,1,726.7
2016-12-09,봄,3.3,6049500.0,3,1850.0
2016-12-09,쌈,33.2,27221992.5,21,821.1
2016-12-09,절임,45.2,39439625.0,6,872.0
2016-12-10,가을,704.6,189070814.7,27,268.3
2016-12-10,기타,5.1,9348727.0,9,1826.3
2016-12-10,봄,1.4,2370000.0,3,1755.6
2016-12-10,쌈,35.1,27694003.5,23,788.5
2016-12-10,절임,43.7,58228000.0,4,1333.1
2016-12-12,가을,687.5,213150228.7,15,310.0
2016-12-12,기타,1.7,3173879.2,17,1880.3
2016-12-12,기타부산물,1.8,1080000.0,1,600.0
2016-12-12,봄,1.6,2497500.0,2,1585.7
2016-12-12,쌈,31.6,24516314.7,23,774.6
2016-12-12,절임,15.9,17704000.0,4,1116.3
2016-12-13,가을,685.1,176170331.0,11,257.2
2016-12-13,기타,1.5,2484409.8,19,1666.3
2016-12-13,봄,3.1,4282500.0,3,1392.7
2016-12-13,쌈,26.0,28099679.3,23,1082.7
2016-12-13,절임,15.4,10666000.0,3,694.4
2016-12-14,가을,469.8,152765127.0,12,325.2
2016-12-14,기타,2.4,2831800.0,14,1200.4
2016-12-14,봄,1.8,3273750.0,2,1774.4
2016-12-14,쌈,30.0,35132598.5,20,1170.1
2016-12-14,절임,6.3,4461250.0,3,708.1
2016-12-15,가을,528.7,163470365.0,12,309.2
2016-12-15,기타,2.5,1012129.8,14,410.8
2016-12-15,봄,0.8,1200000.0,1,1600.0
2016-12-15,쌈,38.8,44037682.8,27,1135.3
2016-12-15,절임,13.7,9512000.0,3,693.3
2016-12-16,가을,444.4,142615572.7,17,320.9
2016-12-16,기타,3.3,2856250.0,5,860.6
2016-12-16,기타부산물,2.3,2211600.0,1,970.0
2016-12-16,봄,7.4,11268042.0,2,1520.7
2016-12-16,쌈,35.0,35369713.8,22,1011.9
2016-12-16,절임,6.3,2520000.0,2,400.0
2016-12-17,가을,272.8,85337796.0,9,312.9
2016-12-17,기타,1.1,555310.0,5,502.5
2016-12-17,기타부산물,6.0,5020326.0,2,830.5
2016-12-17,봄,5.0,6704775.0,1,1354.5
2016-12-17,쌈,27.8,32213061.6,23,1158.3
2016-12-17,절임,15.9,10483125.0,4,660.6
2016-12-19,가을,503.2,164026840.0,11,326.0
2016-12-19,기타,0.6,651140.0,9,1023.8
2016-12-19,봄,6.9,11219115.0,3,1626.0
2016-12-19,쌈,34.1,40618104.7,24,1191.8
2016-12-19,절임,1.2,405000.0,1,337.5
2016-12-20,가을,504.0,160031720.0,17,317.5
2016-12-20,기타,1.4,892990.0,10,654.7
2016-12-20,기타부산물,0.3,345000.0,1,1150.0
2016-12-20,봄,40.5,10673425.0,4,263.8
2016-12-20,쌈,35.4,45188324.3,25,1276.5
2016-12-20,절임,1.5,987500.0,2,658.3
2016-12-21,가을,632.6,229116773.0,19,362.2
2016-12-21,기타,1.0,1886140.0,7,1874.9
2016-12-21,봄,0.5,1125000.0,1,2500.0
2016-12-21,쌈,29.1,38286759.0,25,1316.2
2016-12-21,절임,3.0,2360000.0,2,786.7
2016-12-22,가을,486.9,151075382.0,15,310.3
2016-12-22,기타,0.9,783230.0,10,913.9
2016-12-22,기타부산물,0.5,450000.0,1,1000.0
2016-12-22,봄,2.2,3915000.0,1,1800.0
2016-12-22,쌈,33.2,40082162.2,26,1205.8
2016-12-22,절임,2.4,1169000.0,2,491.2
2016-12-23,가을,28.1,21515750.0,2,764.3
2016-12-23,기타,0.6,385795.0,5,661.7
2016-12-23,봄,0.8,1350000.0,1,1800.0
2016-12-23,쌈,42.1,53397660.8,27,1267.8
2016-12-23,절임,12.3,31928000.0,1,2600.0
2016-12-24,가을,263.9,76897987.7,12,291.3
2016-12-24,기타,1.1,1012150.0,6,892.5
2016-12-24,기타부산물,2.2,730500.0,2,333.6
2016-12-24,봄,2.3,3729000.0,2,1635.5
2016-12-24,쌈,28.8,32119832.2,28,1114.7
2016-12-24,절임,1.0,2300000.0,1,2300.0
2016-12-26,가을,384.9,133110405.3,14,345.8
2016-12-26,기타,2.7,1760177.0,8,640.8
2016-12-26,기타부산물,2.4,2308900.0,2,978.3
2016-12-26,봄,2.5,4170750.0,1,1675.0
2016-12-26,쌈,37.3,42513525.8,28,1139.7
2016-12-27,가을,464.6,142347451.7,15,306.4
2016-12-27,기타,1.3,806600.0,7,622.4
2016-12-27,기타부산물,2.5,11279250.0,3,4557.3
2016-12-27,봄,12.5,14204152.5,2,1134.1
2016-12-27,쌈,31.2,36453687.2,25,1167.8
2016-12-29,쌈,0.2,19000.0,1,125.0
2016-12-30,가을,273.5,92920245.3,8,339.8
2016-12-30,기타,1.7,2729710.0,10,1592.6
2016-12-30,기타부산물,4.3,3600450.0,2,842.2
2016-12-30,봄,8.3,9043420.0,4,1094.8
2016-12-30,쌈,38.1,51882606.8,22,1362.6
2016-12-30,절임,0.2,260000.0,1,1300.0
2016-12-31,가을,48.0,18611200.0,2,387.7
2016-12-31,기타,0.5,344750.0,7,673.3
2016-12-31,기타부산물,0.3,18000.0,1,60.0
2016-12-31,봄,1.2,1320000.0,1,1100.0
2016-12-31,쌈,25.3,43640388.3,22,1724.0
2017-01-03,기타부산물,3.3,3544800.0,2,1074.2
2017-01-03,봄,2.6,4912425.0,1,1871.4
2017-01-03,쌈,18.6,18314409.4,7,984.0
2017-01-03,월동,573.8,185039500.0,14,322.5
2017-01-04,기타,2.6,2862836.7,11,1088.5
2017-01-04,기타부산물,5.8,4949375.0,3,858.5
2017-01-04,봄,1.4,2337000.0,3,1657.4
2017-01-04,쌈,51.4,56224595.2,26,1093.9
2017-01-04,월동,387.8,130322949.3,8,336.1
2017-01-04,절임,2.0,675000.0,1,337.5
2017-01-05,기타,1.3,1272825.7,9,999.1
2017-01-05,봄,3.4,5265000.0,1,1560.0
2017-01-05,쌈,25.9,37548510.2,17,1447.3
2017-01-05,월동,90.6,68516695.0,6,756.6
2017-01-06,가을,0.1,53200.0,1,475.0
2017-01-06,기타,3.7,4827937.1,15,1311.2
2017-01-06,기타부산물,11.2,6928500.0,3,620.0
2017-01-06,봄,4.1,4844036.5,4,1184.4
2017-01-06,쌈,47.6,52730924.8,30,1107.0
2017-01-06,월동,541.9,182422389.7,11,336.6
2017-01-07,기타,2.8,1727455.8,10,606.6
2017-01-07,기타부산물,0.1,3800.0,2,38.0
2017-01-07,봄,6.1,5080603.5,2,828.1
2017-01-07,쌈,37.9,39408018.1,22,1039.2
2017-01-07,월동,37.9,20238533.3,6,534.0
2017-01-09,기타부산물,4.7,2289000.0,3,492.3
2017-01-09,쌈,10.3,8635774.5,7,838.6
2017-01-09,월동,439.9,113640446.0,10,258.4
2017-01-09,절임,1.0,337500.0,1,337.5
2017-01-10,기타부산물,3.8,2272500.0,3,606.0
2017-01-10,쌈,13.3,1585975.7,10,119.0
2017-01-10,월동,354.1,89211396.0,6,252.0
2017-01-11,기타,0.9,1422950.0,6,1521.9
2017-01-11,기타부산물,5.3,3381750.0,3,635.1
2017-01-11,봄,1.2,1680000.0,1,1400.0
2017-01-11,쌈,29.2,37037319.7,20,1269.0
2017-01-11,월동,409.7,130320856.3,13,318.1
2017-01-12,가을,0.1,4266.7,1,66.7
2017-01-12,기타,1.0,843621.3,14,826.3
2017-01-12,기타부산물,6.3,4571484.0,3,730.9
2017-01-12,봄,2.9,3958875.0,3,1360.4
2017-01-12,쌈,28.6,38093884.6,15,1330.7
2017-01-12,월동,281.4,75792155.0,9,269.4
2017-01-13,기타,2.1,3890147.6,14,1820.4
2017-01-13,기타부산물,4.5,3313111.5,2,743.7
2017-01-13,쌈,17.2,3887358.5,14,225.9
2017-01-13,월동,346.7,113371289.7,11,327.0
2017-01-14,기타,1.9,2814506.2,16,1513.2
2017-01-14,기타부산물,7.7,4748700.0,4,614.3
2017-01-14,봄,4.2,5335875.0,1,1275.0
2017-01-14,쌈,34.5,37681600.5,25,1093.5
2017-01-14,월동,273.5,83506743.0,11,305.3
2017-01-14,절임,1.0,337500.0,1,337.5
2017-01-17,기타부산물,4.3,3498454.5,4,822.4
2017-01-17,쌈,5.8,953139.8,9,164.8
2017-01-17,월동,296.6,96298747.7,9,324.7
2017-01-18,기타,2.9,3187095.4,22,1092.2
2017-01-18,기타부산물,4.0,3685750.0,3,933.1
2017-01-18,봄,1.2,1920000.0,1,1600.0
2017-01-18,쌈,36.3,43422026.8,28,1196.4
2017-01-18,월동,353.5,105308561.7,10,297.9
2017-01-19,기타,0.5,296551.2,9,543.1
2017-01-19,기타부산물,3.7,2882925.0,2,781.3
2017-01-19,봄,0.5,720000.0,1,1600.0
2017-01-19,쌈,43.2,47350110.3,30,1097.3
2017-01-19,월동,584.4,185224268.3,12,316.9
2017-01-19,절임,1.0,337500.0,1,337.5
2017-01-20,기타,3.9,3688099.1,17,937.7
2017-01-20,기타부산물,6.4,5281075.0,4,821.3
2017-01-20,봄,0.5,742500.0,1,1650.0
2017-01-20,쌈,46.6,54772904.7,28,1176.2
2017-01-20,월동,506.9,173806544.7,17,342.9
2017-01-21,기타,1.1,648453.8,10,594.4
2017-01-21,기타부산물,5.5,3554560.0,4,645.1
2017-01-21,봄,3.4,4318625.0,2,1275.8
2017-01-21,쌈,45.7,62318154.2,30,1364.4
2017-01-21,월동,235.8,69249616.7,7,293.7
2017-01-23,봄,5.3,12969750.0,3,2442.5
2017-01-23,쌈,3.0,413101.7,2,135.9
2017-01-23,월동,18.2,8658233.3,4,474.4
2017-01-24,기타,0.9,939500.0,6,1011.3
2017-01-24,기타부산물,4.1,2486700.0,4,609.5
2017-01-24,봄,0.4,600000.0,1,1600.0
2017-01-24,쌈,41.2,59490280.5,27,1444.7
2017-01-24,월동,467.0,106007101.7,8,227.0
2017-01-25,기타,0.4,145570.0,4,380.1
2017-01-25,기타부산물,1.1,315000.0,1,300.0
2017-01-25,봄,12.8,25805027.0,3,2011.3
2017-01-25,쌈,7.9,1086379.3,6,137.0
2017-01-25,월동,347.7,99148730.7,9,285.2
2017-01-26,기타,0.6,403151.0,8,697.5
2017-01-26,기타부산물,7.8,2714075.0,6,349.1
2017-01-26,쌈,37.1,61785013.9,23,1664.7
2017-01-26,월동,312.5,96955551.0,9,310.2
2017-01-27,기타,0.3,75200.0,2,247.4
2017-01-27,쌈,21.8,18445197.8,16,846.6
2017-01-27,월동,73.3,15204616.7,4,207.5
2017-02-01,기타,0.3,133682.9,5,383.0
2017-02-01,기타부산물,1.5,1155150.0,1,755.0
2017-02-01,봄,1.1,1503000.0,2,1372.6
2017-02-01,쌈,28.0,49559597.5,17,1768.4
2017-02-01,월동,364.0,128193090.7,9,352.2
2017-02-02,기타,2.6,13932202.6,9,5338.0
2017-02-02,기타부산물,3.1,1200800.0,2,387.4
2017-02-02,봄,3.1,5255806.5,2,1709.2
2017-02-02,쌈,23.9,52860186.9,13,2210.2
2017-02-02,월동,412.9,151110829.3,13,365.9
2017-02-06,봄,3.1,3495000.0,2,1131.1
2017-02-06,쌈,8.9,918317.1,4,103.0
2017-02-06,월동,113.1,33215992.0,6,293.7
2017-02-07,쌈,1.6,405004.0,2,256.3
2017-02-07,월동,9.5,2767666.7,2,291.3
2017-02-08,기타,3.5,6615022.0,33,1891.6
2017-02-08,기타부산물,2.7,1811133.0,2,670.8
2017-02-08,봄,3.1,5123250.0,1,1650.0
2017-02-08,쌈,41.9,50816790.2,26,1211.6
2017-02-08,월동,276.6,80997545.3,6,292.8
2017-02-09,기타부산물,2.8,1699500.0,2,609.1
2017-02-09,쌈,12.7,1229721.5,6,96.9
2017-02-09,월동,305.8,87453824.0,11,286.0
2017-02-10,가을,0.6,59000.0,1,100.0
2017-02-10,기타,2.2,2111936.2,18,976.4
2017-02-10,기타부산물,5.1,3009000.0,2,588.3
2017-02-10,봄,1.4,2025000.0,1,1500.0
2017-02-10,쌈,35.3,34653181.2,27,980.6
2017-02-10,월동,287.3,94459848.3,13,328.8
2017-02-11,기타,0.6,122665.0,6,195.6
2017-02-11,쌈,20.8,15233270.2,16,733.5
2017-02-11,월동,90.4,27829547.3,4,307.8
2017-02-11,절임,1.0,337500.0,1,337.5
2017-02-13,기타,0.0,19500.0,1,500.0
2017-02-13,기타부산물,4.4,2816250.0,2,636.4
2017-02-13,쌈,6.7,727893.8,7,108.3
2017-02-13,월동,350.3,113495195.0,10,324.0
2017-02-14,기타부산물,2.2,1620600.0,1,740.0
2017-02-14,봄,1.4,2362500.0,1,1750.0
2017-02-14,쌈,26.0,29194821.1,18,1122.4
2017-02-14,월동,385.5,126196101.3,11,327.3
2017-02-15,기타,1.8,645453.3,6,368.2
2017-02-15,기타부산물,2.7,1461375.0,3,532.4
2017-02-15,봄,1.4,2156250.0,2,1513.2
2017-02-15,쌈,30.8,31499409.4,20,1021.9
2017-02-15,월동,391.9,159622804.0,15,407.3
2017-02-16,기타,1.7,509193.3,11,300.8
2017-02-16,봄,2.2,2655000.0,1,1180.0
2017-02-16,쌈,35.6,38102025.6,24,1070.0
2017-02-16,월동,29.4,19214630.0,4,654.7
2017-02-16,절임,0.8,270000.0,1,337.5
2017-02-17,기타,1.7,707084.5,10,425.7
2017-02-17,기타부산물,2.8,1396500.0,2,497.9
2017-02-17,봄,0.9,843750.0,2,986.8
2017-02-17,쌈,39.4,39753846.0,28,1008.1
2017-02-17,월동,366.6,114247240.7,15,311.7
2017-02-18,기타,1.6,910322.4,15,574.3
2017-02-18,기타부산물,1.6,810000.0,1,500.0
2017-02-18,봄,1.1,1487535.0,1,1416.7
2017-02-18,쌈,30.3,29837737.5,24,983.2
2017-02-18,월동,181.4,61082984.7,10,336.6
2017-02-20,기타,1.6,925660.5,10,567.2
2017-02-20,기타부산물,4.0,1997094.0,2,496.8
2017-02-20,봄,3.1,4927500.0,2,1564.3
2017-02-20,쌈,49.0,57942559.9,35,1182.8
2017-02-20,월동,565.7,182826716.0,16,323.2
2017-02-21,쌈,11.9,1208284.4,6,101.9
2017-02-21,월동,63.4,14136546.7,5,223.1
2017-02-22,기타,1.0,265254.6,12,256.3
2017-02-22,쌈,4.3,4479986.3,8,1032.3
2017-02-23,기타,0.6,237247.1,11,369.5
2017-02-23,기타부산물,1.2,850500.0,1,700.0
2017-02-23,봄,2.1,3699000.0,2,1800.0
2017-02-23,쌈,23.4,27749268.9,18,1184.5
2017-02-23,월동,291.3,102350540.3,11,351.4
2017-02-24,기타,1.3,482163.2,12,367.8
2017-02-24,기타부산물,2.6,11014000.0,2,4302.3
2017-02-24,쌈,23.0,20463230.0,19,890.1
2017-02-24,월동,472.4,157860341.0,12,334.2
2017-02-25,가을,0.0,7200.0,1,300.0
2017-02-25,기타,1.1,360864.8,13,329.9
2017-02-25,봄,1.0,1706250.0,1,1750.0
2017-02-25,쌈,28.4,29625637.4,20,1044.7
2017-02-25,월동,305.6,86266206.7,11,282.3
2017-02-27,봄,0.4,450000.0,1,1200.0
2017-02-27,쌈,0.0,16000.0,1,400.0
2017-02-27,월동,42.5,24917000.0,4,586.7
2017-02-28,쌈,21.8,1949917.3,6,89.6
2017-02-28,월동,18.9,10022533.3,4,530.3
2017-03-01,기타,0.9,432813.8,12,500.9
2017-03-01,기타부산물,1.5,1575000.0,1,1050.0
2017-03-01,봄,0.8,1053000.0,1,1300.0
2017-03-01,쌈,33.8,40335467.5,22,1195.1
2017-03-01,월동,75.8,52201720.0,9,688.7
2017-03-02,기타,1.0,424710.7,13,429.0
2017-03-02,봄,1.0,1072500.0,1,1100.0
2017-03-02,쌈,40.9,40125840.3,22,980.6
2017-03-02,월동,440.2,154062442.7,13,349.9
2017-03-03,기타,0.9,750887.6,8,824.2
2017-03-03,기타부산물,1.2,1244250.0,1,1050.0
2017-03-03,봄,0.9,945000.0,1,1050.0
2017-03-03,쌈,48.2,41559035.0,22,862.9
2017-03-03,월동,384.6,116479140.7,15,302.9
2017-03-03,절임,1.0,337500.0,1,337.5
2017-03-04,기타,1.1,575733.8,11,536.6
2017-03-04,기타부산물,0.3,262650.0,1,1030.0
2017-03-04,봄,2.6,2930062.5,2,1142.3
2017-03-04,쌈,38.9,33601056.4,17,864.1
2017-03-04,월동,173.9,61639951.7,12,354.4
2017-03-06,봄,1.7,2091292.5,2,1212.3
2017-03-06,쌈,15.4,1454325.0,6,94.7
2017-03-06,월동,39.1,23780266.7,4,608.2
2017-03-07,기타부산물,1.6,1226250.0,2,743.2
2017-03-07,쌈,5.2,523430.6,6,100.0
2017-03-07,월동,317.2,77569239.0,10,244.6
2017-03-08,기타,2.8,2153098.6,9,775.6
2017-03-08,기타부산물,1.0,10000000.0,1,10000.0
2017-03-08,봄,1.4,1215000.0,2,900.0
2017-03-08,쌈,20.3,22172686.4,10,1092.0
2017-03-08,월동,40.5,28861000.0,2,713.0
2017-03-09,기타,1.8,1387264.4,14,760.1
2017-03-09,봄,5.4,4336090.0,3,800.0
2017-03-09,쌈,30.1,33911154.1,18,1126.6
2017-03-09,월동,106.8,66583740.0,9,623.7
2017-03-10,기타,2.0,2233368.0,14,1107.3
2017-03-10,기타부산물,0.8,924000.0,1,1100.0
2017-03-10,봄,1.4,945000.0,1,700.0
2017-03-10,쌈,29.7,29156917.1,16,981.7
2017-03-10,월동,407.2,130810912.3,11,321.2
2017-03-11,기타,0.9,436394.3,10,486.5
2017-03-11,쌈,30.1,39007309.2,20,1294.5
2017-03-11,월동,203.3,53057618.7,6,261.0
2017-03-13,기타부산물,2.5,1993425.0,2,786.4
2017-03-13,봄,7.0,6638400.0,2,947.7
2017-03-13,쌈,8.0,2010313.5,6,252.0
2017-03-13,월동,189.0,50384649.8,9,266.6
2017-03-13,저장,234.4,54181499.7,4,231.1
2017-03-14,기타부산물,0.3,285000.0,1,950.0
2017-03-14,봄,1.6,1236000.0,2,792.3
2017-03-14,쌈,13.6,24959584.7,9,1841.8
2017-03-14,월동,86.6,21632993.3,6,249.9
2017-03-14,저장,335.0,76560518.7,4,228.5
2017-03-14,절임,1.0,337500.0,1,337.5
2017-03-15,기타,3.6,3255109.9,20,910.0
2017-03-15,기타부산물,2.0,1419750.0,2,706.3
2017-03-15,봄,1.4,874500.0,2,633.7
2017-03-15,쌈,33.2,44654966.4,18,1345.9
2017-03-15,월동,180.6,63727631.7,9,353.0
2017-03-15,저장,307.2,68651780.7,2,223.5
2017-03-16,기타,1.7,733609.0,10,438.2
2017-03-16,기타부산물,0.9,540000.0,1,600.0
2017-03-16,쌈,22.7,24766172.2,13,1090.7
2017-03-16,월동,138.2,68440800.0,9,495.3
2017-03-16,저장,259.6,49491736.0,6,190.7
2017-03-17,월동,38.1,27681600.0,2,726.6
2017-03-20,기타부산물,2.6,1238328.0,2,474.5
2017-03-20,쌈,7.6,793805.5,3,103.8
2017-03-20,월동,19.1,10623800.0,2,556.2
2017-03-20,저장,367.4,82358836.7,8,224.1
2017-03-20,절임,0.9,303750.0,1,337.5
2017-03-21,쌈,0.2,72980.0,1,410.0
2017-03-21,월동,47.9,30079950.0,4,627.7
2017-03-21,저장,1.9,297666.7,1,156.7
2017-03-22,기타,1.6,811646.1,15,496.7
2017-03-22,기타부산물,1.3,528000.0,1,400.0
2017-03-22,쌈,21.4,27260641.1,13,1273.0
2017-03-22,월동,57.3,36681300.0,7,640.2
2017-03-22,저장,455.4,87985476.7,7,193.2
2017-03-23,기타,1.4,688391.0,14,481.4
2017-03-23,쌈,26.8,30474351.7,16,1136.1
2017-03-23,월동,48.1,28473900.0,4,592.0
2017-03-23,저장,9.6,2216533.3,2,230.9
2017-03-24,기타,1.9,735556.8,19,381.3
2017-03-24,기타부산물,0.3,76500.0,1,300.0
2017-03-24,봄,0.9,619500.0,1,700.0
2017-03-24,쌈,23.5,30104529.1,15,1280.0
2017-03-24,월동,57.5,33405452.0,5,581.0
2017-03-24,저장,319.6,57495964.3,9,179.9
2017-03-25,기타,2.3,1166671.7,21,496.9
2017-03-25,쌈,26.8,23604945.8,16,879.5
2017-03-25,월동,19.0,12822500.0,4,674.9
2017-03-25,저장,144.2,27848826.7,4,193.2
2017-03-27,봄,0.9,1069500.0,1,1150.0
2017-03-27,쌈,6.9,836324.4,3,120.6
2017-03-27,월동,27.8,14484740.0,2,521.0
2017-03-27,저장,446.2,88839938.7,8,199.1
2017-03-28,쌈,2.7,1144916.3,5,422.2
2017-03-28,월동,55.0,28262252.0,2,513.9
2017-03-29,기타,1.3,584170.0,14,453.9
2017-03-29,쌈,38.5,67859322.8,16,1764.2
2017-03-29,월동,19.0,10313200.0,2,542.8
2017-03-30,기타,1.1,377270.0,13,358.6
2017-03-30,쌈,51.0,60383045.4,18,1183.1
2017-03-30,월동,19.2,8402750.0,2,436.5
2017-03-30,저장,237.7,45653346.0,8,192.1
2017-03-31,기타,1.1,926297.7,16,837.5
2017-03-31,쌈,44.7,50849963.5,21,1137.3
2017-03-31,월동,68.0,35394525.0,3,520.1
2017-03-31,저장,317.6,58409803.3,8,183.9
2017-04-01,기타,1.4,634605.9,17,456.6
2017-04-01,봄,8.8,457600.0,2,52.0
2017-04-01,쌈,42.3,39084610.2,18,924.0
2017-04-01,월동,38.5,22719800.0,3,590.9
2017-04-01,저장,134.7,27796234.3,2,206.4
2017-04-01,절임,1.0,337500.0,1,337.5
2017-04-03,쌈,13.1,1320570.0,4,100.7
2017-04-03,월동,1.7,547400.0,2,322.0
2017-04-03,저장,520.0,97504706.7,9,187.5
2017-04-04,쌈,7.4,853033.5,3,115.4
2017-04-04,저장,9.7,1429133.3,2,147.3
2017-04-05,기타,1.0,766428.0,13,800.9
2017-04-05,쌈,38.7,34490412.7,16,891.9
2017-04-05,월동,48.6,27887200.0,4,573.8
2017-04-05,저장,37.0,6971675.0,2,188.7
2017-04-06,기타,0.9,662634.8,10,700.5
2017-04-06,쌈,25.9,29983531.3,17,1159.9
2017-04-06,월동,49.4,24546000.0,4,496.9
2017-04-06,저장,9.2,2000000.0,2,217.4
2017-04-07,기타,0.7,591233.6,8,801.1
2017-04-07,쌈,42.2,43788294.5,17,1037.0
2017-04-07,월동,47.0,25248840.0,3,537.2
2017-04-07,저장,283.0,45582056.0,7,161.1
2017-04-08,기타,0.7,537267.2,12,773.0
2017-04-08,쌈,34.6,35009382.2,14,1012.4
2017-04-08,월동,38.5,17980361.0,3,467.0
2017-04-08,저장,243.1,41229829.7,4,169.6
2017-04-10,기타,20.0,7574880.0,2,378.7
2017-04-10,쌈,14.1,849166.7,4,60.3
2017-04-10,저장,19.0,3476666.7,2,183.0
2017-04-11,쌈,6.2,800261.3,5,128.1
2017-04-11,월동,96.3,38388000.0,2,398.6
2017-04-11,저장,20.0,2266666.7,2,113.3
2017-04-12,기타,20.8,7857693.2,25,378.5
2017-04-12,봄,17.7,812200.0,2,46.0
2017-04-12,쌈,79.9,69583066.9,14,871.1
2017-04-12,월동,170.4,70696762.0,3,414.9
2017-04-13,쌈,101.6,67261358.9,14,661.9
2017-04-13,월동,39.2,15021200.0,4,383.2
2017-04-13,저장,656.1,85542781.3,7,130.4
2017-04-14,기타,1.7,2295417.4,17,1363.9
2017-04-14,쌈,104.5,69976511.2,19,669.7
2017-04-14,월동,97.8,41037000.0,5,419.6
2017-04-14,저장,531.3,79622682.7,5,149.9
2017-04-15,기타,2.4,2778164.4,28,1178.2
2017-04-15,쌈,77.1,53152628.7,13,689.0
2017-04-15,월동,57.6,24860000.0,6,431.6
2017-04-17,쌈,22.7,1580487.1,3,69.7
2017-04-17,저장,19.0,2546000.0,2,134.0
2017-04-18,쌈,107.0,61674887.7,14,576.2
2017-04-18,월동,19.2,11008800.0,2,573.4
2017-04-19,봄,20.1,1931666.7,2,96.1
2017-04-19,쌈,21.4,1188400.0,2,55.6
2017-04-19,월동,75.8,45898580.0,4,605.5
2017-04-19,저장,617.2,108308380.0,7,175.5
2017-04-20,쌈,1.8,78193.9,1,43.1
2017-04-20,월동,19.0,11070400.0,2,582.7
2017-04-20,저장,9.5,1308000.0,2,138.0
2017-04-21,기타,4.3,4294880.2,29,999.7
2017-04-21,봄,39.0,3887000.0,4,99.7
2017-04-21,쌈,121.7,44717583.9,19,367.5
2017-04-21,월동,133.8,79954700.0,5,597.6
2017-04-21,저장,642.7,97993556.7,5,152.5
2017-04-22,기타,3.0,3042280.0,27,998.5
2017-04-22,쌈,82.7,43695652.9,18,528.4
2017-04-22,월동,58.1,31160600.0,3,536.3
2017-04-22,저장,301.5,59032907.3,6,195.8
2017-04-22,절임,3.6,1183000.0,1,325.0
2017-04-24,봄,81.1,4663500.0,5,57.5
2017-04-24,쌈,15.5,979922.6,3,63.2
2017-04-24,저장,663.4,126040100.0,7,190.0
2017-04-25,기타,2.6,3639350.8,30,1423.8
2017-04-25,쌈,71.9,46315523.2,15,644.4
2017-04-25,월동,75.0,46633406.0,4,621.9
2017-04-26,기타,3.6,5050528.4,35,1403.3
2017-04-26,봄,16.8,4048000.0,3,241.0
2017-04-26,쌈,113.6,51558655.3,21,453.7
2017-04-26,월동,111.3,73564398.0,5,661.0
2017-04-26,저장,65.2,12768826.7,4,195.8
2017-04-27,기타,0.2,73600.0,1,460.0
2017-04-27,봄,29.2,6589500.0,4,225.3
2017-04-27,쌈,96.9,43122277.6,19,444.9
2017-04-27,월동,139.3,80864100.0,3,580.5
2017-04-27,저장,55.4,25067066.7,4,452.5
2017-04-28,기타,4.9,6878961.3,34,1394.8
2017-04-28,봄,389.1,36114087.3,9,92.8
2017-04-28,쌈,106.3,51880991.7,20,487.9
2017-04-28,월동,133.5,90616530.0,7,678.8
2017-04-28,저장,472.9,91095206.7,6,192.6
2017-04-29,기타,3.1,3742434.8,33,1214.3
2017-04-29,봄,305.7,28476244.0,7,93.1
2017-04-29,쌈,125.7,49120508.5,22,390.8
2017-04-29,월동,38.2,27265000.0,3,713.7
2017-04-29,저장,176.0,31353813.3,2,178.1
2017-05-01,봄,38.4,6643200.0,4,173.0
2017-05-01,쌈,10.6,795412.8,3,75.0
2017-05-01,월동,19.0,13634400.0,2,717.6
2017-05-02,봄,466.2,32741800.0,4,70.2
2017-05-02,쌈,48.6,2645520.5,4,54.4
2017-05-02,저장,290.3,49562266.7,8,170.8
2017-05-02,절임,1.0,315000.0,2,315.0
2017-05-03,쌈,18.5,976061.7,5,52.8
2017-05-04,기타,19.2,15900000.0,2,828.1
2017-05-04,봄,18.3,610000.0,2,33.3
2017-05-04,쌈,107.3,44589434.4,18,415.7
2017-05-04,저장,19.0,5826666.7,2,306.7
2017-05-05,기타,1.6,1069159.0,14,667.4
2017-05-05,봄,581.0,48068156.7,12,82.7
2017-05-05,쌈,108.0,49758887.1,26,460.8
2017-05-05,저장,315.2,59362633.3,8,188.3
2017-05-06,기타,1.5,1871556.8,13,1259.5
2017-05-06,봄,349.2,30184748.0,10,86.4
2017-05-06,쌈,88.6,38815619.5,19,438.3
2017-05-06,저장,144.5,27494094.0,6,190.2
2017-05-08,기타,18.2,18392000.0,2,1010.5
2017-05-08,봄,77.0,14682700.0,2,190.7
2017-05-08,쌈,8.6,492473.3,5,57.5
2017-05-08,저장,9.5,2419333.3,2,254.7
2017-05-09,기타,22.4,6509770.0,19,291.2
2017-05-09,봄,144.2,29474600.0,4,204.4
2017-05-09,쌈,17.9,4171872.7,8,233.6
2017-05-09,저장,24.2,6574000.0,4,271.9
2017-05-10,기타,17.6,19392000.0,2,1101.8
2017-05-10,봄,660.7,73380694.0,11,111.1
2017-05-10,쌈,65.7,59632599.0,19,907.9
2017-05-10,저장,154.2,38327094.7,6,248.6
2017-05-10,절임,1.6,520000.0,1,325.0
2017-05-11,기타,20.5,21797448.0,13,1060.8
2017-05-11,봄,673.9,59460081.3,8,88.2
2017-05-11,쌈,68.5,47558574.8,14,694.0
2017-05-11,저장,216.9,34480975.3,2,158.9
2017-05-11,절임,1.0,315000.0,2,315.0
2017-05-12,기타,2.8,2638964.8,14,941.1
2017-05-12,봄,953.2,86361699.7,16,90.6
2017-05-12,쌈,109.0,60335950.1,26,553.8
2017-05-12,저장,283.0,47944830.0,6,169.4
2017-05-13,기타,3.0,2971917.5,13,985.7
2017-05-13,봄,464.4,33878770.7,10,73.0
2017-05-13,쌈,98.0,53365269.1,21,544.4
2017-05-13,저장,57.5,11524916.7,2,200.4
2017-05-15,기타,12.9,12726670.0,19,983.7
2017-05-15,기타부산물,0.5,5000000.0,1,10000.0
2017-05-15,봄,810.5,82790753.7,11,102.2
2017-05-15,쌈,134.7,61020098.4,26,453.1
2017-05-15,월동,181.6,63560000.0,3,350.0
2017-05-15,저장,147.5,27716216.0,4,187.9
2017-05-16,기타,1.6,1632358.0,17,996.6
2017-05-16,봄,396.9,37313778.8,15,94.0
2017-05-16,쌈,57.6,29604157.6,30,514.4
2017-05-16,월동,90.5,31675000.0,2,350.0
2017-05-16,저장,75.6,15298600.0,2,202.3
2017-05-16,절임,0.8,276250.0,2,325.0
2017-05-17,기타,9.3,8967000.0,2,964.2
2017-05-17,봄,48.6,4843000.0,8,99.7
2017-05-17,쌈,20.3,1082055.2,4,53.4
2017-05-18,기타,1.4,1137640.0,15,842.1
2017-05-18,봄,464.8,42110051.7,15,90.6
2017-05-18,쌈,46.8,24643607.4,22,526.2
2017-05-18,저장,86.0,10779276.0,2,125.4
2017-05-19,기타,1.1,858289.0,14,748.3
2017-05-19,봄,285.1,25984880.0,12,91.2
2017-05-19,쌈,56.7,20499348.9,26,361.8
2017-05-19,저장,38.2,6118366.7,2,160.2
2017-05-22,봄,311.2,30036065.3,18,96.5
2017-05-22,쌈,12.4,605306.7,8,48.8
2017-05-22,저장,69.0,9429602.0,2,136.8
2017-05-22,절임,0.5,157500.0,2,315.0
2017-05-23,기타,9.5,8914800.0,2,938.4
2017-05-23,봄,46.0,12270913.3,6,266.8
2017-05-23,쌈,6.2,354618.3,5,57.3
2017-05-23,저장,21.6,2018516.7,4,93.4
2017-05-24,기타,1.1,923485.5,15,842.6
2017-05-24,봄,587.4,71853394.3,37,122.3
2017-05-24,쌈,41.4,22726039.4,22,548.5
2017-05-24,저장,39.4,7744646.7,2,196.8
2017-05-25,기타,1.6,1355359.4,13,830.5
2017-05-25,봄,67.3,17290300.0,11,256.7
2017-05-25,쌈,51.7,25628133.0,26,495.9
2017-05-25,저장,10.0,850000.0,1,85.0
2017-05-26,기타,2.7,982716.4,19,362.5
2017-05-26,봄,391.2,36257257.0,32,92.7
2017-05-26,쌈,44.5,19279184.8,21,433.0
2017-05-26,저장,31.5,6109760.0,2,194.1
2017-05-26,절임,0.8,276250.0,2,325.0
2017-05-27,기타,3.6,1630435.1,21,454.5
2017-05-27,봄,285.9,28368577.0,22,99.2
2017-05-27,쌈,34.2,16041058.4,20,468.9
2017-05-27,저장,48.2,7210720.0,2,149.6
2017-05-29,봄,9.0,936000.0,2,104.0
2017-05-29,쌈,8.1,453493.6,5,56.2
2017-05-30,봄,486.1,42151363.0,37,86.7
2017-05-30,쌈,31.4,23374034.0,16,745.5
2017-05-30,저장,19.3,3493300.0,2,181.0
2017-05-31,기타,2.0,940549.2,19,471.7
2017-05-31,봄,445.6,42475165.0,32,95.3
2017-05-31,쌈,48.0,25254386.6,30,526.2
2017-05-31,저장,29.6,5772297.0,2,195.3
2017-06-01,기타,3.5,1596707.4,22,458.4
2017-06-01,봄,537.6,48601996.0,30,90.4
2017-06-01,쌈,47.7,23028354.3,27,482.4
2017-06-01,저장,20.0,2053333.3,2,102.7
2017-06-02,봄,37.4,11390400.0,4,304.6
2017-06-05,봄,37.4,14824900.0,4,396.4
2017-06-06,기타,1.8,1265798.9,19,718.0
2017-06-06,봄,9.6,1174133.3,2,122.7
2017-06-06,쌈,13.8,2558703.3,10,185.3
2017-06-07,기타,2.6,1641930.0,23,631.3
2017-06-07,봄,78.2,35203100.0,10,449.9
2017-06-07,쌈,32.6,24415155.3,22,749.3
2017-06-08,봄,342.0,61398033.0,23,179.5
2017-06-08,쌈,35.7,26514933.1,24,742.5
2017-06-09,기타,1.4,1472510.2,21,1057.1
2017-06-09,봄,676.4,82438886.0,39,121.9
2017-06-09,쌈,43.7,23957269.0,28,548.8
2017-06-09,절임,1.6,520000.0,1,325.0
2017-06-10,기타,1.4,1112641.9,22,803.4
2017-06-10,봄,480.2,35018920.3,29,72.9
2017-06-10,쌈,45.2,22984333.0,33,508.2
2017-06-13,봄,28.7,1455706.7,6,50.7
2017-06-13,쌈,11.3,1254820.3,11,111.3
2017-06-14,기타,2.5,979686.2,14,398.6
2017-06-14,봄,531.5,65289950.7,28,122.8
2017-06-14,쌈,44.3,24698140.2,29,558.0
2017-06-14,절임,0.5,157500.0,2,315.0
2017-06-15,기타,1.7,1250941.6,17,723.1
2017-06-15,봄,104.2,21114583.3,17,202.5
2017-06-15,쌈,44.4,23804616.5,30,535.8
2017-06-16,기타,2.2,2562793.8,25,1176.1
2017-06-16,봄,471.4,56987288.0,32,120.9
2017-06-16,쌈,48.1,24943967.1,30,518.1
2017-06-17,기타,1.4,1266600.5,26,904.1
2017-06-17,봄,417.8,44894098.0,22,107.4
2017-06-17,쌈,41.5,24044281.0,20,580.0
2017-06-17,절임,0.3,110000.0,2,314.3
2017-06-19,봄,498.2,42034032.3,13,84.4
2017-06-19,쌈,6.9,435906.1,8,62.9
2017-06-20,봄,437.2,48712565.3,17,111.4
2017-06-20,쌈,4.2,287091.4,6,68.5
2017-06-21,봄,190.3,23935151.7,13,125.8
2017-06-21,쌈,13.6,1355989.2,8,100.1
2017-06-22,기타,0.7,592900.0,9,856.8
2017-06-22,봄,566.1,67330171.3,23,118.9
2017-06-22,쌈,52.3,32761054.0,21,626.7
2017-06-23,기타,0.7,445300.0,6,666.6
2017-06-23,봄,544.0,61527873.0,29,113.1
2017-06-23,쌈,44.1,22874200.8,26,518.4
2017-06-24,기타,2.0,646273.3,10,325.9
2017-06-24,봄,67.1,19649669.7,13,292.8
2017-06-24,쌈,32.4,22894993.7,15,707.4
2017-06-26,봄,414.8,50452811.3,20,121.6
2017-06-26,쌈,6.6,2726499.7,4,411.1
2017-06-27,봄,455.4,46762937.7,12,102.7
2017-06-27,쌈,16.1,1024255.8,5,63.6
2017-06-28,기타,2.1,828110.2,15,387.5
2017-06-28,봄,95.0,26144650.0,12,275.4
2017-06-28,쌈,43.9,27587514.6,17,628.3
2017-06-29,기타,5.7,842240.0,13,148.6
2017-06-29,봄,114.8,19720422.7,16,171.8
2017-06-29,쌈,46.8,24676130.7,20,527.6
2017-06-30,기타,1.7,437370.0,12,251.9
2017-06-30,봄,602.8,59895789.7,25,99.4
2017-06-30,쌈,45.7,21915135.5,18,479.4
2017-07-01,기타,1.8,153031.0,3,83.7
2017-07-01,봄,28.7,10366600.0,4,361.2
2017-07-01,쌈,33.9,21238296.8,14,627.2
2017-07-01,여름,428.7,697668907.7,15,1627.4
2017-07-03,봄,0.2,27054.0,1,167.0
2017-07-03,쌈,5.7,1003061.7,5,174.8
2017-07-03,여름,28.8,9244800.0,2,321.0
2017-07-04,기타,0.3,243850.0,9,752.6
2017-07-04,봄,0.0,1503.0,1,167.0
2017-07-04,쌈,36.5,36671766.2,15,1004.0
2017-07-04,여름,484.9,75475421.0,15,155.7
2017-07-05,기타,0.6,360500.0,9,615.2
2017-07-05,쌈,39.3,27827477.6,19,708.0
2017-07-05,여름,551.4,73819029.7,22,133.9
2017-07-05,월동,10.0,4500000.0,1,450.0
2017-07-06,기타,0.5,415620.0,8,837.9
2017-07-06,쌈,57.4,27234968.5,17,474.8
2017-07-06,여름,181.6,39648000.0,17,218.4
2017-07-07,기타,1.1,456810.0,12,414.9
2017-07-07,쌈,45.1,27613923.3,20,612.9
2017-07-07,여름,465.9,52209605.7,18,112.1
2017-07-08,기타,0.9,273900.0,7,305.7
2017-07-08,쌈,38.7,25047833.4,19,647.9
2017-07-08,여름,264.6,41694871.0,16,157.6
2017-07-08,월동,10.8,2095200.0,2,194.0
2017-07-10,쌈,10.3,690246.8,2,67.0
2017-07-10,여름,63.0,6817091.7,11,108.2
2017-07-11,기타,0.5,150075.0,6,297.2
2017-07-11,쌈,6.1,2107383.3,8,343.0
2017-07-11,여름,302.5,57903475.0,18,191.4
2017-07-12,기타,1.4,291780.0,7,212.0
2017-07-12,쌈,34.8,27262926.0,13,783.1
2017-07-12,여름,256.4,93172816.0,12,363.4
2017-07-12,월동,9.5,6080000.0,1,640.0
2017-07-12,절임,0.9,274375.0,2,319.0
2017-07-13,기타,1.4,760300.0,5,541.5
2017-07-13,쌈,25.0,28566401.3,20,1143.9
2017-07-13,여름,180.4,60143949.0,12,333.4
2017-07-14,기타,0.2,157950.0,5,658.1
2017-07-14,쌈,28.9,24289822.1,21,840.4
2017-07-14,여름,506.0,680512012.0,23,1344.9
2017-07-15,기타,0.3,163160.0,9,568.5
2017-07-15,쌈,23.2,33343776.9,19,1436.6
2017-07-15,여름,323.8,69149341.0,18,213.6
2017-07-15,절임,1.4,446875.0,2,319.2
2017-07-17,쌈,1.5,235200.0,2,161.5
2017-07-17,여름,445.8,120784071.0,21,270.9
2017-07-18,쌈,13.3,12742288.4,4,958.4
2017-07-18,여름,52.9,6414966.7,5,121.3
2017-07-19,쌈,27.0,31325075.9,23,1161.8
2017-07-19,여름,127.5,51999073.3,13,407.9
2017-07-20,기타,3.2,1840767.7,11,569.7
2017-07-20,쌈,33.2,29241629.4,25,881.8
2017-07-20,여름,214.7,92179436.0,22,429.3
2017-07-21,기타,5.0,2096335.8,15,415.8
2017-07-21,쌈,26.3,27949895.1,21,1062.6
2017-07-21,여름,347.8,123378321.3,25,354.8
2017-07-22,기타,0.9,307575.0,11,326.9
2017-07-22,쌈,30.3,23590922.3,23,779.5
2017-07-22,여름,217.2,100470750.7,18,462.6
2017-07-22,월동,10.0,10000000.0,1,1000.0
2017-07-24,쌈,2.5,225830.7,2,91.7
2017-07-24,여름,28.9,23989000.0,5,829.3
2017-07-24,절임,0.9,637500.0,2,692.9
2017-07-25,기타,0.6,327650.0,7,574.8
2017-07-25,쌈,12.5,1254190.4,7,100.5
2017-07-25,여름,462.9,158303435.0,29,342.0
2017-07-25,월동,10.0,10000000.0,1,1000.0
2017-07-26,기타,0.6,490250.0,7,810.3
2017-07-26,쌈,16.9,18217547.3,13,1076.0
2017-07-26,여름,286.0,110973956.7,21,388.1
2017-07-27,기타,0.6,493550.0,9,830.9
2017-07-27,쌈,26.5,21822250.0,19,823.5
2017-07-27,여름,155.3,63925076.7,18,411.6
2017-07-27,월동,3.0,1104000.0,2,368.0
2017-07-27,절임,0.6,240000.0,1,400.0
2017-07-28,기타,0.9,582930.0,14,624.1
2017-07-28,쌈,41.4,30405175.6,30,734.9
2017-07-28,여름,564.0,160990294.0,27,285.4
2017-07-29,기타,1.7,477294.0,8,284.3
2017-07-29,쌈,21.9,26969902.4,19,1231.5
2017-07-29,여름,307.4,104650760.7,16,340.5
2017-07-31,쌈,15.0,1569627.2,10,104.3
2017-07-31,여름,124.4,46949989.3,15,377.4
2017-07-31,절임,0.8,300000.0,1,375.0
2017-08-01,고랭지,374.7,112346932.0,22,299.8
2017-08-01,기타,0.4,267106.4,4,706.6
2017-08-01,쌈,31.2,36173216.5,25,1158.1
2017-08-01,여름,54.6,40604432.7,7,743.4
2017-08-02,고랭지,319.9,141971414.3,19,443.9
2017-08-02,기타,0.8,490586.1,12,629.8
2017-08-02,쌈,12.8,28554571.8,15,2231.2
2017-08-03,고랭지,677.1,224492065.7,28,331.5
2017-08-03,기타,1.4,853719.3,13,626.4
2017-08-03,쌈,23.0,39960875.8,21,1739.0
2017-08-04,고랭지,510.5,156609208.7,24,306.8
2017-08-04,기타,1.9,642050.0,10,338.3
2017-08-04,쌈,31.8,51912139.5,28,1632.8
2017-08-04,월동,10.0,5500000.0,1,550.0
2017-08-07,고랭지,135.4,68729145.3,17,507.6
2017-08-07,쌈,4.6,738441.7,6,159.4
2017-08-08,고랭지,372.4,102924225.3,15,276.4
2017-08-08,쌈,6.3,704293.3,4,111.4
2017-08-08,절임,0.3,120000.0,1,400.0
2017-08-09,쌈,3.1,364116.7,6,117.3
2017-08-10,고랭지,278.0,119642010.7,14,430.4
2017-08-10,기타,1.1,1178230.0,13,1036.3
2017-08-10,쌈,18.5,31602282.0,17,1707.7
2017-08-11,고랭지,318.2,175394356.7,14,551.2
2017-08-11,기타,1.5,1191514.6,14,775.7
2017-08-11,쌈,16.7,20268992.7,13,1213.1
2017-08-11,월동,10.5,10500000.0,1,1000.0
2017-08-12,고랭지,436.8,217339829.7,21,497.6
2017-08-12,기타,1.0,684150.0,13,678.0
2017-08-12,쌈,19.8,23017523.9,15,1163.2
2017-08-12,월동,10.0,6000000.0,1,600.0
2017-08-14,고랭지,182.2,140893415.7,12,773.2
2017-08-14,쌈,3.0,573111.1,5,190.0
2017-08-14,절임,0.2,96000.0,1,400.0
2017-08-15,고랭지,68.7,68412000.0,10,995.8
2017-08-15,쌈,7.0,1269673.1,8,181.8
2017-08-15,절임,0.4,160000.0,1,400.0
2017-08-16,고랭지,353.6,177160454.7,16,501.1
2017-08-16,기타,0.7,451325.0,9,605.8
2017-08-16,쌈,14.0,26988457.5,19,1922.5
2017-08-17,고랭지,427.4,197996145.0,13,463.2
2017-08-17,기타,1.2,557132.1,16,457.4
2017-08-17,쌈,14.6,32057333.2,18,2194.1
2017-08-18,고랭지,441.6,197106920.0,16,446.3
2017-08-18,기타,1.5,1238575.4,20,816.5
2017-08-18,쌈,14.4,28696875.7,18,1993.9
2017-08-19,고랭지,331.7,170226701.3,18,513.2
2017-08-19,기타,1.1,621354.2,15,544.1
2017-08-19,쌈,16.1,31291104.5,21,1946.6
2017-08-21,고랭지,510.9,222836723.0,15,436.2
2017-08-21,쌈,5.8,633613.3,4,110.0
2017-08-22,고랭지,29.1,33568800.0,6,1155.6
2017-08-22,쌈,7.5,852163.2,4,113.0
2017-08-23,고랭지,144.5,49665882.3,10,343.7
2017-08-23,쌈,3.5,543003.9,3,156.4
2017-08-24,고랭지,593.8,207697976.3,19,349.8
2017-08-24,기타,2.2,1311489.1,16,597.5
2017-08-24,쌈,24.9,34969118.4,19,1406.1
2017-08-24,절임,0.4,150000.0,1,375.0
2017-08-25,고랭지,318.0,164390900.0,16,517.0
2017-08-25,기타,0.8,729203.7,12,896.9
2017-08-25,쌈,16.6,27771905.8,17,1668.5
2017-08-26,고랭지,428.7,210116135.3,17,490.1
2017-08-26,기타,3.7,5713311.2,13,1558.0
2017-08-26,쌈,20.8,37899564.3,18,1825.3
2017-08-28,고랭지,35.9,19297000.0,4,537.5
2017-08-28,쌈,7.8,1230308.4,7,157.9
2017-08-29,고랭지,28.1,49793500.0,6,1768.9
2017-08-29,기타,3.7,2145236.7,17,575.9
2017-08-29,쌈,20.1,38536430.7,21,1915.7
2017-08-30,고랭지,10.0,4906666.7,2,490.7
2017-08-30,기타,3.8,1020167.6,2,269.0
2017-08-30,쌈,18.1,30738721.3,17,1693.7
2017-08-31,고랭지,76.1,103667133.3,12,1362.2
2017-08-31,기타,0.1,12800.0,1,200.0
2017-08-31,쌈,20.9,29604831.4,20,1413.8
2017-08-31,절임,1.3,504000.0,1,400.0
2017-09-01,가을,0.1,23466.7,1,266.7
2017-09-01,고랭지,512.9,308934267.3,23,602.4
2017-09-01,기타,1.0,1079660.0,11,1031.2
2017-09-01,쌈,22.3,30626093.0,23,1371.0
2017-09-02,고랭지,370.8,267764176.3,19,722.2
2017-09-02,기타,1.9,3603400.0,23,1872.9
2017-09-02,쌈,20.3,31818795.1,22,1570.7
2017-09-02,절임,0.8,300000.0,1,375.0
2017-09-04,고랭지,725.5,338632572.2,24,466.8
2017-09-04,쌈,3.2,589066.7,4,183.6
2017-09-05,고랭지,593.7,243202495.7,14,409.7
2017-09-05,쌈,4.9,749272.1,6,151.6
2017-09-06,고랭지,624.0,260664113.8,12,417.8
2017-09-06,기타,1.9,1501239.3,15,780.3
2017-09-06,쌈,21.7,35532328.1,24,1638.2
2017-09-06,월동,95.0,114060000.0,1,1200.0
2017-09-07,고랭지,107.8,117413733.3,12,1088.7
2017-09-07,기타,2.3,5686507.3,19,2515.0
2017-09-07,쌈,17.3,39221074.3,15,2264.1
2017-09-07,월동,283.7,255330000.0,2,900.0
2017-09-08,고랭지,714.1,347270667.0,26,486.3
2017-09-08,기타,1.9,1175212.8,13,611.5
2017-09-08,쌈,26.6,43266757.9,20,1625.0
2017-09-08,월동,95.0,85545000.0,1,900.0
2017-09-09,고랭지,68.2,84931729.0,8,1246.2
2017-09-09,기타,7.6,10106995.7,32,1332.0
2017-09-09,쌈,21.9,37048505.6,19,1688.6
2017-09-09,월동,65.0,58545000.0,1,900.0
2017-09-11,고랭지,612.6,248459220.0,13,405.6
2017-09-11,쌈,1.9,326300.0,3,172.8
2017-09-12,고랭지,398.2,263148520.7,22,660.8
2017-09-12,기타,1.9,4700119.6,25,2535.1
2017-09-12,쌈,21.5,35140869.4,19,1633.2
2017-09-12,월동,46.7,42030000.0,1,900.0
2017-09-13,고랭지,131.6,143214980.0,16,1088.6
2017-09-13,기타,1.5,1084121.0,27,702.2
2017-09-13,쌈,25.0,43001175.7,19,1719.3
2017-09-13,월동,69.2,65745000.0,4,949.4
2017-09-14,고랭지,117.0,126968460.0,12,1085.3
2017-09-14,기타,2.5,6555565.2,27,2629.6
2017-09-14,쌈,39.7,51590246.0,24,1299.9
2017-09-14,월동,39.5,35550000.0,2,900.0
2017-09-15,고랭지,699.6,315981233.0,27,451.7
2017-09-15,기타,7.6,3708972.8,35,486.2
2017-09-15,쌈,36.9,48049854.3,25,1303.6
2017-09-15,월동,86.7,80030000.0,2,923.1
2017-09-16,고랭지,18.5,20769000.0,4,1122.6
2017-09-16,기타,0.7,777440.0,1,1130.0
2017-09-16,쌈,26.4,36040080.4,23,1366.7
2017-09-19,고랭지,123.9,137067065.0,13,1106.3
2017-09-19,기타,2.1,6897251.5,22,3286.0
2017-09-19,쌈,7.6,1262350.5,9,165.6
2017-09-19,월동,251.7,226485000.0,1,900.0
2017-09-20,고랭지,739.7,302463198.3,27,408.9
2017-09-20,기타,2.4,906920.0,1,382.7
2017-09-20,쌈,39.2,43359342.8,24,1104.8
2017-09-21,고랭지,787.4,338105048.3,27,429.4
2017-09-21,기타,5.1,6482327.0,32,1267.3
2017-09-21,쌈,46.9,41353375.0,34,882.6
2017-09-21,월동,187.5,169750000.0,2,905.3
2017-09-22,고랭지,686.4,315044712.3,20,459.0
2017-09-22,기타,4.2,2292463.5,26,546.9
2017-09-22,기타부산물,1.5,1375050.0,1,890.0
2017-09-22,쌈,40.1,39887199.5,25,994.3
2017-09-22,월동,177.8,159975000.0,1,900.0
2017-09-23,고랭지,720.3,320819226.0,25,445.4
2017-09-23,기타,7.9,4605514.4,27,586.2
2017-09-23,기타부산물,1.7,1008000.0,1,600.0
2017-09-23,쌈,35.2,41432648.8,26,1175.4
2017-09-23,월동,138.0,124200000.0,1,900.0
2017-09-23,절임,0.9,3608200.0,2,4004.7
2017-09-26,고랭지,38.0,35387150.0,9,930.0
2017-09-26,쌈,11.1,1092037.1,9,98.5
2017-09-27,고랭지,641.8,216542625.3,18,337.4
2017-09-27,쌈,13.3,1303416.9,4,98.3
2017-09-28,고랭지,609.0,261869362.0,22,430.0
2017-09-28,기타,7.2,2747012.2,26,380.8
2017-09-28,쌈,30.1,39573878.9,19,1316.4
2017-09-28,월동,69.2,62325000.0,1,900.0
2017-09-29,고랭지,724.9,298452850.3,37,411.7
2017-09-29,기타,11.5,6043700.8,53,524.0
2017-09-29,쌈,63.8,86570596.4,29,1355.9
2017-09-29,월동,88.2,79425000.0,1,900.0
2017-09-29,절임,0.9,451025.0,2,500.6
2017-09-30,고랭지,116.6,118022200.0,16,1012.2
2017-09-30,기타,10.9,4193276.9,56,384.4
2017-09-30,쌈,56.6,77415297.0,25,1367.1
2017-09-30,월동,88.5,79650000.0,1,900.0
2017-10-02,가을,518.0,209961109.3,22,405.3
2017-10-02,고랭지,48.1,73622700.0,7,1530.6
2017-10-02,기타,11.3,9291150.5,32,818.7
2017-10-02,쌈,72.6,85853892.6,27,1182.8
2017-10-02,월동,177.2,159525000.0,1,900.0
2017-10-03,가을,107.2,67950554.0,9,633.9
2017-10-03,고랭지,28.8,48153000.0,5,1672.0
2017-10-03,기타,0.6,942881.6,20,1494.3
2017-10-03,쌈,11.2,38905187.3,12,3458.2
2017-10-03,월동,31.8,28575000.0,1,900.0
2017-10-07,가을,19.3,4439000.0,2,230.0
2017-10-07,고랭지,9.5,19228000.0,2,2024.0
2017-10-07,기타,53.9,74603970.8,12,1384.8
2017-10-07,쌈,17.8,35334506.2,14,1990.6
2017-10-09,가을,115.2,89180766.7,18,774.3
2017-10-09,기타,19.2,19671000.0,5,1023.5
2017-10-09,쌈,5.0,478383.3,2,95.7
2017-10-10,가을,126.2,22092036.7,15,175.0
2017-10-10,기타부산물,1.8,720000.0,1,400.0
2017-10-10,쌈,13.8,1316421.7,4,95.7
2017-10-11,쌈,0.4,446000.0,1,1115.0
2017-10-12,가을,444.2,56331978.3,27,126.8
2017-10-12,기타,3.9,1498967.2,22,383.1
2017-10-12,쌈,4.5,508914.6,4,112.6
2017-10-13,가을,736.1,85822696.0,29,116.6
2017-10-13,기타,45.1,14657668.1,30,324.9
2017-10-13,쌈,31.7,25073409.7,23,791.6
2017-10-13,절임,1.4,560000.0,1,400.0
2017-10-14,가을,496.0,54087580.0,24,109.1
2017-10-14,기타,37.2,11102334.4,50,298.2
2017-10-14,쌈,49.2,28136860.4,39,571.7
2017-10-16,가을,28.5,2980166.7,5,104.5
2017-10-16,기타,9.5,4389000.0,2,462.0
2017-10-16,쌈,4.7,305311.1,3,65.3
2017-10-17,가을,48.0,16078000.0,8,335.3
2017-10-17,기타,48.6,13115360.0,7,269.6
2017-10-17,쌈,13.6,859076.2,6,63.3
2017-10-18,가을,85.8,15781833.3,16,183.8
2017-10-18,기타,0.6,244320.0,2,442.6
2017-10-18,쌈,52.2,27195301.7,27,521.4
2017-10-19,가을,39.0,10528333.3,6,270.0
2017-10-19,기타,35.1,14092401.5,31,401.8
2017-10-19,쌈,32.6,19990199.4,24,612.8
2017-10-20,가을,468.3,56852096.3,22,121.4
2017-10-20,기타,42.7,15768733.8,30,369.2
2017-10-20,쌈,50.7,25005387.0,30,493.2
2017-10-21,가을,445.7,51432128.3,23,115.4
2017-10-21,기타,25.1,10675570.3,30,425.6
2017-10-21,쌈,45.7,20980758.3,27,459.6
2017-10-23,쌈,11.2,619802.9,4,55.4
2017-10-24,기타,9.6,1729200.0,2,180.1
2017-10-24,쌈,9.2,417537.3,5,45.5
2017-10-25,가을,481.6,43933656.0,22,91.2
2017-10-25,기타,24.0,8392952.8,28,349.1
2017-10-25,쌈,34.5,22303859.2,22,646.5
2017-10-26,가을,581.8,60385311.0,28,103.8
2017-10-26,기타,22.2,6891884.0,7,310.9
2017-10-26,쌈,43.0,23864855.9,25,554.5
2017-10-27,가을,564.6,53665117.0,28,95.1
2017-10-27,기타,43.7,15033135.3,33,344.4
2017-10-27,쌈,37.8,22142500.1,23,585.7
2017-10-27,월동,10.0,5000000.0,1,500.0
2017-10-28,가을,37.3,7533800.0,6,202.0
2017-10-28,기타,25.1,8255970.4,31,328.3
2017-10-28,쌈,34.6,28270726.7,20,816.6
2017-10-30,가을,9.2,298666.7,2,32.6
2017-10-30,기타,47.4,14317110.0,6,302.4
2017-10-30,쌈,8.4,477996.7,8,57.1
2017-10-30,절임,0.6,340000.0,2,566.7
2017-10-31,가을,447.8,42613417.7,14,95.2
2017-10-31,쌈,12.3,641400.0,7,52.1
2017-11-01,가을,584.0,67401141.3,34,115.4
2017-11-01,기타,38.4,13936200.0,8,362.9
2017-11-01,쌈,33.6,18616078.2,16,553.3
2017-11-02,가을,516.8,57467471.7,20,111.2
2017-11-02,쌈,10.6,584487.8,7,54.9
2017-11-03,가을,565.0,82344360.3,28,145.7
2017-11-03,기타,51.1,20952380.8,27,409.8
2017-11-03,봄,1.5,3366000.0,1,2200.0
2017-11-03,쌈,64.0,31582869.7,32,493.8
2017-11-03,절임,1.8,608000.0,3,330.4
2017-11-04,가을,552.7,85258262.3,33,154.3
2017-11-04,기타,49.6,22225064.7,34,447.7
2017-11-04,쌈,42.3,22109577.3,27,522.3
2017-11-06,쌈,12.9,669500.0,8,51.8
2017-11-06,절임,0.8,256750.0,2,325.0
2017-11-07,가을,67.3,22273800.0,12,331.0
2017-11-07,쌈,0.2,58347.5,2,264.0
2017-11-08,가을,749.4,89779070.7,48,119.8
2017-11-08,기타,52.7,20323568.5,39,385.7
2017-11-08,쌈,47.6,23020310.7,28,483.6
2017-11-08,절임,6.8,13134250.0,5,1920.2
2017-11-09,가을,782.1,83397111.7,34,106.6
2017-11-09,기타,0.1,4800.0,1,80.0
2017-11-09,봄,1.0,725967.0,1,733.3
2017-11-09,쌈,53.9,24111911.3,26,447.7
2017-11-09,절임,6.1,2034500.0,4,335.2
2017-11-10,가을,778.7,135639401.3,49,174.2
2017-11-10,기타,62.7,32046846.3,30,511.5
2017-11-10,쌈,46.0,23187284.9,29,503.6
2017-11-10,절임,14.3,8963000.0,5,626.3
2017-11-11,가을,1046.8,175052526.0,64,167.2
2017-11-11,기타,69.1,39379840.5,29,569.8
2017-11-11,봄,1.5,4050000.0,1,2700.0
2017-11-11,쌈,47.7,20253542.2,27,424.3
2017-11-11,절임,22.8,21464220.0,6,942.7
2017-11-13,가을,17.2,2651666.7,4,154.2
2017-11-13,봄,3.6,7620000.0,2,2116.7
2017-11-13,쌈,3.0,149439.4,6,49.9
2017-11-13,절임,10.7,3602000.0,4,337.6
2017-11-14,가을,126.7,44000980.0,24,347.4
2017-11-14,기타,9.5,4807000.0,2,506.0
2017-11-14,쌈,0.6,390720.0,3,680.7
2017-11-14,절임,6.2,4078000.0,3,653.5
2017-11-15,가을,1099.5,127074378.0,42,115.6
2017-11-15,기타,144.5,58331570.0,14,403.7
2017-11-15,쌈,6.0,393898.5,4,66.0
2017-11-15,절임,9.4,2953750.0,4,313.9
2017-11-16,가을,1133.0,149700638.3,46,132.1
2017-11-16,기타,115.0,50396300.0,13,438.1
2017-11-16,쌈,9.4,910596.6,9,96.9
2017-11-16,월동,9.1,3640000.0,1,400.0
2017-11-16,절임,16.6,9180250.0,6,551.7
2017-11-17,가을,1408.6,252036350.7,73,178.9
2017-11-17,기타,139.9,79709053.1,48,569.8
2017-11-17,봄,0.7,810000.0,1,1200.0
2017-11-17,쌈,31.2,17478832.8,23,559.7
2017-11-17,월동,9.6,3438000.0,1,360.0
2017-11-17,절임,22.6,7081250.0,4,313.5
2017-11-18,가을,1328.8,221928126.3,65,167.0
2017-11-18,기타,133.9,62445597.2,41,466.4
2017-11-18,봄,0.3,360000.0,1,1200.0
2017-11-18,쌈,29.1,19139751.9,23,657.5
2017-11-18,월동,18.2,7280000.0,2,400.0
2017-11-18,절임,76.8,60552474.3,8,789.0
2017-11-20,가을,9.1,1783600.0,2,196.0
2017-11-20,기타,154.0,64484360.0,8,418.7
2017-11-20,쌈,0.4,420000.0,1,1050.0
2017-11-20,절임,46.8,14653620.0,4,312.8
2017-11-21,가을,823.0,103560943.0,32,125.8
2017-11-21,기타,31.5,18545046.9,37,588.6
2017-11-21,쌈,3.9,1634333.3,5,414.4
2017-11-21,월동,10.0,5000000.0,1,500.0
2017-11-21,절임,14.4,4523500.0,4,315.0
2017-11-22,가을,1092.1,173091032.7,46,158.5
2017-11-22,기타,133.2,65438065.0,11,491.3
2017-11-22,쌈,29.7,24810034.7,24,836.5
2017-11-22,절임,50.9,79542250.0,7,1563.6
2017-11-23,가을,1083.9,167598472.3,38,154.6
2017-11-23,기타,155.1,90432179.0,12,583.2
2017-11-23,기타부산물,0.3,24000.0,1,80.0
2017-11-23,봄,0.8,1125000.0,1,1500.0
2017-11-23,쌈,36.4,29178475.7,24,800.6
2017-11-23,월동,28.1,11240000.0,2,400.0
2017-11-23,절임,24.1,15107938.8,5,625.6
2017-11-24,가을,1190.2,268576227.7,37,225.7
2017-11-24,기타,162.8,96577171.5,25,593.2
2017-11-24,쌈,23.3,17550457.6,21,752.1
2017-11-24,월동,10.0,5000000.0,1,500.0
2017-11-24,절임,68.2,56609765.0,9,829.9
2017-11-25,가을,174.2,74672907.3,21,428.7
2017-11-25,기타,104.7,61184596.7,39,584.3
2017-11-25,쌈,35.5,23800268.8,33,670.5
2017-11-25,월동,27.3,10920000.0,2,400.0
2017-11-25,절임,71.8,97409500.0,6,1356.9
2017-11-27,가을,19.0,2162000.0,4,113.8
2017-11-27,기타,115.8,56541750.0,6,488.1
2017-11-27,쌈,3.4,222894.0,2,64.6
2017-11-27,절임,29.1,22505700.0,6,773.1
2017-11-28,가을,778.5,79569505.7,22,102.2
2017-11-28,기타,14.3,10077603.0,26,703.9
2017-11-28,쌈,6.5,1920862.1,9,296.4
2017-11-28,절임,19.4,6052960.5,4,312.2
2017-11-29,가을,1016.9,135993276.7,28,133.7
2017-11-29,기타,91.2,38573921.6,39,422.7
2017-11-29,쌈,52.2,26814721.3,29,513.5
2017-11-29,절임,31.9,30432216.8,6,954.6
2017-11-30,기타,1.9,85500.0,1,45.0
2017-11-30,쌈,41.2,22829586.8,24,553.7
2017-11-30,절임,12.9,9292178.0,4,722.6
2017-12-01,가을,889.1,147374012.7,25,165.8
2017-12-01,기타,23.5,27960060.6,36,1191.9
2017-12-01,봄,1.3,1912500.0,1,1500.0
2017-12-01,쌈,63.5,19195626.4,31,302.4
2017-12-01,절임,75.6,94939325.3,7,1256.3
2017-12-02,가을,164.2,59184181.7,10,360.5
2017-12-02,기타,7.9,13089929.7,34,1658.4
2017-12-02,봄,1.2,1719960.0,1,1433.3
2017-12-02,쌈,23.7,12104174.4,21,510.7
2017-12-02,절임,15.0,29312500.0,3,1954.2
2017-12-04,가을,103.5,19531553.3,4,188.8
2017-12-04,기타,0.8,101760.0,1,120.0
2017-12-04,쌈,2.2,149634.0,1,69.3
2017-12-04,절임,11.4,3555250.0,3,310.5
2017-12-05,가을,461.8,74226623.3,17,160.8
2017-12-05,기타,2.7,2584234.0,23,951.5
2017-12-05,쌈,6.1,1074266.7,7,176.9
2017-12-05,절임,9.4,2947000.0,4,312.2
2017-12-06,가을,298.8,48337920.0,12,161.8
2017-12-06,기타,5.2,7375064.6,23,1422.9
2017-12-06,쌈,41.3,23795857.1,23,576.8
2017-12-06,월동,10.0,5000000.0,1,500.0
2017-12-06,절임,13.0,15023133.5,3,1155.6
2017-12-07,가을,355.4,64951770.0,12,182.8
2017-12-07,기타,4.5,5877213.0,22,1305.8
2017-12-07,봄,0.9,900000.0,1,1000.0
2017-12-07,쌈,26.7,16131222.8,19,603.9
2017-12-07,절임,14.9,14760500.0,4,992.0
2017-12-08,가을,711.5,122794322.7,21,172.6
2017-12-08,기타,4.4,7233636.1,27,1630.7
2017-12-08,봄,0.9,1305000.0,1,1450.0
2017-12-08,쌈,44.9,20407687.8,24,454.5
2017-12-08,절임,17.5,9323887.5,4,531.6
2017-12-09,가을,368.7,71241637.3,13,193.2
2017-12-09,기타,5.3,8146388.1,29,1541.7
2017-12-09,봄,0.9,1305000.0,1,1450.0
2017-12-09,쌈,35.7,16737792.2,25,469.5
2017-12-09,월동,10.0,5000000.0,1,500.0
2017-12-09,절임,27.0,18293500.0,4,677.5
2017-12-11,가을,135.6,28914843.0,12,213.3
2017-12-11,봄,0.0,63000.0,1,1400.0
2017-12-11,쌈,10.3,585433.3,6,57.0
2017-12-11,절임,7.2,2246750.0,2,312.9
2017-12-12,가을,9.7,1752466.7,2,180.7
2017-12-12,쌈,1.6,122400.0,1,75.0
2017-12-12,절임,5.6,1739000.0,3,308.3
2017-12-13,가을,185.2,40977020.0,10,221.2
2017-12-13,기타,0.8,996900.0,9,1260.3
2017-12-13,쌈,14.4,10184121.8,15,706.1
2017-12-13,절임,6.1,1897000.0,3,310.5
2017-12-14,가을,287.4,44716516.0,13,155.6
2017-12-14,기타,2.4,3110031.2,18,1293.2
2017-12-14,기타부산물,0.2,96000.0,1,400.0
2017-12-14,봄,1.0,1293750.0,1,1250.0
2017-12-14,쌈,21.1,13186867.1,24,623.9
2017-12-14,절임,6.7,5463818.8,4,810.7
2017-12-15,가을,222.7,42155949.0,9,189.3
2017-12-15,기타,2.4,4299420.1,16,1792.2
2017-12-15,기타부산물,0.3,157500.0,1,500.0
2017-12-15,봄,0.1,180000.0,1,1200.0
2017-12-15,쌈,35.4,22488697.3,34,634.7
2017-12-15,절임,10.4,3249052.5,2,311.2
2017-12-16,가을,269.8,68815317.3,9,255.1
2017-12-16,기타,2.8,4125371.5,17,1453.1
2017-12-16,기타부산물,0.3,283800.0,1,860.0
2017-12-16,봄,0.1,165000.0,1,1100.0
2017-12-16,쌈,28.5,22105321.8,28,776.9
2017-12-16,절임,10.1,8889000.0,3,881.8
2017-12-18,가을,40.3,21767088.0,2,540.1
2017-12-18,기타부산물,0.2,49500.0,1,300.0
2017-12-18,쌈,1.1,71300.0,2,64.1
2017-12-19,가을,351.5,74811706.3,11,212.8
2017-12-19,기타,1.0,1207648.7,7,1167.9
2017-12-19,기타부산물,1.7,2331000.0,1,1400.0
2017-12-19,봄,1.1,1395000.0,2,1328.6
2017-12-19,쌈,42.4,36605556.6,32,863.5
2017-12-20,가을,49.4,19066483.0,2,386.0
2017-12-20,기타,1.7,2100336.4,13,1246.5
2017-12-20,기타부산물,0.1,5200.0,1,40.0
2017-12-20,봄,0.6,780000.0,1,1300.0
2017-12-20,쌈,50.4,42400488.6,33,840.5
2017-12-20,절임,2.7,3724000.0,1,1400.0
2017-12-21,가을,317.9,60575327.7,7,190.6
2017-12-21,기타,4.0,3590897.6,17,887.7
2017-12-21,기타부산물,2.4,2944725.0,1,1242.5
2017-12-21,봄,1.9,3045000.0,2,1624.0
2017-12-21,쌈,44.3,34690967.9,32,782.6
2017-12-22,가을,270.9,47022476.0,11,173.6
2017-12-22,기타,3.3,4367087.7,25,1304.0
2017-12-22,기타부산물,3.1,2852400.0,2,914.2
2017-12-22,봄,1.2,1440000.0,1,1200.0
2017-12-22,쌈,56.7,34872470.6,37,615.5
2017-12-22,절임,8.6,17780000.0,2,2067.4
2017-12-23,가을,101.8,16973871.7,7,166.7
2017-12-23,기타,2.8,3696046.1,19,1324.7
2017-12-23,기타부산물,3.2,3049500.0,1,950.0
2017-12-23,쌈,9.2,832179.3,6,90.7
2017-12-25,가을,272.4,39145301.7,4,143.7
2017-12-25,기타부산물,4.1,3568500.0,2,871.4
2017-12-25,쌈,18.3,919086.5,6,50.3
2017-12-26,가을,322.0,61567386.7,7,191.2
2017-12-26,기타부산물,1.4,1079400.0,2,782.2
2017-12-26,쌈,43.9,32590335.0,37,742.3
2017-12-26,절임,1.0,300000.0,1,300.0
2017-12-27,가을,362.6,67988458.3,10,187.5
2017-12-27,기타,2.5,2191364.7,15,891.5
2017-12-27,기타부산물,1.3,387000.0,1,300.0
2017-12-27,쌈,44.2,30852452.0,33,698.0
2017-12-28,가을,55.0,23791125.0,3,432.6
2017-12-28,기타,2.4,4203455.0,10,1743.4
2017-12-28,봄,1.4,1755000.0,1,1300.0
2017-12-28,쌈,41.4,35000327.7,34,845.4
2017-12-28,절임,7.6,16808000.0,1,2200.0
2017-12-29,가을,270.6,57174237.3,10,211.3
2017-12-29,기타,3.8,2916582.0,16,767.9
2017-12-29,기타부산물,2.5,2035575.0,1,817.5
2017-12-29,쌈,47.5,28580925.4,45,601.3
2017-12-30,가을,186.2,33353607.3,7,179.1
2017-12-30,기타,11.7,8789058.9,21,748.9
2017-12-30,기타부산물,1.0,618750.0,1,625.0
2017-12-30,봄,2.4,1665000.0,3,681.0
2017-12-30,쌈,51.8,33430739.4,37,645.9
2018-01-03,가을,39.8,20434800.0,5,513.8
2018-01-03,기타,3.0,4794350.0,12,1618.6
2018-01-03,기타부산물,1.8,1263000.0,2,690.2
2018-01-03,봄,0.3,260000.0,1,866.7
2018-01-03,쌈,58.1,71022300.0,34,1222.9
2018-01-03,월동,363.9,194222300.0,3,533.8
2018-01-04,가을,40.1,17367000.0,3,433.2
2018-01-04,기타,3.8,6029500.0,12,1597.2
2018-01-04,기타부산물,3.5,1836000.0,3,529.9
2018-01-04,봄,0.9,806000.0,1,866.7
2018-01-04,쌈,46.8,66197600.0,25,1413.6
2018-01-04,월동,481.3,219117400.0,6,455.3
2018-01-05,가을,28.7,13736000.0,4,478.6
2018-01-05,기타,3.0,6014000.0,12,2024.2
2018-01-05,기타부산물,1.8,794000.0,1,433.9
2018-01-05,봄,0.5,390000.0,1,866.7
2018-01-05,쌈,42.9,55368600.0,26,1292.1
2018-01-05,월동,366.4,154599000.0,7,422.0
2018-01-06,가을,29.8,12506500.0,2,420.4
2018-01-06,기타,3.7,4726000.0,7,1283.5
2018-01-06,기타부산물,1.0,413000.0,2,399.0
2018-01-06,봄,0.7,465000.0,2,659.6
2018-01-06,쌈,54.4,59126600.0,30,1087.5
2018-01-06,월동,248.4,98975500.0,3,398.4
2018-01-08,가을,39.2,16492400.0,2,420.7
2018-01-08,기타,5.5,8509750.0,11,1559.4
2018-01-08,기타부산물,5.1,1635000.0,3,321.5
2018-01-08,봄,0.5,330000.0,1,733.3
2018-01-08,쌈,47.7,53510100.0,29,1121.8
2018-01-08,월동,421.2,180815600.0,5,429.3
2018-01-09,가을,19.6,9011500.0,2,458.6
2018-01-09,기타,3.1,4973500.0,7,1611.6
2018-01-09,기타부산물,2.3,1011200.0,1,443.5
2018-01-09,봄,0.5,390000.0,1,866.7
2018-01-09,쌈,39.2,47341500.0,27,1207.9
2018-01-09,월동,239.8,109198000.0,4,455.5
2018-01-10,가을,39.5,17595000.0,2,445.4
2018-01-10,기타,3.7,5296375.0,12,1423.8
2018-01-10,기타부산물,1.4,7378400.0,2,5425.3
2018-01-10,봄,0.3,260000.0,1,866.7
2018-01-10,쌈,46.9,58017100.0,29,1236.7
2018-01-10,월동,289.9,129102000.0,5,445.4
2018-01-11,가을,28.1,7274000.0,2,258.5
2018-01-11,기타,0.6,1310400.0,6,2319.3
2018-01-11,기타부산물,0.0,75000.0,1,15000.0
2018-01-11,봄,0.4,273000.0,1,700.0
2018-01-11,쌈,37.0,44343700.0,29,1198.9
2018-01-11,월동,175.1,84732700.0,5,483.9
2018-01-11,저장,10.1,4844000.0,2,482.0
2018-01-12,가을,19.7,6407000.0,2,325.2
2018-01-12,기타,9.1,43946000.0,8,4823.9
2018-01-12,기타부산물,3.7,1897000.0,2,516.2
2018-01-12,봄,2.8,2535000.0,2,898.9
2018-01-12,쌈,46.7,37581700.0,30,804.3
2018-01-12,월동,126.0,54643000.0,2,433.8
2018-01-13,기타,1.9,3287000.0,6,1696.1
2018-01-13,기타부산물,1.4,794000.0,3,548.3
2018-01-13,봄,0.3,345000.0,1,1000.0
2018-01-13,쌈,31.1,31018600.0,25,998.3
2018-01-13,월동,18.9,8259300.0,4,437.0
2018-01-15,기타,3.4,6729100.0,9,1986.7
2018-01-15,기타부산물,3.6,1680500.0,2,466.8
2018-01-15,쌈,58.8,62226700.0,27,1057.4
2018-01-15,월동,392.6,175468000.0,7,447.0
2018-01-16,가을,29.7,12772800.0,4,430.1
2018-01-16,기타,1.2,2758400.0,11,2291.0
2018-01-16,기타부산물,2.7,1066300.0,3,397.1
2018-01-16,쌈,30.6,41021400.0,25,1340.5
2018-01-16,월동,306.3,143365600.0,7,468.1
2018-01-17,가을,29.9,11068700.0,2,370.4
2018-01-17,기타,1.1,2751300.0,6,2447.8
2018-01-17,기타부산물,0.5,332500.0,1,633.3
2018-01-17,쌈,42.0,50888500.0,32,1211.4
2018-01-17,월동,339.1,155301500.0,7,457.9
2018-01-18,가을,49.3,20134900.0,3,408.5
2018-01-18,기타,1.7,5495200.0,7,3170.9
2018-01-18,기타부산물,1.2,663000.0,1,566.7
2018-01-18,쌈,36.5,49337000.0,33,1350.0
2018-01-18,월동,395.9,175192400.0,6,442.5
2018-01-19,가을,18.9,9382200.0,4,496.4
2018-01-19,기타,2.8,6052600.0,12,2178.0
2018-01-19,기타부산물,0.3,160000.0,1,533.3
2018-01-19,봄,0.8,740000.0,2,986.7
2018-01-19,쌈,52.2,65530400.0,33,1255.6
2018-01-19,월동,382.2,159720300.0,10,417.9
2018-01-20,가을,29.7,12429000.0,2,418.5
2018-01-20,기타,2.4,5877700.0,9,2441.9
2018-01-20,기타부산물,2.7,587000.0,1,215.0
2018-01-20,봄,1.0,1021000.0,2,986.5
2018-01-20,쌈,62.5,77516000.0,32,1239.4
2018-01-20,월동,202.5,85860000.0,5,424.0
2018-01-22,가을,9.8,3856200.0,3,391.5
2018-01-22,기타,6.8,12366300.0,21,1821.3
2018-01-22,기타부산물,1.4,755000.0,1,559.3
2018-01-22,봄,4.8,4536000.0,3,945.0
2018-01-22,쌈,63.8,73383900.0,25,1150.0
2018-01-22,월동,360.6,161384600.0,8,447.5
2018-01-23,가을,9.6,3753000.0,2,390.9
2018-01-23,기타,6.9,11514500.0,12,1674.6
2018-01-23,기타부산물,1.4,5468600.0,2,3991.7
2018-01-23,봄,0.9,962000.0,2,1059.5
2018-01-23,쌈,56.2,67590000.0,24,1203.1
2018-01-23,월동,367.9,164544600.0,8,447.2
2018-01-24,가을,10.2,5334000.0,2,525.5
2018-01-24,기타,5.2,7748000.0,11,1500.4
2018-01-24,기타부산물,1.4,861500.0,4,602.4
2018-01-24,봄,1.1,867500.0,2,826.2
2018-01-24,쌈,38.0,45339000.0,23,1192.5
2018-01-24,월동,260.4,112383900.0,8,431.7
2018-01-25,가을,20.0,7000000.0,2,350.0
2018-01-25,기타,1.7,3572200.0,8,2162.3
2018-01-25,기타부산물,2.9,1530200.0,1,523.1
2018-01-25,봄,1.0,970000.0,3,984.8
2018-01-25,쌈,22.8,29702900.0,19,1304.0
2018-01-25,월동,88.4,38359600.0,6,433.9
2018-01-26,기타,3.9,6109000.0,13,1562.8
2018-01-26,기타부산물,2.8,1899200.0,2,669.9
2018-01-26,봄,3.7,3382000.0,2,924.0
2018-01-26,쌈,20.3,28697500.0,19,1414.1
2018-01-26,월동,29.1,16551300.0,2,567.8
2018-01-26,절임,6.0,6153000.0,1,1025.5
2018-01-27,기타,0.8,1741500.0,5,2110.9
2018-01-27,기타부산물,1.9,1358000.0,1,718.5
2018-01-27,봄,0.0,42000.0,1,933.3
2018-01-27,쌈,21.6,34172700.0,18,1583.1
2018-01-27,월동,90.8,52916200.0,4,582.5
2018-01-29,기타,2.2,4040600.0,7,1858.6
2018-01-29,기타부산물,3.4,2587000.0,2,757.5
2018-01-29,봄,1.9,1612000.0,1,866.7
2018-01-29,쌈,46.0,75581500.0,28,1641.4
2018-01-29,월동,260.6,179620500.0,5,689.3
2018-01-30,가을,9.4,5621200.0,2,598.0
2018-01-30,기타,2.1,4614700.0,12,2186.0
2018-01-30,기타부산물,4.2,3032100.0,2,727.1
2018-01-30,봄,2.1,3100000.0,2,1476.2
2018-01-30,쌈,34.0,61003700.0,26,1793.2
2018-01-30,월동,301.7,210383000.0,8,697.3
2018-01-31,가을,9.5,5339000.0,2,562.0
2018-01-31,기타,2.3,5917800.0,8,2525.7
2018-01-31,기타부산물,3.0,1816000.0,2,605.3
2018-01-31,봄,2.8,2865000.0,2,1007.0
2018-01-31,쌈,38.6,77527000.0,25,2008.5
2018-01-31,월동,377.7,252795900.0,6,669.4
2018-01-31,절임,0.9,1080000.0,1,1200.0
2018-02-01,가을,19.3,12720400.0,2,659.1
2018-02-01,기타,1.9,5380300.0,12,2833.2
2018-02-01,기타부산물,6.1,3004100.0,3,492.1
2018-02-01,쌈,47.1,92773200.0,27,1968.6
2018-02-01,월동,217.8,164038100.0,6,753.3
2018-02-02,가을,9.5,7163000.0,2,754.0
2018-02-02,기타,3.3,6523100.0,13,1951.3
2018-02-02,기타부산물,6.6,3270500.0,3,497.8
2018-02-02,봄,2.3,3210000.0,3,1380.6
2018-02-02,쌈,37.3,86015330.0,26,2303.9
2018-02-02,월동,315.0,233253900.0,9,740.4
2018-02-03,가을,20.0,14460000.0,2,723.0
2018-02-03,기타,3.0,6026400.0,8,2013.5
2018-02-03,기타부산물,5.0,1920400.0,3,384.5
2018-02-03,쌈,46.1,107025300.0,31,2321.8
2018-02-03,월동,231.2,189284700.0,7,818.8
2018-02-05,가을,37.0,28956000.0,4,782.6
2018-02-05,기타,4.1,8613800.0,9,2087.2
2018-02-05,기타부산물,3.2,1856800.0,2,583.9
2018-02-05,쌈,46.8,102215500.0,29,2182.5
2018-02-05,월동,426.8,326334300.0,11,764.6
2018-02-06,가을,19.6,14108800.0,2,719.8
2018-02-06,기타,2.2,4755250.0,8,2113.4
2018-02-06,기타부산물,3.0,1550000.0,2,516.7
2018-02-06,쌈,38.5,99322200.0,28,2582.5
2018-02-06,월동,364.0,277170400.0,5,761.5
2018-02-07,가을,29.7,22403600.0,2,754.3
2018-02-07,기타,2.8,4878700.0,5,1727.0
2018-02-07,기타부산물,2.0,995500.0,2,499.0
2018-02-07,봄,5.3,9999000.0,2,1883.1
2018-02-07,쌈,51.1,120766700.0,32,2365.5
2018-02-07,월동,398.9,275769300.0,8,691.3
2018-02-08,가을,39.9,29673600.0,2,744.6
2018-02-08,기타,3.6,5657475.0,10,1560.7
2018-02-08,기타부산물,4.2,8750000.0,3,2093.3
2018-02-08,봄,1.7,2184000.0,1,1300.0
2018-02-08,쌈,39.8,93519100.0,24,2352.2
2018-02-08,월동,385.4,229173600.0,8,594.6
2018-02-09,가을,49.5,32950200.0,2,665.7
2018-02-09,기타,11.0,58347900.0,15,5325.7
2018-02-09,기타부산물,4.2,1860000.0,2,442.9
2018-02-09,봄,5.4,6395000.0,3,1190.9
2018-02-09,쌈,31.2,78428200.0,25,2509.9
2018-02-09,월동,340.2,235706600.0,10,692.9
2018-02-10,가을,40.3,18916700.0,4,469.5
2018-02-10,기타,3.3,5398200.0,8,1638.8
2018-02-10,기타부산물,0.1,35500.0,1,355.0
2018-02-10,봄,8.3,7738000.0,3,936.2
2018-02-10,쌈,53.0,145713445.0,35,2747.9
2018-02-10,월동,454.6,291563400.0,13,641.4
2018-02-12,가을,89.9,46237600.0,4,514.3
2018-02-12,기타,3.0,5786100.0,8,1958.1
2018-02-12,기타부산물,2.3,932000.0,2,409.7
2018-02-12,봄,9.3,9783000.0,4,1051.9
2018-02-12,쌈,103.9,199609100.0,40,1921.6
2018-02-12,월동,668.7,365635100.0,12,546.8
2018-02-13,가을,39.5,15259200.0,4,385.8
2018-02-13,기타,3.1,5331800.0,6,1700.2
2018-02-13,기타부산물,0.2,65600.0,1,410.0
2018-02-13,봄,4.6,3635000.0,3,795.4
2018-02-13,쌈,56.8,111081800.0,28,1957.1
2018-02-13,월동,513.2,261341100.0,8,509.2
2018-02-14,가을,28.5,11628000.0,4,408.0
2018-02-14,기타,1.8,2318200.0,7,1311.2
2018-02-14,봄,7.8,7671000.0,2,979.7
2018-02-14,쌈,71.9,128009768.0,31,1780.9
2018-02-14,월동,266.7,146543600.0,8,549.5
2018-02-15,기타,0.4,510000.0,2,1448.9
2018-02-15,기타부산물,0.0,8000.0,1,200.0
2018-02-15,봄,2.1,831000.0,1,398.6
2018-02-15,쌈,39.7,43973500.0,19,1108.5
2018-02-15,월동,39.4,25656200.0,2,651.2
2018-02-19,가을,49.6,20637500.0,2,415.7
2018-02-19,기타,0.0,240000.0,1,10000.0
2018-02-19,기타부산물,0.9,484500.0,1,566.7
2018-02-19,봄,10.5,6407000.0,3,609.0
2018-02-19,쌈,49.6,59517700.0,20,1201.1
2018-02-19,월동,353.9,199457020.0,7,563.5
2018-02-20,가을,39.0,16930600.0,4,434.3
2018-02-20,기타,0.7,2852700.0,20,4134.3
2018-02-20,기타부산물,2.0,1200000.0,3,597.0
2018-02-20,봄,1.6,1177000.0,3,733.3
2018-02-20,쌈,26.5,31289600.0,12,1178.7
2018-02-20,월동,245.3,119925500.0,7,488.9
2018-02-21,가을,29.2,11890000.0,4,406.5
2018-02-21,기타,3.0,6623100.0,15,2197.4
2018-02-21,기타부산물,0.5,3797500.0,3,8346.2
2018-02-21,봄,5.1,3875500.0,3,757.7
2018-02-21,쌈,25.6,30689500.0,17,1197.9
2018-02-21,월동,299.0,159182800.0,6,532.4
2018-02-22,가을,34.5,20688000.0,2,599.7
2018-02-22,기타,4.3,8225800.0,32,1919.2
2018-02-22,기타부산물,3.1,5572000.0,4,1796.3
2018-02-22,봄,3.1,1638000.0,2,535.3
2018-02-22,쌈,39.2,50792000.0,20,1294.7
2018-02-22,월동,265.9,146810000.0,8,552.2
2018-02-23,가을,29.6,17866400.0,2,602.6
2018-02-23,기타,3.7,7274050.0,30,1949.6
2018-02-23,기타부산물,2.7,2976600.0,4,1116.9
2018-02-23,봄,10.0,6573000.0,2,658.9
2018-02-23,쌈,32.7,47982200.0,19,1466.0
2018-02-23,월동,291.9,167409000.0,7,573.6
2018-02-24,가을,40.2,18905000.0,2,469.7
2018-02-24,기타,3.9,15912500.0,40,4132.0
2018-02-24,기타부산물,2.6,1237700.0,3,468.8
2018-02-24,봄,1.7,1194000.0,2,700.3
2018-02-24,쌈,24.7,42849100.0,15,1736.3
2018-02-24,월동,206.7,130324500.0,7,630.5
2018-02-26,가을,56.9,25776500.0,2,453.4
2018-02-26,기타,4.9,20112813.0,49,4090.5
2018-02-26,기타부산물,3.1,1770000.0,2,561.9
2018-02-26,봄,6.1,4506000.0,5,741.1
2018-02-26,쌈,67.4,81281800.0,24,1205.7
2018-02-26,월동,491.3,293286600.0,10,597.0
2018-02-27,가을,30.0,16020000.0,2,534.0
2018-02-27,기타,4.0,8135500.0,41,2037.4
2018-02-27,기타부산물,5.5,1816500.0,4,329.2
2018-02-27,봄,4.7,3631000.0,4,766.8
2018-02-27,쌈,57.7,65863170.0,25,1141.9
2018-02-27,월동,258.8,154340100.0,10,596.5
2018-02-28,기타,2.5,5122800.0,23,2083.3
2018-02-28,기타부산물,1.9,1163800.0,4,617.4
2018-02-28,봄,4.8,3907500.0,4,815.8
2018-02-28,쌈,57.0,69285200.0,22,1216.1
2018-02-28,월동,406.4,248276925.0,9,610.9
2018-03-01,가을,49.3,24939000.0,3,506.2
2018-03-01,기타,2.4,3413610.0,18,1417.6
2018-03-01,기타부산물,1.7,898000.0,1,516.1
2018-03-01,봄,0.6,600000.0,1,1000.0
2018-03-01,쌈,40.0,44262400.0,22,1106.7
2018-03-01,월동,119.1,90643700.0,7,761.3
2018-03-02,가을,30.0,14519100.0,4,484.0
2018-03-02,기타,3.1,3686900.0,6,1171.2
2018-03-02,기타부산물,2.4,1165500.0,1,479.6
2018-03-02,봄,4.4,3498000.0,2,793.2
2018-03-02,쌈,48.0,65022500.0,24,1354.6
2018-03-02,월동,269.6,184001200.0,7,682.6
2018-03-03,가을,20.1,11265500.0,2,561.9
2018-03-03,기타,1.8,2449900.0,8,1386.5
2018-03-03,기타부산물,2.7,990000.0,1,366.7
2018-03-03,봄,1.0,570000.0,2,575.8
2018-03-03,쌈,30.5,51717900.0,18,1697.2
2018-03-03,월동,263.4,163804300.0,9,621.8
2018-03-05,가을,39.5,27961000.0,2,707.9
2018-03-05,기타,2.9,4283950.0,15,1490.6
2018-03-05,기타부산물,3.0,1335000.0,1,445.0
2018-03-05,봄,6.5,3535500.0,4,546.0
2018-03-05,쌈,60.7,84670500.0,25,1395.3
2018-03-05,월동,407.8,254614200.0,9,624.4
2018-03-06,가을,19.6,10033500.0,2,510.6
2018-03-06,기타,1.7,2787950.0,15,1664.4
2018-03-06,기타부산물,1.4,329000.0,1,233.3
2018-03-06,봄,9.8,4389000.0,4,449.2
2018-03-06,쌈,48.0,65308000.0,20,1359.8
2018-03-06,월동,247.8,140096200.0,7,565.3
2018-03-07,가을,59.0,30790000.0,4,521.9
2018-03-07,기타,2.4,3926900.0,16,1628.1
2018-03-07,기타부산물,2.0,972500.0,1,480.2
2018-03-07,봄,3.0,1050000.0,1,350.0
2018-03-07,쌈,34.4,50292200.0,14,1462.9
2018-03-07,월동,391.9,225534200.0,7,575.5
2018-03-08,가을,40.0,18180000.0,2,454.5
2018-03-08,기타,3.3,4690025.0,18,1437.3
2018-03-08,봄,5.1,1026000.0,3,200.0
2018-03-08,쌈,46.7,62776400.0,26,1343.6
2018-03-08,월동,457.1,283313900.0,13,619.9
2018-03-09,기타,3.7,5404400.0,19,1477.8
2018-03-09,쌈,35.0,45984300.0,20,1313.7
2018-03-09,월동,314.4,170027900.0,10,540.9
2018-03-10,기타,1.6,2699050.0,13,1692.2
2018-03-10,기타부산물,1.1,370000.0,1,333.3
2018-03-10,쌈,53.6,59274800.0,32,1106.7
2018-03-10,월동,239.3,133448100.0,12,557.5
2018-03-10,저장,9.0,8442000.0,2,938.0
2018-03-12,가을,49.0,29620000.0,4,604.5
2018-03-12,기타,5.2,6824350.0,16,1316.7
2018-03-12,기타부산물,2.1,972000.0,1,466.2
2018-03-12,봄,4.2,1159000.0,2,279.3
2018-03-12,쌈,62.4,74503700.0,22,1193.6
2018-03-12,월동,415.7,268368100.0,9,645.6
2018-03-13,가을,29.5,14747000.0,2,499.9
2018-03-13,기타,2.9,4188200.0,13,1421.2
2018-03-13,기타부산물,1.3,5459000.0,2,4315.4
2018-03-13,봄,1.5,530000.0,1,353.3
2018-03-13,쌈,61.8,76311000.0,23,1233.9
2018-03-13,월동,499.1,249827800.0,10,500.5
2018-03-14,가을,60.5,29490400.0,4,487.4
2018-03-14,기타,2.6,4437200.0,17,1684.6
2018-03-14,기타부산물,0.8,350000.0,1,466.7
2018-03-14,봄,1.8,771000.0,2,417.9
2018-03-14,쌈,42.1,59313200.0,15,1407.7
2018-03-14,월동,374.5,175030900.0,9,467.4
2018-03-14,절임,0.4,540000.0,1,1350.0
2018-03-15,가을,29.5,10180000.0,4,345.1
2018-03-15,기타,3.5,4305900.0,13,1230.3
2018-03-15,기타부산물,1.6,545000.0,2,339.6
2018-03-15,봄,3.0,1015000.0,1,338.3
2018-03-15,쌈,36.9,59718700.0,16,1618.8
2018-03-15,월동,235.1,119157100.0,8,506.8
2018-03-16,가을,9.5,5681000.0,2,598.0
2018-03-16,기타,2.0,3467850.0,13,1697.4
2018-03-16,쌈,32.1,51577900.0,15,1608.1
2018-03-16,월동,206.6,132660000.0,8,642.1
2018-03-17,가을,10.0,2580000.0,2,258.0
2018-03-17,기타,1.6,2777450.0,17,1684.3
2018-03-17,쌈,36.0,55977700.0,20,1553.4
2018-03-17,월동,175.3,108076900.0,6,616.3
2018-03-19,가을,29.5,14301000.0,4,484.8
2018-03-19,기타,1.8,3441100.0,12,1870.2
2018-03-19,기타부산물,0.5,180000.0,1,400.0
2018-03-19,쌈,43.7,79440300.0,22,1816.6
2018-03-19,월동,292.7,179257300.0,7,612.5
2018-03-19,저장,215.1,145189700.0,5,675.1
2018-03-20,가을,9.3,3870900.0,2,414.0
2018-03-20,기타,1.7,2904800.0,11,1665.6
2018-03-20,쌈,41.2,86575900.0,22,2099.3
2018-03-20,월동,233.8,127575000.0,8,545.7
2018-03-20,저장,180.4,103248800.0,4,572.4
2018-03-20,절임,0.2,270000.0,1,1350.0
2018-03-21,기타,2.1,4092250.0,8,1924.0
2018-03-21,쌈,37.9,67677700.0,20,1786.0
2018-03-21,월동,79.6,39454500.0,5,495.7
2018-03-21,저장,243.6,160196200.0,4,657.6
2018-03-22,기타,0.7,2654100.0,8,3717.2
2018-03-22,쌈,49.5,75432155.0,23,1525.2
2018-03-22,월동,100.1,67449200.0,7,673.8
2018-03-22,저장,159.5,117305800.0,2,735.5
2018-03-23,가을,9.5,4465000.0,2,470.0
2018-03-23,기타,2.8,4081500.0,8,1453.0
2018-03-23,쌈,33.1,57103770.0,23,1723.2
2018-03-23,월동,58.6,31611400.0,5,539.4
2018-03-23,저장,267.2,161204700.0,2,603.2
2018-03-24,기타,3.5,4537900.0,16,1292.8
2018-03-24,쌈,33.7,62090200.0,17,1844.8
2018-03-24,월동,89.0,39857700.0,5,447.7
2018-03-24,저장,156.8,88802400.0,6,566.3
2018-03-24,절임,0.5,675000.0,1,1350.0
2018-03-26,가을,11.2,3412500.0,2,306.1
2018-03-26,기타,3.1,6725300.0,17,2171.6
2018-03-26,기타부산물,0.6,210000.0,1,333.3
2018-03-26,쌈,65.0,115126200.0,24,1771.4
2018-03-26,월동,39.2,25001400.0,2,637.8
2018-03-26,저장,356.5,240661200.0,7,675.1
2018-03-27,기타,1.5,3717300.0,16,2415.4
2018-03-27,기타부산물,3.8,816000.0,2,215.9
2018-03-27,쌈,37.4,77502224.0,23,2070.1
2018-03-27,월동,49.8,31069000.0,6,624.5
2018-03-27,저장,353.3,233733900.0,9,661.6
2018-03-28,기타,1.6,3753950.0,10,2315.8
2018-03-28,기타부산물,3.0,600000.0,1,200.0
2018-03-28,쌈,41.5,68187700.0,19,1642.5
2018-03-28,월동,29.6,22039800.0,4,744.6
2018-03-28,저장,371.6,209894700.0,9,564.8
2018-03-29,기타,1.8,3930300.0,15,2230.6
2018-03-29,쌈,37.1,61575036.0,21,1659.3
2018-03-29,월동,29.2,19775200.0,5,677.2
2018-03-29,저장,318.8,185382100.0,6,581.6
2018-03-30,기타,2.2,4731300.0,18,2118.8
2018-03-30,쌈,35.1,60417104.0,19,1718.9
2018-03-30,월동,28.1,19856800.0,4,706.6
2018-03-30,저장,260.3,151329600.0,5,581.4
2018-03-31,기타,1.6,3685200.0,18,2351.8
2018-03-31,쌈,33.8,57884430.0,20,1710.5
2018-03-31,저장,212.5,136928700.0,7,644.4
2018-03-31,절임,0.3,405000.0,1,1350.0
2018-04-02,기타,1.6,5403525.0,17,3472.7
2018-04-02,쌈,40.7,74252300.0,16,1826.1
2018-04-02,월동,29.7,18814600.0,2,633.5
2018-04-02,저장,476.9,301557500.0,7,632.3
2018-04-03,기타,2.5,5979317.0,22,2376.5
2018-04-03,쌈,46.9,81353000.0,21,1735.2
2018-04-03,월동,49.7,30520000.0,5,614.1
2018-04-03,저장,428.8,233170500.0,6,543.8
2018-04-03,절임,0.3,405000.0,1,1350.0
2018-04-04,기타,1.7,3850500.0,12,2240.0
2018-04-04,쌈,58.5,81387100.0,17,1391.0
2018-04-04,월동,29.4,15821200.0,4,538.1
2018-04-04,저장,364.3,214138200.0,6,587.8
2018-04-05,기타,1.1,2897500.0,16,2707.9
2018-04-05,쌈,48.4,72263100.0,20,1492.0
2018-04-05,월동,19.6,10962600.0,2,559.3
2018-04-05,저장,294.1,172309100.0,6,586.0
2018-04-06,기타,1.0,2344000.0,12,2389.4
2018-04-06,쌈,46.9,72635100.0,16,1550.2
2018-04-06,월동,39.2,27355200.0,6,697.8
2018-04-06,저장,304.5,162226800.0,5,532.7
2018-04-06,절임,0.6,810000.0,1,1350.0
2018-04-07,기타,0.6,2596750.0,10,4208.7
2018-04-07,쌈,47.7,67137800.0,24,1408.4
2018-04-07,저장,167.4,79639700.0,4,475.6
2018-04-09,기타,1.3,3257500.0,10,2441.9
2018-04-09,쌈,41.6,79727000.0,18,1916.9
2018-04-09,월동,43.0,21685500.0,3,504.9
2018-04-09,저장,429.6,233901500.0,7,544.5
2018-04-10,기타,0.8,3641000.0,15,4334.5
2018-04-10,쌈,27.3,54295200.0,17,1985.7
2018-04-10,월동,29.7,22548800.0,2,759.2
2018-04-10,저장,434.7,219300100.0,7,504.5
2018-04-11,기타,0.9,4535400.0,15,4994.9
2018-04-11,쌈,11.3,28472300.0,7,2519.0
2018-04-11,월동,56.5,39853400.0,4,705.4
2018-04-11,저장,409.9,215911000.0,7,526.7
2018-04-12,기타,0.7,3746500.0,12,5196.3
2018-04-12,쌈,9.8,24960200.0,8,2541.0
2018-04-12,월동,31.5,14278400.0,4,453.3
2018-04-12,저장,344.7,169704500.0,6,492.3
2018-04-12,절임,0.3,405000.0,1,1350.0
2018-04-13,기타,0.8,6795400.0,16,8297.2
2018-04-13,쌈,9.9,27391800.0,6,2754.3
2018-04-13,월동,10.0,4324000.0,2,432.4
2018-04-13,저장,304.7,162144400.0,8,532.2
2018-04-14,기타,1.2,12183500.0,23,9793.8
2018-04-14,쌈,9.0,22071300.0,7,2446.7
2018-04-14,월동,10.0,5888000.0,2,588.8
2018-04-14,저장,188.0,117053600.0,5,622.5
2018-04-16,기타,1.1,12710250.0,21,11278.0
2018-04-16,쌈,12.0,30973300.0,6,2576.2
2018-04-16,월동,39.4,23642600.0,4,600.8
2018-04-16,저장,467.6,254077900.0,8,543.4
2018-04-17,기타,1.7,14405950.0,25,8298.4
2018-04-17,쌈,5.9,16308200.0,5,2746.0
2018-04-17,월동,30.0,17112000.0,4,570.4
2018-04-17,저장,458.2,238593700.0,7,520.7
2018-04-18,기타,1.6,11380240.0,31,6943.4
2018-04-18,쌈,5.4,20326300.0,6,3761.3
2018-04-18,월동,40.0,21804000.0,4,545.1
2018-04-18,저장,436.2,219238200.0,5,502.6
2018-04-19,기타,1.5,10565050.0,31,7143.4
2018-04-19,쌈,10.4,30817300.0,7,2963.2
2018-04-19,월동,20.0,11040000.0,2,552.0
2018-04-19,저장,334.4,160482800.0,6,479.9
2018-04-20,기타,2.3,16092500.0,35,7098.6
2018-04-20,쌈,22.9,48775500.0,10,2130.1
2018-04-20,월동,19.5,13294000.0,2,681.7
2018-04-20,저장,358.1,180166200.0,6,503.2
2018-04-21,기타,1.0,9040250.0,31,8759.9
2018-04-21,쌈,3.4,10580000.0,5,3130.2
2018-04-21,월동,31.0,23876000.0,5,770.2
2018-04-21,저장,184.3,97182100.0,5,527.3
2018-04-21,절임,0.1,189000.0,1,1350.0
2018-04-23,기타,1.6,15757250.0,36,9860.6
2018-04-23,봄,19.0,8132000.0,2,428.0
2018-04-23,쌈,9.7,24015100.0,8,2469.2
2018-04-23,월동,49.3,24217000.0,2,491.2
2018-04-23,저장,369.9,208976500.0,7,565.0
2018-04-24,기타,2.5,15176000.0,33,6124.3
2018-04-24,봄,29.0,11444000.0,2,394.6
2018-04-24,쌈,4.9,11271400.0,5,2302.2
2018-04-24,월동,29.5,12539600.0,4,425.1
2018-04-24,저장,341.8,184009200.0,8,538.4
2018-04-25,기타,1.1,9858750.0,31,8786.8
2018-04-25,봄,19.0,7087000.0,2,373.0
2018-04-25,쌈,12.0,27654600.0,9,2310.9
2018-04-25,월동,10.0,4140000.0,2,414.0
2018-04-25,저장,384.9,184087900.0,7,478.2
2018-04-26,기타,2.3,21946000.0,37,9488.1
2018-04-26,봄,28.6,13087400.0,4,457.6
2018-04-26,쌈,10.1,19687200.0,9,1958.1
2018-04-26,월동,29.7,17189200.0,4,578.8
2018-04-26,저장,307.5,149439300.0,6,486.0
2018-04-27,기타,2.1,13669050.0,31,6584.3
2018-04-27,봄,48.5,19425300.0,4,400.9
2018-04-27,쌈,4.1,11310900.0,5,2755.4
2018-04-27,월동,10.0,7324800.0,2,732.5
2018-04-27,저장,365.1,163404800.0,5,447.6
2018-04-28,기타,3.1,16178400.0,32,5283.6
2018-04-28,봄,28.8,10173000.0,4,353.8
2018-04-28,쌈,8.0,17119200.0,10,2138.8
2018-04-28,월동,9.5,7516400.0,2,791.2
2018-04-28,저장,189.3,95655400.0,5,505.3
2018-04-28,절임,0.6,810000.0,1,1350.0
2018-04-30,기타,1.8,9183300.0,30,5118.9
2018-04-30,봄,89.0,35423600.0,4,397.9
2018-04-30,쌈,7.2,13822800.0,9,1915.3
2018-04-30,월동,50.3,25906200.0,5,515.0
2018-04-30,저장,430.0,201920600.0,8,469.6
2018-05-01,기타,2.3,19315800.0,25,8247.6
2018-05-01,봄,136.3,45737600.0,4,335.6
2018-05-01,쌈,12.3,20715900.0,10,1683.7
2018-05-01,월동,20.0,7820000.0,4,391.0
2018-05-01,저장,283.4,131373100.0,6,463.5
2018-05-02,기타,2.0,12410500.0,21,6267.9
2018-05-02,봄,117.3,33522300.0,4,285.7
2018-05-02,쌈,8.5,13254800.0,6,1558.7
2018-05-02,월동,29.5,9522000.0,4,322.8
2018-05-02,저장,332.3,155615600.0,7,468.3
2018-05-03,기타,1.8,14010675.0,24,7929.1
2018-05-03,봄,87.5,29173400.0,4,333.4
2018-05-03,쌈,11.8,21256300.0,10,1808.6
2018-05-03,월동,29.7,13707600.0,4,461.5
2018-05-03,저장,302.6,120212900.0,8,397.3
2018-05-04,기타,6.5,44994000.0,23,6930.7
2018-05-04,봄,97.2,41847600.0,6,430.3
2018-05-04,쌈,8.5,13853300.0,8,1627.1
2018-05-04,월동,19.3,11798400.0,4,611.3
2018-05-04,저장,204.8,85414800.0,7,417.0
2018-05-05,기타,2.4,10045600.0,20,4142.5
2018-05-05,봄,108.0,45517600.0,4,421.5
2018-05-05,쌈,14.8,22140000.0,11,1500.0
2018-05-05,월동,19.8,12132000.0,2,612.7
2018-05-05,저장,114.0,57725700.0,7,506.5
2018-05-05,절임,0.3,405000.0,1,1350.0
2018-05-07,기타,1.9,11953000.0,13,6440.2
2018-05-07,봄,214.6,85322700.0,4,397.6
2018-05-07,쌈,10.1,14794800.0,7,1465.1
2018-05-07,월동,39.6,22040400.0,4,556.6
2018-05-07,저장,227.1,117888000.0,7,519.2
2018-05-08,기타,1.8,12920250.0,16,7158.0
2018-05-08,봄,175.3,71630500.0,4,408.5
2018-05-08,쌈,8.2,15981100.0,8,1938.5
2018-05-08,월동,39.5,19456000.0,4,492.6
2018-05-08,저장,266.5,132717500.0,7,498.0
2018-05-09,기타,1.4,8717000.0,19,6303.0
2018-05-09,봄,243.5,75881300.0,6,311.6
2018-05-09,쌈,8.4,13815500.0,7,1645.1
2018-05-09,월동,9.9,5163000.0,2,521.5
2018-05-09,저장,251.5,117658200.0,7,467.9
2018-05-10,기타,1.5,7641250.0,19,5084.0
2018-05-10,봄,183.5,68979100.0,6,375.9
2018-05-10,쌈,10.3,18533400.0,9,1795.4
2018-05-10,월동,39.0,24134800.0,3,618.0
2018-05-10,저장,180.8,74902000.0,4,414.4
2018-05-10,절임,0.3,405000.0,1,1350.0
2018-05-11,기타,1.6,9628250.0,20,6021.4
2018-05-11,봄,144.9,62098000.0,3,428.6
2018-05-11,쌈,8.1,12786700.0,8,1573.6
2018-05-11,월동,27.4,15776000.0,3,575.8
2018-05-11,저장,230.7,93685000.0,4,406.0
2018-05-12,기타,1.7,9023250.0,19,5270.6
2018-05-12,봄,139.6,71092800.0,5,509.3
2018-05-12,쌈,5.7,9819000.0,7,1730.5
2018-05-12,월동,6.0,3698400.0,2,616.4
2018-05-12,저장,51.3,20891600.0,2,407.2
2018-05-14,기타,1.8,11274250.0,17,6253.1
2018-05-14,봄,235.8,104048600.0,7,441.3
2018-05-14,쌈,9.5,13120000.0,8,1377.0
2018-05-14,월동,19.6,11774600.0,4,600.7
2018-05-14,저장,206.3,98038000.0,7,475.2
2018-05-15,기타,98.0,37463700.0,20,382.4
2018-05-15,봄,301.6,122614200.0,17,406.6
2018-05-15,쌈,7.6,11361500.0,5,1495.9
2018-05-15,월동,9.5,3059000.0,2,322.0
2018-05-15,저장,229.1,98706600.0,7,430.9
2018-05-16,기타,1.9,11492500.0,17,6064.6
2018-05-16,봄,315.4,115760100.0,18,367.0
2018-05-16,쌈,7.5,8024500.0,6,1071.9
2018-05-16,월동,19.6,9323600.0,4,476.9
2018-05-16,저장,203.7,79663800.0,6,391.2
2018-05-17,기타,2.1,6140500.0,16,2932.4
2018-05-17,봄,365.4,110331000.0,21,301.9
2018-05-17,쌈,9.7,11207000.0,8,1151.2
2018-05-17,저장,166.1,61758200.0,6,371.8
2018-05-18,기타,1.7,5054000.0,21,3042.7
2018-05-18,봄,306.7,62081100.0,15,202.4
2018-05-18,쌈,5.5,6162900.0,8,1111.4
2018-05-18,월동,9.6,5556600.0,2,578.8
2018-05-18,저장,109.8,27318600.0,4,248.8
2018-05-18,절임,4.8,5258000.0,1,1100.0
2018-05-19,기타,0.9,2591250.0,16,2895.3
2018-05-19,봄,155.2,33945850.0,11,218.7
2018-05-19,쌈,5.4,6838900.0,11,1261.3
2018-05-19,저장,29.2,6740800.0,2,230.8
2018-05-21,기타,1.8,5233500.0,15,2960.1
2018-05-21,봄,436.3,120137500.0,25,275.4
2018-05-21,쌈,3.5,7729800.0,6,2218.0
2018-05-21,저장,115.2,37198200.0,5,323.0
2018-05-22,기타,9.1,8815040.0,14,969.4
2018-05-22,봄,417.9,101797000.0,22,243.6
2018-05-22,쌈,3.1,6307100.0,6,2003.5
2018-05-22,저장,100.8,34067600.0,4,337.8
2018-05-23,기타,1.3,6919500.0,11,5238.1
2018-05-23,봄,388.9,87531500.0,20,225.1
2018-05-23,쌈,3.4,10647900.0,6,3109.8
2018-05-23,저장,91.0,25390200.0,6,278.9
2018-05-24,기타,10.2,8224800.0,9,807.6
2018-05-24,봄,250.9,59707800.0,23,238.0
2018-05-24,쌈,7.7,19579400.0,8,2537.2
2018-05-24,저장,94.3,18998500.0,4,201.5
2018-05-25,기타,1.0,4222000.0,13,4416.3
2018-05-25,봄,330.6,101922600.0,24,308.3
2018-05-25,쌈,8.5,18710200.0,8,2210.3
2018-05-25,월동,10.0,8000000.0,1,800.0
2018-05-25,저장,56.0,9564800.0,4,170.8
2018-05-25,절임,5.0,5500000.0,1,1100.0
2018-05-26,기타,0.3,1474000.0,7,4591.9
2018-05-26,봄,341.6,103993900.0,22,304.5
2018-05-26,쌈,10.9,16197700.0,12,1482.5
2018-05-26,저장,30.6,12853200.0,2,420.0
2018-05-28,기타,0.7,3051750.0,10,4192.0
2018-05-28,봄,493.4,145522800.0,36,295.0
2018-05-28,쌈,8.8,17791200.0,8,2016.0
2018-05-28,저장,40.4,24029800.0,2,595.5
2018-05-28,절임,0.5,600000.0,1,1200.0
2018-05-29,기타,0.3,1797500.0,7,5318.0
2018-05-29,봄,416.9,128364500.0,30,307.9
2018-05-29,쌈,12.1,15396000.0,10,1275.2
2018-05-29,저장,30.8,19322300.0,2,628.4
2018-05-30,기타,0.8,3345200.0,9,4109.6
2018-05-30,봄,421.2,109963550.0,23,261.1
2018-05-30,쌈,9.7,8840400.0,10,911.1
2018-05-30,저장,31.1,14880000.0,4,479.2
2018-05-31,기타,2.4,3176400.0,10,1312.0
2018-05-31,봄,373.2,97220500.0,20,260.5
2018-05-31,쌈,11.2,13511700.0,15,1201.5
2018-05-31,저장,31.3,12241200.0,4,391.1
2018-06-01,기타,0.7,3309000.0,8,4983.4
2018-06-01,봄,420.7,116258760.0,23,276.3
2018-06-01,쌈,8.1,10408600.0,7,1288.8
2018-06-01,저장,31.8,13407200.0,2,421.6
2018-06-01,절임,4.8,5236000.0,1,1100.0
2018-06-02,기타,1.7,4314500.0,10,2580.4
2018-06-02,봄,376.4,94551800.0,19,251.2
2018-06-02,쌈,5.0,6909000.0,7,1384.8
2018-06-04,기타,0.9,3487500.0,13,3981.2
2018-06-04,봄,676.0,145066900.0,29,214.6
2018-06-04,쌈,11.1,13210900.0,12,1194.7
2018-06-04,저장,31.4,11306800.0,2,359.5
2018-06-05,기타,0.9,2997300.0,15,3481.2
2018-06-05,봄,411.9,118306800.0,19,287.2
2018-06-05,쌈,15.9,16277000.0,11,1022.8
2018-06-05,저장,20.9,9744600.0,2,467.4
2018-06-05,절임,0.3,360000.0,1,1200.0
2018-06-06,기타,1.6,3240400.0,20,1997.8
2018-06-06,봄,520.0,106935020.0,28,205.6
2018-06-06,쌈,8.3,10579900.0,6,1275.8
2018-06-06,저장,20.9,9641800.0,2,460.2
2018-06-07,기타,0.7,1444000.0,5,2092.8
2018-06-07,봄,473.2,94860000.0,23,200.4
2018-06-07,쌈,14.1,14163100.0,11,1001.8
2018-06-07,저장,9.8,5860400.0,2,598.0
2018-06-07,절임,0.2,240000.0,1,1200.0
2018-06-08,기타,1.7,4278650.0,17,2516.9
2018-06-08,봄,520.9,100332100.0,25,192.6
2018-06-08,쌈,6.7,7930600.0,7,1184.9
2018-06-08,저장,20.1,8523400.0,2,423.6
2018-06-09,기타,0.8,1991500.0,16,2413.9
2018-06-09,봄,351.3,76777800.0,21,218.6
2018-06-09,쌈,10.3,12852300.0,7,1244.2
2018-06-09,절임,4.5,5014000.0,2,1104.4
2018-06-11,기타,1.2,3707000.0,18,2991.9
2018-06-11,봄,520.6,122586780.0,27,235.5
2018-06-11,쌈,9.0,11669900.0,5,1293.5
2018-06-11,저장,9.8,5437200.0,2,552.0
2018-06-12,기타,65.6,22714000.0,11,346.5
2018-06-12,봄,568.2,140735305.0,30,247.7
2018-06-12,쌈,13.1,12341000.0,11,939.8
2018-06-12,저장,9.4,4314000.0,2,459.9
2018-06-13,기타,0.8,2252500.0,11,2733.6
2018-06-13,봄,452.7,119361600.0,24,263.7
2018-06-13,쌈,12.3,12221700.0,9,990.6
2018-06-14,기타,0.6,1862000.0,11,3017.8
2018-06-14,봄,432.6,145110400.0,26,335.4
2018-06-14,쌈,5.8,8383300.0,5,1450.6
2018-06-14,절임,5.0,5500000.0,1,1100.0
2018-06-15,기타,1.4,2881500.0,16,2091.1
2018-06-15,봄,496.8,171536300.0,22,345.3
2018-06-15,쌈,5.9,10361000.0,6,1749.0
2018-06-16,기타,0.5,1467000.0,10,2887.8
2018-06-16,봄,333.3,121953000.0,17,365.9
2018-06-16,쌈,4.7,11891000.0,5,2532.7
2018-06-16,월동,35.6,17795000.0,1,500.0
2018-06-16,절임,0.2,240000.0,1,1200.0
2018-06-18,기타,1.7,3705000.0,17,2170.5
2018-06-18,봄,718.8,211005200.0,26,293.6
2018-06-18,쌈,7.5,18398300.0,7,2446.3
2018-06-19,기타,1.0,2102750.0,15,2004.5
2018-06-19,봄,528.4,150219900.0,25,284.3
2018-06-19,쌈,9.3,13339000.0,7,1428.3
2018-06-20,가을,0.2,40000.0,1,250.0
2018-06-20,기타,107.3,34581750.0,14,322.2
2018-06-20,봄,682.5,195528900.0,26,286.5
2018-06-20,쌈,6.3,10426400.0,6,1648.2
2018-06-21,기타,0.4,710000.0,6,1682.5
2018-06-21,봄,506.6,158327000.0,24,312.6
2018-06-21,쌈,12.8,13757800.0,9,1074.1
2018-06-22,기타,0.7,1369625.0,15,1843.4
2018-06-22,봄,442.6,141175900.0,24,319.0
2018-06-22,쌈,8.0,9077800.0,8,1138.6
2018-06-23,기타,0.8,1372000.0,12,1752.2
2018-06-23,봄,330.4,131797500.0,19,398.9
2018-06-23,쌈,10.1,11479300.0,5,1139.5
2018-06-23,절임,0.4,480000.0,1,1200.0
2018-06-25,기타,1.2,3200000.0,20,2589.0
2018-06-25,기타부산물,0.5,5000000.0,1,10000.0
2018-06-25,봄,501.1,213555800.0,20,426.2
2018-06-25,쌈,7.1,8176100.0,6,1156.9
2018-06-26,기타,111.4,22467310.0,17,201.7
2018-06-26,봄,584.8,294397300.0,20,503.4
2018-06-26,쌈,9.8,12101700.0,11,1239.8
2018-06-27,기타,1.0,2377500.0,12,2382.3
2018-06-27,봄,577.4,266712700.0,19,461.9
2018-06-27,쌈,6.3,11626500.0,8,1837.6
2018-06-28,기타,50.8,16835000.0,10,331.5
2018-06-28,봄,533.0,189537100.0,13,355.6
2018-06-28,쌈,13.7,17743400.0,12,1294.4
2018-06-29,기타,12.3,5195700.0,12,423.4
2018-06-29,봄,691.2,197231600.0,16,285.3
2018-06-29,쌈,7.2,12006500.0,7,1674.3
2018-06-30,기타,0.8,1715125.0,11,2120.1
2018-06-30,봄,498.0,125388780.0,14,251.8
2018-06-30,쌈,1.8,3865300.0,3,2154.6
2018-07-02,기타,1.2,2632000.0,13,2269.0
2018-07-02,봄,50.6,22345300.0,8,441.6
2018-07-02,쌈,7.3,16638200.0,7,2268.0
2018-07-02,여름,249.3,122219300.0,10,490.2
2018-07-03,기타,70.7,22535500.0,12,318.8
2018-07-03,봄,20.9,7363000.0,4,352.3
2018-07-03,쌈,3.9,10262500.0,6,2611.3
2018-07-03,여름,365.9,135812900.0,8,371.1
2018-07-03,절임,0.2,240000.0,1,1200.0
2018-07-04,기타,1.0,1835750.0,10,1841.3
2018-07-04,쌈,4.1,12279800.0,6,2997.3
2018-07-04,여름,499.6,169998800.0,14,340.3
2018-07-05,기타,0.7,1679550.0,11,2379.0
2018-07-05,쌈,7.2,18760800.0,9,2599.2
2018-07-05,여름,565.0,157978200.0,17,279.6
2018-07-06,기타,12.8,4914500.0,10,384.2
2018-07-06,쌈,7.4,23530200.0,11,3181.0
2018-07-06,여름,356.6,123043000.0,7,345.1
2018-07-06,월동,10.0,5000000.0,1,500.0
2018-07-07,기타,100.8,26823750.0,18,266.0
2018-07-07,쌈,5.1,16962900.0,9,3315.7
2018-07-07,여름,285.9,164745400.0,7,576.3
2018-07-09,기타,101.6,28116875.0,17,276.7
2018-07-09,쌈,7.4,26260000.0,9,3565.0
2018-07-09,여름,609.8,315253300.0,19,517.0
2018-07-10,기타,0.9,2226925.0,8,2346.6
2018-07-10,쌈,6.9,30511100.0,7,4416.8
2018-07-10,여름,455.4,216995400.0,15,476.5
2018-07-10,절임,0.2,240000.0,1,1200.0
2018-07-11,기타,0.9,1900500.0,12,2061.3
2018-07-11,쌈,5.2,24129500.0,5,4652.8
2018-07-11,여름,183.8,125107700.0,9,680.6
2018-07-11,월동,10.0,8000000.0,1,800.0
2018-07-12,기타,2.3,3501000.0,13,1539.6
2018-07-12,쌈,5.2,26731100.0,5,5178.4
2018-07-12,여름,332.1,178640100.0,11,537.9
2018-07-12,월동,10.0,6000000.0,1,600.0
2018-07-13,기타,1.2,2722875.0,23,2282.4
2018-07-13,쌈,6.2,26562900.0,6,4258.9
2018-07-13,여름,486.1,206525300.0,18,424.9
2018-07-13,절임,0.2,240000.0,1,1200.0
2018-07-14,기타,0.7,1895250.0,12,2533.8
2018-07-14,쌈,5.2,23042800.0,6,4456.2
2018-07-14,여름,317.3,196124500.0,21,618.1
2018-07-16,기타,3.0,4159350.0,17,1392.5
2018-07-16,쌈,10.1,38891700.0,6,3850.7
2018-07-16,여름,605.8,305616200.0,27,504.5
2018-07-17,기타,3.7,4308225.0,18,1179.0
2018-07-17,쌈,4.8,13501300.0,7,2786.1
2018-07-17,여름,575.4,299366700.0,23,520.3
2018-07-18,기타,9.3,6861425.0,13,737.1
2018-07-18,쌈,7.6,20471700.0,8,2679.9
2018-07-18,여름,444.6,241073300.0,20,542.3
2018-07-19,기타,4.5,4082625.0,20,916.6
2018-07-19,쌈,9.4,19765700.0,8,2107.4
2018-07-19,여름,438.3,232445100.0,20,530.3
2018-07-20,기타,169.2,53127600.0,17,313.9
2018-07-20,쌈,10.1,19272600.0,14,1905.9
2018-07-20,여름,288.6,232337500.0,15,805.1
2018-07-21,기타,0.8,1940800.0,14,2584.3
2018-07-21,쌈,7.9,13608500.0,12,1731.4
2018-07-21,여름,324.1,267655000.0,13,826.0
2018-07-21,절임,0.2,240000.0,1,1200.0
2018-07-23,기타,1.9,3155000.0,16,1627.1
2018-07-23,기타부산물,0.5,5000000.0,1,10000.0
2018-07-23,쌈,14.0,29590400.0,11,2120.0
2018-07-23,여름,594.0,393252900.0,18,662.0
2018-07-23,월동,10.0,7000000.0,1,700.0
2018-07-24,기타,1.2,2340500.0,8,1980.1
2018-07-24,쌈,10.3,21690300.0,8,2101.6
2018-07-24,여름,445.4,277057400.0,16,622.0
2018-07-25,기타,1.8,3224625.0,14,1765.0
2018-07-25,쌈,1.2,6791000.0,4,5706.7
2018-07-25,여름,289.3,264732200.0,12,915.1
2018-07-26,기타,3.4,4671125.0,13,1390.6
2018-07-26,쌈,6.1,30516000.0,9,4962.8
2018-07-26,여름,395.0,352696200.0,19,892.9
2018-07-27,기타,4.8,6598975.0,16,1383.1
2018-07-27,쌈,3.4,21423300.0,5,6351.4
2018-07-27,여름,325.9,315855200.0,16,969.0
2018-07-28,기타,3.4,3059600.0,14,889.7
2018-07-28,쌈,4.8,21838300.0,4,4586.0
2018-07-28,여름,267.1,245017700.0,13,917.3
2018-07-28,절임,0.3,420000.0,1,1400.0
2018-07-30,기타,5.1,7401500.0,14,1458.4
2018-07-30,쌈,4.9,21332600.0,10,4313.1
2018-07-30,여름,461.4,405365200.0,14,878.6
2018-07-31,기타,4.6,5902050.0,19,1293.7
2018-07-31,쌈,1.8,8908300.0,7,4951.8
2018-07-31,여름,392.1,348360700.0,15,888.4
2018-08-01,고랭지,389.2,335915800.0,12,863.0
2018-08-01,기타,3.4,5210400.0,14,1544.7
2018-08-01,쌈,5.4,27583500.0,9,5153.9
2018-08-01,여름,38.0,38102700.0,5,1004.0
2018-08-02,고랭지,490.3,340885900.0,15,695.3
2018-08-02,기타,3.1,4975075.0,13,1591.0
2018-08-02,쌈,4.0,37803500.0,6,9450.9
2018-08-02,여름,38.3,26771800.0,7,699.1
2018-08-02,월동,10.0,10000000.0,1,1000.0
2018-08-03,고랭지,410.2,235804000.0,13,574.8
2018-08-03,기타,1.4,1549125.0,12,1103.4
2018-08-03,쌈,4.6,42201100.0,6,9130.5
2018-08-03,월동,10.0,10000000.0,1,1000.0
2018-08-03,절임,0.3,450000.0,1,1500.0
2018-08-06,고랭지,592.7,409914400.0,20,691.6
2018-08-06,기타,4.1,4544050.0,15,1114.0
2018-08-06,쌈,5.4,42880300.0,6,7888.2
2018-08-07,고랭지,420.9,307202100.0,19,729.9
2018-08-07,기타,2.4,2837500.0,11,1183.3
2018-08-07,쌈,3.0,22064100.0,4,7362.1
2018-08-08,고랭지,377.0,328425800.0,15,871.2
2018-08-08,기타,1.5,2337000.0,15,1559.0
2018-08-08,쌈,2.2,14566700.0,5,6747.0
2018-08-08,여름,0.0,15000.0,1,500.0
2018-08-09,고랭지,405.8,359020600.0,13,884.8
2018-08-09,기타,3.1,4387175.0,13,1407.0
2018-08-09,쌈,1.6,13489700.0,2,8597.6
2018-08-09,여름,0.2,96100.0,1,572.0
2018-08-10,고랭지,402.3,309072100.0,17,768.3
2018-08-10,기타,2.7,4210885.0,16,1556.7
2018-08-10,쌈,5.6,24227600.0,7,4290.3
2018-08-10,여름,0.1,90000.0,1,1285.7
2018-08-10,월동,20.0,20000000.0,1,1000.0
2018-08-11,고랭지,247.7,211865600.0,9,855.5
2018-08-11,기타,1.6,3163875.0,13,1991.1
2018-08-11,쌈,2.9,28476300.0,7,9929.0
2018-08-13,고랭지,493.1,438130500.0,18,888.4
2018-08-13,기타,52.7,55681200.0,22,1057.3
2018-08-13,쌈,5.3,33049700.0,8,6186.8
2018-08-13,여름,0.1,180000.0,1,1285.7
2018-08-14,고랭지,380.6,401205100.0,16,1054.0
2018-08-14,기타,2.3,4365500.0,23,1860.8
2018-08-14,쌈,5.5,22345100.0,9,4045.1
2018-08-14,여름,0.1,90000.0,1,1285.7
2018-08-15,고랭지,301.2,392467600.0,16,1302.8
2018-08-15,기타,3.5,5822000.0,21,1640.0
2018-08-15,쌈,8.4,30029800.0,12,3586.1
2018-08-16,고랭지,322.2,422572900.0,17,1311.4
2018-08-16,기타,4.3,6506400.0,20,1513.1
2018-08-16,쌈,4.3,23773000.0,8,5490.3
2018-08-16,여름,0.2,238600.0,1,960.2
2018-08-17,고랭지,297.8,373405800.0,18,1253.8
2018-08-17,기타,1.5,3420500.0,15,2251.8
2018-08-17,기타부산물,0.5,5000000.0,1,10000.0
2018-08-17,쌈,7.6,29824600.0,6,3918.1
2018-08-17,여름,0.1,80000.0,1,1142.9
2018-08-18,고랭지,326.6,493633200.0,11,1511.4
2018-08-18,기타,3.2,6276175.0,20,1979.2
2018-08-18,쌈,7.4,22034600.0,9,2974.0
2018-08-20,고랭지,506.1,625282100.0,19,1235.4
2018-08-20,기타,7.6,19984125.0,28,2633.0
2018-08-20,쌈,10.4,29636900.0,10,2861.0
2018-08-20,여름,0.1,160000.0,1,1142.9
2018-08-21,고랭지,365.5,562733200.0,21,1539.6
2018-08-21,기타,4.4,11822500.0,25,2704.1
2018-08-21,쌈,6.1,30966900.0,10,5100.8
2018-08-21,여름,0.1,80000.0,1,1142.9
2018-08-22,고랭지,404.5,612710300.0,13,1514.6
2018-08-22,기타,4.2,8310263.0,16,1961.8
2018-08-22,쌈,9.8,42513900.0,10,4347.5
2018-08-22,여름,0.1,80000.0,1,1142.9
2018-08-22,절임,0.2,280000.0,1,1750.0
2018-08-23,고랭지,321.6,548591300.0,14,1705.8
2018-08-23,기타,4.8,11818152.0,25,2482.8
2018-08-23,쌈,6.9,30161300.0,7,4381.4
2018-08-23,여름,0.3,215000.0,1,740.1
2018-08-24,고랭지,170.6,305903300.0,10,1792.8
2018-08-24,기타,4.6,11098375.0,18,2408.5
2018-08-24,쌈,2.9,22854700.0,4,7773.7
2018-08-24,여름,0.1,90000.0,1,1285.7
2018-08-25,고랭지,261.5,423071900.0,14,1617.9
2018-08-25,기타,1.4,3924875.0,17,2881.7
2018-08-25,쌈,3.2,23430600.0,6,7225.0
2018-08-27,고랭지,568.3,711859500.0,15,1252.7
2018-08-27,기타,4.0,10091250.0,17,2538.7
2018-08-27,쌈,2.5,17060200.0,3,6708.7
2018-08-27,여름,0.1,180000.0,1,1285.7
2018-08-28,고랭지,416.4,531951000.0,15,1277.4
2018-08-28,기타,1.2,4042000.0,14,3280.8
2018-08-28,쌈,2.0,12623600.0,6,6308.6
2018-08-28,여름,0.1,90000.0,1,1285.7
2018-08-29,고랭지,480.5,505487200.0,15,1051.9
2018-08-29,기타,1.6,4660938.0,19,2898.6
2018-08-29,쌈,2.3,19416700.0,5,8493.7
2018-08-29,여름,0.1,90000.0,1,1285.7
2018-08-29,월동,107.1,112455000.0,1,1050.0
2018-08-30,고랭지,398.4,331849300.0,17,833.0
2018-08-30,기타,3.2,6403250.0,23,1988.6
2018-08-30,쌈,1.8,11408000.0,6,6210.1
2018-08-30,여름,0.4,514800.0,1,1149.1
2018-08-30,절임,20.0,17400000.0,1,870.0
2018-08-31,고랭지,433.5,397310300.0,17,916.5
2018-08-31,기타,1.5,5693750.0,15,3818.7
2018-08-31,쌈,3.8,18425700.0,6,4843.8
2018-08-31,여름,0.1,90000.0,1,1285.7
2018-09-01,고랭지,380.9,380154100.0,17,998.0
2018-09-01,기타,3.0,6108051.0,21,2069.8
2018-09-01,쌈,1.7,23721900.0,3,14179.3
2018-09-03,고랭지,878.5,600943900.0,20,684.0
2018-09-03,기타,6.4,11580200.0,25,1800.4
2018-09-03,쌈,6.9,39533000.0,9,5767.9
2018-09-03,여름,0.1,90000.0,1,1285.7
2018-09-03,절임,0.2,304000.0,1,1900.0
2018-09-04,고랭지,512.4,451666300.0,14,881.5
2018-09-04,기타,9.0,13036688.0,29,1450.8
2018-09-04,쌈,2.8,33087800.0,4,11821.3
2018-09-05,고랭지,554.9,466833900.0,14,841.3
2018-09-05,기타,16.7,16444425.0,26,984.7
2018-09-05,쌈,5.8,40570900.0,8,6962.6
2018-09-05,월동,10.0,10000000.0,1,1000.0
2018-09-05,절임,0.2,380000.0,1,1900.0
2018-09-06,고랭지,777.2,558350600.0,18,718.4
2018-09-06,기타,8.4,10135100.0,24,1213.3
2018-09-06,쌈,14.5,48814000.0,11,3356.8
2018-09-07,고랭지,812.8,609769500.0,15,750.2
2018-09-07,기타,20.6,18778200.0,27,912.7
2018-09-07,쌈,12.9,41110600.0,11,3197.0
2018-09-07,월동,10.0,10000000.0,1,1000.0
2018-09-08,고랭지,641.1,431039860.0,14,672.3
2018-09-08,기타,10.1,11482450.0,24,1134.5
2018-09-08,쌈,10.0,42374000.0,10,4251.4
2018-09-10,고랭지,755.4,671762500.0,15,889.2
2018-09-10,기타,11.5,12121300.0,20,1055.4
2018-09-10,쌈,12.5,50180500.0,14,4019.9
2018-09-11,고랭지,801.5,655169500.0,19,817.4
2018-09-11,기타,4.2,6904250.0,19,1657.7
2018-09-11,쌈,4.8,30649600.0,6,6327.3
2018-09-12,고랭지,826.3,682123900.0,16,825.5
2018-09-12,기타,15.0,12303250.0,21,820.5
2018-09-12,쌈,10.1,44870100.0,9,4426.8
2018-09-12,월동,10.0,10000000.0,1,1000.0
2018-09-13,고랭지,861.8,796765700.0,16,924.5
2018-09-13,기타,21.2,18489000.0,25,870.3
2018-09-13,쌈,10.1,32757900.0,6,3247.9
2018-09-14,가을,0.1,45000.0,1,900.0
2018-09-14,고랭지,1112.6,823225500.0,16,739.9
2018-09-14,기타,9.2,12235000.0,28,1323.6
2018-09-14,쌈,11.2,30773600.0,16,2751.1
2018-09-15,가을,0.1,50000.0,1,1000.0
2018-09-15,고랭지,834.1,664022520.0,16,796.1
2018-09-15,기타,8.3,8882750.0,24,1076.2
2018-09-15,쌈,10.1,26476000.0,11,2629.7
2018-09-17,고랭지,1333.9,784561200.0,18,588.2
2018-09-17,기타,21.2,19595300.0,35,923.1
2018-09-17,기타부산물,0.5,5000000.0,1,10000.0
2018-09-17,쌈,14.8,28745100.0,15,1946.4
2018-09-17,월동,10.0,10000000.0,1,1000.0
2018-09-18,고랭지,1262.8,767180700.0,21,607.5
2018-09-18,기타,18.7,16592275.0,34,885.1
2018-09-18,쌈,9.6,25094600.0,8,2618.7
2018-09-19,가을,0.1,100000.0,1,1000.0
2018-09-19,고랭지,1155.1,765019300.0,17,662.3
2018-09-19,기타,11.5,16065350.0,31,1391.9
2018-09-19,쌈,14.0,26460500.0,14,1892.6
2018-09-19,절임,0.2,352000.0,2,1760.0
2018-09-20,가을,0.1,90000.0,1,600.0
2018-09-20,고랭지,1104.9,688891300.0,16,623.5
2018-09-20,기타,9.5,13082250.0,35,1384.2
2018-09-20,쌈,10.5,22731000.0,10,2167.7
2018-09-21,고랭지,642.1,386316700.0,13,601.7
2018-09-21,기타,1.3,3798450.0,24,2998.0
2018-09-21,쌈,10.1,30408800.0,11,3017.3
2018-09-22,고랭지,271.3,183368800.0,12,676.0
2018-09-22,기타,1.6,2503600.0,26,1527.5
2018-09-22,쌈,7.2,17259700.0,11,2395.8
2018-09-27,가을,48.5,37884900.0,6,781.1
2018-09-27,고랭지,1003.6,591265000.0,22,589.1
2018-09-27,기타,9.1,9521100.0,28,1046.7
2018-09-27,쌈,13.0,28319700.0,16,2185.5
2018-09-28,가을,58.9,21746400.0,6,369.5
2018-09-28,고랭지,853.8,308457400.0,23,361.3
2018-09-28,기타,5.7,7038053.0,33,1228.9
2018-09-28,쌈,9.7,24110900.0,10,2477.2
2018-09-29,가을,40.0,12086300.0,5,302.2
2018-09-29,고랭지,466.8,180270600.0,19,386.2
2018-09-29,기타,7.0,8868327.0,38,1264.2
2018-09-29,쌈,3.7,12323500.0,11,3357.0
2018-10-01,가을,621.5,285139600.0,14,458.8
2018-10-01,고랭지,38.6,18951600.0,5,490.5
2018-10-01,기타,9.8,12086800.0,36,1232.2
2018-10-01,쌈,15.6,20704700.0,11,1329.0
2018-10-02,가을,688.7,292141300.0,16,424.2
2018-10-02,고랭지,0.1,78000.0,1,1114.3
2018-10-02,기타,31.8,18820950.0,28,591.8
2018-10-02,쌈,7.3,11698500.0,11,1611.4
2018-10-03,가을,660.1,270152300.0,13,409.3
2018-10-03,고랭지,10.9,6548100.0,2,598.0
2018-10-03,기타,26.9,16387550.0,30,610.1
2018-10-03,쌈,6.6,9684700.0,10,1457.0
2018-10-04,가을,653.4,261627400.0,14,400.4
2018-10-04,고랭지,0.1,156000.0,1,1114.3
2018-10-04,기타,51.6,29704325.0,33,575.2
2018-10-04,쌈,6.2,8493400.0,9,1381.0
2018-10-04,월동,10.0,10000000.0,1,1000.0
2018-10-05,가을,488.9,260912600.0,13,533.6
2018-10-05,고랭지,0.1,72000.0,1,1028.6
2018-10-05,기타,19.5,18754400.0,38,961.8
2018-10-05,쌈,4.7,11368600.0,8,2399.5
2018-10-05,절임,0.2,350000.0,1,1750.0
2018-10-06,가을,175.1,158227000.0,8,903.6
2018-10-06,기타,2.8,4237350.0,28,1508.5
2018-10-06,쌈,3.4,8729200.0,6,2556.1
2018-10-08,가을,863.5,381318500.0,19,441.6
2018-10-08,고랭지,0.1,108000.0,1,1028.6
2018-10-08,기타,48.9,30478025.0,33,623.2
2018-10-08,기타부산물,0.1,25000.0,1,500.0
2018-10-08,쌈,2.8,7339900.0,5,2662.3
2018-10-09,가을,916.0,294110825.0,22,321.1
2018-10-09,기타,58.3,35722450.0,41,612.4
2018-10-09,기타부산물,0.2,52700.0,1,340.0
2018-10-09,쌈,6.0,8097900.0,10,1349.2
2018-10-09,월동,10.0,10000000.0,1,1000.0
2018-10-10,가을,727.3,247393400.0,17,340.2
2018-10-10,기타,18.2,15666025.0,45,858.7
2018-10-10,쌈,7.8,9333300.0,10,1199.2
2018-10-10,월동,10.0,5000000.0,1,500.0
2018-10-11,가을,618.6,226677000.0,18,366.4
2018-10-11,기타,53.9,25200450.0,43,467.6
2018-10-11,쌈,1.6,4752600.0,4,2985.3
2018-10-11,절임,0.2,300000.0,1,1500.0
2018-10-12,가을,619.9,216640900.0,21,349.5
2018-10-12,기타,32.2,18241225.0,44,566.0
2018-10-12,쌈,3.8,8622600.0,7,2241.4
2018-10-13,가을,426.8,147795100.0,16,346.3
2018-10-13,기타,39.2,22427175.0,36,571.9
2018-10-13,쌈,5.7,12588600.0,9,2219.8
2018-10-13,월동,10.0,5000000.0,1,500.0
2018-10-15,가을,657.4,268337900.0,18,408.2
2018-10-15,고랭지,0.2,192000.0,1,914.3
2018-10-15,기타,47.0,24551275.0,38,522.8
2018-10-15,쌈,10.7,19466700.0,12,1821.5
2018-10-15,절임,0.1,180000.0,1,1500.0
2018-10-16,가을,548.6,221402500.0,16,403.5
2018-10-16,기타,34.6,21991775.0,35,636.4
2018-10-16,쌈,5.8,11041900.0,10,1894.6
2018-10-17,가을,428.0,213381500.0,20,498.6
2018-10-17,기타,41.2,30115250.0,34,730.9
2018-10-17,쌈,13.4,16549600.0,13,1236.7
2018-10-18,가을,619.8,262998000.0,22,424.3
2018-10-18,기타,34.4,21832475.0,30,635.0
2018-10-18,쌈,7.4,10887700.0,15,1466.9
2018-10-19,가을,486.0,233627300.0,20,480.7
2018-10-19,기타,62.1,35089783.0,48,564.7
2018-10-19,쌈,7.7,10864200.0,11,1404.0
2018-10-20,가을,466.8,172267300.0,16,369.0
2018-10-20,기타,24.2,14081300.0,27,581.2
2018-10-20,쌈,11.8,13219800.0,11,1116.2
2018-10-22,가을,662.3,274856800.0,26,415.0
2018-10-22,기타,56.7,25461942.0,25,449.2
2018-10-22,쌈,15.6,17508400.0,12,1125.9
2018-10-22,월동,10.0,5000000.0,1,500.0
2018-10-23,가을,641.3,238448600.0,28,371.8
2018-10-23,기타,29.0,16857375.0,33,581.2
2018-10-23,쌈,11.2,12608400.0,10,1123.1
2018-10-24,가을,622.5,212953200.0,24,342.1
2018-10-24,기타,43.1,22302900.0,18,517.0
2018-10-24,쌈,13.1,14634700.0,16,1119.5
2018-10-24,월동,10.0,5000000.0,1,500.0
2018-10-24,절임,3.2,4480000.0,1,1400.0
2018-10-25,가을,433.3,180703500.0,24,417.0
2018-10-25,기타,25.8,20227150.0,25,783.0
2018-10-25,쌈,11.6,14059600.0,13,1207.2
2018-10-26,가을,530.5,239869900.0,26,452.2
2018-10-26,기타,27.9,18168950.0,26,651.4
2018-10-26,쌈,4.7,7224800.0,9,1542.4
2018-10-27,가을,238.1,109959000.0,20,461.9
2018-10-27,기타,28.4,15714350.0,23,553.8
2018-10-27,쌈,6.6,7920400.0,10,1191.6
2018-10-29,가을,593.5,271495300.0,26,457.4
2018-10-29,기타,17.1,9678500.0,27,567.5
2018-10-29,쌈,9.6,13437200.0,10,1405.6
2018-10-29,절임,0.3,448000.0,1,1400.0
2018-10-30,가을,655.1,292351500.0,26,446.3
2018-10-30,기타,7.9,4415400.0,29,559.5
2018-10-30,쌈,6.0,10173500.0,8,1694.7
2018-10-31,가을,780.6,329807600.0,31,422.5
2018-10-31,기타,9.2,5815125.0,24,633.4
2018-10-31,기타부산물,0.5,5000000.0,1,10000.0
2018-10-31,쌈,6.9,12772200.0,10,1848.6
2018-10-31,월동,13.1,6570000.0,1,500.0
2018-11-01,가을,666.9,283100000.0,25,424.5
2018-11-01,기타,7.3,7310375.0,19,995.6
2018-11-01,쌈,10.5,15663300.0,11,1492.9
2018-11-01,절임,0.2,224000.0,1,1400.0
2018-11-02,가을,709.5,308443500.0,33,434.8
2018-11-02,기타,10.1,7059300.0,25,701.1
2018-11-02,쌈,7.6,12174600.0,12,1596.0
2018-11-02,절임,0.2,224000.0,1,1400.0
2018-11-03,가을,581.2,231715300.0,30,398.7
2018-11-03,기타,6.6,3658000.0,19,552.0
2018-11-03,쌈,8.4,14405200.0,11,1717.6
2018-11-03,월동,20.0,10000000.0,2,500.0
2018-11-03,절임,3.5,4028000.0,1,1144.3
2018-11-05,가을,881.3,361929800.0,40,410.7
2018-11-05,기타,3.9,6527310.0,25,1671.5
2018-11-05,쌈,9.6,18207200.0,9,1889.9
2018-11-06,가을,743.2,295268900.0,33,397.3
2018-11-06,기타,4.6,5074400.0,15,1107.9
2018-11-06,기타부산물,0.5,77500.0,1,166.7
2018-11-06,쌈,10.8,23061200.0,15,2132.5
2018-11-06,절임,7.0,8076000.0,4,1158.7
2018-11-07,가을,864.0,322117800.0,41,372.8
2018-11-07,기타,4.7,5893932.0,17,1257.1
2018-11-07,쌈,10.0,20602000.0,13,2060.2
2018-11-07,절임,2.6,3002000.0,2,1150.2
2018-11-08,가을,523.2,256506100.0,32,490.2
2018-11-08,기타,4.5,4470163.0,15,984.2
2018-11-08,쌈,12.5,19084600.0,13,1528.1
2018-11-08,월동,7.8,4704000.0,1,600.0
2018-11-08,절임,14.3,17404000.0,3,1212.8
2018-11-09,가을,582.8,314926000.0,36,540.3
2018-11-09,기타,2.9,3419300.0,7,1175.8
2018-11-09,쌈,4.6,7534400.0,11,1645.8
2018-11-09,월동,10.0,6000000.0,1,600.0
2018-11-09,절임,29.6,35453000.0,4,1197.7
2018-11-10,가을,1034.7,452595700.0,46,437.4
2018-11-10,기타,4.9,4900250.0,18,1008.7
2018-11-10,쌈,6.1,8952100.0,9,1468.0
2018-11-10,절임,33.2,39593000.0,4,1192.2
2018-11-12,가을,1528.4,633621320.0,59,414.6
2018-11-12,기타,8.3,3158375.0,23,381.2
2018-11-12,기타부산물,0.5,5000000.0,1,10000.0
2018-11-12,쌈,9.9,13378600.0,12,1356.4
2018-11-12,절임,32.6,38748000.0,4,1187.9
2018-11-13,가을,1118.1,451072900.0,45,403.4
2018-11-13,기타,7.0,4939800.0,26,704.4
2018-11-13,쌈,19.4,26179400.0,12,1347.0
2018-11-13,월동,10.0,5000000.0,1,500.0
2018-11-13,절임,19.5,23370000.0,4,1198.5
2018-11-14,가을,1232.9,493515700.0,50,400.3
2018-11-14,기타,8.6,6801135.0,29,788.7
2018-11-14,봄,0.9,615000.0,2,683.3
2018-11-14,쌈,17.9,22540900.0,11,1262.1
2018-11-14,월동,10.0,6000000.0,1,600.0
2018-11-14,절임,25.3,30516000.0,2,1205.2
2018-11-15,가을,1079.9,509584100.0,56,471.9
2018-11-15,기타,7.1,3462825.0,22,490.6
2018-11-15,봄,0.8,612000.0,1,800.0
2018-11-15,쌈,7.1,8144000.0,8,1148.5
2018-11-15,절임,44.9,54166000.0,5,1205.3
2018-11-16,가을,1783.5,771408660.0,79,432.5
2018-11-16,기타,35.7,37424400.0,25,1048.3
2018-11-16,기타부산물,0.2,108000.0,1,600.0
2018-11-16,쌈,13.6,16894100.0,13,1239.0
2018-11-16,절임,76.1,91899000.0,5,1208.1
2018-11-17,가을,1474.2,623378500.0,67,422.9
2018-11-17,기타,29.9,31965000.0,20,1070.1
2018-11-17,쌈,9.2,10288900.0,12,1122.1
2018-11-17,절임,93.7,113985000.0,6,1216.5
2018-11-19,가을,1629.4,586726500.0,53,360.1
2018-11-19,기타,7.7,4890100.0,22,638.1
2018-11-19,기타부산물,0.3,40000.0,1,125.0
2018-11-19,쌈,6.3,11131800.0,7,1754.4
2018-11-19,월동,10.0,6000000.0,1,600.0
2018-11-19,절임,52.6,62683000.0,6,1191.7
2018-11-20,가을,1130.1,354072100.0,57,313.3
2018-11-20,기타,12.3,6690500.0,28,544.9
2018-11-20,쌈,11.3,15701400.0,11,1393.9
2018-11-20,절임,28.0,33406000.0,6,1191.8
2018-11-21,가을,1338.7,508580000.0,57,379.9
2018-11-21,기타,10.3,6451800.0,21,627.6
2018-11-21,쌈,10.9,16142800.0,6,1474.8
2018-11-21,절임,86.4,104456000.0,7,1208.8
2018-11-22,가을,1389.2,609074500.0,47,438.4
2018-11-22,기타,25.8,30883138.0,22,1194.8
2018-11-22,쌈,7.3,11548800.0,12,1585.9
2018-11-22,절임,74.8,90361000.0,7,1208.2
2018-11-23,가을,1474.9,649050800.0,45,440.1
2018-11-23,기타,95.2,66347400.0,19,696.6
2018-11-23,쌈,3.7,7141700.0,9,1915.2
2018-11-23,월동,10.0,5000000.0,1,500.0
2018-11-23,절임,158.5,192032000.0,8,1211.6
2018-11-24,가을,1216.1,403940600.0,37,332.2
2018-11-24,기타,42.3,41854800.0,17,988.6
2018-11-24,쌈,4.7,7965100.0,8,1684.7
2018-11-24,절임,138.3,168553000.0,7,1218.6
2018-11-26,가을,976.3,339137200.0,28,347.4
2018-11-26,기타,17.3,11307900.0,25,652.3
2018-11-26,쌈,7.2,10541700.0,9,1467.0
2018-11-26,절임,98.7,117931000.0,7,1194.4
2018-11-27,가을,1052.8,292354300.0,31,277.7
2018-11-27,기타,13.9,10377800.0,32,746.9
2018-11-27,쌈,9.8,13763200.0,13,1411.6
2018-11-27,절임,38.2,45945000.0,6,1202.1
2018-11-28,가을,1034.6,310028800.0,31,299.7
2018-11-28,기타,18.2,15586600.0,18,855.2
2018-11-28,기타부산물,0.5,5000000.0,1,10000.0
2018-11-28,쌈,6.4,10273100.0,9,1608.4
2018-11-28,절임,59.2,71457000.0,5,1206.2
2018-11-29,가을,923.8,299777400.0,26,324.5
2018-11-29,기타,15.6,16398800.0,18,1050.0
2018-11-29,쌈,7.1,9419400.0,11,1332.7
2018-11-29,월동,0.1,26400.0,1,471.4
2018-11-29,절임,48.2,57590000.0,7,1193.6
2018-11-30,가을,847.6,361648800.0,17,426.7
2018-11-30,기타,24.0,26622900.0,12,1110.2
2018-11-30,쌈,11.3,13510500.0,14,1190.8
2018-11-30,절임,78.7,95088000.0,7,1208.7
2018-12-01,가을,943.1,336900080.0,21,357.2
2018-12-01,기타,34.2,38460917.0,25,1125.1
2018-12-01,쌈,5.7,8930500.0,10,1561.8
2018-12-01,절임,141.1,168328000.0,7,1193.3
2018-12-03,가을,1003.6,348471800.0,18,347.2
2018-12-03,기타,5.3,4352000.0,20,821.0
2018-12-03,쌈,7.8,11715400.0,11,1502.4
2018-12-03,절임,29.8,35637000.0,4,1196.7
2018-12-04,가을,596.9,183311200.0,20,307.1
2018-12-04,기타,2.7,3329000.0,14,1215.4
2018-12-04,쌈,3.0,8547000.0,9,2884.6
2018-12-04,월동,20.0,10000000.0,1,500.0
2018-12-04,절임,47.6,58051000.0,6,1219.6
2018-12-05,가을,494.2,135910100.0,17,275.0
2018-12-05,기타,63.0,32860500.0,19,521.4
2018-12-05,쌈,7.2,14042100.0,10,1937.6
2018-12-05,절임,33.2,39581000.0,5,1191.5
2018-12-06,가을,633.6,182369900.0,18,287.8
2018-12-06,기타,4.3,2654700.0,19,618.2
2018-12-06,쌈,14.4,19175000.0,14,1328.1
2018-12-06,절임,26.2,31873000.0,4,1214.2
2018-12-07,가을,486.7,154198300.0,17,316.8
2018-12-07,기타,7.7,8833000.0,13,1141.5
2018-12-07,쌈,10.6,14968000.0,13,1407.4
2018-12-07,월동,10.0,5000000.0,1,500.0
2018-12-07,절임,41.5,49758000.0,8,1197.5
2018-12-08,가을,278.7,85252300.0,9,305.9
2018-12-08,기타,4.8,6129000.0,14,1272.1
2018-12-08,쌈,7.8,11688900.0,12,1497.6
2018-12-08,월동,10.0,5000000.0,1,500.0
2018-12-08,절임,30.7,36832000.0,6,1200.9
2018-12-10,가을,233.0,87402200.0,12,375.1
2018-12-10,기타,2.1,2975500.0,14,1405.5
2018-12-10,기타부산물,0.5,5000000.0,1,10000.0
2018-12-10,쌈,4.8,8885700.0,6,1853.5
2018-12-10,절임,16.4,19232000.0,5,1172.0
2018-12-11,가을,226.4,89713300.0,15,396.3
2018-12-11,기타,3.0,3020000.0,14,1011.7
2018-12-11,기타부산물,0.1,60000.0,1,600.0
2018-12-11,쌈,6.0,8570900.0,8,1440.2
2018-12-11,절임,27.8,34150000.0,2,1228.4
2018-12-12,가을,394.3,147902800.0,12,375.1
2018-12-12,기타,4.0,4487500.0,15,1128.9
2018-12-12,기타부산물,0.1,70000.0,1,700.0
2018-12-12,쌈,9.3,14580800.0,14,1571.5
2018-12-12,월동,10.0,5000000.0,1,500.0
2018-12-12,절임,19.3,22578000.0,2,1168.6
2018-12-13,가을,645.1,213342000.0,6,330.7
2018-12-13,기타,3.7,4994500.0,18,1360.9
2018-12-13,쌈,7.9,12903500.0,10,1633.6
2018-12-13,월동,10.0,5000000.0,1,500.0
2018-12-13,절임,8.3,10121000.0,3,1215.0
2018-12-14,가을,476.4,133667700.0,7,280.6
2018-12-14,기타,7.3,7205800.0,18,986.2
2018-12-14,기타부산물,1.3,836500.0,1,626.6
2018-12-14,쌈,8.4,11460800.0,13,1366.7
2018-12-14,절임,13.9,16968000.0,1,1219.0
2018-12-15,가을,218.3,47179100.0,6,216.1
2018-12-15,기타,2.5,3737000.0,9,1488.3
2018-12-15,기타부산물,3.2,1832000.0,4,571.6
2018-12-15,쌈,9.7,14664200.0,9,1516.3
2018-12-15,절임,12.3,15160000.0,2,1227.5
2018-12-17,가을,332.0,95177400.0,8,286.7
2018-12-17,기타,5.1,4910500.0,10,955.0
2018-12-17,기타부산물,1.2,768500.0,1,617.3
2018-12-17,쌈,9.7,14345000.0,9,1471.7
2018-12-17,절임,4.0,5220000.0,2,1292.1
2018-12-18,가을,465.6,117130700.0,9,251.5
2018-12-18,기타,3.9,3435900.0,14,884.2
2018-12-18,기타부산물,0.1,50000.0,1,500.0
2018-12-18,쌈,10.5,13937700.0,10,1323.2
2018-12-18,월동,10.0,5000000.0,1,500.0
2018-12-18,절임,1.3,1488000.0,1,1127.3
2018-12-19,가을,480.1,107464300.0,8,223.8
2018-12-19,기타,3.6,4533100.0,14,1248.1
2018-12-19,기타부산물,2.5,1445000.0,1,566.7
2018-12-19,쌈,5.7,10196100.0,9,1790.4
2018-12-19,월동,10.0,3000000.0,1,300.0
2018-12-19,절임,8.1,9938000.0,1,1223.9
2018-12-20,가을,339.3,77423400.0,8,228.2
2018-12-20,기타,3.7,4572000.0,8,1240.4
2018-12-20,기타부산물,3.1,1702500.0,3,540.5
2018-12-20,쌈,18.5,20132400.0,7,1089.3
2018-12-20,월동,0.0,24000.0,1,685.7
2018-12-20,절임,0.8,897000.0,1,1150.0
2018-12-21,가을,406.7,89750100.0,10,220.7
2018-12-21,기타,2.5,2953500.0,5,1200.1
2018-12-21,기타부산물,1.6,864000.0,1,533.3
2018-12-21,쌈,17.5,19201600.0,7,1098.0
2018-12-21,절임,2.2,2653000.0,1,1195.0
2018-12-22,가을,154.4,41287400.0,6,267.4
2018-12-22,기타,4.4,4218200.0,7,958.7
2018-12-22,기타부산물,0.0,5000.0,1,125.0
2018-12-22,쌈,8.5,11082400.0,7,1297.2
2018-12-22,월동,10.0,3000000.0,1,300.0
2018-12-24,가을,411.5,111062000.0,6,269.9
2018-12-24,기타,3.1,3924900.0,14,1246.4
2018-12-24,기타부산물,0.1,60000.0,1,500.0
2018-12-24,쌈,11.1,13170700.0,9,1186.2
2018-12-24,절임,2.6,2990000.0,1,1150.0
2018-12-25,가을,311.6,77388400.0,3,248.4
2018-12-25,기타,2.5,2601300.0,10,1049.8
2018-12-25,기타부산물,0.8,450200.0,2,539.8
2018-12-25,쌈,18.6,19261000.0,9,1035.1
2018-12-25,절임,0.5,575000.0,1,1150.0
2018-12-26,가을,350.2,79842600.0,5,228.0
2018-12-26,기타,2.2,3667000.0,8,1669.9
2018-12-26,기타부산물,1.1,565200.0,1,523.3
2018-12-26,쌈,9.8,12626400.0,7,1293.0
2018-12-27,가을,358.7,88622900.0,6,247.1
2018-12-27,기타,3.2,4039550.0,11,1249.1
2018-12-27,기타부산물,3.2,6590000.0,3,2059.4
2018-12-27,쌈,9.2,9907200.0,8,1079.2
2018-12-27,월동,0.0,16800.0,1,600.0
2018-12-28,가을,219.5,54478300.0,5,248.2
2018-12-28,기타,3.0,3517500.0,5,1180.4
2018-12-28,기타부산물,2.0,624000.0,1,312.8
2018-12-28,쌈,8.8,9142200.0,7,1044.1
2018-12-28,월동,0.0,10500.0,1,600.0
2018-12-28,절임,0.3,391000.0,1,1150.0
2018-12-29,가을,58.0,17086700.0,2,294.3
2018-12-29,기타,3.6,4874750.0,7,1370.9
2018-12-29,기타부산물,2.8,1519500.0,2,536.0
2018-12-29,쌈,3.3,7060400.0,4,2124.7
2018-12-29,절임,0.8,874000.0,1,1150.0
2018-12-31,가을,106.6,44372600.0,2,416.3
2018-12-31,기타,3.0,2909000.0,6,957.2
2018-12-31,기타부산물,0.8,450000.0,1,600.0
2018-12-31,쌈,7.6,14530100.0,6,1920.4
2018-12-31,월동,0.0,10500.0,1,600.0
2018-12-31,절임,3.9,6755000.0,3,1732.1
2019-01-03,가을,86.6,28923700.0,4,333.9
2019-01-03,기타,31.9,32379800.0,10,1013.5
2019-01-03,기타부산물,4.6,2861000.0,4,627.4
2019-01-03,쌈,13.8,21694800.0,10,1573.8
2019-01-03,월동,645.1,177289000.0,9,274.8
2019-01-03,절임,0.5,621000.0,1,1150.0
2019-01-04,가을,70.0,13863500.0,3,198.1
2019-01-04,기타,3.1,4163300.0,11,1329.7
2019-01-04,기타부산물,4.4,2338500.0,2,535.7
2019-01-04,쌈,19.7,24081300.0,13,1225.4
2019-01-04,월동,356.5,82156300.0,8,230.5
2019-01-04,절임,0.6,690000.0,1,1150.0
2019-01-05,가을,19.7,4990000.0,2,253.3
2019-01-05,기타,53.2,54704375.0,12,1028.8
2019-01-05,기타부산물,5.2,2479200.0,2,479.1
2019-01-05,쌈,17.5,22366100.0,9,1281.0
2019-01-05,월동,137.6,36837300.0,4,267.7
2019-01-07,가을,28.8,6345000.0,2,220.3
2019-01-07,기타,6.4,9615750.0,14,1513.2
2019-01-07,기타부산물,5.1,2748000.0,3,537.2
2019-01-07,쌈,10.6,14206700.0,8,1335.3
2019-01-07,월동,338.0,84655100.0,3,250.5
2019-01-07,절임,1.4,1633000.0,1,1150.0
2019-01-08,가을,9.8,2077600.0,2,212.0
2019-01-08,기타,3.0,4843000.0,7,1620.8
2019-01-08,기타부산물,1.5,650000.0,1,433.3
2019-01-08,쌈,13.2,14578000.0,5,1104.9
2019-01-08,월동,299.7,69925100.0,6,233.3
2019-01-08,절임,0.2,184000.0,1,1150.0
2019-01-09,기타,3.7,5544500.0,11,1482.1
2019-01-09,기타부산물,4.7,2235000.0,2,480.6
2019-01-09,쌈,4.0,6603300.0,5,1649.6
2019-01-09,월동,327.7,80286400.0,9,245.0
2019-01-09,절임,0.2,276000.0,1,1150.0
2019-01-10,기타,3.7,4921500.0,7,1316.3
2019-01-10,기타부산물,4.0,2082500.0,3,523.9
2019-01-10,쌈,9.5,11066000.0,8,1167.7
2019-01-10,월동,368.2,83322700.0,4,226.3
2019-01-10,절임,0.2,184000.0,1,1150.0
2019-01-11,기타,4.4,5643500.0,7,1275.1
2019-01-11,기타부산물,2.3,1034500.0,1,456.7
2019-01-11,쌈,12.2,13165900.0,12,1079.9
2019-01-11,월동,348.5,80672000.0,3,231.5
2019-01-11,절임,0.5,552000.0,1,1150.0
2019-01-12,기타,6.0,6537500.0,8,1090.9
2019-01-12,기타부산물,0.5,300000.0,1,666.7
2019-01-12,쌈,16.3,14014500.0,7,860.0
2019-01-12,월동,165.3,32547200.0,5,196.9
2019-01-14,기타,3.5,4716700.0,11,1337.2
2019-01-14,기타부산물,2.0,1233000.0,2,622.7
2019-01-14,쌈,14.2,18166400.0,7,1281.9
2019-01-14,월동,325.8,80065100.0,6,245.8
2019-01-14,절임,0.7,828000.0,1,1150.0
2019-01-15,기타,4.7,6211700.0,14,1310.9
2019-01-15,기타부산물,2.2,768000.0,2,345.9
2019-01-15,쌈,23.7,23233200.0,11,979.4
2019-01-15,월동,225.1,64007800.0,4,284.4
2019-01-15,절임,0.1,69000.0,1,1150.0
2019-01-16,기타,4.4,6301100.0,13,1429.6
2019-01-16,기타부산물,2.1,1260000.0,2,608.7
2019-01-16,쌈,17.2,16849400.0,12,980.6
2019-01-16,월동,343.7,94404800.0,6,274.7
2019-01-16,절임,0.2,276000.0,1,1150.0
2019-01-17,기타,4.9,6617400.0,12,1345.7
2019-01-17,기타부산물,2.2,1147500.0,2,510.0
2019-01-17,쌈,17.6,17965800.0,14,1023.3
2019-01-17,월동,386.9,91457000.0,8,236.4
2019-01-17,절임,0.1,161000.0,1,1150.0
2019-01-18,기타,6.7,8511900.0,11,1277.3
2019-01-18,기타부산물,3.2,6599500.0,4,2072.1
2019-01-18,쌈,9.8,12872200.0,13,1313.6
2019-01-18,월동,383.6,80214100.0,8,209.1
2019-01-18,절임,0.5,621000.0,1,1150.0
2019-01-19,기타,3.5,6251300.0,11,1770.7
2019-01-19,기타부산물,2.8,972000.0,2,348.4
2019-01-19,쌈,15.9,18108500.0,13,1140.4
2019-01-19,월동,148.6,36100000.0,6,242.9
2019-01-21,기타,10.0,13901500.0,13,1388.5
2019-01-21,기타부산물,5.4,2591000.0,3,477.2
2019-01-21,쌈,28.2,27143500.0,14,962.0
2019-01-21,월동,356.1,77783800.0,8,218.4
2019-01-21,절임,0.4,506000.0,1,1150.0
2019-01-22,기타,5.6,9003150.0,15,1608.9
2019-01-22,기타부산물,2.6,904000.0,2,346.4
2019-01-22,쌈,16.5,18078200.0,15,1094.9
2019-01-22,월동,273.7,61524700.0,5,224.8
2019-01-22,절임,0.4,506000.0,1,1150.0
2019-01-23,기타,12.4,15916700.0,14,1287.0
2019-01-23,기타부산물,2.8,1343000.0,3,473.7
2019-01-23,쌈,25.9,21378900.0,19,824.7
2019-01-23,월동,323.1,75856400.0,5,234.8
2019-01-23,절임,0.2,276000.0,1,1150.0
2019-01-24,기타,7.6,11497300.0,10,1504.7
2019-01-24,기타부산물,2.7,1633500.0,3,595.1
2019-01-24,쌈,21.8,19675000.0,11,903.4
2019-01-24,월동,310.6,70945700.0,7,228.4
2019-01-24,절임,0.1,161000.0,1,1150.0
2019-01-25,기타,6.7,10524600.0,12,1575.4
2019-01-25,기타부산물,2.6,1384000.0,3,536.4
2019-01-25,쌈,28.5,22357200.0,18,785.0
2019-01-25,월동,282.1,65492300.0,8,232.2
2019-01-25,절임,0.5,621000.0,1,1150.0
2019-01-26,기타,6.4,9080800.0,12,1410.3
2019-01-26,기타부산물,1.1,562000.0,2,506.3
2019-01-26,쌈,18.3,15374400.0,14,838.4
2019-01-26,월동,183.1,46502600.0,5,253.9
2019-01-26,절임,0.2,276000.0,1,1150.0
2019-01-28,기타,11.7,17203200.0,26,1472.9
2019-01-28,기타부산물,7.5,4026000.0,3,534.7
2019-01-28,쌈,40.7,31374200.0,19,771.2
2019-01-28,월동,452.5,116501000.0,8,257.4
2019-01-28,절임,0.3,299000.0,1,1150.0
2019-01-29,기타,8.8,10557650.0,16,1203.6
2019-01-29,기타부산물,4.5,1932500.0,3,430.9
2019-01-29,쌈,25.6,24200300.0,15,945.3
2019-01-29,월동,446.6,113035600.0,10,253.1
2019-01-29,절임,0.4,506000.0,1,1150.0
2019-01-30,기타,8.5,11222550.0,16,1324.7
2019-01-30,기타부산물,5.3,1761000.0,3,329.8
2019-01-30,쌈,28.5,24219900.0,12,850.5
2019-01-30,월동,513.8,109341000.0,7,212.8
2019-01-30,저장,9.7,2056400.0,2,212.0
2019-01-30,절임,0.2,276000.0,1,1150.0
2019-01-31,기타,6.9,7938825.0,24,1143.8
2019-01-31,기타부산물,3.8,1390500.0,2,367.9
2019-01-31,쌈,23.2,21185600.0,15,911.9
2019-01-31,월동,366.1,79056600.0,5,216.0
2019-01-31,절임,1.9,2345000.0,3,1260.8
2019-02-01,기타,3.3,6773000.0,13,2075.1
2019-02-01,기타부산물,1.2,474000.0,1,400.0
2019-02-01,쌈,23.1,21568500.0,13,932.6
2019-02-01,월동,312.2,83284800.0,5,266.7
2019-02-02,기타,2.4,3630200.0,13,1495.1
2019-02-02,기타부산물,1.9,568000.0,1,298.2
2019-02-02,쌈,17.1,15763500.0,13,923.4
2019-02-02,월동,180.1,56852300.0,6,315.8
2019-02-04,기타,0.7,1225563.0,9,1825.1
2019-02-04,쌈,10.8,13020600.0,3,1200.3
2019-02-04,월동,30.0,7062000.0,2,235.4
2019-02-08,기타,5.5,8405000.0,14,1520.2
2019-02-08,기타부산물,1.2,728000.0,2,606.7
2019-02-08,쌈,17.6,18561100.0,10,1055.6
2019-02-08,월동,429.8,117746500.0,9,274.0
2019-02-09,기타,4.8,8636900.0,9,1784.9
2019-02-09,쌈,13.0,14324100.0,7,1101.9
2019-02-09,월동,163.2,40730200.0,6,249.6
2019-02-09,저장,9.5,1748000.0,2,184.0
2019-02-11,기타,13.0,37036313.0,45,2849.6
2019-02-11,기타부산물,6.7,7634000.0,4,1142.8
2019-02-11,쌈,22.4,19789100.0,10,884.7
2019-02-11,월동,410.3,99872700.0,8,243.4
2019-02-11,절임,0.8,897000.0,1,1150.0
2019-02-12,기타,11.4,32529200.0,37,2847.2
2019-02-12,기타부산물,5.0,2107500.0,2,419.4
2019-02-12,쌈,16.9,14343100.0,11,851.1
2019-02-12,월동,326.2,78142400.0,9,239.5
2019-02-12,절임,0.4,460000.0,1,1150.0
2019-02-13,기타,9.1,21022000.0,23,2311.7
2019-02-13,기타부산물,1.9,1056000.0,1,541.5
2019-02-13,쌈,13.2,12171800.0,8,920.0
2019-02-13,월동,293.8,64399900.0,8,219.2
2019-02-13,절임,0.1,161000.0,1,1150.0
2019-02-14,기타,6.6,20704750.0,33,3127.4
2019-02-14,기타부산물,3.4,1762000.0,3,524.4
2019-02-14,쌈,25.0,23382800.0,9,935.8
2019-02-14,월동,314.7,70936200.0,11,225.4
2019-02-14,절임,0.1,161000.0,1,1150.0
2019-02-15,기타,8.1,15216200.0,36,1871.2
2019-02-15,기타부산물,5.5,2842500.0,2,519.2
2019-02-15,쌈,26.0,18685600.0,12,719.0
2019-02-15,월동,363.8,80086500.0,11,220.1
2019-02-15,절임,0.2,184000.0,1,1150.0
2019-02-16,기타,7.1,14765701.0,44,2072.5
2019-02-16,기타부산물,2.7,1035000.0,3,377.0
2019-02-16,쌈,20.4,15847100.0,10,777.7
2019-02-16,월동,264.2,54952400.0,10,208.0
2019-02-16,절임,0.2,184000.0,1,1150.0
2019-02-18,기타,4.5,9147275.0,27,2040.3
2019-02-18,기타부산물,3.9,1702000.0,2,438.1
2019-02-18,쌈,15.9,13534100.0,9,852.4
2019-02-18,월동,311.7,67406800.0,10,216.2
2019-02-18,절임,0.6,644000.0,1,1150.0
2019-02-19,기타,2.1,3191400.0,12,1541.5
2019-02-19,기타부산물,4.8,1728000.0,3,363.4
2019-02-19,쌈,18.6,18156000.0,9,976.3
2019-02-19,월동,284.8,61391200.0,7,215.6
2019-02-19,절임,0.2,184000.0,1,1150.0
2019-02-20,기타,3.0,4882150.0,8,1617.4
2019-02-20,기타부산물,2.2,971000.0,2,446.4
2019-02-20,쌈,16.3,16101000.0,7,985.4
2019-02-20,월동,216.7,47834200.0,7,220.7
2019-02-20,절임,0.2,184000.0,1,1150.0
2019-02-21,기타,1.6,3026200.0,10,1915.3
2019-02-21,기타부산물,3.3,1718000.0,2,518.3
2019-02-21,쌈,14.6,16707500.0,8,1146.3
2019-02-21,월동,268.8,54525400.0,8,202.9
2019-02-21,절임,0.2,184000.0,1,1150.0
2019-02-22,기타,8.2,12101200.0,15,1469.4
2019-02-22,기타부산물,1.9,861000.0,2,453.2
2019-02-22,쌈,16.1,16390700.0,7,1019.4
2019-02-22,월동,324.0,68798600.0,10,212.3
2019-02-22,절임,0.3,368000.0,1,1150.0
2019-02-23,기타,3.1,4902300.0,15,1577.5
2019-02-23,기타부산물,3.2,1132300.0,3,352.7
2019-02-23,쌈,16.8,14761100.0,8,880.5
2019-02-23,월동,234.8,48156000.0,10,205.1
2019-02-25,기타,7.6,11862650.0,21,1555.7
2019-02-25,기타부산물,2.4,1048000.0,2,442.2
2019-02-25,쌈,29.5,29494200.0,13,1001.2
2019-02-25,월동,350.7,67144000.0,9,191.5
2019-02-25,절임,0.3,299000.0,1,1150.0
2019-02-26,기타,2.3,4447700.0,14,1908.1
2019-02-26,기타부산물,2.8,1476200.0,3,529.1
2019-02-26,쌈,30.6,25940000.0,14,847.3
2019-02-26,월동,369.0,72085200.0,14,195.4
2019-02-27,기타,3.4,6252850.0,12,1864.6
2019-02-27,기타부산물,5.1,1960000.0,2,384.3
2019-02-27,쌈,24.7,19659700.0,14,794.9
2019-02-27,월동,270.8,58303400.0,9,215.3
2019-02-28,기타,5.9,9299900.0,17,1580.8
2019-02-28,기타부산물,4.3,1901500.0,2,446.4
2019-02-28,쌈,19.1,17053500.0,13,891.1
2019-02-28,월동,314.3,70250700.0,8,223.5
2019-02-28,절임,24.4,30500000.0,1,1250.0
2019-03-01,기타,2.3,4565700.0,13,1956.6
2019-03-01,기타부산물,2.2,1048000.0,1,468.9
2019-03-01,쌈,16.8,15126400.0,12,900.7
2019-03-01,월동,319.0,70894200.0,8,222.2
2019-03-02,기타,2.3,4105300.0,9,1774.5
2019-03-02,기타부산물,1.9,768500.0,1,403.4
2019-03-02,쌈,20.3,19183800.0,10,946.7
2019-03-02,월동,270.8,63265600.0,6,233.7
2019-03-04,기타,2.8,5343100.0,17,1884.4
2019-03-04,기타부산물,5.1,2091500.0,3,411.3
2019-03-04,쌈,27.2,27996400.0,12,1030.2
2019-03-04,월동,595.6,113403900.0,13,190.4
2019-03-05,기타,3.9,6373150.0,23,1643.0
2019-03-05,기타부산물,5.1,1965500.0,3,388.8
2019-03-05,쌈,19.8,20225200.0,13,1023.0
2019-03-05,월동,283.1,53960650.0,9,190.6
2019-03-06,기타,3.3,6058500.0,12,1835.1
2019-03-06,기타부산물,5.3,1759400.0,2,334.2
2019-03-06,쌈,30.9,26051500.0,11,843.4
2019-03-06,월동,284.5,54432700.0,12,191.3
2019-03-07,기타,102.5,30633300.0,14,298.8
2019-03-07,기타부산물,2.8,1259000.0,2,451.3
2019-03-07,쌈,19.4,16459400.0,11,847.0
2019-03-07,월동,208.0,43580900.0,8,209.5
2019-03-08,기타,44.8,17597100.0,17,392.7
2019-03-08,기타부산물,3.4,1595000.0,2,474.7
2019-03-08,쌈,10.1,9449200.0,9,936.5
2019-03-08,월동,333.8,67323700.0,8,201.7
2019-03-09,기타,32.2,12453850.0,20,386.9
2019-03-09,기타부산물,3.3,1222000.0,3,365.3
2019-03-09,쌈,14.6,12251800.0,5,841.8
2019-03-09,월동,241.4,45492400.0,7,188.4
2019-03-09,절임,30.0,30000000.0,1,1000.0
2019-03-11,기타,38.1,22816300.0,21,599.0
2019-03-11,기타부산물,3.2,1467300.0,2,459.2
2019-03-11,쌈,20.4,18838900.0,7,922.4
2019-03-11,월동,330.0,66930400.0,12,202.8
2019-03-11,저장,10.0,1840000.0,2,184.0
2019-03-12,기타,5.3,9145300.0,26,1726.4
2019-03-12,기타부산물,4.2,2018200.0,2,484.0
2019-03-12,쌈,11.0,14544700.0,8,1321.0
2019-03-12,월동,265.3,56817500.0,10,214.2
2019-03-13,기타,4.1,7390350.0,15,1786.6
2019-03-13,기타부산물,4.7,2296000.0,2,487.5
2019-03-13,쌈,23.6,26247600.0,12,1112.5
2019-03-13,월동,339.0,78507900.0,10,231.6
2019-03-14,기타,2.3,3533900.0,11,1552.0
2019-03-14,기타부산물,2.4,6016000.0,2,2501.5
2019-03-14,쌈,35.0,29645500.0,8,847.4
2019-03-14,월동,400.2,83758600.0,8,209.3
2019-03-15,기타,3.4,7360050.0,23,2161.9
2019-03-15,기타부산물,3.2,1420700.0,2,444.7
2019-03-15,쌈,23.1,21996000.0,7,951.1
2019-03-15,월동,286.1,58738400.0,11,205.3
2019-03-16,기타,1.6,4860500.0,15,3070.4
2019-03-16,기타부산물,1.5,525000.0,1,357.1
2019-03-16,쌈,8.6,12009500.0,5,1394.5
2019-03-16,월동,145.8,28197900.0,11,193.3
2019-03-18,기타,1.7,3939450.0,11,2276.5
2019-03-18,기타부산물,1.7,896000.0,2,514.9
2019-03-18,쌈,24.6,28556600.0,10,1161.0
2019-03-18,월동,241.8,46279300.0,12,191.4
2019-03-18,저장,215.1,45775500.0,2,212.9
2019-03-19,기타,1.9,5367050.0,12,2841.2
2019-03-19,쌈,25.7,28641800.0,11,1114.2
2019-03-19,월동,235.0,47774400.0,8,203.3
2019-03-19,저장,156.7,30469015.0,2,194.5
2019-03-20,기타,3.4,7749500.0,18,2274.2
2019-03-20,기타부산물,1.4,754000.0,1,523.6
2019-03-20,쌈,23.5,27132000.0,10,1153.6
2019-03-20,월동,116.2,24547000.0,5,211.2
2019-03-20,저장,175.1,30683525.0,2,175.3
2019-03-21,기타,2.9,7304200.0,19,2545.9
2019-03-21,기타부산물,2.1,1100500.0,2,516.7
2019-03-21,쌈,11.1,18897400.0,10,1696.1
2019-03-21,월동,100.8,19743200.0,5,195.9
2019-03-21,저장,164.5,31535700.0,4,191.7
2019-03-22,기타,5.0,10179500.0,13,2044.3
2019-03-22,기타부산물,0.4,238000.0,1,566.7
2019-03-22,쌈,10.1,16907000.0,8,1681.5
2019-03-22,월동,35.8,7653800.0,4,213.6
2019-03-22,저장,204.9,39058800.0,2,190.6
2019-03-23,기타,5.9,10165500.0,22,1737.2
2019-03-23,기타부산물,0.1,80000.0,1,533.3
2019-03-23,쌈,15.2,18498700.0,8,1220.8
2019-03-23,월동,17.9,4540200.0,2,253.6
2019-03-23,저장,151.9,29693400.0,2,195.4
2019-03-25,기타,4.5,9323250.0,18,2089.6
2019-03-25,기타부산물,1.3,592000.0,2,448.5
2019-03-25,쌈,13.6,19674400.0,10,1447.7
2019-03-25,월동,29.6,7158800.0,4,241.6
2019-03-25,저장,292.7,67935100.0,5,232.1
2019-03-26,기타,4.6,10412700.0,14,2254.8
2019-03-26,기타부산물,1.8,504000.0,2,287.2
2019-03-26,쌈,20.1,20302900.0,8,1010.2
2019-03-26,월동,19.5,5000200.0,2,256.4
2019-03-26,저장,350.6,72796500.0,5,207.6
2019-03-27,기타,1.2,4849650.0,13,4166.4
2019-03-27,기타부산물,2.2,657000.0,2,302.1
2019-03-27,쌈,6.8,12653200.0,6,1872.9
2019-03-27,월동,19.2,4801400.0,3,250.5
2019-03-27,저장,260.0,52458400.0,5,201.7
2019-03-28,기타,1.3,3217800.0,13,2396.7
2019-03-28,기타부산물,1.0,5160000.0,2,5265.3
2019-03-28,쌈,16.3,22189300.0,8,1357.7
2019-03-28,월동,19.1,5058800.0,2,264.9
2019-03-28,저장,302.9,55622700.0,5,183.6
2019-03-29,기타,1.2,3238200.0,14,2629.5
2019-03-29,쌈,10.3,15087600.0,10,1471.1
2019-03-29,월동,49.1,8310000.0,3,169.2
2019-03-29,저장,272.4,56288100.0,3,206.7
2019-03-30,기타,1.8,6177400.0,14,3369.2
2019-03-30,쌈,4.9,12190700.0,6,2504.8
2019-03-30,월동,27.5,6588000.0,2,239.6
2019-03-30,저장,138.6,26834700.0,2,193.7
2019-04-01,기타,2.4,7838600.0,20,3228.4
2019-04-01,쌈,15.9,26372100.0,11,1656.6
2019-04-01,월동,38.9,8463100.0,3,217.6
2019-04-01,저장,343.1,71478600.0,3,208.4
2019-04-02,기타,2.5,6721800.0,18,2682.8
2019-04-02,쌈,26.6,26012500.0,12,976.3
2019-04-02,월동,39.0,11670800.0,3,299.3
2019-04-02,저장,291.2,61400800.0,3,210.9
2019-04-03,기타,1.9,4275400.0,19,2280.5
2019-04-03,쌈,17.9,23726100.0,12,1328.7
2019-04-03,월동,38.7,8025300.0,3,207.5
2019-04-03,저장,353.4,66542400.0,5,188.3
2019-04-04,기타,2.1,5316800.0,15,2520.5
2019-04-04,쌈,9.4,14073000.0,10,1492.2
2019-04-04,월동,19.5,7010200.0,3,359.5
2019-04-04,저장,300.6,53713700.0,3,178.7
2019-04-05,기타,3.6,7687400.0,21,2134.9
2019-04-05,쌈,12.6,17917500.0,10,1425.3
2019-04-05,월동,38.7,8688100.0,2,224.5
2019-04-05,저장,261.2,48838870.0,5,186.9
2019-04-06,기타,1.3,4699750.0,16,3484.9
2019-04-06,쌈,8.6,14610200.0,9,1698.7
2019-04-06,월동,9.7,2230000.0,2,229.9
2019-04-06,저장,98.5,21960500.0,2,223.1
2019-04-08,기타,1.4,10507850.0,24,7767.5
2019-04-08,쌈,16.1,25708400.0,10,1599.5
2019-04-08,월동,39.3,8018600.0,3,204.2
2019-04-08,저장,419.2,75789300.0,5,180.8
2019-04-09,기타,1.5,6843000.0,18,4669.1
2019-04-09,쌈,18.1,25262500.0,11,1396.8
2019-04-09,월동,38.8,7281600.0,2,187.7
2019-04-09,저장,319.7,62474800.0,6,195.4
2019-04-10,기타,2.9,16969500.0,27,5772.0
2019-04-10,쌈,10.7,16709300.0,5,1565.7
2019-04-10,월동,19.5,4422200.0,3,226.4
2019-04-10,저장,298.1,57569300.0,5,193.1
2019-04-11,기타,2.4,12104050.0,21,5034.1
2019-04-11,쌈,14.4,20385900.0,9,1410.9
2019-04-11,월동,29.8,6486000.0,3,217.5
2019-04-11,저장,251.2,48149100.0,5,191.7
2019-04-12,기타,3.6,12998050.0,27,3650.2
2019-04-12,쌈,12.8,15646600.0,8,1217.7
2019-04-12,월동,28.0,6455600.0,2,230.4
2019-04-12,저장,337.7,61343820.0,5,181.6
2019-04-13,기타,1.3,11164300.0,25,8459.7
2019-04-13,쌈,10.9,13405700.0,5,1233.8
2019-04-13,월동,9.8,2520000.0,2,257.1
2019-04-13,저장,125.7,24262800.0,4,193.0
2019-04-15,기타,2.6,23644250.0,37,8958.2
2019-04-15,쌈,21.1,27100000.0,12,1284.8
2019-04-15,월동,29.4,8006800.0,3,272.6
2019-04-15,저장,270.7,67419100.0,5,249.0
2019-04-16,기타,1.7,13963400.0,26,8043.9
2019-04-16,쌈,12.3,17275800.0,11,1405.3
2019-04-16,월동,39.4,8113000.0,3,206.1
2019-04-16,저장,363.6,78779440.0,5,216.6
2019-04-17,기타,2.4,15897925.0,37,6744.7
2019-04-17,쌈,13.4,18935000.0,11,1410.8
2019-04-17,월동,39.4,7631600.0,5,193.6
2019-04-17,저장,393.9,84885700.0,8,215.5
2019-04-18,기타,115.5,68340400.0,35,591.7
2019-04-18,쌈,14.8,21214900.0,10,1430.6
2019-04-18,월동,10.0,2402000.0,3,239.8
2019-04-18,저장,340.4,73171300.0,5,215.0
2019-04-19,기타,116.1,73154192.0,47,630.3
2019-04-19,쌈,15.2,19274600.0,9,1270.4
2019-04-19,월동,19.6,6031000.0,2,307.7
2019-04-19,저장,307.0,63067500.0,5,205.4
2019-04-20,기타,3.6,14873100.0,47,4136.9
2019-04-20,쌈,14.9,17679100.0,9,1184.1
2019-04-20,월동,19.8,5550000.0,2,280.3
2019-04-20,저장,117.3,26608300.0,4,226.7
2019-04-20,절임,30.0,30000000.0,1,1000.0
2019-04-22,기타,2.6,15778850.0,41,6015.6
2019-04-22,기타부산물,0.5,5000000.0,1,10000.0
2019-04-22,쌈,18.9,20704100.0,8,1097.5
2019-04-22,월동,39.5,8995600.0,7,227.5
2019-04-22,저장,424.1,87483500.0,5,206.3
2019-04-23,기타,2.0,13669525.0,44,6682.1
2019-04-23,쌈,11.3,10871100.0,6,960.8
2019-04-23,월동,19.9,4676000.0,3,234.8
2019-04-23,저장,264.1,55386700.0,5,209.8
2019-04-24,기타,1.9,11966925.0,34,6421.1
2019-04-24,쌈,10.1,10775600.0,6,1071.3
2019-04-24,월동,29.7,6288000.0,5,211.6
2019-04-24,저장,315.6,67520800.0,5,213.9
2019-04-24,절임,0.8,1000000.0,1,1250.0
2019-04-25,기타,2.2,12258725.0,37,5557.0
2019-04-25,쌈,18.4,14584100.0,9,794.3
2019-04-25,월동,10.0,2402000.0,3,239.8
2019-04-25,저장,302.3,63342000.0,5,209.5
2019-04-26,기타,2.1,11471425.0,35,5472.7
2019-04-26,쌈,15.5,9750400.0,8,629.3
2019-04-26,월동,29.5,5875600.0,6,199.2
2019-04-26,저장,284.3,53902900.0,5,189.6
2019-04-27,기타,2.4,17876100.0,45,7313.1
2019-04-27,쌈,13.1,10349900.0,10,790.7
2019-04-27,월동,10.0,2392000.0,2,239.2
2019-04-27,저장,126.0,27368300.0,4,217.1
2019-04-29,기타,2.8,20281500.0,41,7338.8
2019-04-29,봄,10.0,2760000.0,2,276.0
2019-04-29,쌈,17.9,15404100.0,10,861.1
2019-04-29,월동,19.5,5290000.0,2,271.3
2019-04-29,저장,275.4,60197300.0,5,218.5
2019-04-30,기타,2.4,18220250.0,42,7595.1
2019-04-30,봄,10.0,2580000.0,2,258.0
2019-04-30,쌈,15.9,10423600.0,10,656.8
2019-04-30,월동,39.6,9169800.0,4,231.6
2019-04-30,저장,295.5,69605200.0,5,235.5
2019-05-01,기타,2.6,18685000.0,24,7145.3
2019-05-01,봄,20.0,4692000.0,2,234.6
2019-05-01,쌈,16.1,11578400.0,8,719.6
2019-05-01,월동,20.0,4508000.0,2,225.4
2019-05-01,저장,375.9,70579500.0,5,187.8
2019-05-02,기타,2.4,16908667.0,32,6966.9
2019-05-02,봄,30.0,6060000.0,2,202.0
2019-05-02,쌈,14.6,12846000.0,13,878.5
2019-05-02,월동,20.0,5530000.0,3,276.3
2019-05-02,저장,234.7,48678200.0,5,207.4
2019-05-03,기타,5.2,21678000.0,33,4132.3
2019-05-03,봄,20.0,3860000.0,2,193.0
2019-05-03,쌈,6.3,8709100.0,10,1373.0
2019-05-03,월동,20.0,4876000.0,2,243.8
2019-05-03,저장,234.8,47519800.0,5,202.3
2019-05-03,절임,30.0,30000000.0,1,1000.0
2019-05-04,기타,2.5,18533500.0,30,7280.0
2019-05-04,봄,20.0,4320000.0,2,216.0
2019-05-04,쌈,15.3,20746500.0,11,1351.9
2019-05-04,월동,29.5,5146000.0,2,174.4
2019-05-04,저장,150.2,32495900.0,4,216.3
2019-05-06,기타,2.0,18215500.0,20,8898.6
2019-05-06,봄,39.5,7012700.0,2,177.3
2019-05-06,쌈,14.4,22878800.0,11,1585.4
2019-05-06,월동,20.0,5428000.0,2,271.4
2019-05-06,저장,245.6,61000900.0,5,248.4
2019-05-07,기타,2.4,19206500.0,20,7874.7
2019-05-07,봄,48.9,7624800.0,2,155.9
2019-05-07,쌈,11.6,17916700.0,11,1541.6
2019-05-07,월동,42.1,12953400.0,4,307.6
2019-05-07,저장,207.1,57732800.0,5,278.7
2019-05-08,기타,2.4,13650500.0,23,5636.5
2019-05-08,봄,59.4,7192900.0,2,121.2
2019-05-08,쌈,25.9,26823600.0,10,1035.2
2019-05-08,월동,29.4,9716700.0,4,329.9
2019-05-08,저장,370.6,88095300.0,5,237.7
2019-05-09,기타,1.8,9943500.0,20,5508.3
2019-05-09,봄,9.7,2851800.0,2,294.0
2019-05-09,쌈,13.0,14256600.0,13,1100.1
2019-05-09,월동,20.0,5622000.0,5,280.9
2019-05-09,저장,265.8,65206500.0,5,245.3
2019-05-09,절임,50.0,50000000.0,1,1000.0
2019-05-10,기타,2.5,15592250.0,20,6185.4
2019-05-10,봄,39.8,8951000.0,2,225.2
2019-05-10,쌈,16.6,17470000.0,10,1050.8
2019-05-10,월동,10.0,3322000.0,3,331.6
2019-05-10,저장,238.5,56915300.0,5,238.6
2019-05-11,기타,1.5,9571200.0,16,6346.1
2019-05-11,봄,39.0,6883100.0,2,176.3
2019-05-11,쌈,4.8,6959500.0,8,1447.8
2019-05-11,월동,10.0,3220000.0,2,322.0
2019-05-11,저장,138.4,37509500.0,4,271.0
2019-05-13,기타,1.7,10772000.0,13,6237.4
2019-05-13,기타부산물,0.5,5000000.0,1,10000.0
2019-05-13,봄,49.6,12869600.0,2,259.5
2019-05-13,쌈,16.1,17136100.0,11,1066.0
2019-05-13,월동,29.2,8470000.0,5,290.5
2019-05-13,저장,326.4,82008900.0,5,251.3
2019-05-14,기타,1.9,10208250.0,18,5269.3
2019-05-14,봄,58.0,16817800.0,4,290.2
2019-05-14,쌈,12.6,14429500.0,9,1141.9
2019-05-14,월동,29.5,10141000.0,5,343.6
2019-05-14,저장,256.9,66203000.0,5,257.7
2019-05-15,기타,2.7,11828500.0,14,4428.5
2019-05-15,봄,39.5,12747700.0,6,322.3
2019-05-15,쌈,11.7,11106600.0,10,945.9
2019-05-15,월동,29.6,10317440.0,4,348.0
2019-05-15,저장,176.8,49039000.0,6,277.4
2019-05-16,기타,2.9,10408400.0,19,3580.5
2019-05-16,봄,58.6,15783900.0,4,269.1
2019-05-16,쌈,8.9,10017600.0,8,1129.5
2019-05-16,월동,10.0,3864000.0,2,386.4
2019-05-16,저장,225.8,62865600.0,5,278.4
2019-05-17,기타,3.3,11148500.0,15,3347.9
2019-05-17,봄,138.6,23498400.0,4,169.6
2019-05-17,쌈,8.2,11919500.0,7,1458.8
2019-05-17,월동,20.0,7152000.0,2,357.6
2019-05-17,저장,150.0,46787300.0,4,311.9
2019-05-18,기타,1.9,8318000.0,16,4309.8
2019-05-18,봄,49.5,7777900.0,4,157.0
2019-05-18,쌈,13.8,14508900.0,11,1054.8
2019-05-18,저장,126.1,34160800.0,5,270.9
2019-05-20,기타,2.4,9130000.0,18,3768.1
2019-05-20,봄,78.0,24461100.0,10,313.6
2019-05-20,쌈,11.0,9784100.0,9,893.4
2019-05-20,월동,19.6,7753200.0,3,395.0
2019-05-20,저장,211.0,60783700.0,7,288.1
2019-05-21,기타,1.4,4259675.0,14,3050.7
2019-05-21,봄,187.3,45176000.0,12,241.1
2019-05-21,쌈,13.9,13123700.0,9,945.2
2019-05-21,월동,9.9,3660000.0,2,367.8
2019-05-21,저장,189.6,57445200.0,7,303.1
2019-05-22,기타,2.1,6027000.0,17,2917.2
2019-05-22,봄,185.8,33944600.0,14,182.7
2019-05-22,쌈,10.5,12204800.0,7,1157.7
2019-05-22,월동,19.6,7365400.0,4,375.8
2019-05-22,저장,179.6,52306700.0,7,291.2
2019-05-23,기타,2.9,5044100.0,15,1728.0
2019-05-23,봄,117.4,29234600.0,9,249.0
2019-05-23,쌈,12.8,13587800.0,7,1057.5
2019-05-23,월동,19.6,7560800.0,2,385.8
2019-05-23,저장,182.7,49546200.0,4,271.3
2019-05-24,기타,1.3,3111500.0,12,2442.3
2019-05-24,봄,156.2,37636200.0,10,240.9
2019-05-24,쌈,11.7,14989000.0,9,1283.0
2019-05-24,저장,159.9,50052100.0,4,312.9
2019-05-25,기타,1.0,2830000.0,12,2718.5
2019-05-25,봄,163.9,37394600.0,11,228.1
2019-05-25,쌈,7.1,12055400.0,6,1690.8
2019-05-25,저장,71.8,18654700.0,7,260.0
2019-05-27,기타,1.7,4490250.0,16,2632.0
2019-05-27,봄,215.1,63588400.0,17,295.6
2019-05-27,쌈,16.2,23860600.0,8,1473.1
2019-05-27,월동,9.6,4851000.0,2,505.3
2019-05-27,저장,102.1,39768100.0,4,389.5
2019-05-28,기타,3.7,5734250.0,15,1536.5
2019-05-28,봄,254.7,83720800.0,19,328.8
2019-05-28,쌈,4.5,8546200.0,6,1899.6
2019-05-28,월동,9.1,5833000.0,3,644.3
2019-05-28,저장,111.2,51621100.0,6,464.0
2019-05-29,기타,0.6,2838333.0,12,4775.9
2019-05-29,봄,254.8,76259900.0,19,299.4
2019-05-29,쌈,12.1,14606000.0,5,1209.9
2019-05-29,저장,138.4,62697000.0,4,452.9
2019-05-30,기타,1.3,4614500.0,15,3613.5
2019-05-30,봄,342.6,68909900.0,28,201.1
2019-05-30,쌈,11.8,16007300.0,6,1356.3
2019-05-30,월동,9.0,6127200.0,2,680.8
2019-05-30,저장,39.0,21996000.0,2,564.0
2019-05-31,기타,0.8,3717000.0,11,4588.9
2019-05-31,기타부산물,0.5,5000000.0,1,10000.0
2019-05-31,봄,232.1,50954300.0,21,219.6
2019-05-31,쌈,11.3,16121300.0,5,1420.8
2019-05-31,월동,16.7,10430000.0,1,625.0
2019-05-31,저장,91.6,42026600.0,4,458.8
2019-05-31,절임,50.0,50000000.0,1,1000.0
2019-06-01,기타,0.6,2368000.0,10,4000.0
2019-06-01,봄,168.8,38280600.0,14,226.8
2019-06-01,쌈,8.2,18903600.0,7,2316.9
2019-06-01,저장,28.0,18338000.0,2,654.9
2019-06-01,절임,30.0,30000000.0,1,1000.0
2019-06-03,기타,1.2,4005000.0,13,3331.9
2019-06-03,봄,311.2,90431280.0,23,290.6
2019-06-03,쌈,17.7,28298100.0,8,1596.3
2019-06-03,월동,9.0,5940000.0,2,660.0
2019-06-03,저장,87.5,42545800.0,6,486.2
2019-06-04,기타,2.2,4445125.0,14,1994.2
2019-06-04,봄,303.8,110367600.0,22,363.4
2019-06-04,쌈,14.7,22195100.0,6,1507.4
2019-06-04,월동,10.0,6072000.0,2,607.2
2019-06-04,저장,100.5,43609700.0,4,433.7
2019-06-04,절임,50.0,50000000.0,1,1000.0
2019-06-05,기타,1.1,3231725.0,16,2912.3
2019-06-05,봄,313.6,119454000.0,17,380.9
2019-06-05,쌈,8.3,12775700.0,7,1537.6
2019-06-05,저장,79.0,35037900.0,4,443.3
2019-06-06,기타,0.8,2362850.0,13,3011.5
2019-06-06,봄,372.6,128795100.0,15,345.7
2019-06-06,쌈,20.1,26256200.0,9,1303.7
2019-06-06,저장,30.1,16158000.0,2,536.8
2019-06-07,기타,0.8,2777950.0,14,3400.6
2019-06-07,봄,273.1,113492600.0,8,415.6
2019-06-07,쌈,10.3,15335500.0,6,1494.0
2019-06-07,저장,27.0,14960000.0,2,554.1
2019-06-08,기타,0.9,1984500.0,12,2180.8
2019-06-08,봄,137.7,49078300.0,2,356.5
2019-06-08,쌈,4.2,10884200.0,4,2564.0
2019-06-08,저장,10.0,7080000.0,2,708.0
2019-06-10,기타,1.1,2617000.0,14,2409.8
2019-06-10,봄,474.3,176293500.0,20,371.7
2019-06-10,쌈,5.9,14486400.0,5,2458.2
2019-06-10,월동,9.7,7582000.0,2,781.6
2019-06-10,저장,29.8,19505400.0,2,654.5
2019-06-11,기타,0.9,2137500.0,16,2273.9
2019-06-11,봄,318.4,154265000.0,20,484.5
2019-06-11,쌈,23.2,24814100.0,8,1069.2
2019-06-11,저장,19.1,4047400.0,2,211.9
2019-06-12,기타,1.4,3552500.0,15,2602.6
2019-06-12,봄,434.4,200788300.0,29,462.2
2019-06-12,쌈,7.2,11685000.0,8,1633.8
2019-06-13,기타,3.0,2563500.0,15,867.2
2019-06-13,봄,387.0,151029300.0,24,390.3
2019-06-13,쌈,8.2,16274400.0,8,1992.7
2019-06-14,기타,1.4,2184500.0,13,1546.0
2019-06-14,봄,311.5,139533600.0,16,447.9
2019-06-14,쌈,5.3,11881700.0,8,2247.3
2019-06-14,월동,0.1,51000.0,1,510.0
2019-06-15,기타,3.0,2838500.0,19,944.7
2019-06-15,봄,262.4,114140000.0,17,434.9
2019-06-15,쌈,10.7,18884000.0,7,1757.0
2019-06-17,기타,1.9,2799313.0,14,1481.5
2019-06-17,봄,381.5,205781000.0,20,539.3
2019-06-17,쌈,9.2,20698800.0,7,2245.2
2019-06-18,기타,1.0,2061500.0,21,2079.2
2019-06-18,봄,335.7,196782800.0,24,586.3
2019-06-18,쌈,7.8,14960700.0,5,1906.8
2019-06-19,기타,4.4,3466600.0,15,779.9
2019-06-19,봄,489.9,209289000.0,22,427.2
2019-06-19,쌈,6.9,14293200.0,6,2059.8
2019-06-19,월동,9.0,9040000.0,1,1000.0
2019-06-20,기타,4.0,3379300.0,15,855.5
2019-06-20,기타부산물,0.5,5000000.0,1,10000.0
2019-06-20,봄,393.2,156640300.0,16,398.4
2019-06-20,쌈,12.6,16066700.0,10,1277.4
2019-06-21,기타,4.9,4839325.0,18,993.1
2019-06-21,봄,329.8,149008400.0,15,451.8
2019-06-21,쌈,9.3,15415500.0,9,1666.2
2019-06-22,기타,1.0,2040750.0,11,2073.9
2019-06-22,봄,345.1,140164300.0,16,406.2
2019-06-22,쌈,6.1,17349100.0,4,2842.3
2019-06-24,기타,1.1,3167550.0,15,2778.6
2019-06-24,봄,523.7,210996700.0,17,402.9
2019-06-24,쌈,7.6,19969500.0,8,2623.4
2019-06-25,기타,1.0,2435750.0,14,2362.5
2019-06-25,봄,380.6,171584000.0,13,450.8
2019-06-25,쌈,7.6,15238600.0,9,2009.8
2019-06-26,기타,1.3,4177000.0,14,3255.0
2019-06-26,봄,309.4,164579760.0,11,532.0
2019-06-26,쌈,5.8,15146200.0,6,2611.0
2019-06-27,기타,2.2,6851875.0,19,3164.5
2019-06-27,봄,347.3,179843300.0,14,517.8
2019-06-27,쌈,3.1,14612600.0,5,4759.8
2019-06-28,기타,0.8,2716125.0,13,3331.6
2019-06-28,봄,214.5,161065300.0,10,750.8
2019-06-28,쌈,6.0,18444900.0,5,3087.0
2019-06-29,기타,0.7,1926438.0,9,2648.0
2019-06-29,봄,421.3,201816000.0,11,479.1
2019-06-29,쌈,7.3,16698700.0,7,2292.5
2019-06-29,절임,2.0,2500000.0,1,1250.0
2019-07-01,기타,2.9,4228875.0,24,1447.3
2019-07-01,봄,17.8,8775200.0,2,494.1
2019-07-01,쌈,9.1,21083900.0,8,2323.0
2019-07-01,여름,541.0,222642000.0,15,411.6
2019-07-01,절임,50.0,50000000.0,1,1000.0
2019-07-02,기타,2.2,5337125.0,22,2387.3
2019-07-02,봄,19.7,9433600.0,2,478.9
2019-07-02,쌈,6.8,11854200.0,9,1748.4
2019-07-02,여름,504.9,212027760.0,15,419.9
2019-07-02,절임,30.0,30000000.0,1,1000.0
2019-07-03,기타,2.6,4009200.0,20,1569.2
2019-07-03,쌈,9.0,14371100.0,10,1593.8
2019-07-03,여름,495.3,185570900.0,14,374.6
2019-07-03,월동,0.9,186000.0,1,200.0
2019-07-04,기타,1.7,3318313.0,14,1980.5
2019-07-04,쌈,11.9,20183400.0,9,1701.5
2019-07-04,여름,359.2,142471700.0,14,396.6
2019-07-05,기타,1.6,3437750.0,15,2187.9
2019-07-05,쌈,11.3,21331200.0,11,1892.6
2019-07-05,여름,300.6,138591600.0,11,461.1
2019-07-06,기타,1.5,4508600.0,18,2985.8
2019-07-06,쌈,9.8,21895100.0,8,2226.2
2019-07-06,여름,290.5,135751500.0,8,467.3
2019-07-08,기타,1.7,4680663.0,16,2790.3
2019-07-08,쌈,7.9,21301500.0,6,2708.4
2019-07-08,여름,431.8,205894200.0,10,476.8
2019-07-08,절임,50.0,50000000.0,1,1000.0
2019-07-09,기타,2.4,3220713.0,15,1356.9
2019-07-09,쌈,8.9,18547800.0,5,2090.4
2019-07-09,여름,412.9,190650300.0,10,461.8
2019-07-10,기타,2.2,2826425.0,13,1273.2
2019-07-10,쌈,6.6,12163900.0,5,1831.6
2019-07-10,여름,340.6,183509400.0,12,538.8
2019-07-11,기타,2.3,5558250.0,17,2389.4
2019-07-11,쌈,9.7,20057200.0,7,2059.9
2019-07-11,여름,315.0,226692300.0,15,719.6
2019-07-12,기타,3.7,4515700.0,11,1228.8
2019-07-12,쌈,2.5,13978500.0,5,5618.4
2019-07-12,여름,335.2,184642300.0,18,550.8
2019-07-13,기타,5.0,6133900.0,14,1216.9
2019-07-13,쌈,12.1,21098100.0,11,1741.5
2019-07-13,여름,294.3,181380500.0,11,616.3
2019-07-15,기타,1.5,4909063.0,16,3179.7
2019-07-15,쌈,18.9,25544700.0,12,1353.7
2019-07-15,여름,621.4,252079200.0,18,405.7
2019-07-16,기타,1.1,3295000.0,13,3108.5
2019-07-16,쌈,14.4,20874000.0,6,1454.4
2019-07-16,여름,488.6,208133400.0,18,426.0
2019-07-17,기타,4.3,5669150.0,16,1312.9
2019-07-17,쌈,18.9,23124200.0,10,1220.5
2019-07-17,여름,235.9,123895800.0,17,525.2
2019-07-18,기타,2.3,7233325.0,28,3159.2
2019-07-18,쌈,14.0,18298400.0,12,1303.9
2019-07-18,여름,666.8,232001400.0,20,348.0
2019-07-19,기타,1.9,3154050.0,14,1656.2
2019-07-19,쌈,12.2,12830800.0,11,1052.4
2019-07-19,여름,361.8,127650200.0,15,352.9
2019-07-20,기타,2.7,4170325.0,17,1567.5
2019-07-20,쌈,6.8,12308300.0,7,1822.6
2019-07-20,여름,331.8,100407200.0,12,302.6
2019-07-22,기타,2.3,6756530.0,23,2953.5
2019-07-22,기타부산물,0.5,5000000.0,1,10000.0
2019-07-22,쌈,4.1,10234300.0,8,2495.0
2019-07-22,여름,246.4,178639200.0,17,725.1
2019-07-22,저장,9.8,6213200.0,2,634.0
2019-07-23,기타,4.1,5619650.0,20,1385.0
2019-07-23,쌈,9.9,13338400.0,8,1343.1
2019-07-23,여름,615.7,198331055.0,19,322.1
2019-07-24,기타,2.6,5013100.0,22,1916.3
2019-07-24,쌈,11.8,13741700.0,11,1169.0
2019-07-24,여름,494.2,122762900.0,16,248.4
2019-07-25,기타,1.6,4005050.0,15,2557.9
2019-07-25,쌈,5.3,8921900.0,7,1680.8
2019-07-25,여름,349.4,135643300.0,18,388.2
2019-07-26,기타,1.5,3382900.0,17,2238.8
2019-07-26,쌈,11.9,18341200.0,6,1535.3
2019-07-26,여름,374.8,127828900.0,22,341.1
2019-07-27,기타,1.5,2302300.0,17,1501.8
2019-07-27,쌈,9.3,17123000.0,5,1846.5
2019-07-27,여름,135.9,99300100.0,11,730.8
2019-07-29,기타,3.1,5483050.0,26,1750.9
2019-07-29,쌈,8.7,17815000.0,7,2043.9
2019-07-29,여름,499.0,186044200.0,21,372.8
2019-07-30,기타,5.5,6337225.0,25,1153.2
2019-07-30,쌈,9.1,18229800.0,8,2007.0
2019-07-30,여름,360.2,155251970.0,16,431.0
2019-07-31,기타,3.3,4869700.0,24,1465.7
2019-07-31,쌈,3.4,17079000.0,6,5030.6
2019-07-31,여름,378.3,152703100.0,13,403.7
2019-08-01,고랭지,405.6,190220645.0,13,469.0
2019-08-01,기타,1.5,3601025.0,26,2449.7
2019-08-01,쌈,9.2,38758400.0,13,4231.3
2019-08-01,여름,11.5,5672000.0,3,493.2
2019-08-02,고랭지,358.8,132342400.0,14,368.8
2019-08-02,기타,3.1,4431000.0,23,1433.4
2019-08-02,쌈,6.7,58754300.0,6,8736.7
2019-08-02,여름,18.1,8533800.0,2,470.2
2019-08-02,절임,80.0,80000000.0,1,1000.0
2019-08-05,고랭지,425.0,195009500.0,15,458.9
2019-08-05,기타,5.4,6534475.0,23,1218.1
2019-08-05,쌈,10.4,46152200.0,11,4439.8
2019-08-06,고랭지,484.8,218691350.0,14,451.1
2019-08-06,기타,3.2,5016225.0,23,1548.8
2019-08-06,쌈,11.7,20026000.0,10,1714.0
2019-08-07,고랭지,472.2,263774700.0,12,558.6
2019-08-07,기타,3.0,5229550.0,28,1761.7
2019-08-07,쌈,6.9,22038900.0,9,3204.3
2019-08-08,고랭지,593.3,212278275.0,17,357.8
2019-08-08,기타,2.7,4908175.0,22,1851.5
2019-08-08,쌈,1.9,29295000.0,4,15574.2
2019-08-08,여름,10.0,5772000.0,2,577.2
2019-08-08,저장,9.8,4176400.0,2,424.0
2019-08-09,고랭지,381.4,189674500.0,10,497.3
2019-08-09,기타,2.8,6491000.0,28,2339.9
2019-08-09,쌈,9.5,38020400.0,6,3992.1
2019-08-10,고랭지,345.6,162876300.0,14,471.2
2019-08-10,기타,81.6,106897288.0,27,1309.8
2019-08-10,쌈,6.5,30735300.0,10,4735.8
2019-08-12,고랭지,447.3,271894900.0,10,607.9
2019-08-12,기타,10.9,11478125.0,38,1056.6
2019-08-12,쌈,3.6,32411500.0,7,8965.8
2019-08-13,고랭지,566.7,206264900.0,14,364.0
2019-08-13,기타,4.4,6414583.0,24,1450.1
2019-08-13,쌈,9.0,29454800.0,7,3263.7
2019-08-14,고랭지,358.0,158876800.0,10,443.8
2019-08-14,기타,11.2,10270090.0,29,913.6
2019-08-14,쌈,5.4,24617600.0,6,4532.8
2019-08-15,고랭지,399.5,171806630.0,15,430.0
2019-08-15,기타,8.1,8463150.0,26,1041.2
2019-08-15,쌈,10.3,34406100.0,9,3340.1
2019-08-16,고랭지,623.0,231965000.0,12,372.3
2019-08-16,기타,7.7,5591127.0,27,729.0
2019-08-16,쌈,3.9,18441400.0,5,4773.9
2019-08-16,저장,9.8,4508000.0,2,460.0
2019-08-17,고랭지,471.9,254217000.0,11,538.7
2019-08-17,기타,6.4,6179125.0,24,959.0
2019-08-17,쌈,3.8,24352600.0,7,6355.1
2019-08-19,고랭지,701.5,285444100.0,14,406.9
2019-08-19,기타,3.6,5514950.0,24,1535.6
2019-08-19,쌈,10.8,47466700.0,8,4376.0
2019-08-19,여름,9.7,3482300.0,2,359.0
2019-08-20,고랭지,651.5,248487732.0,9,381.4
2019-08-20,기타,3.4,4491375.0,18,1320.2
2019-08-20,쌈,10.0,29703300.0,7,2965.0
2019-08-21,고랭지,493.5,184441800.0,8,373.7
2019-08-21,기타,4.4,9511075.0,31,2146.5
2019-08-21,쌈,13.6,26544600.0,10,1949.2
2019-08-22,고랭지,451.3,207614500.0,10,460.0
2019-08-22,기타,5.0,6627713.0,30,1334.5
2019-08-22,쌈,3.6,19290800.0,5,5431.0
2019-08-23,고랭지,423.9,199585600.0,8,470.8
2019-08-23,기타,2.1,3706525.0,20,1747.1
2019-08-23,쌈,14.3,35237200.0,10,2455.9
2019-08-23,저장,28.8,17856000.0,2,620.0
2019-08-24,고랭지,472.1,211990480.0,11,449.0
2019-08-24,기타,3.6,5845800.0,23,1636.6
2019-08-24,쌈,9.2,22138800.0,7,2403.3
2019-08-26,고랭지,547.7,341411130.0,11,623.3
2019-08-26,기타,7.6,15761150.0,32,2074.4
2019-08-26,쌈,8.2,25583000.0,9,3119.9
2019-08-27,고랭지,566.1,359595600.0,16,635.2
2019-08-27,기타,8.8,10202413.0,34,1153.8
2019-08-27,쌈,10.1,23729800.0,11,2356.0
2019-08-28,고랭지,429.9,269564900.0,9,627.1
2019-08-28,기타,7.1,10497300.0,24,1468.3
2019-08-28,쌈,6.3,19464800.0,8,3109.9
2019-08-28,저장,18.8,7999200.0,2,424.6
2019-08-29,고랭지,626.7,410001600.0,13,654.2
2019-08-29,기타,4.7,9579150.0,25,2034.7
2019-08-29,기타부산물,0.5,5000000.0,1,10000.0
2019-08-29,쌈,7.2,22692800.0,9,3172.9
2019-08-29,저장,10.0,6080000.0,2,608.0
2019-08-30,고랭지,674.2,412878400.0,13,612.4
2019-08-30,기타,8.6,10769013.0,23,1248.0
2019-08-30,쌈,9.0,25452200.0,11,2828.0
2019-08-30,저장,10.0,5060000.0,2,506.0
2019-08-31,고랭지,641.2,340580760.0,12,531.2
2019-08-31,기타,14.1,15368150.0,32,1092.9
2019-08-31,쌈,8.1,20017400.0,10,2479.9
2019-08-31,저장,12.2,4475200.0,2,368.0
2019-09-02,고랭지,744.9,484995900.0,11,651.1
2019-09-02,기타,10.8,17675025.0,33,1634.6
2019-09-02,쌈,12.3,28052000.0,12,2286.0
2019-09-02,절임,50.0,50000000.0,1,1000.0
2019-09-03,고랭지,580.0,474613800.0,12,818.3
2019-09-03,기타,11.5,15966908.0,39,1384.8
2019-09-03,쌈,12.6,24648300.0,9,1958.9
2019-09-03,절임,30.0,30000000.0,1,1000.0
2019-09-04,고랭지,572.5,702527800.0,16,1227.1
2019-09-04,기타,10.3,16684365.0,35,1624.3
2019-09-04,쌈,11.7,32043800.0,7,2745.6
2019-09-05,고랭지,768.7,737615400.0,13,959.6
2019-09-05,기타,82.6,108033375.0,28,1307.8
2019-09-05,쌈,9.7,30353900.0,7,3144.2
2019-09-05,저장,51.6,22342000.0,6,432.9
2019-09-06,고랭지,800.5,533199500.0,13,666.1
2019-09-06,기타,3.8,10696000.0,24,2789.0
2019-09-06,쌈,6.4,16840300.0,7,2614.1
2019-09-06,저장,30.0,12520000.0,2,417.3
2019-09-07,고랭지,660.1,477824500.0,12,723.9
2019-09-07,기타,7.3,14511188.0,33,1994.2
2019-09-07,쌈,6.8,18049700.0,7,2654.8
2019-09-09,고랭지,817.2,703785400.0,17,861.3
2019-09-09,기타,13.8,30387233.0,38,2199.7
2019-09-09,쌈,16.2,41290000.0,13,2550.0
2019-09-09,저장,20.0,7460000.0,2,373.0
2019-09-10,고랭지,682.9,668816800.0,13,979.3
2019-09-10,기타,12.9,22295825.0,34,1723.5
2019-09-10,쌈,19.3,54788800.0,11,2839.2
2019-09-11,고랭지,603.2,469977475.0,15,779.1
2019-09-11,기타,6.3,15440275.0,35,2446.9
2019-09-11,쌈,22.8,75460700.0,11,3306.1
2019-09-12,고랭지,88.2,65350900.0,4,741.4
2019-09-12,기타,6.7,5420025.0,12,810.5
2019-09-12,쌈,14.1,44074800.0,6,3136.8
2019-09-16,고랭지,474.2,397536100.0,19,838.4
2019-09-16,기타,2.2,5409650.0,16,2429.1
2019-09-16,쌈,6.7,37704300.0,8,5641.0
2019-09-17,고랭지,409.8,391036000.0,14,954.2
2019-09-17,기타,2.8,5368550.0,26,1936.0
2019-09-17,쌈,16.9,65155300.0,13,3865.2
2019-09-18,고랭지,319.6,389341500.0,16,1218.2
2019-09-18,기타,7.4,10039150.0,20,1364.2
2019-09-18,기타부산물,0.5,5000000.0,1,10000.0
2019-09-18,쌈,16.3,46435400.0,11,2856.2
2019-09-19,고랭지,361.6,437280200.0,19,1209.3
2019-09-19,기타,7.7,8781500.0,14,1144.7
2019-09-19,쌈,20.0,68349600.0,10,3421.9
2019-09-20,고랭지,419.1,469102300.0,19,1119.2
2019-09-20,기타,11.6,13661450.0,22,1181.3
2019-09-20,쌈,9.9,27650100.0,12,2800.3
2019-09-20,저장,45.5,17479800.0,4,384.6
2019-09-21,고랭지,262.2,341653500.0,17,1303.0
2019-09-21,기타,3.0,7493175.0,25,2496.5
2019-09-21,쌈,9.5,25377800.0,10,2679.2
2019-09-23,고랭지,303.6,553169300.0,17,1822.0
2019-09-23,기타,3.7,6325600.0,15,1713.1
2019-09-23,쌈,12.9,29327300.0,10,2271.5
2019-09-24,고랭지,383.9,437320200.0,27,1139.2
2019-09-24,기타,1.3,4801700.0,20,3755.7
2019-09-24,쌈,3.4,23865100.0,4,7052.3
2019-09-24,저장,45.0,21618000.0,2,480.4
2019-09-25,고랭지,324.4,414866900.0,26,1279.1
2019-09-25,기타,11.8,22355525.0,26,1888.0
2019-09-25,쌈,7.8,26686600.0,12,3426.6
2019-09-25,월동,0.5,313500.0,1,591.5
2019-09-25,저장,27.0,16650000.0,2,616.7
2019-09-26,고랭지,309.7,441286700.0,24,1425.0
2019-09-26,기타,6.8,12050750.0,16,1765.0
2019-09-26,쌈,9.3,27569000.0,12,2979.5
2019-09-26,저장,37.0,24208000.0,2,654.3
2019-09-27,고랭지,343.6,478731600.0,21,1393.3
2019-09-27,기타,7.7,20290250.0,24,2635.6
2019-09-27,쌈,5.5,20092700.0,10,3676.6
2019-09-27,저장,74.0,26632000.0,2,359.9
2019-09-28,고랭지,225.6,344278100.0,16,1526.0
2019-09-28,기타,10.9,20970250.0,26,1929.3
2019-09-28,쌈,4.4,15935100.0,7,3653.2
2019-09-28,저장,19.0,8592000.0,2,452.2
2019-09-30,고랭지,358.4,553436200.0,22,1544.1
2019-09-30,기타,13.1,27052650.0,33,2068.5
2019-09-30,기타부산물,0.5,5000000.0,1,10000.0
2019-09-30,쌈,6.3,23902300.0,11,3818.3
2019-09-30,저장,76.0,42094000.0,2,553.9
2019-10-01,가을,385.6,625673800.0,16,1622.6
2019-10-01,고랭지,51.0,73547000.0,8,1443.2
2019-10-01,기타,9.5,17711150.0,29,1873.5
2019-10-01,쌈,6.5,19306700.0,10,2962.5
2019-10-01,저장,38.0,30876000.0,2,812.5
2019-10-02,가을,389.8,672815900.0,17,1725.9
2019-10-02,고랭지,23.7,34180800.0,4,1444.9
2019-10-02,기타,18.5,32170750.0,34,1739.1
2019-10-02,쌈,7.3,22011100.0,15,3021.0
2019-10-02,저장,46.0,42620000.0,2,926.5
2019-10-02,절임,40.0,50000000.0,1,1250.0
2019-10-03,가을,339.1,576349500.0,14,1699.4
2019-10-03,기타,9.5,20960450.0,24,2199.8
2019-10-03,쌈,4.1,14278600.0,8,3465.7
2019-10-03,저장,49.0,41744000.0,2,851.9
2019-10-03,절임,24.0,30000000.0,1,1250.0
2019-10-04,가을,339.9,520713900.0,17,1532.0
2019-10-04,기타,35.4,64937400.0,22,1832.4
2019-10-04,쌈,8.3,24953200.0,11,3018.4
2019-10-04,저장,54.5,47692000.0,2,875.1
2019-10-05,가을,430.2,409550800.0,17,952.0
2019-10-05,고랭지,10.0,8145000.0,3,814.5
2019-10-05,기타,42.9,55603000.0,35,1296.2
2019-10-05,쌈,7.7,31025500.0,10,4023.5
2019-10-05,저장,40.0,32170000.0,2,804.2
2019-10-07,가을,581.5,642470300.0,24,1104.9
2019-10-07,고랭지,1.8,1210500.0,1,691.7
2019-10-07,기타,55.2,75414600.0,38,1365.2
2019-10-07,쌈,7.1,35657600.0,13,5000.4
2019-10-07,저장,47.0,26946000.0,2,573.3
2019-10-07,절임,40.0,50000000.0,1,1250.0
2019-10-08,가을,498.0,435309600.0,24,874.0
2019-10-08,기타,46.5,80109875.0,29,1721.5
2019-10-08,쌈,4.2,23062300.0,10,5533.2
2019-10-09,가을,395.6,386759500.0,14,977.5
2019-10-09,고랭지,0.7,768000.0,1,1156.6
2019-10-09,기타,35.1,43387400.0,36,1235.1
2019-10-09,쌈,7.2,28103700.0,11,3904.9
2019-10-10,가을,414.4,447369000.0,17,1079.6
2019-10-10,고랭지,1.4,1406500.0,2,993.3
2019-10-10,기타,28.3,39109638.0,34,1380.4
2019-10-10,쌈,9.7,25283600.0,14,2609.5
2019-10-11,가을,485.9,522967800.0,18,1076.2
2019-10-11,고랭지,10.6,10418200.0,3,982.8
2019-10-11,기타,35.1,47295600.0,36,1348.3
2019-10-11,쌈,8.0,37527000.0,13,4692.6
2019-10-12,가을,484.9,487631000.0,21,1005.5
2019-10-12,고랭지,1.0,700000.0,1,700.0
2019-10-12,기타,26.7,38867800.0,34,1453.3
2019-10-12,쌈,8.3,34050200.0,12,4113.8
2019-10-12,절임,0.5,960000.0,1,2000.0
2019-10-14,가을,546.0,590069600.0,18,1080.6
2019-10-14,기타,51.5,61014750.0,39,1185.6
2019-10-14,쌈,11.1,41905200.0,15,3787.2
2019-10-14,월동,8.7,10000000.0,2,1149.4
2019-10-15,가을,452.7,541200100.0,20,1195.5
2019-10-15,고랭지,0.4,374000.0,1,1062.5
2019-10-15,기타,25.1,37725900.0,36,1504.2
2019-10-15,쌈,6.1,34199200.0,12,5606.4
2019-10-16,가을,522.6,636636900.0,24,1218.2
2019-10-16,고랭지,0.1,108000.0,1,1500.0
2019-10-16,기타,27.2,31248588.0,37,1150.0
2019-10-16,쌈,7.4,27918300.0,11,3786.0
2019-10-16,절임,160.0,200000000.0,1,1250.0
2019-10-17,가을,647.1,713588700.0,28,1102.8
2019-10-17,고랭지,0.3,359000.0,1,1402.3
2019-10-17,기타,60.4,63183050.0,41,1045.6
2019-10-17,쌈,6.8,18590200.0,12,2715.5
2019-10-18,가을,550.2,508780900.0,27,924.7
2019-10-18,고랭지,1.1,1053500.0,2,932.3
2019-10-18,기타,31.9,35285538.0,28,1106.4
2019-10-18,쌈,8.6,26391700.0,12,3067.7
2019-10-19,가을,360.5,328514600.0,26,911.3
2019-10-19,고랭지,1.5,1398500.0,3,920.1
2019-10-19,기타,34.4,44397875.0,35,1292.1
2019-10-19,쌈,5.8,20392600.0,9,3485.9
2019-10-21,가을,760.3,599573100.0,30,788.6
2019-10-21,고랭지,1.3,1323500.0,2,1050.4
2019-10-21,기타,32.4,35552900.0,33,1097.2
2019-10-21,기타부산물,0.5,5000000.0,1,10000.0
2019-10-21,쌈,4.7,17107100.0,7,3663.2
2019-10-22,가을,434.1,360238000.0,24,829.9
2019-10-22,고랭지,2.3,2100000.0,3,905.2
2019-10-22,기타,34.9,39670450.0,31,1136.9
2019-10-22,쌈,6.1,21271500.0,9,3463.3
2019-10-23,가을,457.5,380220800.0,24,831.1
2019-10-23,고랭지,0.5,364000.0,1,700.0
2019-10-23,기타,37.7,41201525.0,37,1094.0
2019-10-23,쌈,10.1,24074600.0,12,2378.9
2019-10-24,가을,575.6,429045200.0,31,745.4
2019-10-24,고랭지,1.2,957500.0,2,825.4
2019-10-24,기타,59.0,57061763.0,36,967.6
2019-10-24,쌈,9.0,20335500.0,11,2271.6
2019-10-25,가을,513.9,413240700.0,30,804.2
2019-10-25,고랭지,1.6,815000.0,1,500.0
2019-10-25,기타,28.9,30717430.0,32,1063.7
2019-10-25,기타부산물,0.3,105600.0,1,320.0
2019-10-25,쌈,14.1,25954200.0,19,1846.1
2019-10-26,가을,511.4,341861300.0,28,668.5
2019-10-26,고랭지,2.4,1350000.0,2,562.5
2019-10-26,기타,30.8,23865325.0,43,775.3
2019-10-26,쌈,9.5,18645800.0,11,1954.1
2019-10-28,가을,571.7,428169100.0,31,749.0
2019-10-28,기타,10.0,9180975.0,25,916.8
2019-10-28,쌈,4.3,13306800.0,9,3064.0
2019-10-29,가을,595.6,426961000.0,33,716.8
2019-10-29,고랭지,1.6,906000.0,4,573.4
2019-10-29,기타,44.4,40898450.0,36,921.0
2019-10-29,기타부산물,0.1,18000.0,1,360.0
2019-10-29,쌈,18.3,37616300.0,19,2054.2
2019-10-30,가을,516.9,368571600.0,31,713.1
2019-10-30,고랭지,0.6,360000.0,1,600.0
2019-10-30,기타,39.3,31918200.0,30,811.3
2019-10-30,기타부산물,0.2,2000000.0,1,10000.0
2019-10-30,쌈,10.8,19016300.0,14,1759.1
2019-10-31,가을,450.3,325207100.0,26,722.2
2019-10-31,고랭지,0.3,222000.0,2,672.7
2019-10-31,기타,30.4,22331325.0,27,735.4
2019-10-31,쌈,8.7,18031500.0,16,2080.0
2019-11-01,가을,530.3,379284600.0,26,715.3
2019-11-01,기타,33.7,29165500.0,34,864.6
2019-11-01,쌈,11.3,20216200.0,11,1795.1
2019-11-01,절임,64.0,80000000.0,1,1250.0
2019-11-02,가을,476.2,328059900.0,34,688.9
2019-11-02,고랭지,0.3,210000.0,2,600.0
2019-11-02,기타,24.6,20193900.0,26,822.5
2019-11-02,쌈,13.7,21934500.0,17,1600.4
2019-11-04,가을,753.7,535104700.0,41,710.0
2019-11-04,고랭지,0.4,350000.0,1,875.0
2019-11-04,기타,18.0,16508250.0,27,915.7
2019-11-04,기타부산물,0.0,24000.0,1,500.0
2019-11-04,쌈,12.3,27305000.0,13,2222.8
2019-11-04,절임,1.4,1904000.0,1,1400.0
2019-11-05,가을,727.0,482782400.0,52,664.1
2019-11-05,고랭지,1.1,464000.0,1,423.4
2019-11-05,기타,9.4,7388900.0,28,783.9
2019-11-05,쌈,15.2,32903500.0,17,2167.4
2019-11-06,가을,734.6,465076600.0,54,633.1
2019-11-06,고랭지,0.8,735500.0,3,884.0
2019-11-06,기타,10.1,10409900.0,24,1026.4
2019-11-06,쌈,12.6,25258600.0,16,2008.8
2019-11-06,절임,0.9,1260000.0,1,1400.0
2019-11-07,가을,692.0,426805600.0,46,616.8
2019-11-07,고랭지,2.9,1881200.0,3,639.9
2019-11-07,기타,11.0,9183500.0,29,836.8
2019-11-07,쌈,3.6,7212400.0,10,2009.0
2019-11-07,절임,0.4,616000.0,1,1400.0
2019-11-08,가을,674.6,427986300.0,45,634.4
2019-11-08,기타,14.8,11886700.0,26,805.4
2019-11-08,쌈,5.0,12053700.0,11,2402.1
2019-11-08,절임,3.4,4816000.0,1,1400.0
2019-11-09,가을,517.6,380324100.0,27,734.7
2019-11-09,고랭지,0.3,185000.0,2,528.6
2019-11-09,기타,10.6,10924600.0,27,1028.1
2019-11-09,쌈,6.4,14420200.0,9,2239.5
2019-11-09,절임,7.1,9884000.0,2,1400.0
2019-11-11,가을,894.1,669544900.0,55,748.9
2019-11-11,고랭지,0.3,78000.0,1,250.0
2019-11-11,기타,17.2,13720300.0,29,799.7
2019-11-11,쌈,4.4,12541000.0,8,2848.3
2019-11-11,절임,6.3,9292000.0,3,1474.9
2019-11-12,가을,926.9,653835600.0,46,705.4
2019-11-12,고랭지,1.2,750000.0,2,625.0
2019-11-12,기타,13.0,11544550.0,34,890.4
2019-11-12,쌈,7.2,15833700.0,7,2206.2
2019-11-12,절임,61.5,89937000.0,3,1462.9
2019-11-13,가을,896.1,606236600.0,53,676.5
2019-11-13,고랭지,0.3,164500.0,2,501.5
2019-11-13,기타,6.2,7232450.0,25,1157.3
2019-11-13,쌈,8.2,20516900.0,11,2490.8
2019-11-13,절임,23.7,33792000.0,4,1423.4
2019-11-14,가을,762.1,573334100.0,49,752.3
2019-11-14,고랭지,2.0,1443500.0,2,725.4
2019-11-14,기타,16.0,10326700.0,23,644.2
2019-11-14,쌈,6.3,15950900.0,13,2542.0
2019-11-14,절임,32.0,46976000.0,5,1468.9
2019-11-15,가을,1094.1,833960900.0,53,762.2
2019-11-15,기타,19.5,19515000.0,24,1000.8
2019-11-15,쌈,13.1,24339200.0,15,1857.4
2019-11-15,절임,38.1,57131000.0,4,1498.7
2019-11-16,가을,889.5,711206000.0,51,799.6
2019-11-16,고랭지,0.5,325000.0,1,650.0
2019-11-16,기타,11.7,10958200.0,26,940.5
2019-11-16,쌈,6.1,15780800.0,7,2566.4
2019-11-16,절임,47.4,70708000.0,4,1490.8
2019-11-18,가을,994.4,801204100.0,47,805.7
2019-11-18,기타,13.1,11312600.0,23,863.6
2019-11-18,쌈,3.8,13520500.0,7,3553.4
2019-11-18,절임,107.2,154230000.0,3,1439.2
2019-11-19,가을,830.4,621717300.0,51,748.7
2019-11-19,고랭지,0.6,457500.0,1,817.0
2019-11-19,기타,6.4,5658700.0,19,883.0
2019-11-19,쌈,21.3,38778300.0,14,1817.5
2019-11-19,절임,39.0,59266000.0,4,1518.5
2019-11-20,가을,806.1,639849300.0,40,793.7
2019-11-20,고랭지,0.3,285000.0,2,890.6
2019-11-20,기타,11.0,13137400.0,27,1197.2
2019-11-20,기타부산물,0.5,5000000.0,1,10000.0
2019-11-20,쌈,9.3,26287700.0,13,2834.3
2019-11-20,절임,53.5,79502000.0,4,1486.3
2019-11-21,가을,1008.8,797158100.0,43,790.2
2019-11-21,고랭지,2.5,1355000.0,4,532.6
2019-11-21,기타,10.4,9761700.0,25,937.5
2019-11-21,쌈,6.9,18459700.0,10,2682.7
2019-11-21,절임,66.0,99062000.0,4,1500.3
2019-11-22,가을,950.4,860120600.0,36,905.0
2019-11-22,고랭지,0.3,216500.0,2,648.2
2019-11-22,기타,15.9,16808300.0,25,1056.3
2019-11-22,기타부산물,0.0,20000.0,1,500.0
2019-11-22,쌈,6.4,14515300.0,11,2270.1
2019-11-22,절임,113.9,173651000.0,4,1524.3
2019-11-23,가을,1237.5,1012890300.0,45,818.5
2019-11-23,고랭지,0.4,231500.0,4,636.0
2019-11-23,기타,26.4,26059700.0,25,988.3
2019-11-23,기타부산물,0.1,5000.0,1,100.0
2019-11-23,쌈,4.2,12084000.0,9,2887.5
2019-11-23,저장,9.0,5382000.0,2,598.0
2019-11-23,절임,73.1,112572000.0,4,1540.0
2019-11-25,가을,1300.4,947852000.0,42,728.9
2019-11-25,고랭지,0.8,382500.0,2,484.2
2019-11-25,기타,18.8,17416200.0,33,925.3
2019-11-25,기타부산물,1.2,659000.0,1,535.8
2019-11-25,쌈,7.5,20504700.0,15,2729.2
2019-11-25,절임,107.7,166245000.0,3,1544.2
2019-11-26,가을,869.6,568941400.0,33,654.2
2019-11-26,고랭지,2.0,1109000.0,2,549.0
2019-11-26,기타,23.0,16892200.0,23,735.4
2019-11-26,쌈,2.3,12597600.0,5,5491.5
2019-11-26,절임,40.2,62239000.0,4,1546.7
2019-11-27,가을,947.8,559448000.0,29,590.2
2019-11-27,기타,19.8,14376600.0,22,726.0
2019-11-27,쌈,3.1,11967200.0,8,3905.7
2019-11-27,절임,59.2,90064000.0,3,1521.9
2019-11-28,가을,788.8,525164800.0,32,665.8
2019-11-28,고랭지,0.9,284200.0,1,312.3
2019-11-28,기타,6.8,5359300.0,23,792.9
2019-11-28,기타부산물,1.8,826000.0,1,466.7
2019-11-28,쌈,2.6,8612000.0,9,3263.4
2019-11-28,절임,62.2,96162000.0,4,1545.3
2019-11-29,가을,832.5,652365300.0,28,783.6
2019-11-29,고랭지,0.8,400000.0,2,481.9
2019-11-29,기타,19.4,18385900.0,24,946.0
2019-11-29,쌈,5.5,10665500.0,8,1931.1
2019-11-29,절임,84.2,130748000.0,3,1552.8
2019-11-30,가을,952.9,652344100.0,28,684.6
2019-11-30,고랭지,0.4,207500.0,2,506.1
2019-11-30,기타,10.2,10348300.0,24,1017.4
2019-11-30,기타부산물,1.0,10000000.0,1,10000.0
2019-11-30,쌈,3.5,10321800.0,6,2970.3
2019-11-30,절임,63.8,101532000.0,4,1591.7
2019-12-02,가을,660.4,500464200.0,20,757.8
2019-12-02,고랭지,0.4,154500.0,2,367.9
2019-12-02,기타,8.4,7738100.0,15,925.4
2019-12-02,쌈,4.3,15128700.0,7,3534.7
2019-12-02,절임,78.6,122281000.0,2,1556.1
2019-12-03,가을,417.6,277927400.0,16,665.5
2019-12-03,고랭지,0.5,222500.0,3,445.0
2019-12-03,기타,18.2,25375700.0,15,1394.5
2019-12-03,쌈,2.2,11119900.0,5,5072.9
2019-12-03,절임,24.8,38205000.0,3,1541.8
2019-12-04,가을,550.8,367609000.0,16,667.4
2019-12-04,고랭지,0.3,126000.0,1,450.0
2019-12-04,기타,7.9,8204200.0,17,1039.2
2019-12-04,쌈,2.3,11907200.0,5,5222.5
2019-12-04,절임,31.9,49002000.0,4,1537.6
2019-12-05,가을,523.2,365424100.0,18,698.4
2019-12-05,고랭지,0.5,317700.0,1,630.4
2019-12-05,기타,1.9,2471000.0,11,1331.7
2019-12-05,쌈,4.5,14181200.0,9,3153.5
2019-12-05,절임,82.0,122515000.0,4,1495.0
2019-12-06,가을,534.3,396600400.0,16,742.3
2019-12-06,고랭지,0.3,183500.0,2,539.7
2019-12-06,기타,10.8,14175800.0,8,1311.7
2019-12-06,쌈,4.3,15383600.0,10,3610.3
2019-12-06,절임,67.1,102359000.0,3,1525.0
2019-12-07,가을,387.1,269131700.0,9,695.3
2019-12-07,고랭지,1.9,399400.0,3,213.6
2019-12-07,기타,4.6,8019250.0,17,1733.0
2019-12-07,쌈,6.2,20339800.0,10,3263.8
2019-12-07,절임,79.2,121238000.0,2,1530.8
2019-12-09,가을,561.4,391750400.0,19,697.8
2019-12-09,기타,3.8,4283700.0,16,1120.2
2019-12-09,쌈,10.1,25061600.0,11,2471.3
2019-12-09,절임,32.0,48797000.0,2,1525.9
2019-12-10,가을,367.6,259508900.0,13,705.9
2019-12-10,기타,2.7,4596400.0,13,1707.9
2019-12-10,쌈,9.6,23074300.0,9,2403.1
2019-12-10,절임,25.3,38204000.0,2,1511.2
2019-12-11,가을,489.0,341740300.0,15,698.9
2019-12-11,기타,4.9,7502000.0,14,1527.6
2019-12-11,기타부산물,1.8,969400.0,2,525.4
2019-12-11,쌈,8.9,22287900.0,8,2516.1
2019-12-11,절임,23.9,35974000.0,3,1508.3
2019-12-12,가을,446.9,311447100.0,15,696.9
2019-12-12,고랭지,1.2,563500.0,2,477.5
2019-12-12,기타,3.5,4585900.0,17,1295.0
2019-12-12,기타부산물,0.8,375000.0,1,500.0
2019-12-12,쌈,6.0,16909100.0,7,2810.2
2019-12-12,절임,10.6,16136000.0,2,1525.1
2019-12-13,가을,399.2,277944500.0,10,696.2
2019-12-13,기타,3.4,5990700.0,14,1773.7
2019-12-13,기타부산물,2.5,1233000.0,1,483.5
2019-12-13,쌈,8.2,20085000.0,9,2437.5
2019-12-13,절임,35.6,54482000.0,2,1532.1
2019-12-14,가을,231.8,159995500.0,13,690.4
2019-12-14,기타,1.5,3715400.0,10,2431.1
2019-12-14,쌈,8.0,17955400.0,13,2234.4
2019-12-14,절임,29.1,44781000.0,2,1536.8
2019-12-16,가을,441.1,312699800.0,9,708.8
2019-12-16,고랭지,0.5,153000.0,1,300.0
2019-12-16,기타,3.7,5939800.0,17,1601.9
2019-12-16,쌈,7.8,17477100.0,11,2254.8
2019-12-16,절임,21.4,32190000.0,2,1507.0
2019-12-17,가을,358.0,256577800.0,9,716.6
2019-12-17,고랭지,0.8,320000.0,2,421.1
2019-12-17,기타,2.5,3714000.0,13,1490.7
2019-12-17,쌈,14.1,23635100.0,12,1674.2
2019-12-17,월동,20.0,15144000.0,2,757.2
2019-12-17,절임,0.2,300000.0,1,1500.0
2019-12-18,가을,280.1,192327500.0,14,686.7
2019-12-18,기타,0.9,2343400.0,11,2509.7
2019-12-18,쌈,1.9,11229000.0,6,5906.9
2019-12-18,절임,13.2,19880000.0,2,1508.3
2019-12-19,가을,375.5,259501300.0,12,691.1
2019-12-19,기타,6.6,5215300.0,17,785.4
2019-12-19,쌈,6.7,19397900.0,10,2876.3
2019-12-19,절임,4.3,5512000.0,2,1275.9
2019-12-20,가을,407.6,271021300.0,12,665.0
2019-12-20,고랭지,0.5,194900.0,2,360.9
2019-12-20,기타,2.6,4739700.0,13,1812.0
2019-12-20,쌈,12.1,25023000.0,16,2067.2
2019-12-20,절임,0.1,128000.0,1,1600.0
2019-12-21,가을,285.3,170868400.0,12,598.8
2019-12-21,기타,4.2,5920550.0,17,1406.8
2019-12-21,기타부산물,3.1,1246600.0,1,401.5
2019-12-21,쌈,3.1,12629400.0,7,4127.3
2019-12-21,절임,0.1,128000.0,1,1600.0
2019-12-23,가을,359.1,238159900.0,11,663.2
2019-12-23,기타,4.8,7231100.0,22,1498.7
2019-12-23,기타부산물,1.4,5319000.0,2,3882.5
2019-12-23,쌈,13.8,26548600.0,13,1922.6
2019-12-23,절임,1.0,1584000.0,1,1650.0
2019-12-24,가을,378.6,255826300.0,13,675.7
2019-12-24,기타,1.0,3196500.0,12,3363.0
2019-12-24,기타부산물,0.9,232000.0,1,266.7
2019-12-24,쌈,6.3,15823000.0,9,2529.7
2019-12-24,절임,0.1,96000.0,1,1600.0
2019-12-25,가을,402.0,245498900.0,11,610.6
2019-12-25,기타,4.2,3906300.0,9,940.0
2019-12-25,기타부산물,0.6,222300.0,1,380.0
2019-12-25,쌈,11.0,22209400.0,14,2022.3
2019-12-26,가을,178.8,93807600.0,9,524.6
2019-12-26,기타,2.4,5569800.0,17,2331.2
2019-12-26,쌈,6.2,18435300.0,9,2951.1
2019-12-27,가을,250.8,163708200.0,8,652.7
2019-12-27,고랭지,0.2,94500.0,1,450.0
2019-12-27,기타,2.2,3735700.0,11,1695.0
2019-12-27,기타부산물,0.1,70000.0,1,700.0
2019-12-27,쌈,11.4,28610600.0,10,2499.8
2019-12-27,절임,0.7,1000000.0,1,1428.6
2019-12-28,가을,243.2,160837000.0,8,661.4
2019-12-28,기타,1.6,5146200.0,15,3217.4
2019-12-28,쌈,11.2,30490000.0,13,2713.4
2019-12-30,가을,384.5,284044200.0,10,738.7
2019-12-30,기타,1.8,3381300.0,15,1923.9
2019-12-30,기타부산물,1.5,555000.0,1,370.0
2019-12-30,쌈,15.1,41539800.0,17,2748.3
2019-12-30,월동,29.2,28106200.0,2,960.9
2019-12-30,절임,8.6,13095000.0,1,1515.6
2019-12-31,가을,132.1,86732600.0,6,656.6
2019-12-31,고랭지,0.8,196500.0,1,248.7
2019-12-31,기타,2.1,2284500.0,11,1070.0
2019-12-31,쌈,7.5,30912500.0,10,4139.9
2020-01-03,가을,19.3,18101600.0,2,937.9
2020-01-03,기타,1.3,4497900.0,11,3442.8
2020-01-03,기타부산물,3.9,1726200.0,2,439.2
2020-01-03,쌈,7.2,26894200.0,12,3735.3
2020-01-03,월동,667.6,488717900.0,20,732.0
2020-01-03,절임,10.0,15000000.0,1,1500.0
2020-01-04,기타,0.6,2531500.0,11,4266.2
2020-01-04,쌈,11.3,35937400.0,17,3189.3
2020-01-04,월동,445.0,306853000.0,15,689.6
2020-01-04,절임,10.0,15000000.0,1,1500.0
2020-01-06,기타,1.5,3112100.0,10,2034.1
2020-01-06,쌈,14.4,40508100.0,16,2810.9
2020-01-06,월동,427.6,305562800.0,15,714.5
2020-01-06,절임,10.0,15000000.0,1,1500.0
2020-01-07,기타,0.8,3888900.0,12,4856.9
2020-01-07,쌈,12.5,37715900.0,12,3007.9
2020-01-07,월동,323.5,235000100.0,15,726.4
2020-01-07,절임,4.0,5000000.0,1,1250.0
2020-01-08,기타,2.5,3772500.0,12,1503.0
2020-01-08,쌈,8.5,23341200.0,12,2756.4
2020-01-08,월동,372.0,226107200.0,13,607.8
2020-01-08,절임,10.0,15000000.0,1,1500.0
2020-01-09,기타,1.1,1982500.0,10,1837.3
2020-01-09,기타부산물,0.3,110000.0,1,333.3
2020-01-09,쌈,10.8,24503100.0,15,2264.0
2020-01-09,월동,285.8,180115700.0,11,630.3
2020-01-09,저장,9.0,3402000.0,2,378.0
2020-01-09,절임,10.0,15000000.0,1,1500.0
2020-01-10,기타,4.4,7267082.0,19,1666.0
2020-01-10,쌈,10.6,23002900.0,13,2176.4
2020-01-10,월동,409.1,289518000.0,13,707.7
2020-01-10,저장,9.5,3933000.0,2,414.0
2020-01-11,고랭지,0.0,3000.0,1,187.5
2020-01-11,기타,0.2,1419200.0,8,6510.1
2020-01-11,쌈,6.8,17798300.0,9,2615.1
2020-01-11,월동,281.0,172705500.0,9,614.7
2020-01-11,저장,9.8,8565200.0,2,874.0
2020-01-13,기타,1.5,3949100.0,19,2635.4
2020-01-13,기타부산물,0.8,400000.0,1,533.3
2020-01-13,쌈,9.5,24256600.0,13,2555.7
2020-01-13,월동,544.0,353896700.0,13,650.6
2020-01-14,기타,0.7,2964500.0,17,4070.2
2020-01-14,기타부산물,1.2,560000.0,1,466.7
2020-01-14,쌈,14.1,31249600.0,17,2211.9
2020-01-14,월동,352.4,216886700.0,14,615.5
2020-01-14,절임,2.0,2800000.0,1,1400.0
2020-01-15,기타,2.8,3072000.0,14,1103.4
2020-01-15,기타부산물,1.5,703300.0,2,478.4
2020-01-15,쌈,12.9,33592600.0,13,2596.6
2020-01-15,월동,313.5,199864800.0,13,637.6
2020-01-15,절임,10.0,15000000.0,1,1500.0
2020-01-16,고랭지,0.2,90000.0,1,375.0
2020-01-16,기타,1.5,5441300.0,19,3718.6
2020-01-16,기타부산물,0.5,309000.0,1,686.7
2020-01-16,쌈,14.7,30895100.0,15,2098.3
2020-01-16,월동,302.9,201051200.0,14,663.9
2020-01-16,절임,10.0,15000000.0,1,1500.0
2020-01-17,고랭지,0.6,233600.0,1,400.0
2020-01-17,기타,2.0,4097300.0,18,2003.6
2020-01-17,쌈,13.1,27213700.0,13,2080.6
2020-01-17,월동,381.5,254336900.0,17,666.6
2020-01-17,절임,20.0,30000000.0,1,1500.0
2020-01-18,기타,2.6,5219700.0,21,2032.0
2020-01-18,기타부산물,0.6,420000.0,1,700.0
2020-01-18,쌈,16.0,29612400.0,15,1849.2
2020-01-18,월동,336.3,195505000.0,15,581.3
2020-01-18,절임,28.0,40000000.0,1,1428.6
2020-01-20,기타,2.8,9878000.0,27,3496.1
2020-01-20,기타부산물,2.4,914400.0,2,381.0
2020-01-20,쌈,18.5,36334700.0,19,1965.0
2020-01-20,월동,395.0,267804800.0,14,678.0
2020-01-20,절임,14.0,20000000.0,1,1428.6
2020-01-21,기타,6.0,4666200.0,18,778.2
2020-01-21,기타부산물,2.8,984000.0,2,352.7
2020-01-21,쌈,8.7,24096900.0,14,2761.5
2020-01-21,월동,378.9,262889100.0,13,693.7
2020-01-21,절임,4.0,5000000.0,1,1250.0
2020-01-22,기타,1.8,3332600.0,9,1877.5
2020-01-22,기타부산물,2.0,916500.0,2,449.3
2020-01-22,쌈,9.4,23783200.0,14,2519.9
2020-01-22,월동,315.6,210104700.0,11,665.8
2020-01-23,기타,2.2,5958500.0,18,2720.2
2020-01-23,기타부산물,0.5,192200.0,1,413.3
2020-01-23,쌈,6.7,19067800.0,10,2857.0
2020-01-23,월동,286.2,178199300.0,9,622.6
2020-01-24,기타,1.2,670900.0,6,562.1
2020-01-24,기타부산물,0.7,115000.0,1,166.7
2020-01-24,쌈,8.8,14461600.0,9,1652.2
2020-01-24,월동,125.2,65049900.0,2,519.4
2020-01-28,기타,2.3,3444000.0,9,1499.7
2020-01-28,기타부산물,0.2,26000.0,1,162.5
2020-01-28,쌈,3.1,9436800.0,7,3007.3
2020-01-28,월동,407.1,273946200.0,7,672.9
2020-01-29,가을,16.2,11502260.0,1,711.3
2020-01-29,기타,3.3,16677500.0,18,5061.5
2020-01-29,쌈,7.2,14466900.0,14,2007.1
2020-01-29,월동,205.2,145666800.0,5,709.7
2020-01-30,기타,4.7,30051900.0,47,6371.0
2020-01-30,기타부산물,0.2,26000.0,1,133.3
2020-01-30,쌈,8.7,14117200.0,14,1631.7
2020-01-30,월동,295.4,190345000.0,6,644.3
2020-01-30,절임,10.0,15000000.0,1,1500.0
2020-01-31,기타,4.1,25421700.0,40,6214.4
2020-01-31,기타부산물,0.3,66000.0,1,200.0
2020-01-31,쌈,14.1,14912800.0,16,1057.1
2020-01-31,월동,215.4,154788200.0,7,718.4
2020-01-31,절임,10.0,15000000.0,1,1500.0
2020-02-01,기타,6.4,30343200.0,41,4712.4
2020-02-01,쌈,15.2,16967900.0,16,1115.1
2020-02-01,월동,164.5,119286100.0,8,725.1
2020-02-01,절임,8.0,10000000.0,1,1250.0
2020-02-03,기타,8.0,34250300.0,33,4276.9
2020-02-03,쌈,5.2,8668500.0,11,1653.0
2020-02-03,월동,382.9,270501500.0,12,706.5
2020-02-03,절임,10.0,15000000.0,1,1500.0
2020-02-04,기타,5.3,19330300.0,38,3623.0
2020-02-04,쌈,10.7,17691700.0,12,1657.9
2020-02-04,월동,186.3,146149000.0,9,784.5
2020-02-04,절임,16.6,24960000.0,1,1500.0
2020-02-05,기타,3.7,18229375.0,29,4866.4
2020-02-05,쌈,10.5,17559800.0,10,1668.2
2020-02-05,월동,197.8,160974000.0,7,813.6
2020-02-05,절임,20.0,30000000.0,1,1500.0
2020-02-06,기타,3.5,12879200.0,37,3678.7
2020-02-06,기타부산물,0.1,10500.0,1,187.5
2020-02-06,쌈,8.6,13217900.0,9,1541.3
2020-02-06,월동,267.0,206282900.0,7,772.7
2020-02-06,절임,13.3,19980000.0,1,1500.0
2020-02-07,기타,1.3,5060300.0,15,3783.4
2020-02-07,쌈,4.8,8076900.0,8,1668.8
2020-02-07,월동,139.7,106502300.0,5,762.6
2020-02-08,기타,0.4,1927900.0,12,4965.6
2020-02-08,쌈,2.0,4574800.0,6,2308.2
2020-02-08,월동,183.2,140837060.0,7,768.8
2020-02-10,기타,2.1,4366700.0,14,2034.3
2020-02-10,기타부산물,4.2,6226000.0,3,1480.6
2020-02-10,쌈,5.0,9819100.0,6,1956.4
2020-02-10,월동,396.9,304336100.0,12,766.9
2020-02-11,기타,0.9,2459000.0,12,2638.4
2020-02-11,기타부산물,0.5,306000.0,1,600.0
2020-02-11,쌈,10.9,19631600.0,11,1803.4
2020-02-11,월동,256.8,202494900.0,11,788.4
2020-02-12,기타,0.8,3499700.0,15,4398.0
2020-02-12,기타부산물,4.4,1267500.0,2,287.4
2020-02-12,쌈,2.4,8274700.0,4,3487.0
2020-02-12,월동,231.6,190243200.0,9,821.4
2020-02-13,기타,0.4,1591500.0,8,3907.9
2020-02-13,기타부산물,0.2,102000.0,1,566.7
2020-02-13,쌈,8.7,15218100.0,9,1741.8
2020-02-13,월동,158.2,131394100.0,7,830.3
2020-02-14,기타,0.6,3350600.0,12,5239.4
2020-02-14,쌈,5.0,7926300.0,6,1586.8
2020-02-14,월동,451.5,358557000.0,5,794.2
2020-02-15,기타,1.0,3484400.0,16,3509.0
2020-02-15,기타부산물,0.9,426000.0,2,458.1
2020-02-15,쌈,9.8,15692100.0,10,1609.1
2020-02-15,월동,312.4,238003850.0,7,762.0
2020-02-17,기타,1.6,10104700.0,16,6367.2
2020-02-17,기타부산물,1.0,612000.0,1,600.0
2020-02-17,쌈,6.0,12510500.0,8,2069.9
2020-02-17,월동,306.4,244111000.0,6,796.6
2020-02-18,기타,1.3,3642200.0,14,2878.1
2020-02-18,기타부산물,1.8,960000.0,1,533.3
2020-02-18,쌈,5.3,11608900.0,9,2203.2
2020-02-18,월동,186.6,150993400.0,5,809.1
2020-02-19,기타,0.6,2296800.0,10,4008.4
2020-02-19,기타부산물,1.8,417000.0,1,229.8
2020-02-19,쌈,6.8,15109100.0,8,2218.3
2020-02-19,월동,278.3,212679440.0,6,764.1
2020-02-20,기타,0.6,2517700.0,14,3874.9
2020-02-20,기타부산물,1.2,5250000.0,2,4200.0
2020-02-20,쌈,9.8,22003900.0,7,2237.5
2020-02-20,월동,241.5,182245600.0,8,754.6
2020-02-21,기타,0.8,2793700.0,12,3543.1
2020-02-21,기타부산물,0.4,104000.0,1,266.7
2020-02-21,쌈,4.7,10701800.0,5,2255.4
2020-02-21,월동,177.3,140171400.0,8,790.6
2020-02-22,기타,0.8,4103400.0,17,5202.4
2020-02-22,기타부산물,1.1,432000.0,1,400.0
2020-02-22,쌈,10.7,21103600.0,10,1973.2
2020-02-22,월동,184.4,146899200.0,6,796.5
2020-02-24,기타,1.1,3918000.0,17,3677.1
2020-02-24,쌈,9.6,19855300.0,10,2072.4
2020-02-24,월동,352.5,272705570.0,6,773.6
2020-02-25,기타,0.8,3028700.0,12,3588.5
2020-02-25,쌈,9.2,16943000.0,9,1839.8
2020-02-25,월동,215.1,169576200.0,5,788.4
2020-02-26,기타,0.5,2713800.0,10,5316.0
2020-02-26,쌈,8.7,20535300.0,8,2351.5
2020-02-26,월동,158.3,124846500.0,4,788.7
2020-02-27,기타,0.5,3356500.0,11,6157.6
2020-02-27,쌈,3.8,10098500.0,7,2631.9
2020-02-27,월동,221.7,178336960.0,6,804.4
2020-02-28,기타,1.0,4005700.0,14,3908.0
2020-02-28,쌈,7.8,15987500.0,7,2042.6
2020-02-28,월동,268.2,214387000.0,5,799.2
2020-02-28,저장,9.2,7028800.0,2,764.0
2020-02-29,기타,0.6,2938700.0,15,5176.0
2020-02-29,쌈,4.9,9663400.0,6,1990.4
2020-02-29,월동,148.4,103868800.0,5,699.9
2020-02-29,절임,10.0,15000000.0,1,1500.0
2020-03-02,기타,0.9,4456900.0,14,4705.8
2020-03-02,쌈,6.9,15572500.0,7,2250.7
2020-03-02,월동,184.3,145412110.0,7,789.0
2020-03-02,저장,114.4,90314200.0,6,789.5
2020-03-03,기타,1.0,3691400.0,12,3665.7
2020-03-03,기타부산물,2.1,452100.0,1,220.0
2020-03-03,쌈,8.8,21011900.0,6,2383.1
2020-03-03,월동,132.3,106344800.0,5,803.7
2020-03-03,저장,126.4,94583600.0,4,748.3
2020-03-03,절임,20.0,30000000.0,1,1500.0
2020-03-04,기타,1.4,7246400.0,18,5109.4
2020-03-04,쌈,12.6,28415000.0,11,2252.1
2020-03-04,월동,124.4,94275600.0,6,757.8
2020-03-04,저장,172.5,125486200.0,4,727.5
2020-03-04,절임,30.0,45000000.0,1,1500.0
2020-03-05,기타,0.9,3379750.0,14,3716.1
2020-03-05,쌈,5.2,13406100.0,5,2593.1
2020-03-05,월동,97.2,72621300.0,5,747.4
2020-03-05,저장,104.4,79818600.0,4,764.5
2020-03-05,절임,23.3,34980000.0,1,1500.0
2020-03-06,기타,1.1,5033400.0,20,4595.9
2020-03-06,쌈,8.0,19346200.0,9,2411.6
2020-03-06,월동,88.0,64860100.0,5,737.5
2020-03-06,저장,202.2,140573600.0,4,695.3
2020-03-06,절임,20.0,30000000.0,1,1500.0
2020-03-07,기타,1.0,5163900.0,22,5005.5
2020-03-07,쌈,2.2,7268900.0,3,3343.6
2020-03-07,월동,38.4,29161200.0,4,759.4
2020-03-07,저장,97.0,73216600.0,4,754.8
2020-03-07,절임,16.6,24960000.0,1,1500.0
2020-03-09,기타,1.4,5786400.0,20,4205.2
2020-03-09,쌈,4.5,13631800.0,7,3047.6
2020-03-09,월동,19.1,14837000.0,2,776.8
2020-03-09,저장,294.4,209705800.0,4,712.3
2020-03-09,절임,10.0,15000000.0,1,1500.0
2020-03-10,기타,1.4,5956000.0,17,4175.3
2020-03-10,기타부산물,0.5,5000000.0,1,10000.0
2020-03-10,쌈,4.3,17342700.0,6,4008.0
2020-03-10,월동,28.6,19105000.0,3,668.0
2020-03-10,저장,195.6,141171000.0,4,721.7
2020-03-10,절임,3.3,4980000.0,1,1500.0
2020-03-11,기타,0.8,2535600.0,15,3122.7
2020-03-11,쌈,4.1,15871800.0,5,3889.2
2020-03-11,월동,19.1,14310200.0,2,749.2
2020-03-11,저장,214.4,156452700.0,4,729.7
2020-03-12,기타,1.1,3988450.0,16,3604.6
2020-03-12,쌈,3.7,13355800.0,5,3646.1
2020-03-12,월동,19.6,15892800.0,3,810.9
2020-03-12,저장,261.2,182201000.0,4,697.6
2020-03-13,기타,1.5,6028700.0,21,4056.9
2020-03-13,쌈,5.1,17951500.0,6,3547.0
2020-03-13,월동,9.5,7603800.0,2,800.4
2020-03-13,저장,290.5,203378400.0,4,700.2
2020-03-14,기타,1.1,5165100.0,16,4784.7
2020-03-14,쌈,3.0,9523200.0,7,3146.1
2020-03-14,월동,9.5,7691200.0,2,809.6
2020-03-14,저장,104.5,75908300.0,4,726.0
2020-03-16,고랭지,0.4,142000.0,1,355.0
2020-03-16,기타,2.4,6805500.0,24,2793.7
2020-03-16,쌈,2.3,12000600.0,4,5319.4
2020-03-16,월동,30.1,21836400.0,3,725.5
2020-03-16,저장,313.1,219452800.0,6,701.0
2020-03-17,기타,1.1,5194300.0,16,4553.4
2020-03-17,쌈,8.4,35218200.0,8,4196.1
2020-03-17,월동,19.1,13873200.0,2,726.3
2020-03-17,저장,240.5,173322800.0,4,720.6
2020-03-17,절임,10.0,15000000.0,1,1500.0
2020-03-18,기타,1.3,5272700.0,20,4145.2
2020-03-18,쌈,4.6,16433000.0,8,3605.3
2020-03-18,월동,19.1,14048000.0,2,735.5
2020-03-18,저장,319.9,218766100.0,4,683.8
2020-03-18,절임,8.8,13200000.0,1,1500.0
2020-03-19,기타,1.0,3915700.0,12,3850.2
2020-03-19,쌈,4.8,14219500.0,9,2937.9
2020-03-19,월동,29.1,19324800.0,2,664.1
2020-03-19,저장,268.7,180929400.0,4,673.4
2020-03-19,절임,18.7,28050000.0,1,1500.0
2020-03-20,기타,1.4,5430900.0,15,3872.3
2020-03-20,쌈,4.3,12936900.0,6,2985.0
2020-03-20,월동,9.6,6615000.0,2,689.1
2020-03-20,저장,199.8,137540000.0,6,688.6
2020-03-20,절임,25.5,37755000.0,1,1480.6
2020-03-21,기타,0.9,5558125.0,17,6096.1
2020-03-21,쌈,3.8,14107600.0,5,3756.0
2020-03-21,월동,9.8,7461700.0,2,763.7
2020-03-21,저장,142.1,100412400.0,4,706.6
2020-03-21,절임,10.0,14500000.0,1,1450.0
2020-03-23,기타,1.7,10573300.0,18,6099.4
2020-03-23,쌈,6.8,23803000.0,7,3513.9
2020-03-23,월동,28.8,21269000.0,2,738.5
2020-03-23,저장,287.1,204230800.0,4,711.3
2020-03-24,기타,1.2,9190500.0,19,7858.5
2020-03-24,쌈,5.0,16176400.0,5,3260.7
2020-03-24,월동,19.6,14121000.0,2,720.5
2020-03-24,저장,273.4,199453000.0,6,729.5
2020-03-25,기타,1.2,8531800.0,17,7283.4
2020-03-25,쌈,3.7,10058200.0,5,2753.4
2020-03-25,월동,19.3,13929400.0,2,721.7
2020-03-25,저장,330.4,229010600.0,4,693.2
2020-03-26,기타,0.5,3269200.0,11,6547.6
2020-03-26,쌈,3.4,9109300.0,5,2703.1
2020-03-26,월동,19.1,13869200.0,2,726.1
2020-03-26,저장,274.7,188430700.0,6,686.0
2020-03-26,절임,9.9,13860000.0,1,1400.0
2020-03-27,기타,1.0,6280800.0,8,6493.8
2020-03-27,쌈,4.1,12221800.0,6,3014.0
2020-03-27,월동,19.6,13231400.0,2,675.1
2020-03-27,저장,262.4,175121200.0,4,667.4
2020-03-27,절임,9.9,13860000.0,1,1400.0
2020-03-28,기타,1.1,5062900.0,12,4474.5
2020-03-28,쌈,2.8,8525000.0,3,2992.3
2020-03-28,저장,155.1,107788400.0,4,695.0
2020-03-30,기타,0.8,7628600.0,13,9212.2
2020-03-30,쌈,4.1,11676900.0,6,2832.1
2020-03-30,월동,29.1,20141200.0,2,692.1
2020-03-30,저장,271.6,191754300.0,4,706.1
2020-03-30,절임,15.9,22260000.0,1,1400.0
2020-03-31,기타,0.7,6826200.0,12,10062.2
2020-03-31,쌈,4.4,12952300.0,6,2937.7
2020-03-31,월동,19.6,13511400.0,2,689.4
2020-03-31,저장,296.0,195769400.0,6,661.4
2020-04-01,기타,1.2,8309100.0,16,7016.0
2020-04-01,쌈,2.4,6918000.0,3,2921.5
2020-04-01,월동,19.6,12694600.0,2,647.7
2020-04-01,저장,295.4,198086200.0,6,670.7
2020-04-01,절임,9.9,13860000.0,1,1400.0
2020-04-02,기타,1.5,12772600.0,17,8643.3
2020-04-02,쌈,3.3,8388900.0,4,2534.4
2020-04-02,월동,19.6,13154600.0,2,671.2
2020-04-02,저장,274.9,180473000.0,4,656.6
2020-04-02,절임,10.0,14000000.0,1,1400.0
2020-04-03,기타,1.1,7397650.0,23,6436.9
2020-04-03,쌈,2.7,8747700.0,4,3288.6
2020-04-03,월동,20.0,12972000.0,2,648.6
2020-04-03,저장,256.4,166743300.0,5,650.4
2020-04-03,절임,9.9,13860000.0,1,1400.0
2020-04-04,기타,1.2,11181500.0,24,8994.1
2020-04-04,쌈,1.9,12329800.0,3,6385.2
2020-04-04,월동,10.0,5704000.0,2,570.4
2020-04-04,저장,200.2,129275200.0,6,645.9
2020-04-06,기타,2.8,19664500.0,28,6968.0
2020-04-06,쌈,4.3,21001500.0,6,4854.7
2020-04-06,월동,10.0,8464000.0,2,846.4
2020-04-06,저장,322.6,202156300.0,6,626.6
2020-04-06,절임,15.7,22036000.0,1,1400.0
2020-04-07,기타,1.9,12134500.0,22,6403.4
2020-04-07,쌈,3.8,16704000.0,5,4447.3
2020-04-07,월동,30.0,21528000.0,2,717.6
2020-04-07,저장,292.3,177487800.0,6,607.2
2020-04-07,절임,4.4,6132000.0,1,1400.0
2020-04-08,기타,21.3,26419000.0,27,1241.1
2020-04-08,쌈,8.9,25684900.0,7,2882.1
2020-04-08,저장,235.8,146367500.0,4,620.6
2020-04-09,기타,35.0,31871300.0,18,910.3
2020-04-09,쌈,5.5,17678800.0,5,3239.7
2020-04-09,저장,286.0,186713300.0,6,652.8
2020-04-09,절임,5.0,7250000.0,1,1450.0
2020-04-10,기타,11.3,15957250.0,26,1412.6
2020-04-10,기타부산물,0.5,5000000.0,1,10000.0
2020-04-10,쌈,5.6,16088000.0,6,2879.5
2020-04-10,저장,311.9,192156600.0,6,616.1
2020-04-11,기타,1.4,11920000.0,24,8637.7
2020-04-11,쌈,6.2,19301500.0,4,3092.2
2020-04-11,저장,170.5,103633300.0,6,607.8
2020-04-13,기타,31.1,31068800.0,24,1000.4
2020-04-13,쌈,3.8,13195500.0,5,3448.9
2020-04-13,저장,294.1,200263200.0,6,680.9
2020-04-14,기타,25.6,26679700.0,16,1043.4
2020-04-14,쌈,2.8,11589200.0,5,4139.0
2020-04-14,저장,292.2,200185400.0,6,685.0
2020-04-15,기타,21.3,22405500.0,22,1052.4
2020-04-15,쌈,5.3,16729400.0,6,3169.6
2020-04-15,저장,248.5,173885700.0,6,699.7
2020-04-15,절임,19.8,27720000.0,1,1400.0
2020-04-16,기타,11.4,19277000.0,22,1696.0
2020-04-16,쌈,3.0,13025900.0,5,4357.9
2020-04-16,저장,187.1,145391500.0,6,776.9
2020-04-16,절임,25.6,35896000.0,1,1400.0
2020-04-17,기타,29.9,24194000.0,2,809.2
2020-04-17,쌈,4.3,15061600.0,5,3468.0
2020-04-17,저장,256.8,192293700.0,4,748.7
2020-04-17,절임,29.7,41580000.0,1,1400.0
2020-04-18,기타,11.8,24321000.0,24,2056.6
2020-04-18,쌈,4.0,15137300.0,8,3779.6
2020-04-18,저장,167.3,135753600.0,4,811.4
2020-04-18,절임,16.3,22820000.0,1,1400.0
2020-04-20,기타,32.2,43906400.0,23,1365.5
2020-04-20,쌈,5.6,19364700.0,8,3480.4
2020-04-20,저장,273.8,226445200.0,4,827.0
2020-04-21,기타,22.5,41221200.0,16,1833.7
2020-04-21,봄,10.0,4600000.0,2,460.0
2020-04-21,쌈,6.3,16313300.0,8,2589.8
2020-04-21,저장,213.3,178802300.0,4,838.1
2020-04-21,절임,9.9,13860000.0,1,1400.0
2020-04-22,기타,22.5,38411400.0,24,1705.0
2020-04-22,봄,10.0,6216000.0,2,621.6
2020-04-22,쌈,5.3,12092500.0,6,2295.5
2020-04-22,저장,225.1,197503100.0,4,877.3
2020-04-22,절임,15.9,22260000.0,2,1400.0
2020-04-23,기타,22.0,37329800.0,27,1694.9
2020-04-23,봄,29.6,18454600.0,4,622.4
2020-04-23,쌈,5.2,11042600.0,6,2107.4
2020-04-23,저장,253.3,220646300.0,4,871.2
2020-04-24,기타,7.2,7224000.0,2,996.4
2020-04-24,봄,39.6,27342400.0,4,690.5
2020-04-24,쌈,6.1,10415400.0,7,1704.4
2020-04-24,저장,242.6,221617100.0,4,913.5
2020-04-25,기타,1.9,12812000.0,23,6885.2
2020-04-25,봄,30.0,22335000.0,4,744.5
2020-04-25,쌈,4.2,9556300.0,6,2248.5
2020-04-25,저장,171.0,160710300.0,5,939.8
2020-04-25,절임,8.8,12264000.0,1,1400.0
2020-04-27,기타,22.6,44963700.0,29,1992.6
2020-04-27,봄,98.7,65471400.0,4,663.3
2020-04-27,쌈,7.9,16851800.0,7,2129.9
2020-04-27,저장,238.7,240447100.0,4,1007.5
2020-04-28,기타,22.7,45502400.0,24,2005.4
2020-04-28,봄,108.8,83856800.0,4,770.7
2020-04-28,쌈,9.2,18149400.0,9,1971.9
2020-04-28,저장,165.3,183838400.0,4,1112.2
2020-04-29,기타,22.5,43613980.0,19,1934.6
2020-04-29,봄,176.9,123794400.0,4,699.8
2020-04-29,쌈,9.9,18546400.0,9,1864.0
2020-04-29,저장,160.8,191720500.0,7,1191.9
2020-04-30,기타,21.2,39664500.0,26,1875.3
2020-04-30,봄,146.2,109827800.0,4,751.3
2020-04-30,쌈,3.5,7865700.0,6,2277.3
2020-04-30,저장,160.3,203262500.0,4,1267.6
2020-05-01,기타,1.7,10653500.0,18,6192.1
2020-05-01,봄,155.3,119023200.0,5,766.4
2020-05-01,쌈,5.7,11160800.0,6,1964.9
2020-05-01,저장,110.5,136552900.0,4,1235.4
2020-05-02,기타,1.1,6820750.0,15,6048.4
2020-05-02,봄,139.4,108032200.0,5,774.7
2020-05-02,쌈,3.5,7097700.0,5,2017.0
2020-05-02,저장,55.8,73428600.0,2,1316.4
2020-05-04,기타,24.1,32390000.0,21,1343.8
2020-05-04,봄,207.7,156622000.0,4,754.1
2020-05-04,쌈,7.3,15494700.0,6,2122.3
2020-05-04,저장,110.3,141120100.0,4,1279.4
2020-05-05,기타,5.2,13675600.0,22,2613.7
2020-05-05,봄,228.3,174763200.0,7,765.4
2020-05-05,쌈,2.9,6318000.0,3,2147.5
2020-05-05,저장,54.3,67549400.0,4,1244.0
2020-05-06,기타,2.6,7884000.0,15,3083.8
2020-05-06,봄,217.8,164701700.0,7,756.2
2020-05-06,쌈,3.2,7595500.0,3,2378.8
2020-05-06,저장,82.7,107664600.0,4,1301.4
2020-05-07,기타,3.4,8125000.0,23,2373.2
2020-05-07,봄,234.5,180575100.0,8,770.0
2020-05-07,쌈,7.5,16755600.0,8,2226.7
2020-05-07,저장,82.7,88307000.0,4,1068.4
2020-05-08,기타,0.3,219600.0,1,762.5
2020-05-08,봄,206.9,177389600.0,7,857.4
2020-05-08,쌈,7.8,18842200.0,5,2400.3
2020-05-08,저장,92.6,99626800.0,4,1075.9
2020-05-08,절임,10.0,15000000.0,1,1500.0
2020-05-09,기타,2.0,8633500.0,19,4331.9
2020-05-09,봄,214.3,178020100.0,7,830.8
2020-05-09,쌈,9.5,15570000.0,8,1642.9
2020-05-09,저장,43.7,39526200.0,6,904.1
2020-05-09,절임,10.0,15000000.0,1,1500.0
2020-05-11,기타,2.1,6012000.0,11,2798.9
2020-05-11,봄,337.2,268670000.0,15,796.7
2020-05-11,쌈,7.7,18446200.0,9,2397.8
2020-05-11,저장,54.5,53884400.0,3,988.1
2020-05-11,절임,10.0,15000000.0,1,1500.0
2020-05-12,기타,2.5,8419500.0,21,3397.0
2020-05-12,봄,267.2,233483700.0,11,873.7
2020-05-12,쌈,6.0,15911900.0,7,2645.4
2020-05-12,저장,38.7,32315000.0,5,835.0
2020-05-12,절임,10.0,15000000.0,1,1500.0
2020-05-13,기타,1.8,4460800.0,15,2459.0
2020-05-13,봄,304.9,267353900.0,13,876.7
2020-05-13,쌈,6.1,13254900.0,8,2180.4
2020-05-13,저장,19.0,18076500.0,3,952.1
2020-05-13,절임,10.0,15000000.0,1,1500.0
2020-05-14,기타,1.5,6880500.0,16,4492.7
2020-05-14,봄,354.4,309641100.0,13,873.8
2020-05-14,쌈,6.2,11725500.0,5,1901.0
2020-05-14,저장,20.0,22640000.0,2,1132.0
2020-05-14,절임,10.0,15000000.0,1,1500.0
2020-05-15,기타,1.5,5232000.0,13,3606.4
2020-05-15,봄,443.2,358469900.0,15,808.8
2020-05-15,쌈,7.7,15570500.0,7,2025.3
2020-05-15,저장,10.0,13340000.0,2,1334.0
2020-05-16,기타,1.4,5444500.0,17,3755.9
2020-05-16,봄,262.6,181923100.0,15,692.7
2020-05-16,쌈,5.9,14085300.0,5,2374.9
2020-05-16,저장,10.0,10860000.0,2,1086.0
2020-05-16,절임,10.0,15000000.0,1,1500.0
2020-05-18,기타,2.1,6425000.0,16,3054.8
2020-05-18,봄,377.9,269595800.0,17,713.4
2020-05-18,쌈,10.1,24644700.0,5,2438.4
2020-05-18,저장,10.0,12880000.0,2,1288.0
2020-05-18,절임,10.0,15000000.0,1,1500.0
2020-05-19,기타,1.4,6008000.0,16,4189.7
2020-05-19,봄,398.9,281343500.0,18,705.3
2020-05-19,쌈,7.3,15997900.0,6,2178.7
2020-05-19,저장,30.0,26320000.0,4,877.3
2020-05-19,절임,10.0,15000000.0,1,1500.0
2020-05-20,기타,0.8,3082000.0,8,3809.6
2020-05-20,봄,308.9,232730600.0,13,753.5
2020-05-20,쌈,5.4,14757900.0,4,2752.3
2020-05-20,저장,30.0,26040000.0,4,868.0
2020-05-20,절임,3.3,4980000.0,1,1500.0
2020-05-21,기타,1.5,2683000.0,10,1746.5
2020-05-21,봄,261.2,238351900.0,14,912.4
2020-05-21,쌈,9.4,16561200.0,5,1755.5
2020-05-21,저장,29.5,28097000.0,4,952.4
2020-05-21,절임,10.0,15000000.0,1,1500.0
2020-05-22,기타,2.9,5023500.0,11,1747.9
2020-05-22,봄,397.2,321224500.0,17,808.7
2020-05-22,쌈,3.3,9273400.0,6,2784.8
2020-05-22,절임,10.0,15000000.0,1,1500.0
2020-05-23,기타,2.1,3570000.0,18,1682.4
2020-05-23,봄,261.9,216509900.0,21,826.7
2020-05-23,쌈,3.3,13006300.0,6,3946.1
2020-05-25,기타,3.2,5134500.0,14,1609.1
2020-05-25,봄,384.6,332137300.0,23,863.6
2020-05-25,쌈,10.5,27041100.0,10,2579.8
2020-05-26,기타,2.0,5149500.0,17,2520.2
2020-05-26,봄,440.4,377648600.0,22,857.5
2020-05-26,쌈,5.1,14915400.0,9,2896.8
2020-05-26,절임,10.0,15000000.0,1,1500.0
2020-05-27,기타,1.9,3219000.0,10,1688.9
2020-05-27,봄,294.8,256791300.0,19,871.1
2020-05-27,쌈,5.5,18577500.0,7,3397.5
2020-05-28,기타,2.2,4933400.0,16,2284.0
2020-05-28,봄,363.4,324201920.0,22,892.2
2020-05-28,쌈,4.3,11096000.0,9,2593.1
2020-05-29,기타,2.6,4300200.0,11,1641.9
2020-05-29,봄,434.9,327138100.0,22,752.3
2020-05-29,쌈,7.1,15186400.0,10,2130.5
2020-05-30,기타,2.6,4642950.0,19,1782.8
2020-05-30,봄,407.2,217031100.0,17,533.0
2020-05-30,쌈,9.5,21261600.0,9,2246.6
2020-06-01,기타,3.4,5043500.0,17,1485.6
2020-06-01,봄,385.7,270535200.0,24,701.5
2020-06-01,쌈,3.8,16144200.0,4,4296.0
2020-06-02,기타,4.4,5649300.0,19,1290.3
2020-06-02,봄,483.4,310874100.0,25,643.0
2020-06-02,쌈,7.6,16055000.0,8,2113.3
2020-06-03,기타,2.1,3277550.0,15,1524.4
2020-06-03,봄,581.7,258190100.0,27,443.8
2020-06-03,쌈,17.9,26743500.0,13,1497.7
2020-06-04,기타,5.6,6041300.0,23,1074.8
2020-06-04,봄,454.6,182342700.0,23,401.1
2020-06-04,쌈,7.0,15005000.0,6,2153.1
2020-06-05,기타,1.7,2844500.0,22,1651.9
2020-06-05,봄,416.7,196161800.0,24,470.8
2020-06-05,쌈,18.0,23732000.0,13,1315.8
2020-06-06,기타,2.0,2968950.0,18,1491.7
2020-06-06,봄,326.3,144905400.0,19,444.1
2020-06-06,쌈,9.4,15486700.0,10,1644.7
2020-06-08,기타,2.3,4163500.0,20,1815.0
2020-06-08,봄,362.9,229750600.0,17,633.1
2020-06-08,쌈,12.0,19393100.0,11,1618.8
2020-06-09,고랭지,0.2,90000.0,1,562.5
2020-06-09,기타,5.2,4453300.0,17,856.5
2020-06-09,봄,294.7,208245200.0,17,706.6
2020-06-09,쌈,12.5,18132300.0,13,1450.6
2020-06-09,절임,15.0,21750000.0,1,1450.0
2020-06-10,기타,0.9,361000.0,1,421.7
2020-06-10,봄,349.9,248608800.0,22,710.6
2020-06-10,쌈,9.8,12276900.0,9,1255.4
2020-06-10,절임,10.0,15000000.0,1,1500.0
2020-06-11,기타,1.2,2006300.0,17,1642.8
2020-06-11,봄,440.5,253927400.0,25,576.5
2020-06-11,쌈,6.4,8557400.0,6,1334.2
2020-06-11,절임,10.0,15000000.0,1,1500.0
2020-06-12,기타,3.0,5232200.0,12,1761.1
2020-06-12,봄,266.8,167221200.0,21,626.9
2020-06-12,쌈,8.1,10762300.0,6,1326.1
2020-06-12,절임,10.0,15000000.0,1,1500.0
2020-06-13,기타,8.0,5951600.0,21,748.4
2020-06-13,봄,447.1,181995400.0,30,407.0
2020-06-13,쌈,3.4,8776200.0,5,2600.4
2020-06-13,절임,10.0,15000000.0,1,1500.0
2020-06-15,기타,7.9,3591200.0,3,454.4
2020-06-15,봄,217.7,208840500.0,23,959.4
2020-06-15,쌈,7.7,14639800.0,6,1905.5
2020-06-15,절임,10.0,15000000.0,1,1500.0
2020-06-16,기타,8.7,5622125.0,23,649.0
2020-06-16,봄,382.6,290700500.0,31,759.8
2020-06-16,쌈,4.6,10534400.0,6,2283.1
2020-06-16,절임,10.0,15000000.0,1,1500.0
2020-06-17,기타,2.4,2973500.0,19,1236.9
2020-06-17,봄,444.2,258725100.0,30,582.5
2020-06-17,쌈,7.5,12871800.0,9,1723.6
2020-06-17,절임,16.7,24990000.0,1,1500.0
2020-06-18,기타,14.2,6539375.0,19,459.2
2020-06-18,봄,447.8,219692700.0,18,490.6
2020-06-18,쌈,16.2,20899300.0,8,1286.6
2020-06-18,절임,10.0,15000000.0,1,1500.0
2020-06-19,기타,5.4,3245825.0,16,603.1
2020-06-19,봄,468.9,187805800.0,20,400.6
2020-06-19,쌈,9.1,16995100.0,7,1876.7
2020-06-19,절임,10.0,15000000.0,1,1500.0
2020-06-20,기타,0.9,536100.0,2,626.3
2020-06-20,봄,403.7,164220500.0,21,406.8
2020-06-20,쌈,2.2,20117700.0,3,9348.4
2020-06-20,절임,3.3,4980000.0,1,1500.0
2020-06-22,기타,3.6,4476163.0,18,1244.6
2020-06-22,봄,340.9,248753300.0,22,729.8
2020-06-22,쌈,3.5,23959800.0,6,6898.9
2020-06-23,기타,5.4,5508950.0,17,1011.1
2020-06-23,봄,478.1,208399500.0,24,435.9
2020-06-23,쌈,8.4,27565400.0,6,3291.4
2020-06-24,기타,2.1,2676500.0,17,1250.7
2020-06-24,봄,370.6,277453300.0,14,748.7
2020-06-24,쌈,8.6,26431700.0,5,3062.8
2020-06-24,절임,20.0,30000000.0,1,1500.0
2020-06-25,기타,4.4,5075800.0,16,1166.6
2020-06-25,봄,459.2,316654200.0,11,689.6
2020-06-25,쌈,11.9,39366800.0,5,3310.4
2020-06-25,절임,10.0,15000000.0,1,1500.0
2020-06-26,기타,2.9,5735225.0,13,2001.1
2020-06-26,봄,281.3,130484200.0,14,463.9
2020-06-26,쌈,2.6,24324900.0,7,9284.3
2020-06-26,절임,3.3,4980000.0,1,1500.0
2020-06-27,기타,3.9,4805700.0,16,1244.0
2020-06-27,봄,253.3,128739200.0,18,508.2
2020-06-27,쌈,5.5,23799200.0,8,4310.7
2020-06-29,기타,7.5,12102350.0,19,1608.4
2020-06-29,봄,606.1,275248700.0,21,454.1
2020-06-29,쌈,8.5,30408900.0,8,3571.6
2020-06-30,기타,4.9,3466900.0,6,701.0
2020-06-30,봄,507.5,268910100.0,17,529.9
2020-06-30,쌈,10.0,29997600.0,6,3013.0
2020-07-01,기타,2.6,3805450.0,14,1478.3
2020-07-01,봄,10.0,6345300.0,2,634.5
2020-07-01,쌈,1.1,17926300.0,2,15808.0
2020-07-01,여름,226.4,139859800.0,9,617.6
2020-07-02,기타,2.5,5153325.0,18,2065.6
2020-07-02,봄,20.5,7309200.0,2,357.1
2020-07-02,쌈,2.0,16641500.0,4,8201.8
2020-07-02,여름,493.0,199959200.0,11,405.6
2020-07-03,기타,2.4,4152650.0,19,1720.1
2020-07-03,쌈,12.6,28212400.0,8,2247.5
2020-07-03,여름,387.2,175557700.0,11,453.4
2020-07-04,기타,3.1,6654100.0,21,2115.8
2020-07-04,쌈,2.8,15332500.0,6,5555.3
2020-07-04,여름,293.3,192291400.0,10,655.7
2020-07-06,고랭지,0.2,189000.0,1,1125.0
2020-07-06,기타,4.0,6702975.0,21,1685.0
2020-07-06,쌈,6.9,23084700.0,7,3327.3
2020-07-06,여름,565.4,291898700.0,13,516.3
2020-07-07,기타,7.8,11867475.0,24,1527.7
2020-07-07,쌈,7.7,20342700.0,8,2649.5
2020-07-07,여름,478.4,286066500.0,12,598.0
2020-07-07,절임,10.0,15000000.0,1,1500.0
2020-07-08,고랭지,0.3,288600.0,1,975.0
2020-07-08,기타,2.3,4636650.0,18,1987.2
2020-07-08,쌈,9.7,22870900.0,10,2363.2
2020-07-08,여름,380.2,272961100.0,13,718.0
2020-07-08,절임,10.0,15000000.0,1,1500.0
2020-07-09,기타,4.8,7338350.0,18,1536.7
2020-07-09,쌈,5.3,12537500.0,7,2384.5
2020-07-09,여름,378.9,283277800.0,13,747.7
2020-07-09,절임,10.0,15000000.0,1,1500.0
2020-07-10,기타,8.7,10650600.0,24,1223.7
2020-07-10,기타부산물,0.5,5000000.0,1,10000.0
2020-07-10,쌈,8.9,19148100.0,6,2149.5
2020-07-10,여름,330.2,239747000.0,18,726.0
2020-07-10,절임,10.0,15000000.0,1,1500.0
2020-07-11,고랭지,0.7,284000.0,1,400.0
2020-07-11,기타,3.7,6366875.0,18,1743.9
2020-07-11,쌈,5.6,12301900.0,6,2212.2
2020-07-11,여름,126.9,149280700.0,11,1176.2
2020-07-11,절임,10.0,15000000.0,1,1500.0
2020-07-13,기타,5.5,10175375.0,25,1857.4
2020-07-13,쌈,7.3,20390000.0,6,2781.0
2020-07-13,여름,561.3,432595900.0,21,770.7
2020-07-14,기타,4.5,7701100.0,16,1699.9
2020-07-14,쌈,1.9,7725300.0,2,4096.1
2020-07-14,여름,276.4,196934400.0,19,712.5
2020-07-14,절임,6.7,9990000.0,1,1500.0
2020-07-15,기타,2.7,4660650.0,20,1712.1
2020-07-15,쌈,1.8,6685900.0,3,3619.9
2020-07-15,여름,348.6,292099300.0,14,837.9
2020-07-16,기타,9.1,14957050.0,26,1644.0
2020-07-16,쌈,4.7,9149400.0,6,1949.2
2020-07-16,여름,487.7,358870800.0,18,735.8
2020-07-16,절임,10.0,15000000.0,1,1500.0
2020-07-17,기타,4.5,6732875.0,22,1489.4
2020-07-17,쌈,8.0,15563000.0,6,1950.5
2020-07-17,여름,356.8,286905800.0,14,804.0
2020-07-18,기타,5.8,10415250.0,28,1808.8
2020-07-18,쌈,2.4,8009300.0,3,3361.0
2020-07-18,여름,331.2,240382600.0,11,725.7
2020-07-20,기타,9.1,11072750.0,34,1215.6
2020-07-20,쌈,5.9,14870300.0,8,2535.4
2020-07-20,여름,304.2,323036600.0,11,1061.7
2020-07-20,절임,20.0,30000000.0,1,1500.0
2020-07-21,기타,3.6,6530875.0,21,1813.3
2020-07-21,쌈,3.5,11846100.0,5,3413.9
2020-07-21,여름,328.6,345210200.0,20,1050.7
2020-07-21,절임,3.3,4980000.0,1,1500.0
2020-07-22,기타,5.5,6153900.0,3,1121.3
2020-07-22,쌈,9.0,19132100.0,8,2126.5
2020-07-22,여름,468.1,372316300.0,19,795.4
2020-07-23,기타,7.1,9498475.0,25,1339.3
2020-07-23,쌈,5.4,13897400.0,7,2580.3
2020-07-23,여름,344.2,256112100.0,16,744.1
2020-07-23,절임,10.0,15000000.0,1,1500.0
2020-07-24,기타,7.3,9752725.0,18,1327.8
2020-07-24,쌈,6.0,10051100.0,6,1668.8
2020-07-24,여름,354.7,340601020.0,21,960.3
2020-07-24,절임,10.0,15000000.0,1,1500.0
2020-07-25,기타,9.3,11206775.0,29,1200.7
2020-07-25,쌈,1.6,7777900.0,2,4774.6
2020-07-25,여름,203.4,182996800.0,16,899.8
2020-07-25,절임,10.0,15000000.0,1,1500.0
2020-07-27,기타,18.6,24528325.0,26,1317.6
2020-07-27,쌈,4.4,17592600.0,4,4041.5
2020-07-27,여름,606.8,455440300.0,22,750.6
2020-07-28,기타,4.4,7661250.0,24,1750.4
2020-07-28,쌈,9.7,26274200.0,8,2714.8
2020-07-28,여름,485.9,385656700.0,19,793.7
2020-07-29,고랭지,0.2,180000.0,1,750.0
2020-07-29,기타,7.0,10655575.0,21,1513.1
2020-07-29,쌈,6.0,24267700.0,6,4049.3
2020-07-29,여름,379.5,302481700.0,15,797.0
2020-07-30,기타,3.8,7056275.0,21,1850.1
2020-07-30,쌈,4.9,27141200.0,8,5515.4
2020-07-30,여름,314.1,287454400.0,17,915.1
2020-07-31,기타,5.3,8133700.0,25,1547.0
2020-07-31,쌈,6.8,33012100.0,9,4877.0
2020-07-31,여름,277.8,316074900.0,13,1137.8
2020-07-31,절임,56.0,80000000.0,2,1428.6
2020-08-03,고랭지,500.2,467220400.0,16,934.0
2020-08-03,기타,7.3,9796675.0,28,1336.5
2020-08-03,쌈,8.1,49340000.0,9,6079.3
2020-08-04,고랭지,319.3,278749000.0,16,872.9
2020-08-04,기타,7.2,10411500.0,20,1437.3
2020-08-04,쌈,6.4,38592800.0,7,6000.1
2020-08-05,고랭지,428.4,382739200.0,14,893.5
2020-08-05,기타,8.0,13320325.0,18,1660.6
2020-08-05,쌈,10.8,37449300.0,9,3479.4
2020-08-06,고랭지,414.4,340996700.0,14,822.8
2020-08-06,기타,9.8,14424125.0,21,1476.4
2020-08-06,쌈,4.2,31762700.0,8,7626.1
2020-08-07,고랭지,271.9,296018100.0,13,1088.9
2020-08-07,기타,9.3,12036225.0,21,1296.1
2020-08-07,쌈,3.2,26396700.0,8,8287.8
2020-08-07,절임,10.0,15000000.0,1,1500.0
2020-08-08,고랭지,442.2,419287100.0,16,948.1
2020-08-08,기타,10.5,14673375.0,24,1392.4
2020-08-08,쌈,2.5,29343500.0,5,11584.5
2020-08-08,절임,10.0,15000000.0,1,1500.0
2020-08-10,고랭지,600.8,532784700.0,16,886.8
2020-08-10,기타,4.8,8759350.0,23,1834.7
2020-08-10,쌈,7.2,46313800.0,9,6454.9
2020-08-10,절임,10.0,15000000.0,1,1500.0
2020-08-11,고랭지,425.8,456449900.0,15,1072.0
2020-08-11,기타,4.1,8105750.0,17,1979.9
2020-08-11,기타부산물,0.5,5000000.0,1,10000.0
2020-08-11,쌈,3.7,31737800.0,7,8650.3
2020-08-11,여름,0.0,16000.0,1,1600.0
2020-08-11,절임,10.0,15000000.0,1,1500.0
2020-08-12,고랭지,437.2,461004000.0,13,1054.3
2020-08-12,기타,9.2,10859275.0,24,1178.8
2020-08-12,쌈,1.3,21427400.0,5,16110.8
2020-08-12,절임,10.0,15000000.0,1,1500.0
2020-08-13,고랭지,405.8,499184800.0,13,1230.3
2020-08-13,기타,2.3,5490750.0,22,2430.6
2020-08-13,쌈,3.8,22557800.0,8,6007.4
2020-08-13,여름,0.0,18000.0,1,1800.0
2020-08-13,절임,10.0,15000000.0,1,1500.0
2020-08-14,고랭지,381.4,458398600.0,12,1201.9
2020-08-14,기타,5.0,7796475.0,20,1547.8
2020-08-14,쌈,3.2,33286900.0,7,10402.2
2020-08-14,절임,6.7,9990000.0,1,1500.0
2020-08-15,고랭지,362.4,426435400.0,11,1176.6
2020-08-15,기타,6.8,9598400.0,25,1417.5
2020-08-15,쌈,2.5,38681000.0,5,15270.8
2020-08-17,고랭지,333.4,492688800.0,13,1477.5
2020-08-17,기타,4.1,8758125.0,23,2121.0
2020-08-17,쌈,2.1,59009800.0,8,28073.2
2020-08-18,고랭지,321.9,447862800.0,14,1391.4
2020-08-18,기타,2.4,6878625.0,24,2909.7
2020-08-18,쌈,1.7,37464200.0,5,22609.7
2020-08-19,고랭지,431.6,493754500.0,17,1144.0
2020-08-19,기타,5.8,8831450.0,28,1520.5
2020-08-19,쌈,4.7,33996800.0,7,7230.3
2020-08-19,절임,10.0,15000000.0,1,1500.0
2020-08-20,고랭지,364.4,459093000.0,11,1259.9
2020-08-20,기타,2.9,7661575.0,26,2660.3
2020-08-20,쌈,4.6,34232300.0,6,7456.4
2020-08-20,절임,10.0,15000000.0,1,1500.0
2020-08-21,고랭지,415.8,500151800.0,13,1203.0
2020-08-21,기타,2.0,6601225.0,26,3377.4
2020-08-21,쌈,5.1,30406300.0,7,5956.2
2020-08-21,절임,3.3,4980000.0,1,1500.0
2020-08-22,고랭지,243.3,347652900.0,9,1429.1
2020-08-22,기타,5.1,11568475.0,37,2259.5
2020-08-22,쌈,3.1,29295000.0,6,9542.3
2020-08-22,절임,20.0,30000000.0,1,1500.0
2020-08-24,고랭지,405.4,626670700.0,14,1545.9
2020-08-24,기타,3.8,13135625.0,30,3498.2
2020-08-24,쌈,3.6,39274300.0,7,10921.7
2020-08-24,절임,10.0,15000000.0,1,1500.0
2020-08-25,고랭지,443.7,662834400.0,13,1493.8
2020-08-25,기타,2.8,10347750.0,27,3732.1
2020-08-25,쌈,5.1,36324900.0,5,7125.3
2020-08-25,여름,0.0,42000.0,1,2100.0
2020-08-25,절임,10.0,15000000.0,1,1500.0
2020-08-26,고랭지,399.5,565449500.0,9,1415.3
2020-08-26,기타,3.0,10292500.0,22,3429.5
2020-08-26,쌈,1.6,17084000.0,6,10526.2
2020-08-26,여름,0.0,24000.0,1,2400.0
2020-08-26,절임,3.3,4980000.0,1,1500.0
2020-08-27,고랭지,323.8,529874500.0,10,1636.5
2020-08-27,기타,5.2,13442525.0,28,2560.5
2020-08-27,쌈,5.1,22413500.0,7,4386.2
2020-08-27,여름,0.0,24000.0,1,2400.0
2020-08-28,고랭지,291.1,502589900.0,10,1726.3
2020-08-28,기타,1.9,6708925.0,21,3585.3
2020-08-28,쌈,2.2,13110900.0,4,5863.6
2020-08-28,여름,0.0,23000.0,1,2300.0
2020-08-28,절임,53.3,80010000.0,1,1500.0
2020-08-29,고랭지,337.2,452899200.0,9,1343.2
2020-08-29,기타,5.3,15115100.0,31,2876.9
2020-08-29,쌈,2.0,9211300.0,5,4589.6
2020-08-31,고랭지,638.9,691184500.0,13,1081.9
2020-08-31,기타,13.3,27101325.0,29,2031.3
2020-08-31,쌈,2.1,9822900.0,5,4642.2
2020-08-31,절임,53.3,80010000.0,1,1500.0
2020-09-01,고랭지,564.7,544663500.0,11,964.5
2020-09-01,기타,3.2,10565375.0,33,3340.3
2020-09-01,쌈,3.4,14301200.0,7,4197.6
2020-09-02,고랭지,440.5,516590600.0,14,1172.8
2020-09-02,기타,5.3,12715725.0,29,2406.7
2020-09-02,쌈,5.1,24389600.0,8,4750.6
2020-09-03,고랭지,255.8,487142600.0,11,1904.2
2020-09-03,기타,2.5,6268475.0,27,2523.5
2020-09-03,쌈,1.1,12904400.0,4,11440.1
2020-09-04,고랭지,390.0,521336000.0,14,1336.9
2020-09-04,기타,1.2,3956125.0,16,3324.5
2020-09-04,쌈,1.2,14273700.0,4,11699.8
2020-09-05,고랭지,439.7,582872400.0,16,1325.5
2020-09-05,기타,2.0,7644750.0,33,3758.5
2020-09-05,쌈,1.6,15241700.0,7,9757.8
2020-09-07,고랭지,440.0,767500300.0,12,1744.3
2020-09-07,기타,1.3,1846600.0,2,1433.7
2020-09-07,쌈,1.6,27298000.0,4,17577.6
2020-09-08,고랭지,290.1,584530100.0,9,2014.7
2020-09-08,기타,1.0,3913500.0,18,3730.7
2020-09-08,쌈,2.1,27759600.0,6,13397.5
2020-09-08,절임,10.0,15000000.0,1,1500.0
2020-09-09,고랭지,479.8,772412700.0,13,1609.8
2020-09-09,기타,2.0,7902750.0,20,3920.0
2020-09-09,기타부산물,0.5,5000000.0,1,10000.0
2020-09-09,쌈,1.8,18637500.0,7,10206.7
2020-09-09,절임,10.0,20000000.0,1,2000.0
2020-09-10,고랭지,449.6,763602400.0,13,1698.4
2020-09-10,기타,3.6,15422650.0,27,4282.9
2020-09-10,쌈,1.2,12939400.0,6,10537.0
2020-09-10,절임,10.0,20000000.0,1,2000.0
2020-09-11,고랭지,446.9,760570900.0,14,1701.7
2020-09-11,기타,2.4,8155517.0,22,3460.1
2020-09-11,쌈,0.9,19094600.0,3,21006.2
2020-09-11,절임,10.0,20000000.0,1,2000.0
2020-09-12,고랭지,379.0,697995100.0,17,1841.9
2020-09-12,기타,4.9,21512400.0,35,4372.7
2020-09-12,쌈,1.6,28850100.0,6,17975.1
2020-09-12,절임,12.5,25000000.0,1,2000.0
2020-09-14,고랭지,478.6,1091570900.0,14,2281.0
2020-09-14,기타,3.4,17124925.0,30,5032.3
2020-09-14,쌈,3.0,30951000.0,4,10365.4
2020-09-15,고랭지,576.2,1231842100.0,20,2137.8
2020-09-15,기타,6.8,19379067.0,47,2846.5
2020-09-15,쌈,2.8,18080400.0,6,6572.3
2020-09-15,절임,10.0,20000000.0,1,2000.0
2020-09-16,고랭지,733.7,1471509300.0,22,2005.7
2020-09-16,기타,7.4,23300531.0,29,3153.2
2020-09-16,쌈,1.4,11729400.0,4,8493.4
2020-09-16,절임,10.0,20000000.0,1,2000.0
2020-09-17,고랭지,660.4,1333570900.0,17,2019.4
2020-09-17,기타,10.3,40247675.0,33,3911.0
2020-09-17,쌈,3.7,28193800.0,6,7585.1
2020-09-17,절임,5.7,10010000.0,1,1750.0
2020-09-18,고랭지,752.5,1358907800.0,17,1805.9
2020-09-18,기타,6.0,20601250.0,30,3442.7
2020-09-18,쌈,1.7,14267900.0,5,8290.5
2020-09-19,고랭지,570.9,1057671000.0,15,1852.8
2020-09-19,기타,16.9,49483375.0,45,2924.8
2020-09-19,쌈,2.2,12839800.0,6,5781.1
2020-09-21,고랭지,982.6,1792480700.0,17,1824.1
2020-09-21,기타,16.5,38931409.0,43,2353.9
2020-09-21,기타부산물,0.5,5000000.0,1,10000.0
2020-09-21,쌈,2.1,11612800.0,6,5653.7
2020-09-22,고랭지,741.0,1456291200.0,15,1965.2
2020-09-22,기타,13.2,26015025.0,39,1974.6
2020-09-22,쌈,1.4,9358000.0,7,6830.7
2020-09-23,고랭지,1017.2,1825277400.0,19,1794.5
2020-09-23,기타,6.5,17206693.0,39,2643.9
2020-09-23,쌈,2.5,16968000.0,7,6682.9
2020-09-24,고랭지,843.7,1605601300.0,18,1903.0
2020-09-24,기타,17.5,30191650.0,42,1724.6
2020-09-24,쌈,3.1,29508300.0,7,9466.9
2020-09-25,고랭지,808.4,1473352300.0,27,1822.5
2020-09-25,기타,24.5,51367925.0,41,2092.6
2020-09-25,쌈,2.3,18885700.0,8,8308.7
2020-09-26,고랭지,760.5,1356250100.0,18,1783.2
2020-09-26,기타,12.5,29429681.0,49,2359.4
2020-09-26,기타부산물,0.2,307500.0,1,1500.0
2020-09-26,쌈,2.0,15593400.0,6,7951.8
2020-09-28,고랭지,1083.7,1917457500.0,21,1769.3
2020-09-28,기타,30.7,62654650.0,42,2037.7
2020-09-28,기타부산물,0.6,222300.0,1,390.0
2020-09-28,쌈,7.9,34803000.0,15,4396.5
2020-09-29,고랭지,953.6,1643069900.0,18,1723.1
2020-09-29,기타,19.0,33844750.0,39,1776.8
2020-09-29,기타부산물,0.3,100000.0,1,312.5
2020-09-29,쌈,3.4,19982300.0,8,5894.5
2020-09-29,절임,40.0,80000000.0,1,2000.0
2020-09-30,고랭지,140.3,223669400.0,9,1593.7
2020-09-30,기타,7.6,8825625.0,22,1164.7
2020-09-30,쌈,1.6,8516900.0,8,5231.5
2020-10-05,가을,804.5,1237141600.0,23,1537.8
2020-10-05,기타,54.5,99755925.0,51,1831.4
2020-10-05,기타부산물,0.5,5000000.0,1,10000.0
2020-10-05,쌈,4.5,13418500.0,12,2968.0
2020-10-06,가을,772.3,1076654900.0,26,1394.1
2020-10-06,기타,32.6,54240100.0,42,1661.7
2020-10-06,쌈,9.6,21519500.0,10,2238.4
2020-10-07,가을,668.2,980668900.0,25,1467.6
2020-10-07,고랭지,23.4,46800000.0,4,2000.0
2020-10-07,기타,25.8,43767250.0,44,1699.5
2020-10-07,쌈,2.8,7774900.0,11,2801.8
2020-10-08,가을,583.3,724895000.0,25,1242.7
2020-10-08,고랭지,78.3,105772500.0,1,1350.0
2020-10-08,기타,25.5,38852750.0,43,1524.9
2020-10-08,쌈,2.1,7471200.0,9,3494.5
2020-10-09,가을,715.6,717428900.0,24,1002.5
2020-10-09,기타,9.4,15958500.0,41,1700.2
2020-10-09,쌈,5.8,20566300.0,13,3568.1
2020-10-10,가을,459.2,374258900.0,20,815.0
2020-10-10,기타,16.8,26941125.0,37,1599.9
2020-10-10,쌈,5.8,17928600.0,12,3091.7
2020-10-12,가을,748.2,609628700.0,24,814.8
2020-10-12,기타,53.1,66681975.0,50,1256.7
2020-10-12,기타부산물,0.2,90000.0,1,500.0
2020-10-12,쌈,5.3,24010000.0,14,4520.8
2020-10-13,가을,726.3,411962400.0,24,567.2
2020-10-13,기타,46.4,44193975.0,48,952.6
2020-10-13,쌈,7.4,19348500.0,15,2609.0
2020-10-14,가을,664.9,379750900.0,25,571.1
2020-10-14,기타,26.8,24075825.0,31,897.3
2020-10-14,쌈,6.0,13847100.0,15,2318.3
2020-10-15,가을,547.8,353630000.0,20,645.6
2020-10-15,기타,49.7,36024650.0,38,725.3
2020-10-15,쌈,6.8,14293000.0,11,2116.9
2020-10-16,가을,589.8,331476200.0,18,562.0
2020-10-16,기타,37.8,29163125.0,49,770.6
2020-10-16,쌈,8.5,15898300.0,14,1876.3
2020-10-16,절임,10.0,18500000.0,1,1850.0
2020-10-17,가을,568.2,302138600.0,28,531.7
2020-10-17,기타,25.7,25885761.0,37,1005.6
2020-10-17,쌈,6.1,13053200.0,13,2140.2
2020-10-17,절임,10.0,18500000.0,1,1850.0
2020-10-19,가을,739.4,397080700.0,24,537.1
2020-10-19,기타,32.2,28053725.0,35,872.3
2020-10-19,쌈,6.2,12221400.0,13,1970.9
2020-10-19,절임,10.0,17500000.0,1,1750.0
2020-10-20,가을,731.1,378688000.0,22,518.0
2020-10-20,기타,28.8,24037900.0,27,835.6
2020-10-20,기타부산물,0.5,5000000.0,1,10000.0
2020-10-20,쌈,7.0,12754900.0,12,1819.0
2020-10-20,절임,10.0,17500000.0,1,1750.0
2020-10-21,가을,638.0,321091000.0,22,503.2
2020-10-21,기타,22.1,16737075.0,30,757.0
2020-10-21,쌈,9.0,15116100.0,15,1681.6
2020-10-21,절임,20.0,35000000.0,2,1750.0
2020-10-22,가을,763.7,382022800.0,25,500.2
2020-10-22,기타,35.6,27153900.0,31,762.6
2020-10-22,쌈,6.8,11089500.0,11,1630.6
2020-10-22,절임,16.0,28000000.0,2,1750.0
2020-10-23,가을,783.2,357662000.0,26,456.7
2020-10-23,기타,36.2,28992875.0,31,801.1
2020-10-23,쌈,6.8,12447000.0,13,1818.4
2020-10-23,절임,8.6,14980000.0,1,1750.0
2020-10-24,가을,546.3,238695600.0,22,436.9
2020-10-24,기타,23.7,17891800.0,32,755.3
2020-10-24,쌈,8.0,13093500.0,12,1629.2
2020-10-26,가을,672.0,327593300.0,29,487.5
2020-10-26,기타,39.3,25468400.0,31,647.7
2020-10-26,쌈,10.4,19396600.0,17,1867.4
2020-10-27,가을,539.4,259771000.0,31,481.6
2020-10-27,기타,31.2,21427700.0,36,686.9
2020-10-27,쌈,9.4,14425600.0,12,1531.1
2020-10-27,절임,10.0,16500000.0,1,1650.0
2020-10-28,가을,653.5,288829900.0,33,442.0
2020-10-28,기타,30.1,19000625.0,25,631.5
2020-10-28,쌈,15.0,22527800.0,15,1504.2
2020-10-28,절임,10.0,16500000.0,1,1650.0
2020-10-29,가을,612.3,264115000.0,32,431.3
2020-10-29,기타,33.2,17700800.0,26,533.0
2020-10-29,기타부산물,0.5,5000000.0,1,10000.0
2020-10-29,쌈,9.5,13175900.0,11,1387.1
2020-10-29,절임,10.3,16995000.0,1,1650.0
2020-10-30,가을,649.2,258925500.0,26,398.8
2020-10-30,고랭지,0.0,27000.0,1,1350.0
2020-10-30,기타,36.1,20075950.0,30,556.4
2020-10-30,쌈,10.1,15408800.0,14,1530.3
2020-10-31,가을,537.4,190199700.0,25,353.9
2020-10-31,기타,33.1,18521700.0,38,560.3
2020-10-31,쌈,3.9,9275700.0,12,2357.2
2020-10-31,절임,40.0,80000000.0,1,2000.0
2020-11-02,가을,621.6,253503000.0,28,407.8
2020-11-02,기타,35.7,19111975.0,38,535.5
2020-11-02,쌈,4.7,11969500.0,9,2571.9
2020-11-03,가을,643.4,281772300.0,24,437.9
2020-11-03,기타,36.8,21725050.0,29,590.8
2020-11-03,쌈,5.9,16240700.0,9,2760.1
2020-11-04,가을,578.0,236784600.0,26,409.6
2020-11-04,기타,52.9,28075050.0,42,530.4
2020-11-04,쌈,6.4,9778700.0,11,1517.5
2020-11-05,가을,449.3,219215500.0,30,487.9
2020-11-05,기타,49.9,25175725.0,39,504.7
2020-11-05,쌈,1.9,5485800.0,7,2902.5
2020-11-06,가을,673.0,321693200.0,40,478.0
2020-11-06,기타,90.4,49891800.0,37,552.1
2020-11-06,쌈,6.1,10491700.0,11,1720.8
2020-11-06,절임,2.6,3642000.0,2,1379.5
2020-11-07,가을,662.4,251785200.0,39,380.1
2020-11-07,기타,76.9,38833500.0,36,504.7
2020-11-07,쌈,1.2,4199900.0,5,3532.3
2020-11-07,절임,5.3,7418000.0,4,1404.9
2020-11-09,가을,621.4,255473700.0,43,411.1
2020-11-09,기타,82.0,41824900.0,43,510.3
2020-11-09,쌈,7.3,15821800.0,7,2154.7
2020-11-09,절임,40.3,58270000.0,5,1447.3
2020-11-10,가을,580.6,277993300.0,38,478.8
2020-11-10,기타,79.1,41596550.0,33,525.6
2020-11-10,쌈,7.7,14553200.0,11,1889.5
2020-11-10,절임,16.9,24388000.0,4,1441.4
2020-11-11,가을,688.3,328287200.0,40,477.0
2020-11-11,기타,68.2,43164700.0,27,633.0
2020-11-11,쌈,4.6,8931300.0,11,1950.9
2020-11-11,절임,71.6,106291000.0,5,1484.9
2020-11-12,가을,766.1,359050700.0,43,468.7
2020-11-12,기타,50.1,31222700.0,27,622.6
2020-11-12,쌈,2.7,7622900.0,9,2841.2
2020-11-12,절임,20.7,29336000.0,4,1414.5
2020-11-13,가을,762.6,431036500.0,32,565.2
2020-11-13,기타,105.3,68747701.0,28,652.6
2020-11-13,쌈,5.2,10811500.0,8,2079.5
2020-11-13,절임,45.0,64358000.0,6,1429.5
2020-11-14,가을,992.8,489216200.0,42,492.7
2020-11-14,기타,119.6,78033550.0,37,652.5
2020-11-14,쌈,1.8,8387800.0,4,4782.1
2020-11-14,절임,32.0,44942000.0,4,1402.7
2020-11-16,가을,1210.2,526633700.0,45,435.2
2020-11-16,기타,13.1,7815066.0,23,598.3
2020-11-16,쌈,8.0,18539000.0,10,2325.2
2020-11-16,절임,21.4,29918000.0,4,1399.3
2020-11-17,가을,1141.5,480293400.0,41,420.8
2020-11-17,기타,5.5,6138100.0,25,1111.0
2020-11-17,쌈,3.2,9360200.0,8,2904.2
2020-11-17,절임,19.8,28456000.0,4,1435.7
2020-11-18,가을,1034.2,490347900.0,34,474.1
2020-11-18,기타,8.2,6979800.0,20,849.4
2020-11-18,쌈,10.3,12772800.0,13,1234.2
2020-11-18,절임,37.9,54228000.0,6,1430.8
2020-11-19,가을,838.1,490077400.0,31,584.7
2020-11-19,기타,5.6,5800850.0,20,1034.2
2020-11-19,쌈,5.2,6067600.0,11,1176.3
2020-11-19,절임,39.9,56059000.0,6,1405.0
2020-11-20,가을,599.8,394045200.0,28,657.0
2020-11-20,기타,12.3,15285133.0,14,1243.5
2020-11-20,쌈,5.6,6404800.0,11,1151.5
2020-11-20,절임,81.0,112862000.0,5,1392.5
2020-11-21,가을,1310.8,683434500.0,41,521.4
2020-11-21,기타,13.3,9601500.0,20,720.0
2020-11-21,쌈,3.7,4657900.0,8,1251.1
2020-11-21,절임,102.4,139894500.0,5,1366.4
2020-11-23,가을,1373.4,641917800.0,35,467.4
2020-11-23,기타,16.1,16819400.0,30,1044.7
2020-11-23,쌈,6.6,10198700.0,8,1546.4
2020-11-23,절임,38.9,53500000.0,6,1376.7
2020-11-24,가을,1041.0,405799600.0,29,389.8
2020-11-24,기타,13.5,7634600.0,25,566.1
2020-11-24,쌈,1.9,4176800.0,6,2175.4
2020-11-24,절임,43.9,59376000.0,6,1353.1
2020-11-25,가을,948.1,374951300.0,28,395.5
2020-11-25,기타,7.6,7250500.0,20,952.0
2020-11-25,쌈,9.2,10108900.0,11,1101.8
2020-11-25,절임,51.6,71310500.0,4,1383.1
2020-11-26,가을,1118.8,479391800.0,28,428.5
2020-11-26,기타,7.0,6391900.0,15,919.7
2020-11-26,쌈,8.3,9427400.0,12,1136.2
2020-11-26,절임,60.4,83024500.0,5,1374.1
2020-11-27,가을,1017.0,497363700.0,28,489.0
2020-11-27,기타,19.6,20974300.0,18,1072.9
2020-11-27,쌈,4.9,7151800.0,10,1456.3
2020-11-27,월동,11.8,5664000.0,1,480.0
2020-11-27,절임,157.4,216962000.0,6,1378.4
2020-11-28,가을,835.7,353400700.0,24,422.9
2020-11-28,기타,25.0,27333300.0,20,1093.8
2020-11-28,쌈,9.2,10789000.0,9,1172.3
2020-11-28,절임,132.6,180041000.0,5,1358.2
2020-11-30,가을,835.1,246355500.0,18,295.0
2020-11-30,기타,6.5,4742900.0,9,731.5
2020-11-30,쌈,2.9,8971200.0,7,3140.1
2020-11-30,절임,42.9,64213500.0,4,1496.8
2020-12-01,가을,556.5,136522200.0,14,245.3
2020-12-01,기타,4.4,5921300.0,15,1335.7
2020-12-01,쌈,11.4,14152300.0,13,1239.5
2020-12-01,절임,21.1,29099200.0,3,1376.5
2020-12-02,가을,450.3,112350100.0,8,249.5
2020-12-02,기타,6.2,7557650.0,15,1224.0
2020-12-02,쌈,2.3,5185800.0,6,2237.2
2020-12-02,절임,68.8,95569000.0,5,1389.9
2020-12-03,가을,391.8,161157500.0,14,411.4
2020-12-03,기타,6.0,5050900.0,12,845.9
2020-12-03,쌈,8.4,12828800.0,10,1535.8
2020-12-03,절임,17.5,22839500.0,2,1305.1
2020-12-04,가을,664.9,266016100.0,14,400.1
2020-12-04,기타,12.3,10511000.0,11,855.6
2020-12-04,쌈,2.3,6646800.0,6,2950.2
2020-12-04,절임,51.0,69369000.0,2,1360.2
2020-12-05,가을,575.2,196681900.0,19,341.9
2020-12-05,기타,10.7,10641400.0,13,998.3
2020-12-05,쌈,6.1,11290200.0,7,1850.9
2020-12-05,절임,73.0,96883000.0,5,1326.4
2020-12-07,가을,569.5,184372500.0,9,323.8
2020-12-07,기타,2.7,3619625.0,15,1319.6
2020-12-07,쌈,8.0,15104000.0,11,1883.1
2020-12-07,절임,16.2,21403500.0,3,1321.2
2020-12-08,가을,363.2,113363300.0,5,312.1
2020-12-08,기타,3.1,2698200.0,13,869.0
2020-12-08,쌈,8.2,14359500.0,9,1744.4
2020-12-08,절임,19.1,25572000.0,2,1336.1
2020-12-09,가을,439.9,100548000.0,6,228.6
2020-12-09,기타,8.3,4048100.0,8,490.5
2020-12-09,쌈,4.2,9314900.0,10,2207.3
2020-12-09,절임,29.6,41131500.0,3,1387.7
2020-12-10,가을,59.5,15044200.0,4,252.8
2020-12-10,기타,5.2,18369500.0,17,3504.3
2020-12-10,쌈,5.9,12672400.0,11,2153.0
2020-12-10,절임,27.0,36383500.0,3,1348.5
2020-12-11,가을,367.4,111694600.0,10,304.1
2020-12-11,기타,6.1,4554500.0,10,745.9
2020-12-11,쌈,8.1,13441700.0,11,1669.4
2020-12-11,절임,53.6,80341500.0,4,1498.6
2020-12-12,가을,284.4,97776900.0,10,343.7
2020-12-12,기타,5.4,5945500.0,11,1103.3
2020-12-12,쌈,7.7,11156200.0,14,1450.4
2020-12-12,절임,19.7,26071000.0,4,1323.4
2020-12-14,가을,461.4,174034400.0,4,377.2
2020-12-14,기타,0.1,636000.0,3,6424.2
2020-12-14,쌈,4.4,11983800.0,9,2720.5
2020-12-14,절임,1.6,2173500.0,2,1341.7
2020-12-15,가을,277.2,84578200.0,4,305.1
2020-12-15,기타,0.8,567400.0,9,688.6
2020-12-15,쌈,2.9,9773100.0,5,3360.8
2020-12-15,절임,3.3,4461500.0,2,1360.2
2020-12-16,가을,92.3,27694100.0,2,299.9
2020-12-16,기타,11.3,13161700.0,6,1162.9
2020-12-16,쌈,22.1,21728700.0,11,982.2
2020-12-16,절임,0.8,1117000.0,2,1329.8
2020-12-17,가을,95.8,27301600.0,4,284.8
2020-12-17,기타,0.9,752000.0,6,813.9
2020-12-17,쌈,3.0,7005400.0,6,2328.1
2020-12-17,절임,1.5,1918000.0,3,1245.5
2020-12-18,가을,126.8,38260600.0,5,301.7
2020-12-18,기타,11.3,14415500.0,8,1271.2
2020-12-18,쌈,9.8,9783500.0,10,997.1
2020-12-18,절임,4.4,10240500.0,3,2332.7
2020-12-19,가을,213.8,67075500.0,6,313.8
2020-12-19,기타,0.8,976500.0,6,1189.4
2020-12-19,쌈,2.9,8014900.0,9,2768.5
2020-12-19,절임,1.3,1653500.0,3,1291.8
2020-12-21,가을,413.4,130541800.0,10,315.8
2020-12-21,기타,0.7,1372000.0,6,1851.6
2020-12-21,쌈,8.9,19632800.0,16,2218.1
2020-12-22,가을,283.0,76137800.0,6,269.0
2020-12-22,기타,0.3,575400.0,5,1658.2
2020-12-22,쌈,8.0,14696400.0,12,1840.5
2020-12-22,절임,10.0,14000000.0,1,1400.0
2020-12-23,가을,374.0,93210000.0,9,249.2
2020-12-23,기타,0.3,630000.0,3,1863.9
2020-12-23,쌈,6.8,15967500.0,14,2352.3
2020-12-23,절임,13.6,18680000.0,1,1373.5
2020-12-24,가을,196.9,54430500.0,7,276.4
2020-12-24,기타,0.5,675800.0,4,1343.5
2020-12-24,쌈,8.0,16310700.0,11,2028.4
2020-12-24,절임,12.0,18284500.0,3,1523.7
2020-12-25,가을,259.2,66200800.0,6,255.4
2020-12-25,기타,0.6,878400.0,9,1452.4
2020-12-25,쌈,11.7,18330900.0,16,1561.8
2020-12-25,절임,5.8,8092000.0,1,1400.0
2020-12-26,가을,98.7,28142000.0,4,285.1
2020-12-26,기타,0.5,707000.0,3,1349.2
2020-12-26,기타부산물,0.1,10500.0,1,140.0
2020-12-26,쌈,15.0,22906000.0,17,1526.0
2020-12-28,가을,276.9,85165000.0,7,307.6
2020-12-28,기타,1.0,2604500.0,16,2566.8
2020-12-28,쌈,8.1,24907200.0,13,3056.8
2020-12-28,절임,0.0,30000.0,1,3000.0
2020-12-29,가을,258.5,83250800.0,7,322.0
2020-12-29,기타,0.5,1003500.0,9,2158.1
2020-12-29,쌈,14.9,31405600.0,16,2105.2
2020-12-29,절임,3.0,3952000.0,1,1300.0
2020-12-30,가을,432.9,122241400.0,9,282.4
2020-12-30,기타,0.8,2138500.0,7,2828.7
2020-12-30,쌈,9.1,22532100.0,12,2476.3
2020-12-30,절임,104.3,149906000.0,1,1436.7
2020-12-31,가을,97.2,21372800.0,3,220.0
2020-12-31,기타,0.1,965600.0,7,6976.9
2020-12-31,쌈,5.1,12933700.0,8,2557.1
2021-01-04,기타,0.4,10940600.0,10,25628.0
2021-01-04,기타부산물,2.0,1212500.0,2,598.8
2021-01-04,쌈,17.8,26569800.0,14,1494.4
2021-01-04,월동,276.5,86348800.0,10,312.3
2021-01-04,절임,0.9,1458200.0,1,1585.0
2021-01-05,기타,0.2,878300.0,4,5151.3
2021-01-05,쌈,8.5,15058800.0,8,1776.2
2021-01-05,월동,359.7,108722500.0,9,302.3
2021-01-06,기타,0.8,5165900.0,7,6678.6
2021-01-06,기타부산물,0.5,388800.0,1,720.0
2021-01-06,쌈,6.8,13738900.0,10,2027.9
2021-01-06,월동,404.1,118454400.0,9,293.1
2021-01-06,절임,2.0,1200000.0,1,600.0
2021-01-07,기타,0.2,952500.0,7,4218.3
2021-01-07,기타부산물,0.5,384000.0,1,800.0
2021-01-07,쌈,7.4,15640500.0,9,2121.9
2021-01-07,월동,147.9,43940500.0,6,297.1
2021-01-08,기타,0.1,332900.0,4,2739.9
2021-01-08,기타부산물,0.8,615800.0,1,774.6
2021-01-08,쌈,9.8,11221700.0,7,1142.3
2021-01-08,월동,86.8,18527200.0,4,213.4
2021-01-09,기타,0.6,517000.0,3,828.5
2021-01-09,기타부산물,0.5,378000.0,1,840.0
2021-01-09,쌈,1.8,3931600.0,5,2185.4
2021-01-09,월동,4.0,1012400.0,2,253.1
2021-01-11,기타,9.8,4414500.0,3,449.0
2021-01-11,기타부산물,0.8,762400.0,1,907.6
2021-01-11,쌈,6.3,10505700.0,6,1666.5
2021-01-11,월동,109.0,38690100.0,7,355.0
2021-01-12,기타부산물,1.4,1080000.0,1,800.0
2021-01-12,쌈,4.2,9696400.0,8,2310.9
2021-01-12,월동,257.5,88285700.0,6,342.8
2021-01-12,절임,18.5,19106000.0,2,1032.2
2021-01-13,기타,20.1,9105400.0,7,452.5
2021-01-13,쌈,3.8,8298700.0,9,2162.8
2021-01-13,월동,69.2,30601000.0,5,442.2
2021-01-13,절임,10.0,14000000.0,1,1400.0
2021-01-14,기타,20.6,10417500.0,12,505.9
2021-01-14,기타부산물,2.7,1970000.0,2,721.6
2021-01-14,쌈,15.1,22256000.0,13,1476.7
2021-01-14,월동,255.7,95116000.0,6,372.0
2021-01-14,절임,13.5,16112000.0,2,1191.7
2021-01-15,기타,20.4,11606700.0,15,568.0
2021-01-15,기타부산물,4.0,2633600.0,2,650.3
2021-01-15,쌈,15.3,23847900.0,16,1555.1
2021-01-15,월동,189.4,74488100.0,6,393.2
2021-01-15,절임,12.0,16600000.0,2,1383.3
2021-01-16,기타,2.0,13805550.0,16,6741.3
2021-01-16,기타부산물,1.6,1015800.0,1,638.9
2021-01-16,쌈,15.1,26241500.0,16,1740.4
2021-01-16,월동,208.1,80713700.0,5,387.9
2021-01-16,절임,10.1,14112000.0,1,1400.0
2021-01-18,기타,1.0,6669150.0,14,6506.5
2021-01-18,기타부산물,2.5,1408400.0,2,562.2
2021-01-18,쌈,17.5,25490900.0,15,1459.1
2021-01-18,월동,327.5,134106100.0,8,409.4
2021-01-18,절임,10.0,14000000.0,1,1400.0
2021-01-19,기타,0.1,721000.0,5,5187.1
2021-01-19,기타부산물,1.9,964000.0,2,494.4
2021-01-19,쌈,20.2,29642700.0,15,1465.3
2021-01-19,월동,217.1,97955300.0,8,451.2
2021-01-19,절임,11.4,15988000.0,1,1400.0
2021-01-20,기타,21.0,12248600.0,16,582.9
2021-01-20,기타부산물,4.5,1903500.0,2,423.0
2021-01-20,쌈,16.5,22919300.0,15,1385.8
2021-01-20,월동,265.8,97459600.0,7,366.7
2021-01-21,기타,1.1,2906400.0,12,2599.6
2021-01-21,기타부산물,0.9,492000.0,1,546.7
2021-01-21,쌈,16.1,21595400.0,14,1337.2
2021-01-21,월동,246.7,80334000.0,7,325.6
2021-01-22,기타,1.7,3475500.0,12,2091.2
2021-01-22,기타부산물,1.1,525000.0,1,466.7
2021-01-22,쌈,12.4,16243400.0,14,1312.4
2021-01-22,월동,300.1,92571400.0,9,308.5
2021-01-22,절임,19.6,19784000.0,3,1007.3
2021-01-23,기타,1.1,2455500.0,10,2320.9
2021-01-23,기타부산물,0.5,213000.0,1,473.3
2021-01-23,쌈,15.8,19047900.0,15,1207.5
2021-01-23,월동,118.3,39137800.0,5,330.8
2021-01-23,절임,13.1,15872000.0,2,1209.8
2021-01-25,기타,14.5,37842100.0,18,2613.8
2021-01-25,기타부산물,4.1,1964000.0,2,481.4
2021-01-25,쌈,19.3,20758300.0,13,1077.5
2021-01-25,월동,175.5,79489200.0,6,452.9
2021-01-25,절임,10.0,14000000.0,1,1400.0
2021-01-26,기타,1.9,3849900.0,14,2019.9
2021-01-26,기타부산물,0.3,204600.0,1,620.0
2021-01-26,쌈,16.3,17704900.0,12,1083.0
2021-01-26,월동,345.9,148792400.0,8,430.2
2021-01-26,절임,15.7,22008000.0,1,1400.0
2021-01-27,기타,24.0,41013400.0,17,1711.9
2021-01-27,기타부산물,0.8,536200.0,1,687.4
2021-01-27,쌈,18.9,21175400.0,14,1121.6
2021-01-27,월동,176.4,92521100.0,4,524.5
2021-01-27,절임,10.0,14000000.0,1,1400.0
2021-01-28,기타,1.1,3205400.0,10,2930.0
2021-01-28,쌈,16.7,19327700.0,13,1160.4
2021-01-28,월동,414.3,223762700.0,7,540.1
2021-01-28,절임,10.0,14000000.0,1,1400.0
2021-01-29,기타,1.2,3449900.0,10,2956.2
2021-01-29,기타부산물,1.1,859200.0,1,806.8
2021-01-29,쌈,10.0,14992000.0,9,1492.5
2021-01-29,월동,350.6,151334160.0,9,431.6
2021-01-29,절임,68.8,89838000.0,3,1306.4
2021-01-30,기타,0.7,5675400.0,8,8010.4
2021-01-30,기타부산물,0.6,579600.0,1,898.6
2021-01-30,쌈,12.7,18476000.0,13,1451.8
2021-01-30,월동,116.7,55828200.0,8,478.4
2021-01-30,절임,2.0,2600000.0,1,1300.0
2021-02-01,기타,1.1,4345000.0,17,4021.3
2021-02-01,기타부산물,1.5,1219800.0,2,838.4
2021-02-01,쌈,20.9,24130900.0,12,1155.5
2021-02-01,월동,389.9,203063200.0,12,520.8
2021-02-02,기타,1.1,4565600.0,9,4215.7
2021-02-02,기타부산물,0.5,450000.0,1,1000.0
2021-02-02,쌈,13.8,20505500.0,13,1487.1
2021-02-02,월동,346.8,133817500.0,10,385.8
2021-02-02,절임,9.4,5628000.0,1,600.0
2021-02-03,기타,0.6,2114000.0,7,3715.3
2021-02-03,기타부산물,3.6,3245000.0,2,909.0
2021-02-03,쌈,20.0,26871800.0,10,1340.9
2021-02-03,월동,336.9,152871300.0,11,453.8
2021-02-04,기타,10.6,13131500.0,15,1236.4
2021-02-04,기타부산물,3.5,3349000.0,2,958.2
2021-02-04,쌈,13.6,21728900.0,9,1596.7
2021-02-04,월동,319.1,132902700.0,8,416.5
2021-02-05,기타,1.5,4001600.0,10,2715.0
2021-02-05,기타부산물,4.5,3312500.0,2,743.5
2021-02-05,쌈,11.2,19780000.0,10,1762.6
2021-02-05,월동,277.7,125135500.0,7,450.6
2021-02-06,기타,1.3,3877700.0,13,3029.5
2021-02-06,기타부산물,1.8,783700.0,1,446.6
2021-02-06,쌈,25.8,35521900.0,14,1378.3
2021-02-06,월동,190.6,85570100.0,8,449.0
2021-02-08,기타,14.7,14876700.0,15,1010.1
2021-02-08,기타부산물,1.4,891500.0,2,619.1
2021-02-08,쌈,34.2,34248300.0,11,1002.2
2021-02-08,월동,363.3,181780500.0,10,500.3
2021-02-08,저장,10.0,5700000.0,2,570.0
2021-02-09,기타,3.3,29995200.0,11,9053.8
2021-02-09,기타부산물,1.8,938000.0,2,521.1
2021-02-09,쌈,39.6,40102300.0,19,1012.7
2021-02-09,월동,204.2,119059500.0,7,583.2
2021-02-09,절임,10.8,6468000.0,1,600.0
2021-02-10,기타,0.7,1387450.0,7,1856.1
2021-02-10,기타부산물,2.0,995000.0,1,506.4
2021-02-10,쌈,10.4,20691700.0,9,1986.0
2021-02-10,월동,286.9,143703900.0,7,501.0
2021-02-10,절임,10.3,6156000.0,1,600.0
2021-02-11,기타,0.6,732200.0,7,1159.5
2021-02-11,기타부산물,2.1,858000.0,2,414.5
2021-02-11,쌈,5.5,8987100.0,5,1642.1
2021-02-11,월동,12.8,5270000.0,4,412.7
2021-02-15,기타,0.6,1115800.0,4,1925.5
2021-02-15,기타부산물,0.2,134400.0,1,746.7
2021-02-15,쌈,20.0,24096200.0,9,1207.1
2021-02-15,월동,205.4,110294800.0,8,536.9
2021-02-16,기타,2.9,32508700.0,16,11139.2
2021-02-16,기타부산물,2.0,1211400.0,2,602.7
2021-02-16,봄,2.7,1725000.0,1,638.9
2021-02-16,쌈,10.9,16235000.0,9,1492.6
2021-02-16,월동,204.7,119042900.0,11,581.7
2021-02-17,기타부산물,0.6,451000.0,1,733.3
2021-02-17,쌈,16.5,19112600.0,11,1158.1
2021-02-17,월동,190.4,132080400.0,7,693.7
2021-02-18,기타,0.4,1222750.0,5,3135.3
2021-02-18,기타부산물,2.1,1484200.0,2,706.8
2021-02-18,쌈,6.9,8110400.0,10,1182.6
2021-02-18,월동,111.8,84929600.0,6,759.7
2021-02-19,기타,2.2,21087500.0,32,9651.5
2021-02-19,기타부산물,0.5,515000.0,2,955.5
2021-02-19,쌈,7.4,7750200.0,10,1053.0
2021-02-19,월동,153.4,132919400.0,7,866.4
2021-02-20,기타,1.1,8418300.0,27,7359.3
2021-02-20,기타부산물,3.6,2432400.0,2,675.7
2021-02-20,쌈,4.4,6157400.0,7,1411.0
2021-02-20,월동,199.7,149871500.0,9,750.6
2021-02-22,기타,2.2,14153875.0,40,6555.8
2021-02-22,기타부산물,5.9,4038400.0,2,681.6
2021-02-22,쌈,21.1,23210600.0,9,1100.1
2021-02-22,월동,421.9,271827800.0,12,644.4
2021-02-23,기타,2.7,14088925.0,45,5276.6
2021-02-23,기타부산물,1.9,938400.0,1,496.5
2021-02-23,쌈,20.6,22886400.0,12,1112.5
2021-02-23,월동,257.5,171895600.0,11,667.6
2021-02-23,절임,10.0,14000000.0,1,1400.0
2021-02-24,기타,1.8,8695525.0,54,4764.9
2021-02-24,기타부산물,1.1,693500.0,1,633.3
2021-02-24,쌈,13.4,13885000.0,9,1034.5
2021-02-24,월동,351.8,218038400.0,10,619.8
2021-02-24,절임,10.0,14000000.0,1,1400.0
2021-02-25,기타,2.8,14748450.0,22,5324.3
2021-02-25,기타부산물,1.1,792000.0,1,733.3
2021-02-25,쌈,16.3,18236600.0,10,1117.8
2021-02-25,월동,301.8,187943500.0,9,622.7
2021-02-25,절임,10.0,14000000.0,1,1400.0
2021-02-26,기타,1.9,9438175.0,24,4895.8
2021-02-26,기타부산물,1.1,975000.0,1,866.7
2021-02-26,쌈,11.0,13518000.0,8,1223.7
2021-02-26,월동,246.0,168111300.0,8,683.4
2021-02-26,절임,10.0,14000000.0,1,1400.0
2021-02-27,기타,2.1,9442675.0,18,4393.0
2021-02-27,기타부산물,1.4,984000.0,1,705.4
2021-02-27,쌈,8.9,12168600.0,6,1367.4
2021-02-27,월동,185.1,112022200.0,8,605.2
2021-02-27,절임,10.0,14000000.0,1,1400.0
2021-03-01,기타,0.7,2952926.0,12,3990.4
2021-03-01,기타부산물,0.6,462000.0,1,733.3
2021-03-01,쌈,10.3,14763300.0,6,1429.6
2021-03-01,월동,312.7,220189300.0,5,704.2
2021-03-01,절임,10.0,14000000.0,1,1400.0
2021-03-02,기타,1.4,8732450.0,12,6257.6
2021-03-02,기타부산물,2.1,888000.0,2,429.0
2021-03-02,쌈,17.9,21969400.0,6,1227.1
2021-03-02,월동,326.6,196712200.0,9,602.3
2021-03-02,절임,11.4,16016000.0,1,1400.0
2021-03-03,기타,1.2,6550400.0,11,5572.4
2021-03-03,기타부산물,2.8,1052200.0,2,373.1
2021-03-03,쌈,9.0,12968000.0,5,1446.8
2021-03-03,월동,162.6,118530000.0,9,728.9
2021-03-04,기타,2.1,3422375.0,15,1607.7
2021-03-04,기타부산물,1.1,396000.0,1,366.7
2021-03-04,쌈,12.2,16023100.0,7,1318.6
2021-03-04,월동,215.6,147062700.0,8,682.1
2021-03-04,절임,1.2,1508000.0,1,1300.0
2021-03-05,기타,1.4,4632400.0,23,3323.1
2021-03-05,기타부산물,0.2,66000.0,1,366.7
2021-03-05,쌈,14.7,17096200.0,8,1166.7
2021-03-05,월동,198.5,130048100.0,8,655.2
2021-03-05,절임,15.8,9466800.0,3,600.0
2021-03-06,기타,1.0,3476376.0,18,3564.8
2021-03-06,기타부산물,1.1,504000.0,1,466.7
2021-03-06,쌈,7.1,13575500.0,4,1916.9
2021-03-06,월동,72.3,59646100.0,6,825.3
2021-03-08,기타,1.3,5978800.0,20,4616.8
2021-03-08,기타부산물,1.1,468000.0,1,433.3
2021-03-08,쌈,29.5,34481000.0,8,1166.9
2021-03-08,월동,494.1,345181800.0,9,698.6
2021-03-09,기타,4.0,5885300.0,21,1454.2
2021-03-09,기타부산물,1.1,540000.0,1,500.0
2021-03-09,쌈,16.0,24388000.0,5,1528.0
2021-03-09,월동,288.1,184171600.0,7,639.4
2021-03-10,기타,1.1,4063450.0,17,3781.7
2021-03-10,쌈,12.1,20741800.0,5,1720.5
2021-03-10,월동,250.6,183765700.0,8,733.4
2021-03-11,기타,1.6,6363600.0,23,3873.2
2021-03-11,기타부산물,10.2,2706500.0,1,265.3
2021-03-11,쌈,5.3,12675800.0,5,2378.6
2021-03-11,월동,308.8,190972700.0,6,618.4
2021-03-12,기타,1.3,6631700.0,24,5296.9
2021-03-12,기타부산물,2.7,354000.0,1,133.3
2021-03-12,쌈,17.3,22774800.0,11,1318.4
2021-03-12,월동,273.9,186192400.0,8,679.8
2021-03-12,절임,49.3,74010000.0,1,1500.0
2021-03-13,기타,0.9,2318775.0,16,2612.7
2021-03-13,쌈,6.1,13640200.0,5,2240.9
2021-03-13,월동,38.9,32960900.0,2,848.4
2021-03-15,기타,1.8,10651825.0,28,5957.7
2021-03-15,쌈,6.8,20312200.0,6,2973.1
2021-03-15,월동,40.0,31920000.0,7,798.0
2021-03-15,저장,344.2,257070400.0,6,746.8
2021-03-16,기타,2.2,8195550.0,33,3768.9
2021-03-16,쌈,17.4,32260700.0,8,1855.1
2021-03-16,월동,59.3,45181000.0,5,761.9
2021-03-16,저장,223.5,157853200.0,7,706.2
2021-03-16,절임,0.3,416000.0,1,1300.0
2021-03-17,기타,1.6,7398950.0,20,4630.1
2021-03-17,쌈,11.3,21752800.0,10,1931.9
2021-03-17,월동,40.8,30479000.0,4,748.0
2021-03-17,저장,254.9,183331600.0,8,719.2
2021-03-18,기타,2.4,7147875.0,22,2997.4
2021-03-18,쌈,5.4,11979400.0,6,2211.9
2021-03-18,저장,281.4,186520100.0,6,662.7
2021-03-19,기타,3.9,34529250.0,27,8951.2
2021-03-19,쌈,6.9,18510400.0,11,2666.1
2021-03-19,저장,144.1,99914100.0,4,693.6
2021-03-20,기타,2.4,7636850.0,26,3243.1
2021-03-20,쌈,4.0,15718300.0,7,3922.7
2021-03-20,월동,10.0,9200000.0,1,920.0
2021-03-20,저장,57.9,47723800.0,6,824.0
2021-03-22,기타,2.5,13893900.0,30,5666.4
2021-03-22,쌈,7.7,21584500.0,9,2791.6
2021-03-22,월동,39.6,31888400.0,6,805.3
2021-03-22,저장,390.1,296708700.0,8,760.6
2021-03-23,기타,6.0,21937050.0,36,3648.6
2021-03-23,쌈,8.9,19973400.0,9,2241.7
2021-03-23,월동,20.0,13340000.0,2,667.0
2021-03-23,저장,309.8,200414300.0,6,647.0
2021-03-24,기타,6.7,23282550.0,36,3494.7
2021-03-24,쌈,7.1,15011800.0,8,2103.1
2021-03-24,월동,10.0,9200000.0,2,920.0
2021-03-24,저장,255.7,186808500.0,4,730.6
2021-03-25,기타,2.9,12663825.0,32,4392.6
2021-03-25,쌈,11.0,20365500.0,10,1851.4
2021-03-25,월동,21.0,13756000.0,3,655.0
2021-03-25,저장,300.3,191796500.0,6,638.7
2021-03-26,기타,3.6,17753200.0,44,4933.6
2021-03-26,쌈,8.7,15293700.0,6,1766.8
2021-03-26,월동,9.5,10313200.0,2,1085.6
2021-03-26,저장,225.7,174368700.0,4,772.6
2021-03-27,기타,10.6,13191000.0,27,1243.6
2021-03-27,쌈,5.8,12486700.0,5,2170.5
2021-03-27,저장,114.5,92066000.0,4,803.7
2021-03-29,기타,22.9,29950550.0,25,1309.3
2021-03-29,쌈,11.6,19359000.0,7,1671.0
2021-03-29,저장,394.2,293487300.0,8,744.5
2021-03-30,기타,21.6,24254000.0,31,1122.6
2021-03-30,쌈,8.4,15716600.0,6,1862.8
2021-03-30,저장,291.9,191607000.0,4,656.4
2021-03-30,절임,0.2,260000.0,1,1300.0
2021-03-31,기타,22.9,30436650.0,21,1328.4
2021-03-31,쌈,6.8,13249600.0,8,1962.6
2021-03-31,저장,167.1,125765700.0,4,752.6
2021-03-31,절임,53.3,80010000.0,1,1500.0
2021-04-01,기타,13.7,25369500.0,28,1849.8
2021-04-01,쌈,13.7,21756500.0,9,1591.1
2021-04-01,저장,268.6,187499200.0,7,698.1
2021-04-01,절임,1.2,1560000.0,1,1300.0
2021-04-02,기타,10.4,14535825.0,18,1402.6
2021-04-02,쌈,8.4,15072600.0,7,1788.4
2021-04-02,저장,262.2,181404700.0,6,691.9
2021-04-03,기타,2.3,17979950.0,44,7926.6
2021-04-03,쌈,4.6,11372300.0,6,2462.6
2021-04-03,저장,129.8,100374600.0,4,773.0
2021-04-05,기타,12.5,25159950.0,43,2016.3
2021-04-05,쌈,11.2,23460400.0,10,2090.8
2021-04-05,저장,428.2,300064000.0,5,700.7
2021-04-05,절임,0.9,1350000.0,1,1500.0
2021-04-06,기타,24.7,50507400.0,37,2048.4
2021-04-06,쌈,8.8,18278300.0,11,2075.2
2021-04-06,저장,304.1,221997500.0,4,729.9
2021-04-07,기타,12.6,28233200.0,36,2235.0
2021-04-07,쌈,8.0,15459300.0,10,1922.1
2021-04-07,저장,316.5,212993500.0,4,672.9
2021-04-08,기타,33.1,42905000.0,31,1297.5
2021-04-08,쌈,8.5,15282400.0,9,1794.3
2021-04-08,저장,193.4,129692000.0,4,670.6
2021-04-09,기타,13.7,34114250.0,31,2484.2
2021-04-09,쌈,8.3,15954800.0,6,1931.3
2021-04-09,저장,253.5,181878300.0,8,717.5
2021-04-10,기타,22.6,40611100.0,38,1796.7
2021-04-10,쌈,5.1,13159200.0,9,2597.0
2021-04-10,저장,159.2,130949500.0,6,822.7
2021-04-12,기타,23.5,37211250.0,44,1583.5
2021-04-12,쌈,9.6,22122700.0,11,2293.2
2021-04-12,저장,485.1,312669500.0,8,644.6
2021-04-13,기타,24.0,43939500.0,33,1827.0
2021-04-13,쌈,7.2,16349500.0,8,2258.2
2021-04-13,저장,204.1,153409500.0,7,751.8
2021-04-14,기타,22.2,33005850.0,30,1484.2
2021-04-14,쌈,8.4,18420600.0,11,2200.3
2021-04-14,저장,412.9,268887600.0,7,651.2
2021-04-15,기타,32.4,45700250.0,40,1410.7
2021-04-15,기타부산물,0.1,82800.0,1,575.0
2021-04-15,쌈,8.4,14364500.0,11,1716.4
2021-04-15,저장,337.0,203691300.0,7,604.4
2021-04-16,기타,3.6,25790063.0,31,7094.8
2021-04-16,기타부산물,0.1,30000.0,1,375.0
2021-04-16,쌈,8.4,15656600.0,12,1867.9
2021-04-16,저장,293.9,191190400.0,7,650.5
2021-04-17,기타,3.8,31061700.0,28,8176.1
2021-04-17,쌈,9.4,16719100.0,9,1781.3
2021-04-17,저장,82.1,56145900.0,7,683.9
2021-04-19,기타,43.0,64335900.0,28,1497.9
2021-04-19,쌈,7.5,16772400.0,8,2223.0
2021-04-19,저장,352.1,281936300.0,7,800.8
2021-04-20,기타,13.7,35848500.0,25,2620.2
2021-04-20,쌈,9.2,19552700.0,9,2134.3
2021-04-20,저장,357.3,227186500.0,7,635.8
2021-04-21,기타,13.6,37038250.0,25,2719.3
2021-04-21,쌈,8.8,18108700.0,8,2051.7
2021-04-21,저장,271.1,191343600.0,5,705.7
2021-04-22,기타,22.3,38090410.0,17,1710.2
2021-04-22,쌈,13.8,23434500.0,15,1697.2
2021-04-22,저장,185.4,133875700.0,7,722.0
2021-04-23,기타,12.8,28164500.0,30,2196.7
2021-04-23,봄,9.8,8114400.0,2,828.0
2021-04-23,쌈,11.5,21030700.0,10,1829.2
2021-04-23,저장,232.3,171333700.0,4,737.6
2021-04-23,절임,20.0,30000000.0,1,1500.0
2021-04-24,기타,25.3,48804725.0,24,1927.8
2021-04-24,봄,9.6,8121600.0,2,846.0
2021-04-24,쌈,5.3,13706000.0,8,2599.8
2021-04-24,저장,130.4,99734000.0,4,764.5
2021-04-24,절임,33.3,50010000.0,1,1500.0
2021-04-26,기타,19.4,14719800.0,3,759.3
2021-04-26,봄,109.2,53739800.0,4,492.1
2021-04-26,쌈,10.6,22282500.0,10,2098.0
2021-04-26,저장,237.6,192370300.0,5,809.5
2021-04-27,기타,14.1,30046300.0,22,2124.5
2021-04-27,봄,59.4,40434600.0,2,680.7
2021-04-27,쌈,11.3,19569700.0,11,1738.4
2021-04-27,저장,201.0,156706900.0,5,779.6
2021-04-27,절임,48.5,72720000.0,2,1500.0
2021-04-28,기타,3.3,18626400.0,20,5568.2
2021-04-28,봄,119.0,73955600.0,4,621.2
2021-04-28,쌈,10.4,16895000.0,10,1622.5
2021-04-28,저장,216.7,172987100.0,5,798.5
2021-04-29,기타,10.0,10175300.0,3,1014.1
2021-04-29,봄,128.1,74764600.0,5,583.9
2021-04-29,쌈,6.4,11139100.0,5,1745.1
2021-04-29,저장,242.5,136086900.0,5,561.2
2021-04-29,절임,33.3,49980000.0,1,1500.0
2021-04-30,기타,12.9,30387900.0,21,2356.2
2021-04-30,봄,149.1,78232300.0,4,524.8
2021-04-30,쌈,10.5,14173800.0,11,1353.5
2021-04-30,저장,161.4,106104600.0,5,657.2
2021-05-01,봄,109.1,47775400.0,2,437.9
2021-05-01,쌈,4.7,7634900.0,5,1629.6
2021-05-01,저장,103.4,66533000.0,5,643.5
2021-05-03,기타,10.4,11213800.0,4,1075.5
2021-05-03,봄,188.8,109742400.0,5,581.3
2021-05-03,쌈,10.6,19907600.0,10,1873.8
2021-05-03,저장,190.3,106087100.0,6,557.5
2021-05-04,기타,3.0,17632300.0,18,5918.7
2021-05-04,봄,248.9,131719400.0,3,529.2
2021-05-04,쌈,14.0,25593900.0,11,1830.6
2021-05-04,저장,150.6,85759400.0,6,569.6
2021-05-05,기타,13.8,38213500.0,17,2772.1
2021-05-05,봄,218.7,98981100.0,4,452.7
2021-05-05,쌈,3.6,13378900.0,7,3729.8
2021-05-05,저장,149.3,68167200.0,4,456.6
2021-05-06,기타,2.2,16842000.0,12,7612.2
2021-05-06,봄,227.2,91011400.0,5,400.5
2021-05-06,쌈,9.4,23461800.0,9,2485.6
2021-05-06,저장,92.7,66553300.0,6,718.3
2021-05-07,기타,3.4,21483800.0,14,6300.2
2021-05-07,기타부산물,1.5,291000.0,1,200.0
2021-05-07,봄,189.0,99303800.0,5,525.4
2021-05-07,쌈,10.3,23336200.0,11,2274.0
2021-05-07,저장,90.8,50662900.0,2,557.7
2021-05-08,기타,2.7,18118000.0,14,6634.2
2021-05-08,봄,209.5,117740800.0,2,562.0
2021-05-08,쌈,4.5,11399200.0,11,2539.9
2021-05-10,기타,2.1,16141725.0,11,7642.5
2021-05-10,봄,387.0,179230300.0,14,463.1
2021-05-10,쌈,10.9,25514900.0,13,2339.1
2021-05-10,저장,130.4,81173600.0,6,622.5
2021-05-11,기타,4.0,22606500.0,15,5615.1
2021-05-11,기타부산물,0.5,73700.0,1,137.5
2021-05-11,봄,307.4,110648600.0,14,360.0
2021-05-11,쌈,8.9,17358000.0,15,1957.6
2021-05-11,저장,84.6,47141400.0,4,557.2
2021-05-11,절임,100.0,150000000.0,1,1500.0
2021-05-12,기타,4.1,22047975.0,19,5423.2
2021-05-12,봄,327.0,103139300.0,10,315.5
2021-05-12,쌈,11.5,20191000.0,11,1758.2
2021-05-12,저장,100.8,48717600.0,6,483.4
2021-05-12,절임,0.2,216000.0,1,1350.0
2021-05-13,기타,2.6,11402750.0,13,4348.9
2021-05-13,봄,327.0,90835100.0,11,277.8
2021-05-13,쌈,4.3,9035100.0,7,2085.7
2021-05-13,저장,21.3,10950600.0,4,514.1
2021-05-14,기타,3.3,14232750.0,17,4351.2
2021-05-14,봄,316.0,86636800.0,12,274.2
2021-05-14,쌈,15.7,26563500.0,11,1687.6
2021-05-14,저장,20.0,5700000.0,2,285.0
2021-05-14,절임,66.7,99990000.0,1,1500.0
2021-05-15,기타,3.8,16888750.0,21,4472.7
2021-05-15,봄,193.6,69807300.0,13,360.6
2021-05-15,쌈,6.5,10160300.0,8,1553.3
2021-05-15,저장,10.0,4880000.0,2,488.0
2021-05-17,기타,2.3,6236000.0,16,2752.0
2021-05-17,봄,286.7,145364500.0,12,507.0
2021-05-17,쌈,6.1,14516500.0,8,2373.9
2021-05-17,저장,19.4,6471600.0,2,333.6
2021-05-18,기타,2.5,7428000.0,11,3023.2
2021-05-18,봄,406.2,120936900.0,25,297.8
2021-05-18,쌈,9.4,18984100.0,8,2026.7
2021-05-18,저장,10.0,2660000.0,2,266.0
2021-05-19,기타,1.9,6049450.0,18,3227.1
2021-05-19,봄,263.9,93764400.0,13,355.2
2021-05-19,쌈,9.5,20317500.0,10,2135.1
2021-05-19,저장,10.0,3652000.0,2,365.2
2021-05-20,기타,2.3,9734750.0,17,4232.5
2021-05-20,봄,274.8,122885400.0,20,447.3
2021-05-20,쌈,11.7,19361400.0,9,1651.2
2021-05-20,저장,12.0,1656000.0,1,138.0
2021-05-21,기타,3.0,5767000.0,14,1920.7
2021-05-21,봄,236.1,145331600.0,16,615.7
2021-05-21,쌈,9.3,16782000.0,5,1804.5
2021-05-21,저장,10.0,5240000.0,2,524.0
2021-05-21,절임,0.3,432000.0,1,1350.0
2021-05-22,기타,1.0,3804625.0,10,3808.4
2021-05-22,봄,315.9,122363000.0,20,387.3
2021-05-22,쌈,9.9,23625800.0,9,2393.9
2021-05-22,저장,10.0,2940000.0,2,294.0
2021-05-24,기타,2.3,6810375.0,15,2961.0
2021-05-24,봄,452.3,187209700.0,26,413.9
2021-05-24,쌈,12.0,28154400.0,8,2348.2
2021-05-24,저장,10.0,2105000.0,2,210.5
2021-05-25,기타,2.5,8205000.0,18,3221.4
2021-05-25,봄,375.6,144531600.0,27,384.8
2021-05-25,쌈,10.7,22937700.0,9,2144.7
2021-05-25,저장,10.0,1844500.0,2,184.4
2021-05-26,기타,2.4,5853100.0,11,2441.8
2021-05-26,봄,321.1,112940250.0,24,351.8
2021-05-26,쌈,8.4,14073900.0,8,1680.1
2021-05-26,저장,10.0,1280000.0,2,128.0
2021-05-27,기타,4.9,11713250.0,17,2390.9
2021-05-27,봄,268.8,125833900.0,22,468.1
2021-05-27,쌈,13.1,19033800.0,11,1457.3
2021-05-27,저장,12.0,1656000.0,2,138.0
2021-05-28,기타,4.2,9323500.0,20,2209.4
2021-05-28,봄,259.1,141273800.0,22,545.2
2021-05-28,쌈,10.4,19904700.0,9,1918.3
2021-05-28,저장,10.0,2180000.0,2,218.0
2021-05-28,절임,26.7,39990000.0,1,1500.0
2021-05-29,기타,2.8,7880125.0,24,2834.6
2021-05-29,봄,280.4,109943000.0,17,392.1
2021-05-29,쌈,12.0,27566400.0,12,2297.0
2021-05-29,저장,12.0,1104000.0,2,92.0
2021-05-31,기타,4.1,7610450.0,17,1844.1
2021-05-31,봄,359.2,194942400.0,22,542.7
2021-05-31,쌈,10.6,23599500.0,13,2235.2
2021-06-01,기타,7.5,11830550.0,17,1586.3
2021-06-01,봄,407.2,194894900.0,18,478.7
2021-06-01,쌈,13.2,20726500.0,12,1567.0
2021-06-01,저장,12.0,1656000.0,2,138.0
2021-06-01,절임,33.3,49980000.0,1,1500.0
2021-06-02,기타,3.5,6578200.0,20,1875.2
2021-06-02,봄,318.6,143965400.0,17,451.8
2021-06-02,쌈,10.2,18636800.0,12,1828.2
2021-06-02,저장,12.0,1320000.0,2,110.0
2021-06-03,기타,4.1,6765200.0,15,1647.2
2021-06-03,봄,308.9,159882500.0,16,517.6
2021-06-03,쌈,16.0,19491000.0,11,1218.6
2021-06-03,저장,11.9,1428000.0,2,120.0
2021-06-04,기타,3.2,4986025.0,20,1561.5
2021-06-04,봄,229.7,147475400.0,20,642.1
2021-06-04,쌈,8.1,16218800.0,9,1999.1
2021-06-05,기타,1.5,3681750.0,10,2437.4
2021-06-05,봄,365.3,147418700.0,17,403.6
2021-06-05,쌈,6.9,13959900.0,8,2034.7
2021-06-07,봄,348.6,212095700.0,26,608.5
2021-06-07,쌈,10.6,22028400.0,10,2071.7
2021-06-08,기타,4.2,7013975.0,21,1672.0
2021-06-08,봄,331.2,152713300.0,22,461.0
2021-06-08,쌈,9.5,15665200.0,14,1640.9
2021-06-09,기타,4.0,5569500.0,18,1395.5
2021-06-09,봄,390.5,171616900.0,29,439.4
2021-06-09,쌈,11.0,15731800.0,13,1431.3
2021-06-10,기타,3.8,5523300.0,17,1461.6
2021-06-10,봄,215.7,123959800.0,14,574.7
2021-06-10,쌈,14.2,19341900.0,11,1361.9
2021-06-11,기타,5.4,7988438.0,20,1467.5
2021-06-11,봄,362.1,175021500.0,22,483.3
2021-06-11,쌈,10.2,15666100.0,9,1540.6
2021-06-12,봄,118.3,71586200.0,9,605.1
2021-06-12,쌈,7.0,10614800.0,9,1527.1
2021-06-14,기타,0.1,45000.0,1,562.5
2021-06-14,봄,593.9,236241500.0,29,397.8
2021-06-14,쌈,12.0,23123800.0,10,1923.5
2021-06-15,기타,0.6,161000.0,1,275.7
2021-06-15,봄,398.1,167236500.0,21,420.1
2021-06-15,쌈,7.4,12376100.0,10,1662.6
2021-06-16,기타,0.1,102000.0,1,680.0
2021-06-16,봄,527.3,175558300.0,24,332.9
2021-06-16,쌈,6.6,13418500.0,9,2040.5
2021-06-16,절임,20.0,30000000.0,1,1500.0
2021-06-17,기타,3.5,5529825.0,13,1566.5
2021-06-17,봄,380.1,135339450.0,22,356.1
2021-06-17,쌈,7.2,19621600.0,9,2744.3
2021-06-18,기타,5.1,7819550.0,23,1531.7
2021-06-18,봄,337.5,137134800.0,19,406.4
2021-06-18,쌈,9.1,15210200.0,10,1676.2
2021-06-19,기타,3.0,6881825.0,18,2309.3
2021-06-19,봄,259.2,112440100.0,17,433.8
2021-06-19,쌈,6.1,14437700.0,10,2367.2
2021-06-21,기타,6.3,8183988.0,31,1295.3
2021-06-21,봄,446.6,207939300.0,21,465.6
2021-06-21,쌈,7.9,22892900.0,12,2908.1
2021-06-21,절임,0.8,1134000.0,1,1350.0
2021-06-22,기타,5.7,9327500.0,27,1649.4
2021-06-22,봄,423.8,181478980.0,18,428.2
2021-06-22,쌈,4.8,13145200.0,8,2767.4
2021-06-23,기타,4.6,9956375.0,33,2183.9
2021-06-23,봄,423.6,158694800.0,20,374.6
2021-06-23,쌈,10.2,21167000.0,11,2066.3
2021-06-23,여름,9.8,5490000.0,2,560.2
2021-06-24,기타,3.0,6428213.0,24,2137.4
2021-06-24,봄,356.8,135225700.0,16,379.0
2021-06-24,쌈,11.4,26205900.0,8,2303.8
2021-06-24,여름,10.0,5704000.0,2,570.4
2021-06-24,절임,103.8,150000000.0,2,1445.4
2021-06-25,기타,3.0,6034738.0,24,2043.9
2021-06-25,봄,398.2,126189100.0,12,316.9
2021-06-25,쌈,6.7,20370100.0,7,3058.6
2021-06-25,여름,19.8,9454000.0,2,477.5
2021-06-26,기타,3.7,6450650.0,20,1724.3
2021-06-26,봄,297.8,111050800.0,12,372.9
2021-06-26,쌈,8.9,16788900.0,10,1891.1
2021-06-26,여름,9.8,5400000.0,2,551.0
2021-06-28,기타,6.9,9097575.0,23,1320.5
2021-06-28,봄,455.6,188212700.0,18,413.2
2021-06-28,쌈,11.0,22304100.0,10,2021.4
2021-06-28,여름,29.8,14780000.0,6,496.0
2021-06-29,기타,25.4,15685976.0,21,617.9
2021-06-29,봄,395.4,162926300.0,20,412.1
2021-06-29,쌈,9.5,16452600.0,10,1731.9
2021-06-29,여름,19.8,11562000.0,4,583.9
2021-06-29,절임,67.1,100530000.0,2,1499.1
2021-06-30,기타,4.1,6584525.0,16,1609.5
2021-06-30,봄,486.4,168047300.0,16,345.5
2021-06-30,쌈,8.8,16429800.0,6,1871.5
2021-06-30,여름,10.0,5520000.0,2,552.0
2021-07-01,기타,4.6,9041400.0,23,1946.9
2021-07-01,봄,20.1,8726000.0,2,434.1
2021-07-01,쌈,8.8,16942900.0,6,1933.7
2021-07-01,여름,488.6,155383100.0,16,318.0
2021-07-02,기타,5.6,7552500.0,16,1341.5
2021-07-02,봄,10.0,3680000.0,2,368.0
2021-07-02,쌈,14.4,21113600.0,11,1465.9
2021-07-02,여름,597.1,174651600.0,14,292.5
2021-07-03,기타,5.8,8794500.0,20,1522.9
2021-07-03,봄,9.8,4077900.0,2,414.0
2021-07-03,쌈,10.3,18596700.0,8,1798.7
2021-07-03,여름,495.4,163094200.0,15,329.2
2021-07-05,기타,7.2,10581650.0,23,1474.6
2021-07-05,쌈,12.3,29308000.0,10,2386.5
2021-07-05,여름,337.7,213998200.0,12,633.7
2021-07-06,기타,5.9,9552800.0,31,1626.3
2021-07-06,쌈,6.8,13028000.0,10,1911.9
2021-07-06,여름,726.1,214909000.0,21,296.0
2021-07-07,기타,5.3,7680350.0,33,1447.5
2021-07-07,쌈,11.0,16574900.0,12,1510.1
2021-07-07,여름,568.5,196795600.0,16,346.2
2021-07-08,기타,5.7,9752675.0,29,1707.7
2021-07-08,쌈,10.7,15561200.0,10,1455.3
2021-07-08,여름,477.5,154298700.0,15,323.2
2021-07-09,기타,9.3,10821450.0,32,1161.6
2021-07-09,쌈,8.2,16525900.0,8,2015.1
2021-07-09,여름,467.1,141776200.0,18,303.5
2021-07-10,기타,11.9,10415538.0,35,876.0
2021-07-10,쌈,3.8,9433900.0,5,2474.1
2021-07-10,여름,339.9,96971100.0,13,285.3
2021-07-12,기타,7.7,11732750.0,30,1520.0
2021-07-12,쌈,7.0,13738000.0,7,1952.8
2021-07-12,여름,416.8,135781380.0,17,325.8
2021-07-13,기타,8.9,9437575.0,34,1063.4
2021-07-13,쌈,5.9,11274700.0,3,1915.5
2021-07-13,여름,486.1,110602000.0,16,227.5
2021-07-14,기타,206.2,77638125.0,28,376.5
2021-07-14,쌈,12.0,14652000.0,10,1224.9
2021-07-14,여름,366.9,70394000.0,16,191.8
2021-07-14,절임,20.3,30378000.0,2,1497.9
2021-07-15,기타,8.6,7437550.0,25,862.0
2021-07-15,쌈,10.0,17187100.0,13,1714.9
2021-07-15,여름,318.2,77637000.0,13,243.9
2021-07-15,절임,20.0,30000000.0,1,1500.0
2021-07-16,기타,53.3,25394888.0,24,476.1
2021-07-16,쌈,7.2,15392400.0,8,2138.4
2021-07-16,여름,278.2,85107200.0,15,305.9
2021-07-17,기타,3.4,7345188.0,23,2131.8
2021-07-17,쌈,3.2,26035400.0,6,8118.3
2021-07-17,여름,179.2,96536800.0,11,538.7
2021-07-19,기타,4.7,10050625.0,27,2122.2
2021-07-19,쌈,4.8,37571100.0,5,7842.0
2021-07-19,여름,454.7,164122100.0,12,360.9
2021-07-19,절임,0.5,621000.0,1,1350.0
2021-07-20,기타,3.6,9715400.0,22,2669.8
2021-07-20,쌈,4.2,15579800.0,8,3679.7
2021-07-20,여름,344.4,170521900.0,10,495.1
2021-07-21,기타,4.3,10757525.0,29,2475.8
2021-07-21,쌈,4.6,23921500.0,7,5232.2
2021-07-21,여름,434.2,97473000.0,8,224.5
2021-07-22,기타,4.8,10245250.0,28,2153.3
2021-07-22,쌈,3.5,16547000.0,5,4690.2
2021-07-22,여름,357.3,114681600.0,10,321.0
2021-07-23,기타,6.0,8925100.0,28,1479.5
2021-07-23,쌈,4.5,17260800.0,5,3878.8
2021-07-23,여름,398.2,99985800.0,10,251.1
2021-07-24,기타,4.2,8175300.0,27,1930.0
2021-07-24,쌈,3.2,15051500.0,4,4664.2
2021-07-24,여름,277.0,86233900.0,8,311.3
2021-07-26,기타,6.6,12003950.0,27,1826.3
2021-07-26,쌈,11.2,29645600.0,8,2656.2
2021-07-26,여름,327.4,193805400.0,14,591.9
2021-07-27,기타,14.3,25087900.0,49,1757.5
2021-07-27,쌈,6.8,16250800.0,4,2404.3
2021-07-27,여름,309.6,187516600.0,11,605.7
2021-07-28,고랭지,1.8,840000.0,1,466.7
2021-07-28,기타,8.1,11940600.0,29,1480.2
2021-07-28,쌈,5.3,15699400.0,7,2962.7
2021-07-28,여름,289.8,178606200.0,11,616.4
2021-07-29,기타,11.8,16053600.0,37,1363.9
2021-07-29,쌈,2.9,14442800.0,5,4920.9
2021-07-29,여름,267.1,167995300.0,13,629.0
2021-07-30,기타,9.2,14099925.0,35,1538.3
2021-07-30,쌈,3.1,15232000.0,5,4985.9
2021-07-30,여름,278.8,181522300.0,12,651.1
2021-07-31,기타,7.4,11235575.0,31,1508.9
2021-07-31,쌈,2.6,13398000.0,3,5169.0
2021-07-31,여름,223.8,198072200.0,11,885.2
2021-08-02,고랭지,387.4,278728100.0,15,719.5
2021-08-02,기타,17.7,22478875.0,34,1266.6
2021-08-02,쌈,4.0,18438800.0,5,4564.1
2021-08-03,고랭지,259.8,249811700.0,11,961.7
2021-08-03,기타,12.4,13728575.0,33,1106.2
2021-08-03,쌈,5.8,16125400.0,9,2784.6
2021-08-04,고랭지,388.1,266808800.0,13,687.5
2021-08-04,기타,23.0,26322050.0,39,1145.7
2021-08-04,쌈,5.2,17777300.0,5,3409.5
2021-08-05,고랭지,304.9,234972100.0,15,770.8
2021-08-05,기타,11.2,14708950.0,32,1311.6
2021-08-05,쌈,4.1,20465100.0,4,4993.9
2021-08-06,고랭지,392.3,281511200.0,17,717.6
2021-08-06,기타,7.8,16097700.0,32,2064.3
2021-08-06,쌈,4.0,30359300.0,5,7660.7
2021-08-09,고랭지,455.7,364761500.0,12,800.4
2021-08-09,기타,14.9,21610550.0,38,1446.2
2021-08-09,쌈,13.2,57292300.0,9,4350.5
2021-08-10,고랭지,373.0,264642100.0,19,709.5
2021-08-10,기타,9.1,16811175.0,41,1838.5
2021-08-10,쌈,6.8,18180100.0,13,2681.8
2021-08-11,고랭지,494.1,253398300.0,12,512.8
2021-08-11,기타,10.8,15562475.0,42,1446.5
2021-08-11,쌈,6.7,14971600.0,8,2234.9
2021-08-12,고랭지,452.8,204890375.0,14,452.5
2021-08-12,기타,10.8,15353300.0,31,1417.1
2021-08-12,쌈,4.1,12441000.0,7,3014.5
2021-08-13,고랭지,343.0,221819850.0,14,646.7
2021-08-13,기타,10.5,17877125.0,35,1702.7
2021-08-13,쌈,1.5,16995000.0,5,11247.5
2021-08-14,고랭지,304.9,198758500.0,10,651.8
2021-08-14,기타,11.2,17267275.0,44,1545.7
2021-08-14,쌈,6.2,28465900.0,8,4576.5
2021-08-16,고랭지,455.5,274525050.0,18,602.7
2021-08-16,기타,10.3,18526915.0,38,1798.7
2021-08-16,쌈,7.9,42423000.0,9,5367.3
2021-08-17,고랭지,525.6,233844200.0,14,444.9
2021-08-17,기타,14.8,18898700.0,45,1278.2
2021-08-17,쌈,6.9,27051300.0,9,3929.0
2021-08-18,고랭지,310.4,266666600.0,12,859.1
2021-08-18,기타,12.3,18628325.0,36,1512.0
2021-08-18,쌈,7.2,28929700.0,11,4012.4
2021-08-19,고랭지,395.6,246897300.0,12,624.0
2021-08-19,기타,11.6,15556975.0,39,1345.7
2021-08-19,쌈,6.7,27635200.0,9,4114.8
2021-08-20,고랭지,551.7,240012414.0,14,435.0
2021-08-20,기타,11.6,17918175.0,43,1550.1
2021-08-20,쌈,8.3,25435800.0,6,3075.3
2021-08-21,고랭지,430.1,230569000.0,12,536.1
2021-08-21,기타,13.0,17007900.0,29,1305.3
2021-08-21,쌈,8.2,25557400.0,8,3124.4
2021-08-23,고랭지,531.4,359012800.0,11,675.7
2021-08-23,기타,21.2,29932775.0,39,1414.4
2021-08-23,쌈,6.5,32168200.0,8,4949.0
2021-08-24,고랭지,513.6,339134800.0,17,660.4
2021-08-24,기타,18.5,18688750.0,38,1007.6
2021-08-24,쌈,5.4,24535700.0,6,4506.9
2021-08-25,고랭지,173.8,165849800.0,10,954.0
2021-08-25,기타,5.8,12843775.0,33,2195.5
2021-08-25,쌈,6.1,21649700.0,4,3534.1
2021-08-25,절임,13.0,29380000.0,1,2260.0
2021-08-26,고랭지,501.0,275496700.0,11,549.9
2021-08-26,기타,7.6,14476400.0,45,1892.5
2021-08-26,쌈,3.8,17821900.0,5,4646.0
2021-08-26,절임,14.0,30660000.0,1,2190.0
2021-08-27,고랭지,526.6,342319200.0,14,650.1
2021-08-27,기타,8.6,16236050.0,34,1888.6
2021-08-27,쌈,7.1,19537300.0,5,2766.5
2021-08-27,절임,14.0,30660000.0,1,2190.0
2021-08-28,고랭지,548.9,304063050.0,13,553.9
2021-08-28,기타,11.7,13568225.0,35,1162.8
2021-08-28,쌈,5.4,27379900.0,7,5106.3
2021-08-28,절임,14.0,31500000.0,1,2250.0
2021-08-30,고랭지,627.8,342316625.0,12,545.3
2021-08-30,기타,13.0,21749100.0,40,1675.2
2021-08-30,쌈,4.2,27031700.0,5,6410.2
2021-08-31,고랭지,639.0,367210300.0,11,574.7
2021-08-31,기타,48.2,54334450.0,38,1127.4
2021-08-31,쌈,3.8,25787400.0,6,6727.7
2021-08-31,절임,14.0,31500000.0,1,2250.0
2021-09-01,고랭지,385.0,333902400.0,9,867.3
2021-09-01,기타,26.3,29969600.0,36,1141.7
2021-09-01,쌈,5.2,27212100.0,7,5200.1
2021-09-02,고랭지,257.7,285090300.0,5,1106.4
2021-09-02,기타,27.2,30482575.0,33,1119.9
2021-09-02,쌈,3.5,26365500.0,4,7522.3
2021-09-02,절임,2.8,6020000.0,1,2150.0
2021-09-03,고랭지,623.3,443555700.0,17,711.6
2021-09-03,기타,32.6,40884650.0,43,1255.5
2021-09-03,쌈,5.5,25128000.0,6,4531.7
2021-09-04,고랭지,634.5,480183400.0,11,756.8
2021-09-04,기타,22.7,30364625.0,39,1335.4
2021-09-04,쌈,4.6,28498600.0,7,6251.1
2021-09-06,고랭지,660.0,554166800.0,13,839.7
2021-09-06,기타,15.3,27817125.0,40,1813.3
2021-09-06,쌈,5.2,35416600.0,8,6799.1
2021-09-07,고랭지,700.8,664169800.0,15,947.8
2021-09-07,기타,9.9,17098950.0,22,1725.6
2021-09-07,쌈,5.5,35602800.0,8,6518.3
2021-09-08,고랭지,447.7,349714400.0,15,781.1
2021-09-08,기타,2.7,5183750.0,14,1910.0
2021-09-08,쌈,3.7,42310800.0,6,11541.4
2021-09-09,고랭지,649.6,545272300.0,16,839.4
2021-09-09,기타,12.0,22620250.0,42,1886.9
2021-09-09,쌈,6.0,35605500.0,6,5976.1
2021-09-10,고랭지,705.3,591470700.0,20,838.6
2021-09-10,기타,15.4,25498050.0,39,1654.8
2021-09-10,쌈,6.9,32878200.0,8,4732.0
2021-09-11,고랭지,791.6,722864600.0,14,913.2
2021-09-11,기타,18.8,27096000.0,45,1439.4
2021-09-11,쌈,3.2,27201200.0,6,8382.5
2021-09-13,고랭지,864.4,820656400.0,19,949.4
2021-09-13,기타,32.4,40740475.0,44,1258.4
2021-09-13,쌈,9.0,49488200.0,11,5525.1
2021-09-14,고랭지,814.6,825672300.0,21,1013.5
2021-09-14,기타,20.5,29722125.0,40,1453.0
2021-09-14,쌈,13.7,52778100.0,13,3853.3
2021-09-15,고랭지,728.9,666323800.0,19,914.2
2021-09-15,기타,28.0,33729000.0,49,1206.2
2021-09-15,쌈,7.3,38265300.0,12,5233.2
2021-09-16,고랭지,741.9,680844600.0,21,917.7
2021-09-16,기타,25.0,29094025.0,45,1163.1
2021-09-16,쌈,6.1,37893400.0,10,6190.7
2021-09-17,고랭지,720.2,603465100.0,22,837.9
2021-09-17,기타,28.9,31173650.0,45,1077.8
2021-09-17,쌈,6.6,29762800.0,11,4495.2
2021-09-18,고랭지,326.2,473006200.0,21,1450.1
2021-09-18,기타,23.3,24034275.0,56,1032.5
2021-09-18,쌈,5.4,52896100.0,9,9746.8
2021-09-24,고랭지,823.4,577147400.0,23,700.9
2021-09-24,기타,23.0,21245325.0,33,925.2
2021-09-24,쌈,6.8,52900700.0,14,7818.6
2021-09-25,고랭지,674.5,458816400.0,22,680.2
2021-09-25,기타,22.0,17002383.0,38,773.3
2021-09-25,쌈,5.3,16430500.0,10,3072.8
2021-09-27,고랭지,665.5,406144300.0,22,610.3
2021-09-27,기타,12.7,15728450.0,34,1234.7
2021-09-27,쌈,5.5,23424900.0,9,4266.1
2021-09-28,고랭지,654.2,348038700.0,20,532.0
2021-09-28,기타,10.4,11803000.0,33,1130.2
2021-09-28,쌈,7.6,18221300.0,11,2401.0
2021-09-29,고랭지,473.0,270394800.0,25,571.6
2021-09-29,기타,12.8,16356400.0,30,1277.5
2021-09-29,쌈,6.1,14035800.0,9,2284.5
2021-09-30,고랭지,247.7,157278050.0,12,635.0
2021-09-30,기타,5.1,7944425.0,24,1547.1
2021-09-30,쌈,7.8,19443100.0,13,2481.9
2021-10-01,가을,448.4,280068100.0,18,624.6
2021-10-01,고랭지,29.9,25121900.0,4,841.6
2021-10-01,기타,9.4,9561050.0,27,1017.1
2021-10-01,쌈,7.8,18062700.0,12,2311.3
2021-10-02,가을,533.1,276500000.0,18,518.6
2021-10-02,고랭지,29.8,20244400.0,3,679.3
2021-10-02,기타,10.3,13681550.0,37,1324.3
2021-10-02,쌈,4.9,11359700.0,13,2316.4
2021-10-04,가을,787.8,361018000.0,22,458.3
2021-10-04,기타,34.5,30012964.0,46,868.8
2021-10-04,쌈,9.5,18987000.0,14,2005.0
2021-10-05,가을,528.1,274036300.0,20,518.9
2021-10-05,기타,27.9,27320100.0,30,978.7
2021-10-05,쌈,6.5,25660400.0,9,3968.5
2021-10-06,가을,617.5,271267400.0,18,439.3
2021-10-06,기타,31.6,26494350.0,47,839.0
2021-10-06,쌈,6.4,25089400.0,9,3907.4
2021-10-07,가을,587.6,234061700.0,16,398.3
2021-10-07,기타,39.2,28588275.0,32,729.2
2021-10-07,쌈,5.4,25464600.0,10,4713.0
2021-10-08,가을,677.2,181491900.0,16,268.0
2021-10-08,기타,41.2,25755050.0,33,625.7
2021-10-08,쌈,3.4,14517600.0,13,4225.1
2021-10-09,가을,381.9,129440900.0,14,338.9
2021-10-09,기타,24.5,17976025.0,34,732.3
2021-10-09,쌈,9.6,22322900.0,10,2336.3
2021-10-11,가을,595.5,193557700.0,22,325.0
2021-10-11,기타,46.0,27180508.0,38,590.6
2021-10-11,쌈,10.1,26107800.0,10,2592.6
2021-10-12,가을,576.8,163855300.0,18,284.1
2021-10-12,기타,40.4,26204375.0,39,649.2
2021-10-12,쌈,8.7,16860400.0,10,1928.7
2021-10-13,가을,468.0,144930100.0,18,309.7
2021-10-13,기타,31.0,21299675.0,34,686.5
2021-10-13,쌈,7.4,14062300.0,8,1912.5
2021-10-14,가을,664.8,163060800.0,20,245.3
2021-10-14,기타,37.1,20143800.0,31,542.6
2021-10-14,쌈,12.6,19235000.0,11,1525.1
2021-10-15,가을,478.1,144646000.0,22,302.6
2021-10-15,기타,31.8,22815850.0,36,718.3
2021-10-15,쌈,5.1,16806700.0,7,3265.3
2021-10-16,가을,395.3,148272200.0,17,375.1
2021-10-16,기타,38.4,23054950.0,36,601.0
2021-10-16,쌈,3.7,24854100.0,8,6657.9
2021-10-18,가을,425.6,228366600.0,20,536.5
2021-10-18,기타,27.6,24417850.0,30,884.9
2021-10-18,쌈,8.9,50921500.0,8,5726.7
2021-10-19,가을,532.0,261842600.0,20,492.2
2021-10-19,기타,41.0,28746268.0,40,702.0
2021-10-19,쌈,6.6,25062400.0,11,3794.5
2021-10-19,절임,0.2,330000.0,1,1650.0
2021-10-20,가을,635.1,233750400.0,20,368.1
2021-10-20,기타,29.3,19162738.0,28,654.1
2021-10-20,쌈,5.8,26406700.0,8,4536.5
2021-10-21,가을,623.1,223498200.0,28,358.7
2021-10-21,기타,43.5,23163450.0,36,532.7
2021-10-21,쌈,5.8,22246900.0,9,3841.6
2021-10-22,가을,433.6,227760800.0,24,525.3
2021-10-22,기타,38.5,22483400.0,33,584.6
2021-10-22,쌈,9.2,37318300.0,11,4075.4
2021-10-22,절임,50.4,29988000.0,1,595.0
2021-10-23,가을,427.6,251270900.0,26,587.6
2021-10-23,기타,42.9,27838650.0,35,649.2
2021-10-23,쌈,9.8,46232100.0,11,4702.2
2021-10-25,가을,654.2,326039000.0,28,498.3
2021-10-25,기타,57.1,35069600.0,38,614.0
2021-10-25,쌈,11.6,48774200.0,14,4190.2
2021-10-26,가을,654.6,299156800.0,34,457.0
2021-10-26,기타,64.9,36197488.0,50,558.0
2021-10-26,쌈,4.7,40306400.0,8,8656.9
2021-10-26,절임,50.0,30000000.0,1,600.0
2021-10-27,가을,576.2,270626500.0,34,469.7
2021-10-27,기타,37.8,22889772.0,36,606.2
2021-10-27,쌈,8.1,29039700.0,12,3581.2
2021-10-28,가을,598.4,305619400.0,32,510.7
2021-10-28,기타,51.2,28513550.0,34,557.4
2021-10-28,기타부산물,0.0,15000.0,1,375.0
2021-10-28,쌈,4.1,37707200.0,9,9097.0
2021-10-28,절임,50.0,30000000.0,1,600.0
2021-10-29,가을,555.8,297348300.0,28,535.0
2021-10-29,기타,23.7,18986400.0,28,802.7
2021-10-29,쌈,10.6,31123500.0,13,2949.3
2021-10-29,절임,80.0,29960000.0,1,374.5
2021-10-30,가을,612.9,343033900.0,26,559.7
2021-10-30,기타,37.7,29312575.0,41,776.6
2021-10-30,쌈,6.4,24656800.0,9,3838.8
2021-11-01,가을,667.4,407931100.0,40,611.2
2021-11-01,기타,63.7,42618900.0,41,669.1
2021-11-01,쌈,10.9,31310800.0,17,2873.9
2021-11-01,절임,0.2,330000.0,1,1650.0
2021-11-02,가을,744.8,441725200.0,39,593.1
2021-11-02,기타,10.4,10213000.0,33,982.5
2021-11-02,쌈,7.1,17888200.0,12,2505.4
2021-11-03,가을,606.5,418005800.0,50,689.2
2021-11-03,기타,6.5,8082800.0,24,1245.8
2021-11-03,쌈,11.5,21103200.0,16,1840.2
2021-11-04,가을,778.0,540866500.0,44,695.2
2021-11-04,기타,11.1,12948850.0,31,1166.0
2021-11-04,쌈,8.2,16480700.0,9,2005.9
2021-11-05,가을,667.5,610015200.0,38,913.9
2021-11-05,기타,8.9,7417925.0,34,828.9
2021-11-05,쌈,7.1,13923900.0,6,1955.3
2021-11-05,절임,4.4,6188000.0,1,1400.0
2021-11-06,가을,995.0,848792700.0,52,853.1
2021-11-06,기타,7.6,5874500.0,26,768.2
2021-11-06,쌈,8.8,17279300.0,9,1954.2
2021-11-06,절임,15.9,22111000.0,5,1392.4
2021-11-08,가을,1230.9,979781900.0,50,796.0
2021-11-08,기타,14.3,16995000.0,36,1187.6
2021-11-08,쌈,8.3,18284300.0,10,2201.3
2021-11-08,절임,9.7,13508000.0,3,1395.5
2021-11-09,가을,789.1,595249200.0,37,754.3
2021-11-09,기타,18.3,19609800.0,25,1072.3
2021-11-09,쌈,6.5,12573400.0,8,1921.1
2021-11-09,절임,15.0,20935000.0,4,1392.0
2021-11-10,가을,830.4,701244800.0,43,844.5
2021-11-10,기타,14.4,16765060.0,33,1162.5
2021-11-10,쌈,3.4,9560300.0,4,2817.7
2021-11-10,절임,14.4,20069000.0,4,1395.6
2021-11-11,가을,886.2,811460500.0,27,915.7
2021-11-11,기타,18.7,20009375.0,26,1068.4
2021-11-11,쌈,2.0,7699300.0,2,3834.3
2021-11-11,절임,22.2,31000000.0,4,1395.1
2021-11-12,가을,1293.4,1250484700.0,44,966.8
2021-11-12,기타,23.9,32639200.0,45,1363.8
2021-11-12,쌈,4.5,13292700.0,7,2986.5
2021-11-12,절임,75.4,106293000.0,5,1409.7
2021-11-13,가을,1077.0,1107758300.0,42,1028.6
2021-11-13,기타,9.5,11646300.0,7,1225.4
2021-11-13,쌈,1.5,9055100.0,1,5883.8
2021-11-13,절임,89.0,125092000.0,6,1404.9
2021-11-15,가을,1475.4,1148214200.0,43,778.2
2021-11-15,기타,11.0,11967100.0,7,1086.3
2021-11-15,쌈,2.3,16541200.0,3,7182.5
2021-11-15,절임,69.8,103827000.0,6,1488.3
2021-11-16,가을,1110.0,644535800.0,33,580.7
2021-11-16,기타,22.2,25968775.0,43,1171.4
2021-11-16,기타부산물,1.2,770000.0,1,641.7
2021-11-16,쌈,2.3,15650300.0,4,6931.0
2021-11-16,절임,42.7,71247000.0,4,1668.2
2021-11-17,가을,1179.6,733386700.0,35,621.7
2021-11-17,기타,12.0,13714000.0,31,1147.1
2021-11-17,쌈,5.4,17509400.0,10,3266.1
2021-11-17,절임,83.6,125968000.0,6,1506.8
2021-11-18,가을,1043.0,810779900.0,30,777.4
2021-11-18,기타,18.2,21548600.0,30,1186.2
2021-11-18,쌈,3.8,13519500.0,9,3541.9
2021-11-18,절임,109.9,171596000.0,4,1561.4
2021-11-19,가을,1337.5,986522300.0,30,737.6
2021-11-19,기타,34.0,45057000.0,32,1323.8
2021-11-19,기타부산물,2.1,1220000.0,1,581.0
2021-11-19,쌈,4.9,16113800.0,9,3268.5
2021-11-19,절임,111.6,173852000.0,8,1558.4
2021-11-20,가을,1175.3,893897600.0,23,760.6
2021-11-20,기타,16.0,19438850.0,19,1217.1
2021-11-20,기타부산물,0.9,680400.0,1,720.0
2021-11-20,쌈,1.4,11007600.0,4,7947.7
2021-11-20,절임,108.5,179182000.0,8,1651.8
2021-11-22,가을,1018.1,693959950.0,31,681.6
2021-11-22,기타,29.4,41788300.0,24,1422.9
2021-11-22,기타부산물,3.3,1878500.0,1,566.7
2021-11-22,쌈,7.1,27994000.0,9,3929.0
2021-11-22,절임,123.9,197943000.0,7,1597.9
2021-11-23,가을,774.9,526924000.0,30,680.0
2021-11-23,기타,17.4,20340275.0,22,1166.4
2021-11-23,기타부산물,0.5,288000.0,1,533.3
2021-11-23,쌈,6.1,22888300.0,6,3780.1
2021-11-23,절임,84.0,135402000.0,5,1611.9
2021-11-24,가을,493.3,360632800.0,22,731.1
2021-11-24,기타,13.3,13839325.0,21,1042.0
2021-11-24,쌈,4.0,14238900.0,6,3566.9
2021-11-24,절임,77.0,123469000.0,5,1603.5
2021-11-25,가을,1013.3,705313500.0,28,696.1
2021-11-25,기타,15.1,21171075.0,26,1406.6
2021-11-25,쌈,2.8,8275500.0,7,2928.3
2021-11-25,절임,97.2,160820000.0,7,1654.9
2021-11-26,가을,992.8,679790800.0,26,684.7
2021-11-26,기타,31.4,44476350.0,23,1417.9
2021-11-26,기타부산물,0.3,193800.0,1,680.0
2021-11-26,쌈,1.5,6754500.0,3,4374.7
2021-11-26,절임,120.8,199615000.0,5,1652.4
2021-11-27,가을,841.0,599678600.0,26,713.0
2021-11-27,기타,24.7,33325675.0,30,1348.7
2021-11-27,쌈,1.4,8336300.0,4,6062.8
2021-11-27,절임,130.5,215913000.0,5,1654.8
2021-11-29,가을,730.2,544229400.0,18,745.3
2021-11-29,기타,8.9,10622700.0,18,1187.0
2021-11-29,쌈,7.3,24420900.0,6,3356.8
2021-11-29,절임,96.5,157661000.0,5,1633.1
2021-11-30,가을,708.3,470246900.0,22,663.9
2021-11-30,기타,10.5,14451250.0,25,1371.6
2021-11-30,쌈,7.2,15893600.0,8,2209.9
2021-11-30,절임,55.8,87256500.0,4,1563.2
2021-12-01,가을,506.1,327042100.0,12,646.2
2021-12-01,기타,7.9,10775700.0,21,1370.1
2021-12-01,쌈,5.7,15903200.0,6,2809.3
2021-12-01,절임,23.1,38590000.0,3,1673.5
2021-12-02,가을,347.1,285446400.0,13,822.4
2021-12-02,기타,8.6,13788750.0,19,1595.6
2021-12-02,쌈,4.6,14354700.0,8,3126.7
2021-12-02,절임,39.4,65617000.0,4,1666.3
2021-12-03,가을,602.4,447354800.0,10,742.6
2021-12-03,기타,17.0,26441250.0,16,1555.6
2021-12-03,쌈,3.0,9759500.0,6,3254.3
2021-12-03,절임,66.3,110786000.0,3,1671.5
2021-12-04,가을,602.6,411840500.0,12,683.5
2021-12-04,기타,11.3,19389375.0,21,1708.8
2021-12-04,기타부산물,3.0,2020000.0,1,666.7
2021-12-04,쌈,3.2,11080200.0,5,3427.2
2021-12-04,절임,59.8,99992000.0,3,1671.0
2021-12-06,가을,506.6,331588300.0,13,654.5
2021-12-06,기타,8.4,10996400.0,20,1306.1
2021-12-06,기타부산물,3.0,1824800.0,1,608.3
2021-12-06,쌈,3.3,11191700.0,5,3425.7
2021-12-06,월동,10.0,5060000.0,2,506.0
2021-12-06,절임,40.3,66449000.0,3,1648.0
2021-12-07,가을,405.7,275885400.0,8,680.1
2021-12-07,기타,8.4,10312400.0,18,1225.0
2021-12-07,기타부산물,2.7,1533600.0,1,568.0
2021-12-07,쌈,1.6,11781400.0,3,7591.1
2021-12-07,절임,10.3,17235000.0,3,1673.3
2021-12-08,가을,336.8,238928300.0,6,709.5
2021-12-08,기타,7.3,11197300.0,18,1532.2
2021-12-08,기타부산물,2.9,1594000.0,1,547.8
2021-12-08,쌈,6.3,15511000.0,7,2478.6
2021-12-08,절임,9.3,15434000.0,3,1656.0
2021-12-09,가을,496.3,334744100.0,8,674.4
2021-12-09,기타,5.8,8889500.0,22,1543.2
2021-12-09,쌈,1.7,8934200.0,4,5353.0
2021-12-09,절임,12.1,20147000.0,2,1665.0
2021-12-10,가을,483.6,292642800.0,7,605.1
2021-12-10,기타,8.2,8676850.0,19,1059.7
2021-12-10,기타부산물,3.6,1999600.0,1,548.6
2021-12-10,쌈,4.3,13037600.0,7,3025.0
2021-12-10,절임,21.7,36066000.0,4,1665.1
2021-12-11,가을,376.0,223631400.0,12,594.8
2021-12-11,기타,10.0,8495300.0,17,847.6
2021-12-11,기타부산물,0.6,144400.0,1,253.3
2021-12-11,쌈,4.3,12120200.0,7,2790.7
2021-12-11,절임,28.4,47197000.0,4,1664.2
2021-12-13,가을,246.9,180533800.0,7,731.2
2021-12-13,기타,7.0,10042125.0,27,1424.7
2021-12-13,기타부산물,4.9,2361600.0,1,485.9
2021-12-13,쌈,2.9,12659500.0,5,4434.2
2021-12-13,절임,6.5,9790000.0,2,1515.5
2021-12-14,가을,328.6,221503600.0,6,674.0
2021-12-14,기타,4.1,4778100.0,12,1169.7
2021-12-14,쌈,11.1,20281800.0,14,1824.6
2021-12-14,절임,0.3,462000.0,1,1650.0
2021-12-15,가을,313.9,198862300.0,6,633.5
2021-12-15,기타,5.2,5306100.0,13,1026.6
2021-12-15,기타부산물,3.4,1471900.0,1,434.2
2021-12-15,쌈,14.2,26219800.0,13,1844.1
2021-12-15,절임,8.8,13147000.0,2,1494.0
2021-12-16,가을,320.7,197691500.0,8,616.4
2021-12-16,기타,4.5,6180075.0,17,1359.8
2021-12-16,쌈,7.6,15023600.0,8,1973.2
2021-12-16,절임,4.5,6792000.0,2,1516.1
2021-12-17,가을,248.2,161445880.0,4,650.5
2021-12-17,기타,2.6,3714200.0,14,1440.7
2021-12-17,기타부산물,1.9,979200.0,1,518.1
2021-12-17,쌈,9.8,18514100.0,12,1895.4
2021-12-17,절임,2.0,3134000.0,2,1599.0
2021-12-18,가을,128.7,88928400.0,3,691.0
2021-12-18,기타,4.0,4421800.0,10,1098.9
2021-12-18,쌈,3.0,9161900.0,6,3047.9
2021-12-18,절임,0.1,198000.0,1,1650.0
2021-12-20,가을,316.1,211512000.0,6,669.1
2021-12-20,기타,3.6,4484475.0,7,1239.8
2021-12-20,기타부산물,2.2,1276000.0,1,590.7
2021-12-20,쌈,6.5,15290300.0,7,2360.0
2021-12-21,가을,348.6,225562300.0,6,647.1
2021-12-21,기타,2.5,3696625.0,9,1459.4
2021-12-21,기타부산물,1.1,691600.0,1,623.1
2021-12-21,쌈,11.9,19522300.0,9,1636.5
2021-12-21,절임,0.0,66000.0,1,1650.0
2021-12-22,가을,353.6,213182100.0,8,602.9
2021-12-22,기타,3.5,4775125.0,14,1380.7
2021-12-22,쌈,6.6,11565300.0,7,1753.9
2021-12-22,절임,2.8,4760000.0,1,1700.0
2021-12-23,가을,236.9,143028700.0,8,603.8
2021-12-23,기타,3.6,5250800.0,14,1463.4
2021-12-23,기타부산물,1.6,1220400.0,1,753.3
2021-12-23,쌈,8.6,13499600.0,8,1565.7
2021-12-24,가을,205.6,134273900.0,8,653.0
2021-12-24,기타,4.1,6374500.0,15,1564.3
2021-12-24,기타부산물,1.1,919600.0,1,806.7
2021-12-24,쌈,8.4,14987100.0,7,1784.4
2021-12-24,절임,0.0,66000.0,1,1650.0
2021-12-25,가을,145.7,104044300.0,4,714.3
2021-12-25,기타,3.5,4920700.0,11,1417.2
2021-12-25,기타부산물,1.5,1122000.0,1,733.3
2021-12-25,쌈,7.4,19449000.0,6,2619.7
2021-12-25,월동,10.0,7000000.0,2,700.0
2021-12-25,절임,0.0,33000.0,1,1650.0
2021-12-27,가을,59.4,52485800.0,5,883.4
2021-12-27,기타,3.7,4053500.0,6,1091.1
2021-12-27,기타부산물,1.8,1368000.0,1,760.0
2021-12-27,쌈,4.7,19770600.0,9,4208.3
2021-12-28,가을,318.6,198191300.0,11,622.0
2021-12-28,기타,4.8,5320800.0,13,1103.2
2021-12-28,기타부산물,2.1,868000.0,2,416.3
2021-12-28,쌈,5.4,12642500.0,7,2330.0
2021-12-29,가을,263.4,160229000.0,12,608.2
2021-12-29,기타,6.9,7446300.0,10,1075.5
2021-12-29,기타부산물,0.5,450000.0,1,833.3
2021-12-29,쌈,11.1,22076800.0,8,1983.9
2021-12-29,절임,0.1,165000.0,1,1650.0
2021-12-30,가을,314.1,220869200.0,8,703.3
2021-12-30,기타,4.8,6924275.0,17,1456.0
2021-12-30,기타부산물,2.3,1810800.0,1,789.0
2021-12-30,쌈,6.9,21552300.0,7,3129.0
2021-12-31,가을,243.5,160146700.0,8,657.8
2021-12-31,기타,3.8,4366150.0,14,1136.7
2021-12-31,기타부산물,2.2,1530000.0,1,708.3
2021-12-31,쌈,12.1,34778200.0,10,2864.8
2022-01-03,가을,0.4,507000.0,1,1352.0
2022-01-03,기타,13.5,12696100.0,14,941.7
2022-01-03,기타부산물,1.1,900000.0,1,833.3
2022-01-03,쌈,8.7,32947200.0,8,3797.9
2022-01-03,월동,158.5,124842800.0,6,787.6
2022-01-04,가을,10.3,8286000.0,4,802.3
2022-01-04,기타,11.9,10912225.0,15,915.9
2022-01-04,기타부산물,2.9,1901400.0,2,656.8
2022-01-04,쌈,13.2,27202000.0,11,2066.9
2022-01-04,월동,247.3,164647300.0,8,665.7
2022-01-05,가을,0.1,127600.0,1,1343.2
2022-01-05,기타,3.2,5775800.0,16,1820.3
2022-01-05,기타부산물,3.0,1424400.0,2,479.6
2022-01-05,쌈,18.1,28524000.0,11,1580.2
2022-01-05,월동,393.8,261653400.0,7,664.4
2022-01-06,기타,4.8,6990750.0,15,1466.9
2022-01-06,기타부산물,4.6,1890600.0,2,409.2
2022-01-06,쌈,18.3,29741400.0,12,1629.5
2022-01-06,월동,352.8,190337200.0,9,539.6
2022-01-07,가을,0.1,96000.0,1,1600.0
2022-01-07,기타,2.4,5796600.0,17,2435.0
2022-01-07,기타부산물,2.2,1144800.0,1,530.0
2022-01-07,쌈,8.7,16437400.0,7,1879.2
2022-01-07,월동,237.5,134945000.0,9,568.1
2022-01-08,기타,4.6,7518000.0,17,1625.5
2022-01-08,기타부산물,1.6,936000.0,2,588.7
2022-01-08,쌈,3.1,7922000.0,7,2590.6
2022-01-08,월동,126.2,78960700.0,6,625.8
2022-01-10,기타,9.3,18822000.0,22,2021.6
2022-01-10,기타부산물,1.9,1049400.0,2,555.2
2022-01-10,쌈,10.2,22116500.0,8,2176.8
2022-01-10,월동,321.4,203693000.0,16,633.7
2022-01-11,기타,6.6,12418950.0,24,1881.8
2022-01-11,기타부산물,2.8,1419700.0,3,506.1
2022-01-11,쌈,16.8,32326400.0,11,1924.6
2022-01-11,월동,224.2,146935500.0,11,655.3
2022-01-11,절임,0.1,99000.0,1,1650.0
2022-01-12,기타,4.0,6607400.0,16,1654.5
2022-01-12,기타부산물,1.6,928800.0,1,573.3
2022-01-12,쌈,14.4,28655800.0,12,1985.2
2022-01-12,월동,209.6,114388800.0,9,545.8
2022-01-13,기타,14.1,16495350.0,20,1166.5
2022-01-13,기타부산물,2.0,1133100.0,2,559.6
2022-01-13,쌈,6.2,17692000.0,9,2856.3
2022-01-13,월동,232.8,134434200.0,5,577.4
2022-01-14,기타,22.3,22877300.0,19,1024.1
2022-01-14,기타부산물,0.7,447000.0,1,620.8
2022-01-14,쌈,12.1,24672400.0,13,2035.8
2022-01-14,월동,260.6,139831400.0,8,536.5
2022-01-15,기타,13.6,14574700.0,20,1072.1
2022-01-15,기타부산물,1.1,745200.0,1,690.0
2022-01-15,쌈,7.7,16400800.0,10,2117.3
2022-01-15,월동,184.5,124631700.0,6,675.7
2022-01-17,기타,3.5,11612575.0,19,3304.2
2022-01-17,쌈,22.5,48208800.0,16,2138.6
2022-01-17,월동,562.0,338848300.0,15,603.0
2022-01-18,기타,5.4,17888950.0,24,3313.4
2022-01-18,쌈,6.3,17938900.0,9,2835.3
2022-01-18,월동,295.2,174026200.0,13,589.6
2022-01-19,기타,3.6,7670600.0,16,2103.8
2022-01-19,기타부산물,0.5,504000.0,1,933.3
2022-01-19,쌈,32.2,57672600.0,15,1792.4
2022-01-19,월동,274.4,163312900.0,11,595.2
2022-01-20,기타,12.6,13992500.0,23,1112.9
2022-01-20,기타부산물,2.2,1882800.0,1,871.7
2022-01-20,쌈,10.0,22968400.0,9,2288.8
2022-01-20,월동,305.5,181430600.0,9,594.0
2022-01-21,기타,3.6,11931150.0,16,3341.6
2022-01-21,기타부산물,1.8,1119000.0,1,606.5
2022-01-21,쌈,15.7,30173800.0,7,1926.8
2022-01-21,월동,233.5,144913000.0,15,620.6
2022-01-22,기타,4.2,8685700.0,21,2050.4
2022-01-22,기타부산물,1.6,975600.0,1,602.2
2022-01-22,쌈,13.9,29836400.0,11,2149.1
2022-01-22,월동,121.7,87227000.0,9,717.0
2022-01-24,기타,6.2,9628125.0,24,1544.7
2022-01-24,기타부산물,2.7,1616200.0,2,588.8
2022-01-24,쌈,25.4,59449100.0,17,2338.0
2022-01-24,월동,539.0,328712100.0,13,609.9
2022-01-25,기타,6.9,21705025.0,25,3140.4
2022-01-25,기타부산물,2.4,1539000.0,2,633.3
2022-01-25,쌈,19.2,45494100.0,11,2365.8
2022-01-25,월동,376.9,245071600.0,11,650.2
2022-01-26,기타,5.1,9363850.0,19,1840.6
2022-01-26,기타부산물,3.1,1663200.0,2,543.5
2022-01-26,쌈,22.3,44542000.0,10,1998.6
2022-01-26,월동,493.2,299580100.0,15,607.5
2022-01-27,기타,4.3,7787300.0,13,1802.4
2022-01-27,기타부산물,1.1,651600.0,1,603.3
2022-01-27,쌈,19.8,39580600.0,10,2003.4
2022-01-27,월동,327.4,193431000.0,8,590.8
2022-01-28,기타,5.2,10723800.0,22,2068.6
2022-01-28,기타부산물,1.9,901100.0,1,473.0
2022-01-28,쌈,34.7,63334800.0,11,1827.0
2022-01-28,월동,314.2,176298100.0,7,561.1
2022-01-29,기타,1.8,4476400.0,9,2473.8
2022-01-29,기타부산물,0.7,336000.0,1,466.7
2022-01-29,쌈,16.8,39386300.0,11,2348.3
2022-01-29,월동,172.1,114712900.0,8,666.5
2022-01-30,기타,2.2,2785000.0,2,1268.8
2022-01-30,쌈,5.3,11408600.0,6,2147.7
2022-01-30,월동,29.4,21629300.0,2,734.4
2022-02-04,기타,12.3,11508650.0,12,939.1
2022-02-04,기타부산물,1.8,1048300.0,2,577.6
2022-02-04,쌈,14.8,32485600.0,9,2188.2
2022-02-04,월동,369.6,249648000.0,8,675.4
2022-02-05,기타,1.1,4848533.0,17,4397.8
2022-02-05,기타부산물,1.0,544000.0,1,533.3
2022-02-05,쌈,9.3,20786700.0,9,2225.1
2022-02-05,월동,163.8,123252700.0,6,752.6
2022-02-07,기타,3.7,22050800.0,25,6019.9
2022-02-07,기타부산물,2.2,1110000.0,1,506.8
2022-02-07,쌈,24.5,40371000.0,13,1644.7
2022-02-07,월동,344.2,222299100.0,8,645.9
2022-02-08,기타,2.3,13171700.0,23,5840.1
2022-02-08,기타부산물,2.0,821300.0,2,418.0
2022-02-08,쌈,16.3,27738300.0,9,1699.9
2022-02-08,월동,198.3,141910200.0,8,715.5
2022-02-09,기타,3.7,36018350.0,36,9751.6
2022-02-09,기타부산물,3.1,1253200.0,2,405.6
2022-02-09,쌈,12.6,21479700.0,11,1705.0
2022-02-09,월동,194.9,145866300.0,9,748.3
2022-02-10,기타,3.3,19954050.0,35,6065.1
2022-02-10,기타부산물,0.8,460000.0,1,613.3
2022-02-10,쌈,8.0,14594800.0,9,1832.8
2022-02-10,월동,356.4,246974680.0,6,693.0
2022-02-11,기타,3.3,16137825.0,44,4857.1
2022-02-11,쌈,15.8,27934400.0,9,1766.9
2022-02-11,월동,285.2,199736900.0,6,700.2
2022-02-12,기타,2.4,9848500.0,36,4130.2
2022-02-12,쌈,3.8,7638300.0,7,2008.5
2022-02-12,월동,173.8,119555000.0,5,687.8
2022-02-14,기타,2.6,6715575.0,25,2540.9
2022-02-14,쌈,22.6,37959500.0,15,1678.4
2022-02-14,월동,298.2,210338100.0,6,705.5
2022-02-15,기타,5.4,9451800.0,21,1766.2
2022-02-15,기타부산물,1.0,496000.0,1,486.3
2022-02-15,쌈,17.0,30544100.0,11,1798.7
2022-02-15,월동,284.3,193119300.0,13,679.2
2022-02-16,기타,0.9,3517150.0,11,4123.3
2022-02-16,기타부산물,0.8,444000.0,1,592.0
2022-02-16,쌈,15.2,24715000.0,8,1630.7
2022-02-16,월동,253.8,187428100.0,8,738.4
2022-02-17,기타,1.8,4187800.0,12,2393.0
2022-02-17,쌈,11.7,19639100.0,6,1678.1
2022-02-17,월동,260.3,181401800.0,10,696.8
2022-02-18,기타,1.0,3946400.0,13,3781.5
2022-02-18,쌈,7.6,12279800.0,4,1610.0
2022-02-18,월동,234.4,154482500.0,6,659.0
2022-02-19,기타,1.6,4845800.0,15,3002.4
2022-02-19,기타부산물,2.1,1092400.0,1,523.9
2022-02-19,쌈,6.0,10824600.0,6,1815.6
2022-02-19,월동,131.6,102467200.0,9,778.5
2022-02-21,기타,1.3,3830975.0,14,3014.1
2022-02-21,쌈,11.9,24399400.0,11,2048.6
2022-02-21,월동,451.8,311332700.0,8,689.1
2022-02-22,기타,2.3,3776400.0,13,1634.1
2022-02-22,기타부산물,1.1,547200.0,1,506.7
2022-02-22,쌈,11.8,23818900.0,8,2015.8
2022-02-22,월동,183.9,143208000.0,8,778.9
2022-02-23,기타,1.1,3240650.0,13,2872.9
2022-02-23,기타부산물,1.1,601200.0,1,556.7
2022-02-23,쌈,12.9,25428300.0,8,1975.3
2022-02-23,월동,361.8,246928400.0,7,682.5
2022-02-24,기타,1.6,2661300.0,9,1648.4
2022-02-24,기타부산물,1.1,576000.0,1,533.3
2022-02-24,쌈,16.6,30910700.0,10,1858.7
2022-02-24,월동,257.0,183887300.0,7,715.6
2022-02-25,기타,2.7,3344700.0,10,1223.1
2022-02-25,기타부산물,1.1,583200.0,1,540.0
2022-02-25,쌈,17.4,33430900.0,10,1920.7
2022-02-25,월동,218.1,161500600.0,8,740.4
2022-02-26,기타,0.8,3645500.0,14,4556.8
2022-02-26,기타부산물,1.1,597600.0,1,553.3
2022-02-26,쌈,9.9,19493800.0,10,1968.3
2022-02-26,월동,252.9,181299000.0,7,716.9
2022-02-28,기타,1.1,2566000.0,10,2360.6
2022-02-28,기타부산물,0.8,440500.0,1,554.1
2022-02-28,쌈,15.9,30823900.0,9,1941.9
2022-02-28,월동,373.5,253995700.0,9,680.1
2022-03-01,기타,13.6,8498500.0,15,623.6
2022-03-01,쌈,15.3,30851700.0,10,2017.1
2022-03-01,월동,208.1,151106000.0,10,726.2
2022-03-02,기타,20.3,13286150.0,10,655.9
2022-03-02,쌈,13.6,33072800.0,7,2427.4
2022-03-02,월동,152.0,119704600.0,7,787.5
2022-03-03,기타,1.2,4312500.0,13,3692.2
2022-03-03,기타부산물,0.5,295200.0,1,546.7
2022-03-03,쌈,16.9,36874800.0,15,2185.3
2022-03-03,월동,410.5,293183800.0,8,714.2
2022-03-04,기타,0.8,3433400.0,11,4376.5
2022-03-04,기타부산물,1.1,504000.0,1,466.7
2022-03-04,쌈,22.1,47348200.0,13,2141.9
2022-03-04,월동,301.3,227319500.0,10,754.4
2022-03-05,기타,2.3,2060200.0,8,896.9
2022-03-05,기타부산물,1.3,418200.0,2,313.3
2022-03-05,쌈,13.1,30713600.0,13,2342.4
2022-03-05,월동,281.5,200036900.0,9,710.7
2022-03-07,기타,10.9,10870800.0,14,1000.5
2022-03-07,쌈,20.6,48409100.0,11,2351.7
2022-03-07,월동,376.5,254007800.0,10,674.7
2022-03-08,기타,1.2,2582400.0,9,2108.9
2022-03-08,기타부산물,1.1,565200.0,1,523.3
2022-03-08,쌈,16.7,37287200.0,10,2233.8
2022-03-08,월동,310.3,208537600.0,8,672.1
2022-03-09,기타,0.3,717000.0,4,2159.6
2022-03-09,기타부산물,0.9,467100.0,1,494.3
2022-03-09,쌈,9.9,21285600.0,12,2156.2
2022-03-09,월동,352.3,244274300.0,5,693.4
2022-03-10,기타,0.7,1558700.0,5,2368.8
2022-03-10,쌈,16.9,36609100.0,12,2163.8
2022-03-10,월동,188.4,142786800.0,11,757.8
2022-03-11,기타,2.0,3570425.0,18,1782.5
2022-03-11,쌈,15.1,34913300.0,7,2313.8
2022-03-11,월동,230.0,180143400.0,9,783.3
2022-03-12,기타,10.5,9107900.0,11,864.6
2022-03-12,쌈,8.0,19034900.0,9,2385.0
2022-03-12,월동,241.8,193472500.0,6,800.0
2022-03-14,기타,11.3,11572000.0,11,1028.3
2022-03-14,쌈,13.9,33959900.0,8,2449.9
2022-03-14,월동,78.5,72700400.0,5,926.1
2022-03-14,저장,218.6,173168000.0,4,792.3
2022-03-15,기타,19.6,15985700.0,13,814.2
2022-03-15,쌈,8.1,20249700.0,6,2484.9
2022-03-15,월동,0.3,350000.0,1,1000.0
2022-03-15,저장,293.8,221221200.0,6,752.9
2022-03-16,기타,20.4,15563000.0,7,763.5
2022-03-16,쌈,7.7,18389300.0,8,2393.2
2022-03-16,월동,55.6,46566800.0,5,837.7
2022-03-16,저장,208.3,160536300.0,6,770.5
2022-03-17,기타,10.9,10593100.0,10,970.2
2022-03-17,쌈,5.3,13650100.0,6,2559.6
2022-03-17,월동,10.2,9770000.0,3,962.6
2022-03-17,저장,245.9,192879500.0,6,784.4
2022-03-18,기타,20.8,15390675.0,16,738.8
2022-03-18,쌈,7.9,21734300.0,6,2759.9
2022-03-18,월동,10.2,9690000.0,3,954.7
2022-03-18,저장,297.1,236530900.0,6,796.3
2022-03-19,기타,20.5,19023550.0,20,929.5
2022-03-19,기타부산물,0.6,160000.0,1,266.7
2022-03-19,쌈,7.0,17917200.0,6,2561.4
2022-03-19,저장,200.5,159361500.0,6,794.9
2022-03-21,기타,20.3,18404700.0,8,906.1
2022-03-21,쌈,16.3,39746300.0,6,2435.6
2022-03-21,월동,0.3,267000.0,1,978.0
2022-03-21,저장,248.7,208975800.0,4,840.4
2022-03-22,기타,20.5,18146300.0,12,886.0
2022-03-22,쌈,11.4,28990600.0,8,2532.2
2022-03-22,월동,0.2,160000.0,1,914.3
2022-03-22,저장,249.1,207025600.0,2,831.1
2022-03-23,기타,20.2,17923800.0,11,888.4
2022-03-23,쌈,9.1,24311100.0,9,2667.2
2022-03-23,월동,0.4,384000.0,1,914.3
2022-03-23,저장,357.3,287654300.0,4,805.1
2022-03-24,기타,20.7,18750225.0,13,904.7
2022-03-24,쌈,8.1,28258300.0,8,3489.1
2022-03-24,월동,0.3,288000.0,1,914.3
2022-03-24,저장,265.2,210350700.0,4,793.2
2022-03-25,기타,31.1,25062850.0,7,806.7
2022-03-25,쌈,17.9,50432900.0,8,2818.9
2022-03-25,월동,0.4,505600.0,1,1280.0
2022-03-25,저장,228.7,185904600.0,4,813.1
2022-03-26,기타,10.5,8737400.0,10,829.5
2022-03-26,쌈,14.7,34109400.0,4,2323.4
2022-03-26,저장,197.4,157928000.0,4,799.8
2022-03-28,기타,31.3,28123283.0,13,898.9
2022-03-28,쌈,8.8,33877400.0,8,3844.0
2022-03-28,월동,0.2,224000.0,1,914.3
2022-03-28,저장,313.8,260535200.0,4,830.2
2022-03-29,기타,31.5,29425850.0,14,934.9
2022-03-29,쌈,15.0,39836400.0,7,2654.2
2022-03-29,월동,0.3,320000.0,1,914.3
2022-03-29,저장,263.6,217262100.0,6,824.4
2022-03-30,기타,11.4,12354500.0,15,1081.0
2022-03-30,쌈,9.1,29875500.0,8,3291.7
2022-03-30,월동,0.4,352000.0,1,914.3
2022-03-30,저장,259.9,230206500.0,6,885.8
2022-03-31,기타,21.2,18536450.0,18,872.5
2022-03-31,쌈,9.2,27196900.0,6,2950.4
2022-03-31,월동,0.4,384000.0,1,914.3
2022-03-31,저장,259.9,229166200.0,8,881.8
2022-04-01,기타,21.5,20088650.0,22,934.4
2022-04-01,쌈,5.2,20772900.0,6,4033.6
2022-04-01,월동,0.3,320000.0,1,914.3
2022-04-01,저장,282.2,242747700.0,4,860.2
2022-04-02,기타,20.5,19927200.0,12,971.2
2022-04-02,쌈,10.6,26947600.0,8,2536.2
2022-04-02,저장,173.9,158061700.0,4,908.9
2022-04-04,기타,20.8,22167825.0,20,1065.1
2022-04-04,쌈,7.9,24979300.0,6,3151.6
2022-04-04,월동,1.1,992000.0,1,914.3
2022-04-04,저장,336.7,305568800.0,6,907.5
2022-04-05,기타,21.1,22240750.0,21,1053.7
2022-04-05,쌈,10.8,25547900.0,5,2376.1
2022-04-05,월동,0.5,480000.0,1,914.3
2022-04-05,저장,329.1,298460000.0,6,906.8
2022-04-06,기타,20.2,21901650.0,14,1085.2
2022-04-06,쌈,14.9,30500000.0,7,2051.7
2022-04-06,월동,0.1,64000.0,1,914.3
2022-04-06,저장,443.0,371424500.0,6,838.4
2022-04-07,기타,20.6,21935350.0,12,1066.1
2022-04-07,쌈,2.3,9889600.0,6,4266.4
2022-04-07,월동,0.2,192000.0,1,914.3
2022-04-07,저장,281.9,250718200.0,6,889.5
2022-04-08,기타,30.5,31214450.0,24,1022.1
2022-04-08,쌈,14.0,33445500.0,5,2381.6
2022-04-08,월동,0.2,224000.0,1,914.3
2022-04-08,저장,336.7,279479500.0,6,830.1
2022-04-09,기타,11.2,17845400.0,20,1598.9
2022-04-09,쌈,3.0,10681900.0,6,3599.0
2022-04-09,저장,219.2,179256200.0,6,817.8
2022-04-11,기타,31.1,30182425.0,21,969.8
2022-04-11,쌈,5.3,18302200.0,9,3428.0
2022-04-11,저장,351.6,297521600.0,5,846.2
2022-04-12,기타,23.1,22266550.0,22,962.7
2022-04-12,쌈,4.8,14258700.0,7,2966.2
2022-04-12,저장,402.4,342383600.0,6,851.0
2022-04-13,기타,11.6,13326500.0,25,1146.6
2022-04-13,쌈,6.5,17309400.0,7,2651.2
2022-04-13,저장,368.6,312773800.0,7,848.5
2022-04-14,기타,21.7,20327450.0,11,937.0
2022-04-14,쌈,10.6,23962100.0,11,2259.7
2022-04-14,저장,355.1,286364400.0,6,806.5
2022-04-15,기타,10.8,13413950.0,21,1243.1
2022-04-15,쌈,13.2,23945000.0,9,1820.1
2022-04-15,저장,233.5,212464000.0,6,909.9
2022-04-16,기타,10.6,11094050.0,19,1049.1
2022-04-16,쌈,6.5,12511300.0,9,1915.1
2022-04-16,저장,191.0,176493700.0,2,924.1
2022-04-18,기타,22.4,22712000.0,22,1013.9
2022-04-18,쌈,16.1,28988100.0,11,1805.4
2022-04-18,저장,417.7,358022000.0,4,857.1
2022-04-19,기타,24.2,24272100.0,29,1002.9
2022-04-19,쌈,8.6,22307200.0,6,2593.0
2022-04-19,저장,281.5,264088100.0,4,938.1
2022-04-20,기타,31.1,29804500.0,12,959.2
2022-04-20,쌈,8.7,24621700.0,8,2828.1
2022-04-20,저장,313.6,298266600.0,4,951.3
2022-04-21,기타,31.2,32613300.0,17,1045.3
2022-04-21,봄,20.0,13900000.0,2,695.0
2022-04-21,쌈,8.3,20796400.0,10,2496.6
2022-04-21,저장,373.1,338974300.0,6,908.4
2022-04-22,기타,21.6,23107900.0,22,1067.5
2022-04-22,봄,20.0,14720000.0,2,736.0
2022-04-22,쌈,11.4,25224900.0,11,2220.9
2022-04-22,저장,318.0,287231600.0,4,903.3
2022-04-23,기타,1.2,3671950.0,16,3159.5
2022-04-23,봄,20.0,14260000.0,2,713.0
2022-04-23,쌈,3.9,9897300.0,7,2565.4
2022-04-23,저장,184.7,162099600.0,4,877.6
2022-04-25,기타,33.9,36034600.0,27,1063.4
2022-04-25,봄,20.0,15180000.0,2,759.0
2022-04-25,쌈,4.2,11128900.0,6,2624.7
2022-04-25,저장,345.8,320975100.0,4,928.2
2022-04-26,기타,12.0,13224000.0,27,1099.4
2022-04-26,봄,40.0,27780000.0,2,694.5
2022-04-26,쌈,3.3,7873600.0,6,2378.0
2022-04-26,저장,343.6,301399600.0,4,877.3
2022-04-27,기타,21.5,25425450.0,27,1182.9
2022-04-27,봄,10.0,8280000.0,2,828.0
2022-04-27,쌈,7.7,18890700.0,8,2462.3
2022-04-27,저장,314.2,292693000.0,4,931.5
2022-04-28,기타,30.9,28602475.0,22,927.1
2022-04-28,봄,70.0,52360000.0,4,748.0
2022-04-28,쌈,6.7,16088200.0,11,2387.0
2022-04-28,저장,337.7,286705800.0,4,849.1
2022-04-29,기타,11.6,14151800.0,18,1216.7
2022-04-29,봄,80.0,55142000.0,4,689.3
2022-04-29,쌈,4.1,9594100.0,7,2348.6
2022-04-29,저장,243.6,211023300.0,4,866.3
2022-04-30,기타,10.8,12228400.0,22,1127.4
2022-04-30,봄,50.0,32580000.0,4,651.6
2022-04-30,쌈,4.7,12689200.0,5,2682.7
2022-04-30,저장,163.1,150855800.0,4,924.9
2022-05-02,기타,11.5,13813700.0,18,1204.2
2022-05-02,봄,118.5,86655800.0,4,731.3
2022-05-02,쌈,6.1,15313900.0,7,2517.9
2022-05-02,저장,264.9,238985900.0,4,902.2
2022-05-03,기타,12.3,15831800.0,21,1286.2
2022-05-03,봄,138.6,97078800.0,2,700.4
2022-05-03,쌈,4.8,12838800.0,5,2690.4
2022-05-03,저장,254.8,224173600.0,6,879.8
2022-05-04,기타,11.8,12694800.0,16,1078.0
2022-05-04,봄,188.6,119068200.0,5,631.3
2022-05-04,쌈,9.1,22136800.0,8,2431.0
2022-05-04,저장,223.9,179572600.0,4,801.8
2022-05-05,기타,1.3,3959750.0,19,3067.2
2022-05-05,봄,147.7,95524400.0,5,647.0
2022-05-05,쌈,3.3,17183300.0,6,5272.6
2022-05-05,저장,149.4,139917700.0,4,936.2
2022-05-06,기타,2.3,5707350.0,19,2477.1
2022-05-06,봄,178.4,129461100.0,4,725.7
2022-05-06,쌈,11.2,36442600.0,6,3243.7
2022-05-06,저장,128.3,136418700.0,4,1062.9
2022-05-07,기타,0.7,2128700.0,9,3036.7
2022-05-07,봄,169.2,117023200.0,3,691.6
2022-05-07,쌈,6.9,29269500.0,5,4221.2
2022-05-07,저장,118.8,119993700.0,4,1010.0
2022-05-09,기타,1.6,3174250.0,17,1951.0
2022-05-09,봄,296.8,210045200.0,9,707.7
2022-05-09,쌈,4.0,27273500.0,4,6828.6
2022-05-09,저장,109.8,113104000.0,4,1030.1
2022-05-10,기타,0.7,2011500.0,16,3050.0
2022-05-10,봄,297.5,210172500.0,10,706.5
2022-05-10,쌈,13.3,35918700.0,9,2704.1
2022-05-10,저장,131.3,128357000.0,6,977.2
2022-05-11,기타,0.2,1114500.0,9,5031.6
2022-05-11,봄,248.0,178508800.0,10,719.7
2022-05-11,쌈,18.2,34674400.0,10,1903.6
2022-05-11,저장,120.1,107595200.0,6,895.9
2022-05-12,기타,1.1,3232600.0,11,2853.1
2022-05-12,봄,254.4,182376900.0,12,716.8
2022-05-12,쌈,16.5,32533900.0,10,1972.5
2022-05-12,저장,50.8,50667200.0,4,997.4
2022-05-13,기타,2.1,4015800.0,11,1879.2
2022-05-13,봄,264.8,194956700.0,10,736.2
2022-05-13,쌈,8.6,23411300.0,9,2735.9
2022-05-13,저장,51.1,50227200.0,4,982.9
2022-05-14,기타,1.8,5532600.0,20,3021.6
2022-05-14,봄,176.8,136739800.0,6,773.4
2022-05-14,쌈,18.3,30141900.0,11,1651.2
2022-05-14,저장,31.6,34480400.0,4,1092.9
2022-05-16,기타,2.8,5071150.0,17,1821.9
2022-05-16,봄,461.4,323492200.0,19,701.0
2022-05-16,쌈,14.7,35213900.0,9,2397.5
2022-05-16,저장,72.5,74284000.0,3,1024.6
2022-05-17,기타,1.7,3983775.0,20,2328.3
2022-05-17,봄,392.5,261798500.0,24,666.9
2022-05-17,쌈,14.4,27531700.0,10,1908.3
2022-05-17,저장,41.8,45042800.0,2,1077.6
2022-05-18,기타,1.6,3561600.0,12,2237.2
2022-05-18,봄,277.7,171514200.0,21,617.6
2022-05-18,쌈,21.0,27931200.0,13,1327.0
2022-05-18,저장,61.7,64219400.0,4,1040.8
2022-05-19,기타,1.4,3305600.0,16,2308.4
2022-05-19,봄,358.9,245414200.0,23,683.7
2022-05-19,쌈,12.1,20613400.0,11,1704.4
2022-05-19,저장,20.4,21716200.0,2,1063.5
2022-05-20,기타,2.2,5427800.0,18,2485.3
2022-05-20,봄,422.3,264743400.0,23,626.9
2022-05-20,쌈,17.3,30975900.0,9,1790.3
2022-05-20,저장,9.7,8924000.0,2,920.0
2022-05-21,기타,2.7,5236550.0,22,1928.7
2022-05-21,봄,364.4,197820580.0,23,542.9
2022-05-21,쌈,7.7,15433000.0,6,2002.5
2022-05-23,기타,2.3,6416100.0,18,2791.4
2022-05-23,봄,518.0,265863000.0,25,513.2
2022-05-23,쌈,16.8,27379700.0,7,1629.0
2022-05-24,기타,4.8,6645875.0,17,1389.2
2022-05-24,봄,379.2,210570100.0,21,555.4
2022-05-24,쌈,16.4,24539500.0,8,1494.9
2022-05-25,기타,3.0,7442200.0,15,2447.3
2022-05-25,봄,327.6,193339900.0,18,590.2
2022-05-25,쌈,11.6,17403400.0,7,1506.4
2022-05-26,기타,2.5,5035800.0,24,2011.9
2022-05-26,봄,366.3,198550200.0,16,542.0
2022-05-26,쌈,12.0,18445100.0,8,1534.0
2022-05-27,기타,2.6,5640875.0,23,2157.1
2022-05-27,봄,303.0,165451900.0,10,546.1
2022-05-27,쌈,12.5,19546300.0,9,1563.8
2022-05-28,기타,4.4,5811750.0,23,1317.6
2022-05-28,봄,267.6,153474100.0,9,573.4
2022-05-28,쌈,8.4,13243900.0,7,1572.3
2022-05-30,기타,2.5,5268975.0,21,2146.2
2022-05-30,봄,419.4,250278350.0,20,596.8
2022-05-30,쌈,7.1,17008700.0,7,2391.9
2022-05-31,기타,1.5,3578450.0,14,2454.4
2022-05-31,봄,369.5,272875800.0,20,738.5
2022-05-31,쌈,9.1,19515000.0,6,2134.2
2022-06-01,기타,1.8,3620100.0,14,1988.0
2022-06-01,봄,404.6,266085200.0,14,657.6
2022-06-01,쌈,11.4,23306900.0,7,2041.6
2022-06-02,기타,2.8,4971000.0,13,1791.4
2022-06-02,봄,308.4,210294650.0,12,681.9
2022-06-02,쌈,12.0,24528500.0,7,2046.9
2022-06-03,기타,1.7,5032550.0,19,2941.3
2022-06-03,봄,312.5,220547100.0,18,705.7
2022-06-03,쌈,13.2,30187200.0,7,2289.2
2022-06-04,기타,1.5,4266800.0,16,2803.4
2022-06-04,봄,302.6,218699000.0,17,722.8
2022-06-04,쌈,2.7,15376300.0,5,5705.5
2022-06-06,기타,2.9,5935650.0,27,2078.3
2022-06-06,봄,471.8,328044800.0,22,695.3
2022-06-06,쌈,6.4,26650500.0,7,4169.4
2022-06-07,기타,2.7,4622650.0,15,1732.6
2022-06-07,봄,238.7,174637500.0,16,731.7
2022-06-07,쌈,2.9,16982500.0,6,5821.9
2022-06-08,기타,6.0,7575950.0,28,1262.4
2022-06-08,봄,459.1,333463200.0,23,726.3
2022-06-08,쌈,7.2,22067000.0,10,3068.7
2022-06-09,기타,8.5,9799125.0,25,1149.2
2022-06-09,봄,480.2,299964000.0,24,624.6
2022-06-09,쌈,7.5,24368500.0,12,3267.4
2022-06-10,기타,2.6,6355050.0,19,2438.6
2022-06-10,봄,432.9,239079700.0,18,552.2
2022-06-10,쌈,8.9,27030300.0,8,3029.3
2022-06-11,기타,2.5,6021500.0,20,2435.9
2022-06-11,봄,349.0,166747400.0,13,477.8
2022-06-11,쌈,6.0,17317400.0,5,2867.1
2022-06-13,기타,10.5,13454050.0,28,1283.2
2022-06-13,봄,328.3,222719600.0,19,678.5
2022-06-13,쌈,8.4,17546000.0,8,2080.4
2022-06-14,기타,2.3,7994675.0,23,3457.9
2022-06-14,봄,388.9,303361800.0,22,780.0
2022-06-14,쌈,15.2,24737200.0,8,1631.1
2022-06-15,기타,4.6,10686850.0,41,2311.2
2022-06-15,봄,451.2,305395700.0,17,676.8
2022-06-15,쌈,9.0,18319500.0,8,2037.3
2022-06-16,기타,1.5,5292050.0,18,3607.4
2022-06-16,봄,300.0,216976600.0,18,723.2
2022-06-16,쌈,11.6,23181500.0,6,2000.6
2022-06-17,기타,2.4,4806100.0,21,1995.9
2022-06-17,봄,460.4,266291200.0,19,578.3
2022-06-17,쌈,6.5,19094700.0,5,2925.5
2022-06-18,기타,2.4,7531175.0,28,3160.4
2022-06-18,봄,399.9,223969600.0,16,560.0
2022-06-18,쌈,7.5,19972800.0,9,2670.9
2022-06-20,기타,3.1,8184725.0,26,2661.7
2022-06-20,봄,379.8,272499900.0,22,717.5
2022-06-20,쌈,9.3,24866600.0,8,2676.7
2022-06-21,기타,2.7,7527250.0,19,2819.2
2022-06-21,봄,487.2,350224840.0,27,718.9
2022-06-21,쌈,8.0,17984800.0,8,2248.9
2022-06-22,기타,5.4,12164439.0,26,2251.4
2022-06-22,봄,454.6,341182700.0,24,750.5
2022-06-22,쌈,4.8,12967600.0,6,2694.3
2022-06-23,기타,2.9,8153425.0,23,2780.4
2022-06-23,봄,420.1,317253300.0,19,755.3
2022-06-23,쌈,8.1,21619700.0,5,2672.1
2022-06-24,기타,1.7,3325800.0,15,2014.4
2022-06-24,봄,542.0,385712100.0,17,711.6
2022-06-24,쌈,8.3,25062400.0,6,3021.0
2022-06-25,기타,2.4,4640700.0,21,1918.4
2022-06-25,봄,265.3,201259600.0,13,758.6
2022-06-25,쌈,9.3,30136900.0,8,3255.2
2022-06-27,기타,18.7,16042800.0,32,858.8
2022-06-27,봄,626.1,358743300.0,22,573.0
2022-06-27,쌈,15.3,51985300.0,13,3398.6
2022-06-28,고랭지,1.1,703280.0,1,662.2
2022-06-28,기타,5.5,11049750.0,35,2008.0
2022-06-28,봄,477.4,283141200.0,17,593.1
2022-06-28,쌈,10.3,27126000.0,11,2630.8
2022-06-29,기타,4.9,7053400.0,32,1443.9
2022-06-29,봄,468.0,249927100.0,17,534.0
2022-06-29,쌈,6.5,23876200.0,9,3686.9
2022-06-30,기타,2.2,4968725.0,20,2226.1
2022-06-30,봄,197.1,174303860.0,10,884.1
2022-06-30,쌈,4.1,14277200.0,7,3457.8
2022-07-01,기타,4.0,6908125.0,26,1730.9
2022-07-01,봄,159.3,129547080.0,7,813.4
2022-07-01,쌈,3.1,16940000.0,8,5415.6
2022-07-01,여름,109.5,85619000.0,7,782.3
2022-07-02,기타,3.5,6077825.0,36,1758.1
2022-07-02,쌈,8.7,32963600.0,8,3796.8
2022-07-02,여름,487.7,367568000.0,10,753.6
2022-07-04,기타,8.3,15484375.0,32,1861.3
2022-07-04,봄,0.7,607920.0,1,851.4
2022-07-04,쌈,7.2,38284800.0,9,5320.3
2022-07-04,여름,507.5,314662500.0,12,620.0
2022-07-05,기타,4.3,10878484.0,24,2516.4
2022-07-05,쌈,9.4,35307800.0,10,3750.6
2022-07-05,여름,377.8,288014800.0,18,762.4
2022-07-06,기타,10.3,20739686.0,45,2012.2
2022-07-06,쌈,8.8,39698100.0,10,4525.0
2022-07-06,여름,399.5,282214400.0,15,706.4
2022-07-07,기타,6.7,20590175.0,34,3051.8
2022-07-07,쌈,10.6,29218100.0,9,2759.5
2022-07-07,여름,396.3,355057600.0,16,896.0
2022-07-08,기타,3.6,9900675.0,38,2747.1
2022-07-08,쌈,6.8,27022600.0,10,3959.4
2022-07-08,여름,418.6,276525900.0,16,660.6
2022-07-09,기타,5.0,14915925.0,29,2982.9
2022-07-09,쌈,9.4,25778400.0,11,2739.8
2022-07-09,여름,251.8,250234800.0,12,993.8
2022-07-11,기타,6.5,21322400.0,44,3277.3
2022-07-11,쌈,11.1,28868000.0,10,2605.4
2022-07-11,여름,551.1,431821500.0,18,783.5
2022-07-12,기타,3.0,12180250.0,27,4004.0
2022-07-12,쌈,8.0,22292000.0,11,2779.6
2022-07-12,여름,317.9,344572500.0,15,1083.9
2022-07-13,기타,4.5,13631025.0,24,3001.8
2022-07-13,쌈,5.9,20365400.0,7,3434.3
2022-07-13,여름,459.1,402119800.0,19,876.0
2022-07-14,기타,3.1,12024325.0,36,3840.4
2022-07-14,쌈,10.1,28546300.0,12,2824.1
2022-07-14,여름,269.5,319787000.0,18,1186.4
2022-07-15,기타,3.7,14283000.0,30,3826.6
2022-07-15,쌈,6.9,25676100.0,8,3727.7
2022-07-15,여름,428.2,400721900.0,18,935.8
2022-07-16,기타,4.4,12890250.0,39,2945.7
2022-07-16,쌈,7.1,26086700.0,10,3687.2
2022-07-16,여름,372.9,400929000.0,20,1075.2
2022-07-18,기타,5.9,17790100.0,39,3028.4
2022-07-18,쌈,13.3,37641300.0,11,2831.2
2022-07-18,여름,431.0,560273400.0,20,1299.9
2022-07-19,기타,7.9,14599575.0,34,1841.4
2022-07-19,쌈,6.1,20834900.0,10,3431.9
2022-07-19,여름,414.7,453692300.0,15,1094.1
2022-07-20,기타,15.9,30590900.0,38,1919.7
2022-07-20,쌈,3.3,14062000.0,4,4292.4
2022-07-20,여름,389.8,450030500.0,17,1154.5
2022-07-21,기타,8.2,17851500.0,34,2177.0
2022-07-21,쌈,9.5,26695000.0,8,2823.7
2022-07-21,여름,453.4,494050000.0,25,1089.5
2022-07-22,기타,14.0,31692650.0,30,2263.9
2022-07-22,쌈,3.1,15323400.0,6,4873.9
2022-07-22,여름,223.4,298133900.0,16,1334.5
2022-07-23,기타,13.1,32839000.0,32,2513.7
2022-07-23,쌈,4.1,23569700.0,6,5811.1
2022-07-23,여름,229.5,402012300.0,17,1751.7
2022-07-25,고랭지,10.0,23920000.0,2,2392.0
2022-07-25,기타,15.0,36281650.0,29,2413.1
2022-07-25,쌈,5.6,20943500.0,7,3772.9
2022-07-25,여름,458.1,525094000.0,14,1146.3
2022-07-26,고랭지,20.0,43560000.0,4,2178.0
2022-07-26,기타,7.7,17896500.0,27,2320.2
2022-07-26,쌈,4.7,18118400.0,6,3862.4
2022-07-26,여름,381.5,513975700.0,16,1347.2
2022-07-27,고랭지,10.0,22080000.0,2,2208.0
2022-07-27,기타,15.7,35273550.0,47,2253.9
2022-07-27,쌈,6.5,19899800.0,7,3043.7
2022-07-27,여름,408.6,433003200.0,14,1059.9
2022-07-28,고랭지,10.0,20492000.0,1,2049.2
2022-07-28,기타,7.0,18333950.0,31,2622.9
2022-07-28,쌈,3.7,14853200.0,4,4027.4
2022-07-28,여름,329.6,389174400.0,10,1180.6
2022-07-29,고랭지,10.0,16800000.0,2,1680.0
2022-07-29,기타,8.2,17331650.0,44,2107.8
2022-07-29,쌈,10.2,28947500.0,6,2835.5
2022-07-29,여름,420.4,414475900.0,8,985.9
2022-07-30,고랭지,6.0,9846000.0,2,1654.8
2022-07-30,기타,10.7,23139900.0,39,2156.4
2022-07-30,쌈,6.2,19372200.0,6,3104.5
2022-07-30,여름,389.1,341261000.0,13,877.1
2022-08-01,고랭지,440.8,482016900.0,13,1093.6
2022-08-01,기타,15.5,28708680.0,30,1857.6
2022-08-01,쌈,13.3,45110200.0,8,3403.8
2022-08-02,고랭지,429.1,416136600.0,15,969.7
2022-08-02,기타,13.7,26658300.0,36,1945.9
2022-08-02,쌈,10.0,32410200.0,8,3229.1
2022-08-03,고랭지,459.8,400414000.0,17,870.9
2022-08-03,기타,4.4,10148500.0,29,2309.1
2022-08-03,쌈,9.4,39585200.0,9,4217.5
2022-08-04,고랭지,408.1,410856000.0,15,1006.6
2022-08-04,기타,7.0,16298050.0,26,2332.6
2022-08-04,쌈,4.6,25031500.0,8,5451.1
2022-08-05,고랭지,492.9,530661500.0,17,1076.5
2022-08-05,기타,7.8,13464450.0,32,1733.1
2022-08-05,쌈,6.8,40841200.0,9,5991.1
2022-08-08,고랭지,696.1,579217500.0,20,832.1
2022-08-08,기타,8.5,16812500.0,34,1977.5
2022-08-08,쌈,7.4,43300900.0,8,5883.3
2022-08-09,고랭지,569.6,442144000.0,14,776.3
2022-08-09,기타,5.1,12959350.0,38,2550.6
2022-08-09,쌈,4.8,26627400.0,8,5546.2
2022-08-10,고랭지,270.9,277047200.0,13,1022.8
2022-08-10,기타,3.7,7264475.0,21,1962.3
2022-08-10,쌈,9.0,24172000.0,8,2699.3
2022-08-11,고랭지,515.4,484342000.0,15,939.8
2022-08-11,기타,6.0,11551250.0,28,1924.6
2022-08-11,쌈,5.4,18519600.0,6,3455.1
2022-08-12,고랭지,443.9,344072300.0,13,775.2
2022-08-12,기타,1.9,5754000.0,13,2990.6
2022-08-12,쌈,4.7,19811900.0,5,4180.6
2022-08-13,고랭지,444.2,450185100.0,13,1013.4
2022-08-13,기타,7.5,18598775.0,30,2478.2
2022-08-13,쌈,9.7,34964400.0,8,3610.2
2022-08-15,고랭지,689.0,607557100.0,12,881.8
2022-08-15,기타,6.4,14686600.0,29,2300.5
2022-08-15,쌈,7.0,33890100.0,8,4867.2
2022-08-16,고랭지,568.3,512793600.0,12,902.4
2022-08-16,기타,7.5,16509611.0,30,2200.1
2022-08-16,쌈,7.6,33095100.0,6,4344.3
2022-08-17,고랭지,444.1,449567200.0,8,1012.2
2022-08-17,기타,5.5,9181300.0,34,1676.0
2022-08-17,쌈,8.2,28242900.0,10,3448.0
2022-08-18,고랭지,608.5,521684900.0,10,857.3
2022-08-18,기타,5.9,15732750.0,30,2686.9
2022-08-18,쌈,10.4,40235200.0,9,3886.7
2022-08-19,고랭지,490.4,506936800.0,12,1033.8
2022-08-19,기타,6.6,16842575.0,28,2560.4
2022-08-19,쌈,11.1,41964000.0,10,3794.6
2022-08-20,고랭지,419.8,471740000.0,9,1123.7
2022-08-20,기타,5.7,11171025.0,26,1955.2
2022-08-20,쌈,9.2,40169100.0,9,4359.1
2022-08-22,고랭지,699.2,656394700.0,9,938.8
2022-08-22,기타,8.8,23151350.0,36,2633.7
2022-08-22,쌈,8.8,44351700.0,9,5048.6
2022-08-23,고랭지,524.9,621881800.0,14,1184.8
2022-08-23,기타,8.0,19752425.0,41,2481.5
2022-08-23,쌈,13.6,39619600.0,9,2904.2
2022-08-24,고랭지,657.0,688783600.0,12,1048.5
2022-08-24,기타,7.3,16116750.0,31,2193.9
2022-08-24,쌈,11.9,34595800.0,10,2918.0
2022-08-25,고랭지,709.4,739964700.0,15,1043.1
2022-08-25,기타,9.3,24890175.0,47,2668.6
2022-08-25,쌈,9.9,33650600.0,11,3404.6
2022-08-26,고랭지,652.2,766192200.0,9,1174.8
2022-08-26,기타,9.0,17552650.0,36,1960.3
2022-08-26,쌈,7.1,28028900.0,11,3975.2
2022-08-27,고랭지,643.9,698949700.0,11,1085.5
2022-08-27,기타,12.5,27162425.0,42,2173.9
2022-08-27,쌈,8.6,37663400.0,10,4384.6
2022-08-29,고랭지,681.5,999389300.0,17,1466.5
2022-08-29,기타,7.5,20437950.0,46,2733.4
2022-08-29,쌈,6.7,34948700.0,13,5219.3
2022-08-30,고랭지,944.3,1178888800.0,16,1248.4
2022-08-30,기타,5.5,19455250.0,29,3556.1
2022-08-30,쌈,11.4,46248100.0,14,4050.1
2022-08-31,고랭지,575.8,775270700.0,15,1346.5
2022-08-31,기타,8.5,19806500.0,29,2333.5
2022-08-31,쌈,8.9,43674600.0,11,4930.0
2022-09-01,고랭지,611.5,892651500.0,17,1459.7
2022-09-01,기타,10.3,28991350.0,34,2803.5
2022-09-01,쌈,3.8,20017000.0,8,5302.5
2022-09-02,고랭지,1040.2,1495492900.0,16,1437.7
2022-09-02,기타,13.8,35209675.0,38,2556.2
2022-09-02,쌈,14.4,53699500.0,15,3718.8
2022-09-03,고랭지,877.8,1371510500.0,20,1562.4
2022-09-03,기타,21.7,48842800.0,41,2246.8
2022-09-03,쌈,15.5,72334600.0,16,4673.7
2022-09-05,고랭지,871.4,1488617400.0,22,1708.2
2022-09-05,기타,21.5,52374750.0,44,2440.6
2022-09-05,쌈,12.0,73072000.0,13,6068.6
2022-09-06,고랭지,766.8,1308771300.0,20,1706.7
2022-09-06,기타,18.1,43886550.0,34,2421.2
2022-09-06,쌈,7.4,47112600.0,6,6368.3
2022-09-07,고랭지,740.0,1137807000.0,18,1537.6
2022-09-07,기타,16.6,43627300.0,38,2633.9
2022-09-07,쌈,2.6,22839500.0,4,8760.8
2022-09-08,고랭지,793.2,1238159800.0,17,1561.0
2022-09-08,기타,24.0,54818150.0,45,2280.1
2022-09-08,쌈,11.1,62732800.0,13,5676.7
2022-09-09,고랭지,166.5,212238000.0,10,1274.5
2022-09-09,기타,16.6,14302260.0,33,859.6
2022-09-09,쌈,8.8,24397300.0,8,2778.4
2022-09-13,고랭지,468.6,991659500.0,15,2116.0
2022-09-13,기타,10.8,20757300.0,25,1924.5
2022-09-13,쌈,5.9,31656900.0,7,5385.7
2022-09-14,고랭지,485.8,1022361400.0,13,2104.4
2022-09-14,기타,16.3,28434350.0,32,1742.1
2022-09-14,쌈,9.9,45708800.0,11,4609.1
2022-09-15,고랭지,522.4,996372600.0,17,1907.4
2022-09-15,기타,12.3,31286350.0,34,2553.2
2022-09-15,쌈,6.5,24356300.0,12,3746.0
2022-09-16,고랭지,548.4,1119939800.0,15,2042.3
2022-09-16,기타,3.9,11771700.0,38,3001.5
2022-09-16,쌈,6.0,21379400.0,7,3566.2
2022-09-17,고랭지,401.5,847035200.0,15,2109.8
2022-09-17,기타,10.5,21254800.0,28,2031.4
2022-09-17,쌈,4.0,15545100.0,9,3885.3
2022-09-19,고랭지,463.0,1138433600.0,15,2458.8
2022-09-19,기타,9.1,18919025.0,40,2083.0
2022-09-19,쌈,6.7,22417000.0,9,3365.4
2022-09-20,고랭지,381.3,901452300.0,22,2364.0
2022-09-20,기타,10.3,21790850.0,46,2120.5
2022-09-20,쌈,4.8,15242400.0,9,3186.8
2022-09-21,고랭지,683.2,1360845100.0,22,1991.8
2022-09-21,기타,12.7,29428655.0,43,2308.9
2022-09-21,쌈,5.7,19770900.0,11,3482.6
2022-09-22,고랭지,445.5,868448500.0,24,1949.4
2022-09-22,기타,16.7,34482650.0,43,2065.3
2022-09-22,쌈,7.3,21431400.0,7,2952.0
2022-09-23,고랭지,528.1,922736800.0,25,1747.2
2022-09-23,기타,22.2,41386100.0,40,1865.4
2022-09-23,쌈,8.4,24196100.0,11,2890.8
2022-09-24,고랭지,531.3,855438000.0,21,1610.2
2022-09-24,기타,20.5,34438450.0,41,1683.6
2022-09-24,쌈,7.7,24013900.0,7,3123.6
2022-09-26,고랭지,517.4,859776500.0,19,1661.8
2022-09-26,기타,24.6,43915750.0,45,1788.5
2022-09-26,쌈,9.3,32353800.0,14,3496.6
2022-09-27,고랭지,618.2,927648800.0,17,1500.6
2022-09-27,기타,18.5,31424675.0,36,1702.2
2022-09-27,쌈,12.1,26038500.0,13,2157.3
2022-09-28,고랭지,471.6,663985800.0,21,1407.9
2022-09-28,기타,30.4,52183450.0,37,1717.3
2022-09-28,쌈,9.0,25779300.0,15,2872.7
2022-09-29,고랭지,493.4,708716700.0,22,1436.4
2022-09-29,기타,31.0,57456700.0,45,1853.6
2022-09-29,쌈,10.7,28959300.0,19,2704.2
2022-09-30,고랭지,521.0,685008400.0,22,1314.9
2022-09-30,기타,29.9,50543750.0,40,1691.1
2022-09-30,쌈,15.8,47890000.0,12,3025.7
2022-10-01,가을,337.6,463820800.0,21,1373.8
2022-10-01,고랭지,80.0,95260000.0,2,1190.7
2022-10-01,기타,12.5,22769375.0,44,1815.7
2022-10-01,쌈,8.4,30588800.0,17,3660.7
2022-10-03,가을,301.4,567265100.0,22,1882.0
2022-10-03,고랭지,30.0,36000000.0,1,1200.0
2022-10-03,기타,20.9,37290125.0,29,1784.6
2022-10-03,쌈,12.4,32666100.0,12,2642.7
2022-10-04,가을,214.0,412718500.0,18,1928.7
2022-10-04,고랭지,40.0,48000000.0,1,1200.0
2022-10-04,기타,10.1,15619825.0,28,1551.1
2022-10-04,쌈,5.1,14349600.0,9,2830.9
2022-10-05,가을,479.8,750635900.0,24,1564.5
2022-10-05,고랭지,30.0,36000000.0,1,1200.0
2022-10-05,기타,23.6,48128975.0,34,2038.5
2022-10-05,쌈,5.0,11816600.0,10,2355.3
2022-10-06,가을,859.7,834599100.0,30,970.8
2022-10-06,고랭지,30.0,36000000.0,1,1200.0
2022-10-06,기타,35.4,60377550.0,35,1703.3
2022-10-06,쌈,6.4,15863500.0,12,2494.7
2022-10-07,가을,513.8,579426400.0,26,1127.7
2022-10-07,고랭지,30.0,36000000.0,1,1200.0
2022-10-07,기타,39.6,62671925.0,46,1584.4
2022-10-07,쌈,9.2,19698300.0,14,2145.8
2022-10-08,가을,565.3,501758800.0,28,887.5
2022-10-08,고랭지,50.0,60000000.0,1,1200.0
2022-10-08,기타,36.1,49434400.0,46,1370.9
2022-10-08,쌈,4.6,11181000.0,11,2450.4
2022-10-10,가을,580.7,556933800.0,26,959.0
2022-10-10,고랭지,30.0,36000000.0,1,1200.0
2022-10-10,기타,32.2,44513450.0,34,1381.4
2022-10-10,쌈,14.6,34846600.0,14,2380.6
2022-10-11,가을,419.8,378855600.0,14,902.4
2022-10-11,기타,24.2,31824800.0,39,1313.8
2022-10-11,쌈,10.5,26934800.0,11,2566.9
2022-10-12,가을,600.9,493164500.0,28,820.7
2022-10-12,고랭지,20.0,24000000.0,1,1200.0
2022-10-12,기타,45.9,52288717.0,52,1139.0
2022-10-12,쌈,12.4,24803400.0,16,2003.7
2022-10-13,가을,534.6,422713300.0,30,790.7
2022-10-13,기타,55.5,66388400.0,48,1196.7
2022-10-13,쌈,20.2,40099400.0,9,1989.8
2022-10-14,가을,460.4,352124300.0,26,764.7
2022-10-14,고랭지,50.0,40000000.0,1,800.0
2022-10-14,기타,59.4,53872050.0,50,906.8
2022-10-14,쌈,12.6,28314100.0,20,2246.8
2022-10-15,가을,252.4,226934400.0,14,899.2
2022-10-15,고랭지,60.0,48000000.0,1,800.0
2022-10-15,기타,33.2,33309700.0,37,1003.2
2022-10-15,쌈,10.4,21850100.0,17,2100.0
2022-10-17,가을,676.9,433671000.0,30,640.7
2022-10-17,고랭지,40.0,32000000.0,1,800.0
2022-10-17,기타,48.9,49379250.0,44,1009.5
2022-10-17,쌈,14.7,32240200.0,16,2200.7
2022-10-18,가을,553.7,339986800.0,25,614.0
2022-10-18,고랭지,10.0,8000000.0,1,800.0
2022-10-18,기타,38.0,36683275.0,38,966.3
2022-10-18,쌈,16.7,32901200.0,14,1975.7
2022-10-19,가을,459.9,271036300.0,16,589.4
2022-10-19,고랭지,40.0,32000000.0,1,800.0
2022-10-19,기타,41.5,33467150.0,37,805.8
2022-10-19,쌈,17.7,29949900.0,13,1694.4
2022-10-20,가을,510.0,287823900.0,20,564.4
2022-10-20,고랭지,30.0,24000000.0,1,800.0
2022-10-20,기타,39.2,38252000.0,46,976.5
2022-10-20,쌈,8.8,18496100.0,9,2103.5
2022-10-21,가을,559.1,268977800.0,24,481.1
2022-10-21,고랭지,20.0,16000000.0,1,800.0
2022-10-21,기타,36.0,32889400.0,36,914.5
2022-10-21,쌈,9.4,15879200.0,11,1693.8
2022-10-22,가을,523.4,258438900.0,21,493.7
2022-10-22,기타,33.4,34805150.0,41,1042.0
2022-10-22,쌈,9.3,21655500.0,9,2334.8
2022-10-24,가을,738.6,373160200.0,21,505.2
2022-10-24,기타,60.7,49065825.0,38,808.8
2022-10-24,쌈,8.1,19314800.0,13,2399.1
2022-10-25,가을,487.3,295729600.0,24,606.9
2022-10-25,기타,53.9,30769000.0,38,571.1
2022-10-25,쌈,14.1,27997100.0,15,1981.0
2022-10-26,가을,486.2,292903600.0,31,602.5
2022-10-26,기타,52.0,36713700.0,39,705.7
2022-10-26,쌈,14.3,26623800.0,12,1861.4
2022-10-27,가을,454.4,280954200.0,29,618.2
2022-10-27,기타,48.0,31483400.0,35,656.2
2022-10-27,쌈,4.7,11646600.0,8,2502.5
2022-10-28,가을,427.4,258448200.0,31,604.8
2022-10-28,기타,45.1,36816750.0,35,816.4
2022-10-28,쌈,8.5,18845800.0,10,2205.5
2022-10-29,가을,514.0,263913200.0,27,513.5
2022-10-29,기타,27.2,23969000.0,31,882.1
2022-10-29,쌈,10.3,17399800.0,13,1689.5
2022-10-31,가을,628.5,316903500.0,39,504.2
2022-10-31,기타,12.4,14122100.0,23,1140.2
2022-10-31,쌈,13.0,26606800.0,14,2050.0
2022-11-01,가을,748.4,342665100.0,41,457.9
2022-11-01,기타,13.0,15065233.0,31,1157.6
2022-11-01,쌈,4.8,10062400.0,10,2109.1
2022-11-02,가을,693.1,296482600.0,36,427.7
2022-11-02,기타,10.9,10420750.0,20,956.5
2022-11-02,쌈,13.8,17362800.0,11,1254.0
2022-11-02,절임,0.6,960000.0,1,1600.0
2022-11-03,가을,525.6,260084700.0,37,494.9
2022-11-03,기타,12.0,11399850.0,40,953.2
2022-11-03,쌈,14.7,17927400.0,14,1215.9
2022-11-03,절임,2.6,4096000.0,2,1600.0
2022-11-04,가을,658.2,332294900.0,37,504.9
2022-11-04,기타,8.2,5881200.0,20,715.3
2022-11-04,쌈,3.9,7589700.0,5,1940.6
2022-11-04,절임,2.2,3456000.0,2,1600.0
2022-11-05,가을,516.8,270932600.0,31,524.3
2022-11-05,기타,7.2,5870150.0,22,813.7
2022-11-05,쌈,9.3,17674600.0,11,1904.6
2022-11-05,절임,12.9,20546000.0,3,1592.7
2022-11-07,가을,840.3,412761300.0,40,491.2
2022-11-07,기타,6.0,7715600.0,21,1281.3
2022-11-07,쌈,10.0,16843600.0,13,1683.2
2022-11-07,절임,7.7,11774000.0,2,1537.1
2022-11-08,가을,926.7,382433000.0,36,412.7
2022-11-08,기타,7.9,11578365.0,26,1457.8
2022-11-08,쌈,10.8,18283000.0,11,1692.6
2022-11-08,절임,12.0,18766000.0,2,1563.8
2022-11-09,가을,796.7,335927600.0,38,421.6
2022-11-09,기타,7.5,6996700.0,23,936.8
2022-11-09,쌈,10.4,16478300.0,10,1584.8
2022-11-09,절임,14.9,23570000.0,4,1579.8
2022-11-10,가을,822.2,373240500.0,35,454.0
2022-11-10,기타,19.5,23162050.0,27,1190.7
2022-11-10,쌈,9.9,14366600.0,11,1452.2
2022-11-10,절임,12.3,19572000.0,2,1596.4
2022-11-11,가을,988.9,484119700.0,32,489.5
2022-11-11,기타,9.6,9213100.0,27,958.0
2022-11-11,쌈,11.6,15161100.0,14,1302.1
2022-11-11,절임,52.7,79232000.0,3,1503.5
2022-11-12,가을,967.6,493753400.0,36,510.3
2022-11-12,기타,6.9,7548300.0,30,1092.1
2022-11-12,쌈,2.6,6172800.0,5,2412.2
2022-11-12,월동,1.0,1440000.0,1,1500.0
2022-11-12,절임,67.6,100758000.0,2,1491.4
2022-11-14,가을,997.0,454860900.0,36,456.2
2022-11-14,기타,23.5,33204125.0,23,1410.4
2022-11-14,쌈,5.6,10999800.0,5,1969.2
2022-11-14,절임,46.6,69195000.0,2,1484.9
2022-11-15,가을,848.3,340321100.0,31,401.2
2022-11-15,기타,4.0,7105333.0,25,1769.7
2022-11-15,쌈,9.4,11996900.0,8,1278.3
2022-11-15,절임,26.9,40296000.0,2,1498.0
2022-11-16,가을,917.5,339884200.0,32,370.4
2022-11-16,기타,6.1,4994425.0,18,821.2
2022-11-16,쌈,3.5,4658800.0,3,1324.7
2022-11-16,절임,34.8,51837000.0,2,1490.4
2022-11-17,가을,957.2,389158800.0,32,406.5
2022-11-17,기타,5.1,4470650.0,27,880.4
2022-11-17,쌈,12.3,14636000.0,9,1186.8
2022-11-17,절임,45.4,66715000.0,2,1469.5
2022-11-18,가을,928.5,478987000.0,30,515.9
2022-11-18,기타,37.1,51288850.0,26,1383.3
2022-11-18,쌈,4.8,5735900.0,5,1183.1
2022-11-18,절임,113.2,168725000.0,2,1491.0
2022-11-19,가을,1072.4,457006700.0,28,426.1
2022-11-19,기타,9.1,4194375.0,14,458.9
2022-11-19,쌈,5.8,6446000.0,9,1108.7
2022-11-19,절임,149.9,221850000.0,2,1480.0
2022-11-21,가을,963.4,345055400.0,28,358.2
2022-11-21,기타,7.6,6890451.0,23,906.4
2022-11-21,쌈,8.6,10560300.0,8,1235.1
2022-11-21,절임,86.3,126358000.0,2,1463.8
2022-11-22,가을,660.5,197230500.0,21,298.6
2022-11-22,기타,5.7,3612325.0,14,633.9
2022-11-22,쌈,4.2,5521500.0,6,1299.2
2022-11-22,절임,28.9,40578000.0,2,1406.0
2022-11-23,가을,848.4,309925100.0,18,365.3
2022-11-23,기타,5.2,3042800.0,12,586.1
2022-11-23,쌈,10.7,10087700.0,9,946.5
2022-11-23,절임,50.1,70179000.0,2,1400.8
2022-11-24,가을,669.0,278223300.0,15,415.9
2022-11-24,기타,4.6,3295400.0,18,713.1
2022-11-24,쌈,4.3,5376900.0,6,1259.2
2022-11-24,절임,38.0,53256000.0,2,1400.0
2022-11-25,가을,881.7,429735400.0,13,487.4
2022-11-25,기타,1.4,2208650.0,12,1530.6
2022-11-25,쌈,1.5,2753500.0,2,1860.5
2022-11-25,절임,128.0,180159000.0,2,1407.7
2022-11-26,가을,897.6,426014600.0,14,474.6
2022-11-26,기타,6.0,3814300.0,19,631.9
2022-11-26,쌈,9.9,9769900.0,10,982.7
2022-11-26,절임,203.7,276904000.0,4,1359.4
2022-11-28,가을,935.6,347962900.0,18,371.9
2022-11-28,기타,3.2,6384700.0,13,2019.8
2022-11-28,쌈,6.8,7029500.0,6,1030.1
2022-11-28,절임,71.9,99323000.0,2,1382.2
2022-11-29,가을,526.1,196716900.0,9,373.9
2022-11-29,기타,68.4,89257400.0,17,1305.4
2022-11-29,쌈,4.6,5284900.0,7,1146.9
2022-11-29,절임,38.8,55024000.0,2,1416.7
2022-11-30,가을,412.0,161260700.0,15,391.4
2022-11-30,기타,5.1,9358700.0,8,1833.6
2022-11-30,쌈,7.4,9871300.0,6,1334.7
2022-11-30,절임,37.2,52357000.0,2,1409.0
2022-12-01,가을,369.3,137642700.0,11,372.7
2022-12-01,기타,8.4,11622050.0,16,1388.6
2022-12-01,쌈,1.8,3949400.0,3,2207.6
2022-12-01,절임,28.5,44186000.0,3,1550.4
2022-12-02,가을,273.5,113835300.0,9,416.2
2022-12-02,기타,9.6,14565200.0,11,1516.2
2022-12-02,쌈,3.8,6031000.0,3,1598.5
2022-12-02,절임,64.1,89616000.0,2,1398.9
2022-12-03,가을,405.9,188419800.0,7,464.3
2022-12-03,기타,10.9,17487375.0,12,1608.2
2022-12-03,쌈,3.7,5332200.0,3,1454.5
2022-12-03,절임,102.1,143023000.0,3,1400.3
2022-12-05,가을,677.6,250910800.0,9,370.3
2022-12-05,기타,2.0,4671800.0,12,2349.4
2022-12-05,쌈,8.8,12753300.0,8,1456.7
2022-12-05,절임,42.4,59217000.0,3,1396.6
2022-12-06,가을,406.0,126553300.0,9,311.7
2022-12-06,기타,1.9,4516100.0,11,2426.7
2022-12-06,쌈,6.5,9478300.0,6,1450.4
2022-12-06,절임,19.0,25928000.0,3,1366.1
2022-12-07,가을,306.2,96542600.0,2,315.3
2022-12-07,기타,2.5,5409500.0,8,2136.5
2022-12-07,쌈,7.5,9369700.0,7,1243.8
2022-12-07,월동,10.0,3680000.0,2,368.0
2022-12-07,절임,17.8,24795000.0,3,1389.9
2022-12-08,가을,308.4,105377100.0,4,341.6
2022-12-08,기타,4.6,7397000.0,17,1599.7
2022-12-08,쌈,12.7,15649300.0,10,1229.1
2022-12-08,월동,29.5,11159200.0,2,378.3
2022-12-08,절임,13.1,18204000.0,2,1391.7
2022-12-09,가을,336.2,127672300.0,6,379.8
2022-12-09,기타,6.5,10637100.0,11,1648.1
2022-12-09,쌈,12.4,11703400.0,11,946.6
2022-12-09,월동,19.6,8005600.0,2,408.4
2022-12-09,절임,31.1,43144000.0,2,1385.5
2022-12-10,가을,315.1,116597800.0,4,370.1
2022-12-10,기타,4.5,7129000.0,10,1583.5
2022-12-10,쌈,5.1,7444700.0,5,1471.3
2022-12-10,월동,19.7,8600000.0,1,436.5
2022-12-10,절임,43.2,59690000.0,2,1381.1
2022-12-12,가을,384.1,152055800.0,4,395.9
2022-12-12,기타,3.4,4317100.0,16,1277.1
2022-12-12,기타부산물,0.9,713400.0,1,820.0
2022-12-12,쌈,10.2,13670300.0,6,1346.6
2022-12-12,월동,29.8,9750400.0,2,327.2
2022-12-12,절임,8.4,11356000.0,2,1351.9
2022-12-13,가을,336.4,120011400.0,6,356.8
2022-12-13,기타,4.9,6619900.0,13,1352.4
2022-12-13,쌈,10.3,15265700.0,7,1484.1
2022-12-13,월동,29.4,10609600.0,2,360.9
2022-12-13,절임,2.9,3997000.0,2,1387.8
2022-12-14,가을,336.6,104402400.0,2,310.1
2022-12-14,기타,2.3,3535200.0,9,1564.9
2022-12-14,기타부산물,1.5,1364600.0,1,883.2
2022-12-14,쌈,10.3,17554000.0,6,1712.3
2022-12-14,월동,19.6,7208000.0,2,367.8
2022-12-14,절임,30.0,47802000.0,2,1591.3
2022-12-15,가을,184.1,49374800.0,4,268.2
2022-12-15,기타,1.3,2049400.0,7,1583.2
2022-12-15,기타부산물,1.1,1085000.0,1,1033.3
2022-12-15,쌈,5.0,10639800.0,7,2109.4
2022-12-15,절임,0.9,1202000.0,2,1397.7
2022-12-16,가을,149.2,48347600.0,2,324.2
2022-12-16,기타,3.4,6356968.0,11,1871.8
2022-12-16,기타부산물,1.8,2137000.0,1,1197.2
2022-12-16,쌈,10.4,14297000.0,7,1376.2
2022-12-16,월동,10.0,4140000.0,2,414.0
2022-12-16,절임,2.8,3592000.0,1,1292.1
2022-12-17,가을,128.8,51852000.0,2,402.6
2022-12-17,기타,3.0,4458600.0,8,1476.8
2022-12-17,기타부산물,1.7,1624000.0,1,966.7
2022-12-17,쌈,8.7,11413000.0,9,1311.2
2022-12-17,월동,10.9,5500000.0,3,504.6
2022-12-17,절임,3.8,5215000.0,2,1387.0
2022-12-19,가을,119.3,66265300.0,2,555.2
2022-12-19,기타,3.8,7784600.0,6,2066.0
2022-12-19,기타부산물,1.8,1680000.0,1,933.3
2022-12-19,쌈,4.2,9640100.0,5,2317.3
2022-12-19,월동,9.7,5352000.0,2,551.8
2022-12-20,가을,287.2,117263400.0,6,408.3
2022-12-20,기타,2.3,5859150.0,8,2558.6
2022-12-20,기타부산물,2.8,2500000.0,1,900.9
2022-12-20,쌈,7.5,12213500.0,5,1637.6
2022-12-20,월동,21.2,8636000.0,4,407.4
2022-12-20,절임,0.2,336000.0,1,1400.0
2022-12-21,가을,240.1,97296500.0,4,405.3
2022-12-21,기타,1.9,2734600.0,4,1458.5
2022-12-21,기타부산물,1.1,1095000.0,1,973.3
2022-12-21,쌈,11.7,16127600.0,9,1378.5
2022-12-21,월동,28.9,14642400.0,3,506.7
2022-12-21,절임,0.1,84000.0,1,1400.0
2022-12-22,가을,285.1,112127400.0,6,393.4
2022-12-22,기타,3.0,8160800.0,12,2734.4
2022-12-22,기타부산물,1.6,1534500.0,1,974.3
2022-12-22,쌈,7.6,19326700.0,8,2547.0
2022-12-22,월동,19.1,10082000.0,5,528.4
2022-12-22,절임,1.4,1979000.0,2,1393.7
2022-12-23,가을,173.7,62309600.0,4,358.7
2022-12-23,기타,5.0,12298700.0,14,2456.1
2022-12-23,기타부산물,1.4,1063900.0,2,746.6
2022-12-23,쌈,11.1,21799000.0,11,1967.8
2022-12-23,월동,12.9,6722000.0,4,519.9
2022-12-23,절임,0.3,448000.0,1,1400.0
2022-12-24,가을,69.5,28201500.0,4,406.1
2022-12-24,기타,1.2,7405000.0,5,6030.1
2022-12-24,기타부산물,0.5,432000.0,1,960.0
2022-12-24,쌈,12.2,22923700.0,5,1886.1
2022-12-26,가을,154.3,76904700.0,7,498.4
2022-12-26,기타,2.3,9920850.0,8,4357.0
2022-12-26,기타부산물,2.2,2217000.0,1,985.3
2022-12-26,쌈,12.9,27786000.0,11,2151.6
2022-12-26,월동,21.1,9564000.0,4,453.7
2022-12-27,가을,304.8,131848500.0,4,432.5
2022-12-27,기타,2.3,5060000.0,11,2157.3
2022-12-27,기타부산물,2.5,2395700.0,3,939.5
2022-12-27,쌈,18.9,42264700.0,10,2238.6
2022-12-27,월동,10.5,5618000.0,3,533.0
2022-12-28,가을,262.5,101300200.0,6,386.0
2022-12-28,기타,1.5,3321000.0,8,2203.7
2022-12-28,기타부산물,1.9,1871400.0,2,959.7
2022-12-28,쌈,13.1,24094600.0,12,1834.5
2022-12-28,월동,22.0,10320000.0,5,469.5
2022-12-29,가을,321.6,119371600.0,6,371.2
2022-12-29,기타,2.1,3929000.0,5,1902.7
2022-12-29,기타부산물,5.8,4417300.0,2,755.1
2022-12-29,쌈,20.7,37983200.0,11,1835.6
2022-12-29,월동,10.8,6003200.0,3,556.9
2022-12-29,절임,7.0,9100000.0,1,1300.0
2022-12-30,가을,362.2,108804200.0,4,300.4
2022-12-30,기타,2.6,4761500.0,11,1815.3
2022-12-30,기타부산물,3.0,2004400.0,3,661.5
2022-12-30,쌈,9.6,23851000.0,11,2492.5
2022-12-30,월동,30.1,12359000.0,6,410.9
2022-12-30,절임,1.0,1536000.0,1,1600.0
2022-12-31,가을,120.2,35115200.0,2,292.1
2022-12-31,기타,11.6,16033500.0,9,1377.7
2022-12-31,기타부산물,7.6,2110000.0,1,279.1
2022-12-31,쌈,11.2,28282600.0,5,2536.6
2022-12-31,월동,18.6,5826500.0,2,312.4
2023-01-03,기타,2.8,2975500.0,7,1066.9
2023-01-03,기타부산물,5.8,1989000.0,1,340.0
2023-01-03,쌈,28.0,43445700.0,11,1549.3
2023-01-03,월동,311.9,110711900.0,3,355.0
2023-01-04,기타,4.1,5926100.0,14,1460.2
2023-01-04,기타부산물,5.7,1900000.0,2,333.3
2023-01-04,쌈,19.7,27365700.0,8,1391.7
2023-01-04,월동,249.6,86290600.0,3,345.8
2023-01-05,기타,4.3,6481400.0,14,1501.5
2023-01-05,기타부산물,2.5,1256000.0,1,504.4
2023-01-05,쌈,26.3,33521700.0,12,1272.8
2023-01-05,월동,258.7,91499500.0,9,353.7
2023-01-06,기타,0.8,6322500.0,7,8085.0
2023-01-06,기타부산물,1.5,918000.0,1,600.0
2023-01-06,쌈,19.8,27434200.0,12,1386.6
2023-01-06,월동,287.5,98319500.0,5,341.9
2023-01-07,기타,1.5,2717700.0,8,1848.1
2023-01-07,기타부산물,2.7,975500.0,1,359.3
2023-01-07,쌈,26.4,32164100.0,11,1219.5
2023-01-07,월동,174.8,55794000.0,3,319.3
2023-01-09,기타,1.5,12051750.0,8,7815.7
2023-01-09,기타부산물,3.1,1290000.0,1,421.6
2023-01-09,쌈,16.2,23740000.0,8,1461.8
2023-01-09,월동,413.2,126439200.0,5,306.0
2023-01-10,기타,1.8,10967500.0,10,6203.3
2023-01-10,기타부산물,1.5,838400.0,1,576.2
2023-01-10,쌈,21.6,27685100.0,6,1279.8
2023-01-10,월동,172.5,54770500.0,6,317.5
2023-01-11,기타,0.5,3313000.0,7,6652.6
2023-01-11,기타부산물,1.6,885600.0,1,546.7
2023-01-11,쌈,18.3,22737300.0,9,1241.7
2023-01-11,월동,225.9,74904300.0,5,331.5
2023-01-12,기타,1.2,7395300.0,10,6254.0
2023-01-12,기타부산물,1.1,648000.0,1,600.0
2023-01-12,쌈,33.7,36014900.0,11,1068.3
2023-01-12,월동,261.7,94080100.0,6,359.5
2023-01-13,기타,1.3,3511050.0,7,2752.7
2023-01-13,기타부산물,2.2,1337900.0,1,598.6
2023-01-13,쌈,24.3,36013100.0,13,1484.0
2023-01-13,월동,330.5,121048000.0,6,366.3
2023-01-14,기타,2.2,9201117.0,17,4219.7
2023-01-14,기타부산물,2.2,1324800.0,1,613.3
2023-01-14,쌈,19.4,29188800.0,15,1501.2
2023-01-14,월동,101.4,35038100.0,7,345.6
2023-01-14,절임,0.1,196000.0,1,1400.0
2023-01-16,기타,2.3,11151500.0,7,4868.6
2023-01-16,기타부산물,3.3,1824800.0,1,545.5
2023-01-16,쌈,33.0,39371900.0,16,1191.9
2023-01-16,월동,349.5,127561000.0,5,365.0
2023-01-17,기타,2.8,11540500.0,12,4070.7
2023-01-17,기타부산물,2.2,1167600.0,1,533.2
2023-01-17,쌈,22.4,26894200.0,13,1199.2
2023-01-17,월동,368.4,120379700.0,5,326.7
2023-01-18,기타,3.3,18354600.0,8,5505.3
2023-01-18,기타부산물,2.6,642000.0,1,246.0
2023-01-18,쌈,21.1,23770700.0,9,1125.7
2023-01-18,월동,260.6,86444000.0,6,331.7
2023-01-19,기타,1.1,13296333.0,7,11871.7
2023-01-19,기타부산물,2.7,1022400.0,1,378.7
2023-01-19,쌈,17.3,20845800.0,11,1204.8
2023-01-19,월동,291.9,94722400.0,5,324.5
2023-01-20,기타,3.0,23038100.0,9,7605.8
2023-01-20,기타부산물,1.1,360000.0,1,333.3
2023-01-20,쌈,19.2,20467500.0,8,1065.0
2023-01-20,월동,181.4,60211200.0,4,332.0
2023-01-21,기타,0.3,846700.0,2,3281.8
2023-01-21,쌈,1.7,3643300.0,2,2101.1
2023-01-21,월동,20.0,6620000.0,2,331.0
2023-01-25,기타,1.0,9414200.0,3,9095.8
2023-01-25,기타부산물,1.6,756000.0,1,466.7
2023-01-25,쌈,3.0,6161000.0,4,2032.0
2023-01-25,월동,132.8,57952000.0,5,436.3
2023-01-26,기타,0.6,6250300.0,9,11261.8
2023-01-26,기타부산물,1.8,1159000.0,1,633.3
2023-01-26,쌈,9.9,14293000.0,8,1448.0
2023-01-26,월동,35.3,17998000.0,2,510.4
2023-01-27,기타,11.7,28763600.0,13,2460.0
2023-01-27,기타부산물,0.5,486000.0,1,900.0
2023-01-27,쌈,6.4,13295400.0,6,2077.4
2023-01-27,월동,172.6,87460400.0,6,506.8
2023-01-28,기타,12.4,38566600.0,27,3102.2
2023-01-28,기타부산물,0.8,897600.0,1,1173.3
2023-01-28,쌈,10.6,18038900.0,6,1694.7
2023-01-28,월동,150.8,70162800.0,6,465.3
2023-01-30,기타,1.3,15953750.0,12,12364.9
2023-01-30,기타부산물,1.6,1817600.0,2,1165.1
2023-01-30,쌈,10.6,18491100.0,6,1742.6
2023-01-30,월동,199.8,107920200.0,4,540.3
2023-01-31,기타,1.8,21104000.0,20,11943.4
2023-01-31,기타부산물,3.5,2219500.0,2,635.1
2023-01-31,쌈,8.1,13994800.0,6,1732.9
2023-01-31,월동,238.5,131314800.0,6,550.6
2023-02-01,기타,11.5,16440800.0,18,1424.6
2023-02-01,기타부산물,3.3,1913400.0,1,577.2
2023-02-01,쌈,11.9,19725900.0,7,1656.2
2023-02-01,월동,312.7,131609800.0,7,420.9
2023-02-02,기타,15.4,37236550.0,36,2423.3
2023-02-02,기타부산물,1.4,1158000.0,1,804.2
2023-02-02,쌈,21.6,30159300.0,10,1395.0
2023-02-02,월동,296.9,110396400.0,7,371.9
2023-02-03,기타,13.8,20944700.0,25,1512.3
2023-02-03,기타부산물,2.0,2062000.0,1,1041.4
2023-02-03,쌈,15.1,20510300.0,13,1357.3
2023-02-03,월동,316.2,109176000.0,7,345.3
2023-02-04,기타,1.5,6375900.0,14,4145.6
2023-02-04,기타부산물,1.1,1213200.0,1,1123.3
2023-02-04,쌈,19.7,24152100.0,9,1227.9
2023-02-04,월동,237.8,77680700.0,7,326.6
2023-02-06,기타,0.7,5294300.0,6,8003.5
2023-02-06,기타부산물,3.2,2311200.0,1,713.3
2023-02-06,쌈,4.9,10923200.0,4,2246.6
2023-02-06,월동,261.5,100462100.0,9,384.2
2023-02-07,기타,0.5,1101600.0,7,2397.4
2023-02-07,기타부산물,2.9,1941500.0,1,670.6
2023-02-07,쌈,20.1,23959900.0,10,1194.9
2023-02-07,월동,184.2,75353700.0,8,409.2
2023-02-08,기타,10.9,4421600.0,10,405.7
2023-02-08,기타부산물,3.4,2155600.0,1,641.5
2023-02-08,쌈,20.9,23705900.0,9,1135.0
2023-02-08,월동,257.3,92600500.0,8,359.8
2023-02-09,기타,1.7,3695500.0,11,2178.3
2023-02-09,기타부산물,1.7,1309200.0,1,786.3
2023-02-09,쌈,13.9,14411900.0,9,1034.8
2023-02-09,월동,277.3,110600300.0,10,398.9
2023-02-10,기타,1.2,2925200.0,10,2423.5
2023-02-10,기타부산물,1.5,1776000.0,1,1149.5
2023-02-10,쌈,13.8,15940000.0,6,1153.2
2023-02-10,월동,230.8,94608800.0,9,409.9
2023-02-11,기타,1.0,2399200.0,8,2333.9
2023-02-11,기타부산물,1.5,1020000.0,1,666.7
2023-02-11,쌈,5.9,8801800.0,7,1487.8
2023-02-11,월동,130.2,63178500.0,6,485.2
2023-02-13,기타,3.0,5634800.0,14,1850.7
2023-02-13,기타부산물,3.5,2800000.0,2,791.0
2023-02-13,쌈,14.1,20498400.0,10,1452.7
2023-02-13,월동,397.7,162502600.0,8,408.6
2023-02-14,기타,1.8,7591500.0,12,4210.5
2023-02-14,기타부산물,1.8,1636500.0,1,916.8
2023-02-14,쌈,19.2,23335800.0,9,1214.6
2023-02-14,월동,158.4,78444600.0,7,495.1
2023-02-15,기타,2.1,3774500.0,14,1777.9
2023-02-15,기타부산물,2.1,2362500.0,2,1125.0
2023-02-15,쌈,7.8,12601200.0,9,1622.4
2023-02-15,월동,178.4,103929400.0,8,582.5
2023-02-16,기타,0.5,1010900.0,4,2108.2
2023-02-16,기타부산물,3.3,3380400.0,1,1033.8
2023-02-16,쌈,22.9,28047000.0,10,1227.3
2023-02-16,월동,347.7,175842600.0,9,505.7
2023-02-17,기타,0.7,2009000.0,9,2837.6
2023-02-17,기타부산물,4.1,3630600.0,1,880.1
2023-02-17,쌈,17.5,23014400.0,12,1312.9
2023-02-17,월동,289.1,134310800.0,10,464.5
2023-02-18,기타,0.2,976000.0,2,4784.3
2023-02-18,기타부산물,1.3,1107200.0,1,858.3
2023-02-18,쌈,15.3,22446000.0,6,1465.0
2023-02-18,월동,173.4,80710100.0,11,465.4
2023-02-20,기타,0.5,1362500.0,7,2573.2
2023-02-20,기타부산물,3.5,3209600.0,1,906.7
2023-02-20,쌈,23.8,30172000.0,10,1268.6
2023-02-20,월동,278.3,146384200.0,9,526.0
2023-02-21,기타,0.6,1336000.0,3,2226.7
2023-02-21,쌈,18.0,29480900.0,10,1638.6
2023-02-21,월동,330.2,155652600.0,9,471.4
2023-02-21,저장,11.0,5060000.0,2,460.0
2023-02-22,기타,11.1,11721975.0,11,1057.5
2023-02-22,기타부산물,1.1,1296000.0,1,1200.0
2023-02-22,쌈,22.0,27429500.0,11,1246.1
2023-02-22,월동,201.2,100968000.0,9,501.9
2023-02-23,기타,10.1,6550300.0,8,648.1
2023-02-23,기타부산물,4.1,4243000.0,3,1040.0
2023-02-23,쌈,24.8,31828100.0,7,1282.8
2023-02-23,월동,217.7,99540100.0,10,457.3
2023-02-24,기타,1.7,4890800.0,9,2963.2
2023-02-24,기타부산물,4.5,3868800.0,2,851.2
2023-02-24,쌈,18.5,23527200.0,6,1273.6
2023-02-24,월동,257.3,117193900.0,9,455.4
2023-02-25,기타,10.5,8091000.0,9,772.4
2023-02-25,기타부산물,6.2,4654000.0,2,749.4
2023-02-25,쌈,9.8,12828000.0,10,1315.7
2023-02-25,월동,147.4,74206100.0,7,503.5
2023-02-27,기타,10.5,8676800.0,11,824.1
2023-02-27,기타부산물,1.3,1193000.0,1,903.8
2023-02-27,쌈,20.1,28110800.0,7,1400.7
2023-02-27,월동,277.7,148557100.0,11,534.9
2023-02-28,기타,2.0,2742000.0,9,1403.3
2023-02-28,기타부산물,4.1,2670600.0,1,652.2
2023-02-28,쌈,30.0,33513200.0,9,1118.8
2023-02-28,월동,276.0,143726900.0,7,520.8
2023-03-01,기타,0.4,2299400.0,9,5609.7
2023-03-01,기타부산물,2.9,1748700.0,2,597.8
2023-03-01,쌈,11.8,16402000.0,6,1391.7
2023-03-01,월동,266.5,140531400.0,8,527.2
2023-03-02,기타,20.9,16857000.0,11,807.3
2023-03-02,기타부산물,3.2,2077200.0,2,641.1
2023-03-02,쌈,29.4,33099000.0,9,1125.4
2023-03-02,월동,156.4,92865100.0,4,593.7
2023-03-03,기타,0.8,3602000.0,10,4615.0
2023-03-03,기타부산물,2.4,1548000.0,2,637.0
2023-03-03,쌈,17.8,27741800.0,7,1558.5
2023-03-03,월동,321.9,187418600.0,7,582.2
2023-03-04,기타,13.6,14381718.0,16,1059.1
2023-03-04,기타부산물,0.8,440000.0,1,533.3
2023-03-04,쌈,8.6,19766200.0,5,2305.4
2023-03-04,월동,215.7,129518000.0,8,600.4
2023-03-06,기타,19.1,14068500.0,9,736.8
2023-03-06,기타부산물,1.5,751000.0,1,505.7
2023-03-06,쌈,17.7,26411400.0,12,1492.0
2023-03-06,월동,296.3,183414600.0,10,619.1
2023-03-06,저장,13.0,7980000.0,1,613.8
2023-03-07,기타,2.0,3491000.0,8,1773.9
2023-03-07,기타부산물,0.8,484500.0,1,633.3
2023-03-07,쌈,20.5,25023400.0,6,1218.0
2023-03-07,월동,202.5,144217400.0,8,712.3
2023-03-08,기타,11.1,9702500.0,9,871.3
2023-03-08,기타부산물,0.8,375000.0,1,500.0
2023-03-08,쌈,19.9,26305100.0,9,1323.5
2023-03-08,월동,300.9,198528800.0,7,659.8
2023-03-08,저장,10.0,6720000.0,1,672.0
2023-03-09,기타,10.8,9322500.0,10,864.7
2023-03-09,기타부산물,0.9,390000.0,1,433.3
2023-03-09,쌈,19.8,18634400.0,5,940.6
2023-03-09,월동,403.4,221595900.0,9,549.3
2023-03-10,기타,2.2,7583100.0,12,3515.6
2023-03-10,기타부산물,0.9,578000.0,1,631.7
2023-03-10,쌈,24.4,20093000.0,7,823.3
2023-03-10,월동,268.5,143369900.0,7,533.9
2023-03-10,저장,10.0,4600000.0,2,460.0
2023-03-11,기타,1.0,4292600.0,8,4181.4
2023-03-11,기타부산물,0.7,353000.0,1,500.7
2023-03-11,쌈,6.7,8959500.0,5,1343.5
2023-03-11,월동,100.8,63408800.0,3,629.1
2023-03-13,기타,20.3,11699500.0,10,575.5
2023-03-13,기타부산물,0.5,240000.0,1,533.3
2023-03-13,쌈,8.6,15162500.0,4,1760.4
2023-03-13,월동,19.5,7349000.0,5,377.1
2023-03-13,저장,256.4,157811700.0,7,615.6
2023-03-14,기타,0.5,654000.0,5,1318.5
2023-03-14,기타부산물,0.3,180000.0,1,600.0
2023-03-14,쌈,15.4,15968200.0,7,1035.1
2023-03-14,월동,9.9,5213800.0,2,524.0
2023-03-14,저장,320.3,175673900.0,7,548.4
2023-03-15,기타,10.7,6175000.0,8,575.7
2023-03-15,쌈,22.0,28916500.0,9,1314.7
2023-03-15,저장,276.3,150380800.0,7,544.3
2023-03-16,기타,22.1,22366100.0,18,1011.4
2023-03-16,쌈,5.8,9057100.0,5,1572.1
2023-03-16,저장,298.7,150276500.0,7,503.0
2023-03-17,기타,11.0,9056750.0,9,820.8
2023-03-17,쌈,16.3,21454100.0,6,1312.4
2023-03-17,저장,240.4,130321800.0,5,542.0
2023-03-18,기타,0.4,1906300.0,9,4689.5
2023-03-18,쌈,4.3,7241000.0,5,1679.3
2023-03-18,저장,146.7,86902300.0,4,592.4
2023-03-20,기타,20.8,14129000.0,10,679.9
2023-03-20,쌈,2.8,8969800.0,4,3232.4
2023-03-20,저장,347.0,182467800.0,8,525.8
2023-03-21,기타,14.1,9613200.0,11,683.9
2023-03-21,쌈,2.9,8803500.0,2,3020.1
2023-03-21,저장,236.7,130066700.0,8,549.5
2023-03-22,기타,12.9,8448925.0,9,657.1
2023-03-22,쌈,9.3,24604000.0,7,2640.2
2023-03-22,저장,254.8,158625000.0,7,622.4
2023-03-23,기타,23.3,13594600.0,10,584.2
2023-03-23,쌈,8.4,23536400.0,7,2815.7
2023-03-23,저장,295.3,167723900.0,6,568.1
2023-03-24,기타,13.1,9457800.0,11,722.9
2023-03-24,쌈,10.0,27520300.0,8,2753.1
2023-03-24,저장,335.3,177959400.0,6,530.8
2023-03-25,기타,0.2,621500.0,7,3262.5
2023-03-25,쌈,9.5,22118600.0,7,2320.5
2023-03-25,저장,167.4,75769200.0,5,452.6
2023-03-27,기타,23.0,15250250.0,13,663.3
2023-03-27,쌈,7.6,19202300.0,5,2542.3
2023-03-27,저장,309.2,171065000.0,6,553.2
2023-03-28,기타,10.7,5785300.0,12,542.7
2023-03-28,쌈,12.8,29802100.0,7,2327.4
2023-03-28,저장,277.2,153069300.0,6,552.2
2023-03-29,기타,10.3,6916000.0,7,671.3
2023-03-29,쌈,8.0,22548700.0,6,2808.1
2023-03-29,저장,303.0,155729400.0,6,514.0
2023-03-30,기타,21.5,13395500.0,9,622.8
2023-03-30,쌈,13.2,30740900.0,9,2331.7
2023-03-30,저장,316.6,155684900.0,5,491.8
2023-03-31,기타,10.6,7317000.0,11,691.1
2023-03-31,쌈,6.3,19068900.0,6,3024.9
2023-03-31,저장,224.1,121865900.0,6,543.9
2023-04-01,기타,10.4,7800700.0,11,752.5
2023-04-01,쌈,4.9,15243500.0,3,3137.2
2023-04-01,저장,135.4,87257600.0,5,644.5
2023-04-03,기타,20.6,18426650.0,12,895.4
2023-04-03,쌈,16.2,44042200.0,9,2711.3
2023-04-03,저장,132.6,109880900.0,4,828.6
2023-04-04,기타,9.9,8856600.0,9,891.0
2023-04-04,쌈,4.5,16359200.0,4,3626.5
2023-04-04,저장,164.3,141836400.0,3,863.2
2023-04-05,기타,24.2,19345300.0,13,800.0
2023-04-05,쌈,11.8,29802200.0,7,2518.1
2023-04-05,저장,268.4,207502400.0,4,773.2
2023-04-06,기타,10.1,10952125.0,12,1088.4
2023-04-06,쌈,7.6,20890100.0,7,2762.9
2023-04-06,월동,0.1,285000.0,1,1900.0
2023-04-06,저장,196.1,159788500.0,4,814.7
2023-04-07,기타,21.5,17452075.0,11,813.3
2023-04-07,쌈,8.3,22060700.0,5,2650.3
2023-04-07,저장,151.2,142424600.0,5,941.7
2023-04-08,기타,19.1,13229500.0,7,691.9
2023-04-08,쌈,4.8,10806200.0,5,2261.7
2023-04-08,저장,231.5,187554700.0,3,810.1
2023-04-10,기타,22.4,20174525.0,18,899.9
2023-04-10,기타부산물,0.9,582000.0,1,680.7
2023-04-10,쌈,5.2,13292500.0,7,2576.1
2023-04-10,저장,407.9,279712700.0,6,685.8
2023-04-11,기타,12.6,11693300.0,9,925.3
2023-04-11,기타부산물,0.2,150000.0,1,833.3
2023-04-11,쌈,10.0,21559400.0,8,2155.5
2023-04-11,저장,242.2,164074400.0,5,677.6
2023-04-12,기타,21.1,17635910.0,12,834.5
2023-04-12,쌈,6.3,16510000.0,6,2609.9
2023-04-12,저장,305.0,197769700.0,3,648.3
2023-04-13,기타,20.1,15347200.0,9,764.2
2023-04-13,쌈,4.4,13220900.0,6,2987.8
2023-04-13,저장,231.2,166945400.0,4,722.1
2023-04-14,기타,31.4,25511450.0,16,813.5
2023-04-14,쌈,8.2,23201000.0,7,2837.7
2023-04-14,저장,232.1,170325000.0,3,734.0
2023-04-15,기타,9.8,10328950.0,12,1051.2
2023-04-15,쌈,3.8,12518500.0,4,3299.6
2023-04-15,저장,104.7,87032700.0,2,831.4
2023-04-17,기타,30.6,20052200.0,14,655.9
2023-04-17,쌈,6.6,18250800.0,6,2746.5
2023-04-17,저장,303.6,222897500.0,4,734.1
2023-04-18,기타,14.1,16707400.0,26,1186.6
2023-04-18,쌈,7.2,17718600.0,6,2451.7
2023-04-18,저장,285.4,192533500.0,4,674.7
2023-04-19,기타,29.5,22068460.0,20,747.4
2023-04-19,쌈,9.6,21211600.0,9,2213.2
2023-04-19,저장,291.1,183434200.0,5,630.1
2023-04-20,기타,10.6,13577300.0,15,1276.9
2023-04-20,쌈,5.9,13805000.0,7,2336.3
2023-04-20,저장,281.1,164784100.0,4,586.3
2023-04-21,기타,26.4,27510000.0,21,1041.7
2023-04-21,쌈,4.8,10347000.0,4,2175.1
2023-04-21,저장,224.1,138345900.0,4,617.4
2023-04-22,기타,9.3,13218700.0,26,1424.3
2023-04-22,쌈,17.0,30346400.0,7,1788.6
2023-04-22,저장,190.3,90062900.0,4,473.3
2023-04-24,기타,38.0,24622940.0,28,648.0
2023-04-24,봄,4.9,3099000.0,1,628.6
2023-04-24,쌈,10.0,16911400.0,8,1690.0
2023-04-24,저장,243.8,151783000.0,3,622.5
2023-04-25,기타,15.7,12004640.0,13,764.6
2023-04-25,봄,4.9,1028200.0,1,208.6
2023-04-25,쌈,6.3,10886800.0,8,1714.5
2023-04-25,저장,208.9,149643900.0,3,716.4
2023-04-26,기타,12.5,20292800.0,17,1625.9
2023-04-26,봄,19.0,13916900.0,2,732.5
2023-04-26,쌈,7.2,12613300.0,7,1750.4
2023-04-26,저장,186.7,155316500.0,4,832.0
2023-04-27,기타,9.8,11620700.0,23,1186.1
2023-04-27,봄,57.6,44067800.0,2,765.1
2023-04-27,쌈,6.2,13341500.0,9,2148.0
2023-04-27,저장,167.4,158991200.0,5,949.8
2023-04-28,기타,15.3,16131300.0,11,1056.5
2023-04-28,봄,67.8,50259500.0,2,741.6
2023-04-28,쌈,6.0,16461000.0,5,2765.6
2023-04-28,저장,210.2,155436300.0,5,739.5
2023-04-29,기타,6.8,7089180.0,10,1042.2
2023-04-29,봄,77.6,55170100.0,2,711.1
2023-04-29,쌈,4.8,17897000.0,7,3741.8
2023-04-29,저장,151.8,100285500.0,4,660.6
2023-05-01,기타,6.1,8413000.0,16,1380.7
2023-05-01,봄,106.5,78892000.0,2,740.7
2023-05-01,쌈,5.2,20715700.0,7,3995.3
2023-05-01,저장,178.3,126456600.0,3,709.2
2023-05-02,기타,7.5,10670650.0,17,1419.5
2023-05-02,봄,78.0,69756400.0,2,894.3
2023-05-02,쌈,12.7,27858200.0,10,2200.8
2023-05-02,저장,159.0,124346300.0,4,782.1
2023-05-03,기타,10.2,11006100.0,18,1074.9
2023-05-03,봄,76.1,79109500.0,2,1040.1
2023-05-03,쌈,9.7,19054700.0,9,1956.9
2023-05-03,저장,167.1,150290700.0,3,899.5
2023-05-04,기타,10.9,8007060.0,11,735.5
2023-05-04,봄,127.3,109287700.0,2,858.4
2023-05-04,쌈,18.2,46342000.0,8,2541.2
2023-05-04,저장,178.5,142097200.0,3,796.2
2023-05-05,기타,0.3,2253750.0,21,6966.8
2023-05-05,봄,177.6,132119420.0,3,744.0
2023-05-05,쌈,10.6,31339900.0,6,2962.5
2023-05-05,저장,139.9,123412900.0,5,882.0
2023-05-06,기타,0.2,1027000.0,15,4754.6
2023-05-06,봄,29.5,41984100.0,2,1421.3
2023-05-06,쌈,13.1,34809200.0,8,2659.4
2023-05-06,저장,84.7,80520000.0,2,950.9
2023-05-08,기타,5.3,7474100.0,13,1421.3
2023-05-08,봄,264.1,182794600.0,3,692.1
2023-05-08,쌈,19.2,47465400.0,10,2474.7
2023-05-08,저장,228.2,164438400.0,4,720.7
2023-05-09,기타,12.7,9709600.0,6,763.6
2023-05-09,봄,227.7,151905800.0,2,667.2
2023-05-09,쌈,6.3,13341400.0,5,2133.6
2023-05-09,저장,180.7,123664900.0,2,684.5
2023-05-10,기타,12.7,7034500.0,16,555.3
2023-05-10,봄,175.4,118035300.0,3,672.9
2023-05-10,쌈,13.7,24572400.0,9,1799.1
2023-05-10,저장,156.4,106468900.0,2,680.8
2023-05-11,기타,7.8,4725500.0,10,606.6
2023-05-11,봄,181.2,121043300.0,4,668.0
2023-05-11,쌈,10.6,23703200.0,11,2226.9
2023-05-11,저장,158.0,104248600.0,2,659.8
2023-05-12,기타,7.9,4541500.0,10,576.3
2023-05-12,봄,164.0,112424500.0,2,685.6
2023-05-12,쌈,10.7,26245400.0,7,2460.0
2023-05-12,저장,181.9,97264100.0,2,534.6
2023-05-13,기타,0.2,1824500.0,14,7462.2
2023-05-13,봄,135.4,87484400.0,2,645.9
2023-05-13,쌈,7.5,19542500.0,6,2604.3
2023-05-13,저장,62.2,37398700.0,2,601.4
2023-05-15,기타,1.7,4849200.0,18,2931.8
2023-05-15,봄,169.8,151909880.0,10,894.9
2023-05-15,쌈,10.8,27772600.0,8,2561.8
2023-05-15,저장,59.7,53392800.0,2,894.1
2023-05-16,기타,0.3,1639000.0,10,6377.4
2023-05-16,봄,203.1,190443620.0,9,937.6
2023-05-16,쌈,6.6,14432200.0,6,2187.7
2023-05-16,저장,37.1,43601800.0,1,1175.9
2023-05-17,기타,0.5,1497000.0,16,2994.0
2023-05-17,봄,273.4,196269900.0,9,717.9
2023-05-17,쌈,6.7,13986600.0,7,2089.1
2023-05-17,저장,71.3,64202500.0,2,900.5
2023-05-18,기타,0.2,1026000.0,14,4600.9
2023-05-18,봄,196.8,158647100.0,8,806.1
2023-05-18,쌈,6.2,12356700.0,6,1984.7
2023-05-18,저장,69.9,32092100.0,2,458.9
2023-05-19,기타,1.5,2137400.0,6,1461.0
2023-05-19,봄,253.1,199285200.0,8,787.3
2023-05-19,쌈,6.9,11748300.0,9,1714.6
2023-05-19,저장,53.5,25134400.0,2,470.0
2023-05-20,기타,0.2,1165000.0,11,7477.5
2023-05-20,봄,175.0,141729000.0,6,810.1
2023-05-20,쌈,14.4,24405400.0,9,1695.5
2023-05-20,저장,50.2,25428000.0,2,506.1
2023-05-22,기타,1.1,1467025.0,13,1365.9
2023-05-22,봄,459.1,251324600.0,13,547.5
2023-05-22,쌈,14.6,23872400.0,9,1640.4
2023-05-22,저장,44.8,19635700.0,2,438.0
2023-05-23,기타,9.7,4622000.0,13,476.1
2023-05-23,봄,359.1,188161700.0,10,524.0
2023-05-23,쌈,14.4,26478100.0,6,1834.3
2023-05-23,저장,15.2,5083200.0,1,334.9
2023-05-24,기타,0.4,488250.0,10,1379.2
2023-05-24,봄,368.5,170462200.0,11,462.6
2023-05-24,쌈,12.5,20068600.0,5,1607.2
2023-05-24,저장,12.3,2716800.0,1,220.5
2023-05-25,기타,0.5,798000.0,10,1608.9
2023-05-25,봄,424.0,175901000.0,14,414.9
2023-05-25,쌈,10.7,15795800.0,8,1470.6
2023-05-25,저장,12.6,3033600.0,1,240.0
2023-05-26,기타,0.5,903000.0,8,1901.1
2023-05-26,봄,330.7,149384200.0,13,451.8
2023-05-26,쌈,7.6,17196700.0,9,2255.6
2023-05-27,기타,1.1,2162625.0,12,1998.7
2023-05-27,봄,201.6,126097800.0,8,625.4
2023-05-27,쌈,7.5,11913700.0,8,1593.6
2023-05-29,기타,0.4,670000.0,6,1547.3
2023-05-29,봄,271.3,232405000.0,7,856.6
2023-05-29,쌈,5.9,10410200.0,9,1775.3
2023-05-30,기타,0.0,457500.0,3,9734.0
2023-05-30,봄,352.5,173651500.0,10,492.6
2023-05-30,쌈,5.7,9001800.0,7,1579.3
2023-05-31,기타,0.3,553700.0,12,1949.6
2023-05-31,봄,248.6,137239020.0,9,552.1
2023-05-31,쌈,8.5,14181100.0,8,1664.4
2023-06-01,기타,0.3,345500.0,5,1096.8
2023-06-01,봄,275.0,201843200.0,8,733.9
2023-06-01,쌈,15.9,28995300.0,12,1828.3
2023-06-02,기타,0.8,2128250.0,20,2611.3
2023-06-02,봄,357.1,224816500.0,10,629.5
2023-06-02,쌈,11.5,29116400.0,12,2536.1
2023-06-03,기타,0.6,2534550.0,13,4423.3
2023-06-03,봄,382.2,171015500.0,8,447.4
2023-06-03,쌈,10.0,25141200.0,10,2516.4
2023-06-05,기타,0.7,2320475.0,14,3510.6
2023-06-05,봄,316.7,214140200.0,11,676.1
2023-06-05,쌈,11.4,23934600.0,12,2105.8
2023-06-06,기타,0.3,1090025.0,8,3504.9
2023-06-06,봄,293.9,205823500.0,12,700.2
2023-06-06,쌈,19.9,34602700.0,11,1739.7
2023-06-07,기타,0.2,361450.0,10,1863.1
2023-06-07,봄,327.5,191567140.0,14,585.0
2023-06-07,쌈,9.7,19817400.0,9,2051.3
2023-06-08,기타,0.2,1243500.0,10,5075.5
2023-06-08,봄,281.8,191408700.0,10,679.3
2023-06-08,쌈,16.2,28329500.0,16,1743.6
2023-06-09,기타,0.2,703000.0,7,4087.2
2023-06-09,봄,276.9,183022100.0,12,660.9
2023-06-09,쌈,13.2,19168000.0,15,1446.9
2023-06-10,기타,0.4,404000.0,7,1080.2
2023-06-10,봄,208.5,162789500.0,8,780.8
2023-06-10,쌈,5.3,9953800.0,8,1870.3
2023-06-12,기타,0.3,540500.0,9,1694.4
2023-06-12,봄,321.4,254731300.0,5,792.5
2023-06-12,쌈,7.7,12505700.0,8,1614.1
2023-06-13,기타,0.3,827000.0,9,2676.4
2023-06-13,봄,369.5,192349200.0,8,520.6
2023-06-13,쌈,18.6,22843400.0,13,1228.3
2023-06-14,기타,1.3,1095000.0,8,814.1
2023-06-14,봄,301.9,155092300.0,12,513.8
2023-06-14,쌈,10.6,13868300.0,10,1304.3
2023-06-15,기타,0.1,678375.0,5,10941.5
2023-06-15,봄,228.8,172083500.0,13,752.2
2023-06-15,쌈,20.6,19660800.0,12,953.1
2023-06-16,기타,1.5,4623000.0,15,3170.8
2023-06-16,봄,222.2,190543400.0,11,857.5
2023-06-16,쌈,13.5,14530400.0,10,1078.2
2023-06-17,기타,0.2,1244800.0,10,6031.0
2023-06-17,봄,297.2,172942900.0,11,581.8
2023-06-17,쌈,9.9,15135800.0,6,1524.6
2023-06-19,기타,4.7,3522550.0,13,746.1
2023-06-19,봄,356.2,210413900.0,15,590.7
2023-06-19,쌈,8.6,13338500.0,10,1559.7
2023-06-19,여름,0.2,77700.0,1,462.5
2023-06-20,기타,1.4,1667050.0,12,1183.0
2023-06-20,봄,358.8,206105200.0,11,574.5
2023-06-20,쌈,10.8,13403100.0,14,1239.3
2023-06-21,기타,0.8,1501750.0,17,1849.4
2023-06-21,봄,258.2,222088600.0,9,860.2
2023-06-21,쌈,24.0,22693800.0,14,947.2
2023-06-22,기타,0.2,1754500.0,9,7763.3
2023-06-22,봄,276.5,158897400.0,13,574.8
2023-06-22,쌈,6.2,10867600.0,5,1761.9
2023-06-23,기타,1.5,2889250.0,17,1870.1
2023-06-23,봄,496.4,204636000.0,14,412.2
2023-06-23,쌈,6.8,19218100.0,9,2837.0
2023-06-24,기타,9.5,5941550.0,21,628.6
2023-06-24,봄,236.5,198351800.0,11,838.8
2023-06-24,쌈,6.7,11362800.0,11,1702.8
2023-06-26,기타,4.9,4427900.0,15,898.0
2023-06-26,봄,404.0,289422100.0,10,716.3
2023-06-26,쌈,14.0,25152800.0,7,1798.3
2023-06-27,기타,5.4,3338775.0,14,622.7
2023-06-27,봄,271.7,252926000.0,10,930.9
2023-06-27,쌈,8.4,13184100.0,7,1567.1
2023-06-27,여름,0.1,20000.0,1,250.0
2023-06-28,기타,4.0,4225875.0,16,1062.8
2023-06-28,봄,497.2,261214100.0,11,525.4
2023-06-28,쌈,13.2,26210800.0,13,1981.6
2023-06-29,기타,3.5,3933125.0,22,1115.8
2023-06-29,봄,469.4,210776540.0,13,449.1
2023-06-29,쌈,7.7,15278900.0,10,1992.3
2023-06-30,기타,5.4,5016620.0,20,931.4
2023-06-30,봄,313.5,156925800.0,9,500.6
2023-06-30,쌈,12.4,20546500.0,8,1653.0
2023-07-01,기타,1.8,3585300.0,21,1939.0
2023-07-01,봄,8.5,4025700.0,1,472.5
2023-07-01,쌈,5.9,15909600.0,10,2674.3
2023-07-01,여름,249.4,120051000.0,7,481.3
2023-07-03,기타,6.9,7889850.0,24,1136.9
2023-07-03,쌈,10.8,13106700.0,10,1213.0
2023-07-03,여름,510.1,184173560.0,12,361.0
2023-07-04,기타,6.8,4946575.0,25,732.2
2023-07-04,쌈,20.8,22109600.0,11,1063.8
2023-07-04,여름,411.0,125585000.0,8,305.6
2023-07-05,기타,7.7,11374076.0,19,1480.1
2023-07-05,쌈,14.4,20733100.0,8,1434.8
2023-07-05,여름,374.4,131858300.0,9,352.2
2023-07-06,기타,4.1,3784950.0,16,920.0
2023-07-06,쌈,8.4,16450100.0,9,1947.7
2023-07-06,여름,220.9,157495000.0,5,713.1
2023-07-07,기타,4.1,6503150.0,31,1589.6
2023-07-07,쌈,7.9,20126800.0,11,2533.3
2023-07-07,여름,484.0,139397500.0,7,288.0
2023-07-08,기타,3.2,6519275.0,34,2014.9
2023-07-08,쌈,4.2,27090300.0,7,6521.5
2023-07-08,여름,347.1,75757600.0,7,218.3
2023-07-10,기타,4.8,7568250.0,26,1590.3
2023-07-10,쌈,15.9,46763900.0,11,2949.8
2023-07-10,여름,348.8,199624900.0,8,572.3
2023-07-11,기타,11.4,20674250.0,43,1814.3
2023-07-11,쌈,15.7,34514200.0,14,2196.4
2023-07-11,여름,388.1,153349900.0,8,395.1
2023-07-12,기타,6.7,7371875.0,26,1098.3
2023-07-12,쌈,13.9,25436600.0,12,1824.9
2023-07-12,여름,435.6,137855440.0,10,316.5
2023-07-13,기타,6.4,10765125.0,38,1679.2
2023-07-13,쌈,5.4,11647600.0,11,2163.8
2023-07-13,여름,247.0,144387000.0,9,584.6
2023-07-14,기타,3.4,5770475.0,25,1719.6
2023-07-14,쌈,8.3,21568300.0,13,2613.1
2023-07-14,여름,246.2,110032140.0,11,446.9
2023-07-15,기타,7.0,10977600.0,28,1571.4
2023-07-15,쌈,3.6,16745200.0,10,4609.2
2023-07-15,여름,127.3,133985300.0,6,1052.8
2023-07-17,기타,6.8,10074775.0,19,1488.1
2023-07-17,쌈,16.8,41835000.0,15,2496.3
2023-07-17,여름,617.3,176355400.0,14,285.7
2023-07-18,기타,7.4,10103750.0,41,1363.9
2023-07-18,쌈,12.2,24418400.0,13,1997.1
2023-07-18,여름,412.1,152183300.0,10,369.3
2023-07-19,기타,5.2,8448200.0,14,1617.8
2023-07-19,쌈,11.8,36849000.0,13,3127.3
2023-07-19,여름,231.4,230280400.0,8,995.0
2023-07-20,기타,11.2,17327800.0,40,1541.2
2023-07-20,쌈,18.6,44191400.0,11,2376.0
2023-07-20,여름,366.0,164425600.0,8,449.3
2023-07-21,기타,9.6,13538800.0,29,1412.5
2023-07-21,쌈,5.9,24639000.0,9,4186.7
2023-07-21,여름,480.7,220536400.0,11,458.8
2023-07-22,기타,7.2,10907950.0,39,1516.5
2023-07-22,쌈,14.9,49304300.0,15,3299.3
2023-07-22,여름,313.8,194722900.0,7,620.6
2023-07-24,기타,12.8,31448975.0,31,2452.7
2023-07-24,쌈,10.2,47638600.0,12,4679.6
2023-07-24,여름,357.9,311642000.0,9,870.8
2023-07-25,기타,4.4,14084775.0,33,3236.4
2023-07-25,쌈,11.9,28897400.0,10,2426.5
2023-07-25,여름,406.8,200833400.0,10,493.7
2023-07-26,기타,5.6,9221700.0,30,1636.2
2023-07-26,쌈,9.4,31185900.0,9,3326.1
2023-07-26,여름,404.1,221688300.0,9,548.7
2023-07-27,기타,5.1,12657850.0,39,2478.5
2023-07-27,쌈,7.3,30737500.0,13,4214.7
2023-07-27,여름,290.6,230032800.0,8,791.5
2023-07-28,기타,7.9,15876625.0,34,2010.7
2023-07-28,쌈,7.7,41820500.0,11,5401.1
2023-07-28,여름,234.2,278249000.0,8,1188.1
2023-07-29,기타,6.1,14276425.0,37,2333.1
2023-07-29,쌈,7.8,35135800.0,14,4501.7
2023-07-29,여름,233.6,226581300.0,9,969.8
2023-07-31,기타,11.0,17673600.0,28,1603.2
2023-07-31,쌈,11.8,58019100.0,12,4929.0
2023-07-31,여름,356.6,373357900.0,11,1047.1
2023-08-01,기타,5.6,11598800.0,28,2073.1
2023-08-01,쌈,5.2,28636200.0,13,5495.3
2023-08-01,여름,291.8,361367100.0,12,1238.6
2023-08-02,고랭지,263.7,331779000.0,10,1258.3
2023-08-02,기타,4.3,8641475.0,25,1986.5
2023-08-02,쌈,8.8,30328200.0,12,3434.3
2023-08-03,고랭지,415.5,440094200.0,11,1059.3
2023-08-03,기타,3.9,7075075.0,22,1825.8
2023-08-03,쌈,5.1,35710000.0,10,7060.1
2023-08-04,고랭지,356.3,400328100.0,13,1123.6
2023-08-04,기타,8.2,11605975.0,21,1407.8
2023-08-04,쌈,6.3,51076600.0,5,8071.5
2023-08-07,고랭지,569.7,533123600.0,11,935.8
2023-08-07,기타,7.0,11932250.0,24,1711.7
2023-08-07,쌈,4.8,37870300.0,5,7922.7
2023-08-08,고랭지,553.9,393346600.0,13,710.1
2023-08-08,기타,11.1,16413100.0,30,1472.4
2023-08-08,쌈,3.7,12507700.0,8,3411.8
2023-08-09,고랭지,346.1,404204500.0,10,1168.0
2023-08-09,기타,4.6,8430950.0,27,1813.9
2023-08-09,쌈,8.6,36429200.0,10,4232.0
2023-08-10,고랭지,386.6,543718500.0,10,1406.5
2023-08-10,기타,7.7,17321050.0,23,2259.8
2023-08-10,쌈,11.1,52781700.0,9,4774.0
2023-08-11,고랭지,395.6,271139400.0,10,685.4
2023-08-11,기타,6.8,13110000.0,12,1919.2
2023-08-11,기타부산물,0.2,100000.0,1,416.7
2023-08-11,쌈,6.0,31971500.0,8,5289.8
2023-08-12,고랭지,513.4,232517900.0,10,452.9
2023-08-12,기타,26.6,17130625.0,26,642.8
2023-08-12,기타부산물,0.2,57000.0,1,250.0
2023-08-12,쌈,7.5,30052500.0,8,3994.2
2023-08-14,고랭지,506.6,364421400.0,9,719.4
2023-08-14,기타,20.3,17189850.0,28,846.4
2023-08-14,쌈,4.3,29815900.0,8,6868.4
2023-08-15,고랭지,451.4,297337200.0,9,658.8
2023-08-15,기타,21.5,17619950.0,26,821.0
2023-08-15,쌈,9.3,40808600.0,11,4401.3
2023-08-16,고랭지,498.7,288492460.0,13,578.5
2023-08-16,기타,26.4,14085000.0,19,533.0
2023-08-16,쌈,4.9,21494400.0,9,4368.8
2023-08-17,고랭지,465.9,319574100.0,10,685.9
2023-08-17,기타,22.5,12999200.0,27,578.9
2023-08-17,쌈,7.3,25251800.0,7,3441.2
2023-08-18,고랭지,369.1,357492800.0,10,968.6
2023-08-18,기타,14.8,10679450.0,23,720.0
2023-08-18,쌈,9.6,27979900.0,9,2914.9
2023-08-19,고랭지,336.1,372772900.0,8,1109.2
2023-08-19,기타,15.3,13962550.0,32,915.5
2023-08-19,쌈,5.4,28588800.0,8,5274.7
2023-08-21,고랭지,531.1,533854100.0,13,1005.2
2023-08-21,기타,19.2,19319475.0,27,1004.3
2023-08-21,쌈,7.9,36094000.0,10,4567.7
2023-08-22,고랭지,530.8,437775800.0,12,824.8
2023-08-22,기타,19.3,23079850.0,31,1193.7
2023-08-22,쌈,7.6,24217000.0,7,3203.3
2023-08-23,고랭지,519.4,415760100.0,13,800.5
2023-08-23,기타,20.0,13696650.0,22,686.3
2023-08-23,쌈,5.0,28296100.0,10,5609.9
2023-08-24,고랭지,443.8,387954400.0,12,874.2
2023-08-24,기타,30.0,25307650.0,26,844.4
2023-08-24,쌈,6.0,27120500.0,8,4517.8
2023-08-25,고랭지,281.8,245092100.0,12,869.7
2023-08-25,기타,13.5,14301400.0,23,1056.2
2023-08-25,쌈,7.0,37646300.0,9,5344.4
2023-08-26,고랭지,350.9,322262000.0,12,918.5
2023-08-26,기타,16.5,17418075.0,36,1054.0
2023-08-26,쌈,5.5,32897100.0,5,6011.9
2023-08-28,고랭지,686.2,495954900.0,12,722.8
2023-08-28,기타,46.0,50351575.0,33,1094.3
2023-08-28,쌈,14.9,59987400.0,14,4019.3
2023-08-29,고랭지,431.4,344405500.0,10,798.3
2023-08-29,기타,18.4,23191175.0,33,1257.2
2023-08-29,쌈,7.2,32283100.0,11,4506.3
2023-08-30,고랭지,467.2,327826000.0,9,701.7
2023-08-30,기타,14.1,17944125.0,25,1273.7
2023-08-30,쌈,10.4,34609100.0,13,3325.6
2023-08-31,고랭지,386.4,237986400.0,9,615.8
2023-08-31,기타,12.6,17762950.0,29,1407.5
2023-08-31,쌈,8.4,36120700.0,9,4320.7
2023-09-01,고랭지,461.7,349286200.0,9,756.6
2023-09-01,기타,24.3,26941775.0,34,1108.9
2023-09-01,쌈,8.7,32443300.0,10,3712.0
2023-09-02,고랭지,518.6,389958450.0,9,751.9
2023-09-02,기타,28.8,30023950.0,43,1040.8
2023-09-02,쌈,9.7,35393400.0,8,3642.0
2023-09-04,고랭지,555.4,478638800.0,12,861.8
2023-09-04,기타,19.3,31220900.0,32,1621.3
2023-09-04,쌈,7.4,45996000.0,13,6249.5
2023-09-05,고랭지,519.4,376224200.0,12,724.4
2023-09-05,기타,15.4,28528475.0,42,1857.4
2023-09-05,쌈,8.6,38106800.0,15,4422.8
2023-09-06,고랭지,619.5,472584800.0,13,762.8
2023-09-06,기타,14.8,29031650.0,40,1957.2
2023-09-06,쌈,16.7,51307100.0,18,3076.9
2023-09-07,고랭지,622.8,455600700.0,13,731.5
2023-09-07,기타,21.0,29147950.0,38,1386.9
2023-09-07,쌈,20.6,56287100.0,20,2736.2
2023-09-08,고랭지,658.0,442968400.0,10,673.2
2023-09-08,기타,19.0,26519700.0,43,1396.3
2023-09-08,쌈,12.8,39120200.0,15,3047.9
2023-09-09,고랭지,478.0,428048500.0,9,895.5
2023-09-09,기타,20.4,27356050.0,34,1342.7
2023-09-09,쌈,7.2,30451500.0,16,4228.8
2023-09-11,고랭지,595.7,624208100.0,11,1047.8
2023-09-11,기타,16.8,27346800.0,34,1630.6
2023-09-11,쌈,8.6,36507400.0,16,4224.9
2023-09-12,고랭지,682.5,583251400.0,13,854.5
2023-09-12,기타,18.3,30066125.0,48,1642.7
2023-09-12,쌈,16.6,43705300.0,17,2640.5
2023-09-13,고랭지,694.1,548499800.0,12,790.2
2023-09-13,기타,28.9,35023850.0,36,1211.7
2023-09-13,쌈,10.8,28252200.0,13,2620.6
2023-09-14,고랭지,591.4,527874000.0,11,892.5
2023-09-14,기타,12.1,18492650.0,31,1523.9
2023-09-14,쌈,5.2,18364000.0,11,3545.2
2023-09-15,고랭지,456.2,512131300.0,10,1122.5
2023-09-15,기타,21.7,28467075.0,31,1313.2
2023-09-15,쌈,10.6,26226200.0,10,2463.9
2023-09-16,고랭지,443.2,501047200.0,11,1130.6
2023-09-16,기타,16.8,20009350.0,22,1193.0
2023-09-16,쌈,9.8,27722300.0,10,2817.9
2023-09-18,고랭지,874.7,704402000.0,17,805.3
2023-09-18,기타,33.0,39552350.0,30,1199.8
2023-09-18,쌈,10.1,25001500.0,10,2465.9
2023-09-19,고랭지,897.3,719009300.0,11,801.3
2023-09-19,기타,21.6,31437800.0,41,1458.6
2023-09-19,쌈,22.9,43956600.0,17,1922.4
2023-09-20,고랭지,885.5,806629800.0,10,910.9
2023-09-20,기타,30.0,36560875.0,30,1217.5
2023-09-20,쌈,16.9,29068000.0,19,1723.9
2023-09-21,고랭지,632.4,556608500.0,11,880.1
2023-09-21,기타,20.2,22771600.0,26,1128.8
2023-09-21,쌈,8.2,20802800.0,15,2540.3
2023-09-22,고랭지,564.0,592506400.0,11,1050.6
2023-09-22,기타,24.7,33676350.0,34,1361.8
2023-09-22,쌈,14.2,30345800.0,17,2130.4
2023-09-23,고랭지,898.1,738623900.0,10,822.4
2023-09-23,기타,45.9,58097200.0,38,1265.5
2023-09-23,쌈,11.0,34505200.0,14,3129.7
2023-09-25,고랭지,1007.9,811897200.0,13,805.5
2023-09-25,기타,54.6,55938500.0,38,1024.8
2023-09-25,쌈,17.9,72949200.0,16,4086.8
2023-09-26,고랭지,898.6,817700800.0,11,910.0
2023-09-26,기타,43.5,41405250.0,46,952.6
2023-09-26,쌈,13.9,58047100.0,15,4190.8
2023-09-27,고랭지,624.9,548471200.0,9,877.7
2023-09-27,기타,27.5,26519675.0,28,964.2
2023-09-27,쌈,10.4,55209600.0,9,5290.3
2023-09-27,절임,7.2,34416000.0,1,4780.0
2023-09-28,고랭지,113.9,98673400.0,5,866.4
2023-09-28,기타,4.2,10292265.0,17,2434.7
2023-09-28,쌈,2.4,20392400.0,4,8340.4
2023-10-02,가을,440.2,502896400.0,9,1142.5
2023-10-02,고랭지,13.5,11907000.0,3,884.6
2023-10-02,기타,40.9,56680400.0,22,1386.2
2023-10-02,쌈,8.8,40508600.0,10,4600.1
2023-10-03,가을,562.5,402759800.0,9,716.1
2023-10-03,고랭지,1.4,1224000.0,1,850.0
2023-10-03,기타,83.5,41949600.0,16,502.5
2023-10-03,쌈,7.7,36427100.0,11,4713.0
2023-10-04,가을,590.0,429567100.0,8,728.1
2023-10-04,고랭지,4.3,5024400.0,1,1177.8
2023-10-04,기타,81.8,46908600.0,23,573.2
2023-10-04,쌈,5.8,18714400.0,10,3234.4
2023-10-05,가을,618.2,440469600.0,10,712.5
2023-10-05,고랭지,1.3,1515800.0,1,1177.8
2023-10-05,기타,40.8,43967950.0,35,1077.1
2023-10-05,쌈,12.4,36991000.0,11,2989.2
2023-10-06,가을,515.0,417542900.0,10,810.8
2023-10-06,고랭지,1.3,1552900.0,1,1177.8
2023-10-06,기타,48.6,28468250.0,24,585.5
2023-10-06,쌈,9.2,30902200.0,14,3350.9
2023-10-07,가을,495.8,397594900.0,8,801.9
2023-10-07,기타,38.0,35286450.0,32,929.2
2023-10-07,쌈,4.7,15915900.0,7,3391.4
2023-10-09,가을,569.7,542034500.0,11,951.5
2023-10-09,고랭지,3.2,3650600.0,1,1139.4
2023-10-09,기타,75.2,58572400.0,28,779.1
2023-10-09,쌈,8.1,26340200.0,14,3266.8
2023-10-10,가을,506.8,509111600.0,11,1004.7
2023-10-10,고랭지,1.3,1420000.0,1,1111.1
2023-10-10,기타,86.6,66785550.0,26,771.5
2023-10-10,쌈,6.2,16042800.0,12,2579.6
2023-10-11,가을,516.5,509255300.0,11,985.9
2023-10-11,고랭지,0.9,950000.0,1,1111.1
2023-10-11,기타,43.4,47882250.0,25,1103.3
2023-10-11,쌈,9.3,20842700.0,13,2244.8
2023-10-12,가을,404.7,437321100.0,10,1080.7
2023-10-12,고랭지,1.9,2125000.0,1,1111.1
2023-10-12,기타,79.5,56346400.0,23,709.0
2023-10-12,쌈,9.7,21436000.0,13,2217.0
2023-10-13,가을,465.8,477864000.0,14,1025.9
2023-10-13,고랭지,1.1,1240000.0,1,1111.1
2023-10-13,기타,97.0,76330225.0,33,787.2
2023-10-13,쌈,15.2,36349200.0,17,2388.7
2023-10-14,가을,479.0,405374500.0,9,846.3
2023-10-14,고랭지,1.4,1505000.0,1,1111.1
2023-10-14,기타,69.7,59008750.0,25,846.4
2023-10-14,쌈,9.2,22249300.0,9,2405.3
2023-10-16,가을,878.4,585146000.0,18,666.2
2023-10-16,고랭지,2.1,2245000.0,1,1089.3
2023-10-16,기타,52.8,45605900.0,36,863.7
2023-10-16,쌈,10.3,30404200.0,13,2961.1
2023-10-17,가을,569.2,392510200.0,14,689.5
2023-10-17,고랭지,1.6,1712500.0,1,1090.4
2023-10-17,기타,51.5,58585500.0,25,1138.6
2023-10-17,쌈,9.8,20445600.0,15,2086.5
2023-10-18,가을,515.6,344277300.0,14,667.7
2023-10-18,고랭지,1.6,1719600.0,1,1091.8
2023-10-18,기타,52.5,49450000.0,31,941.8
2023-10-18,쌈,10.2,18217100.0,12,1785.5
2023-10-19,가을,459.7,327226500.0,16,711.9
2023-10-19,고랭지,1.3,1405000.0,1,1091.7
2023-10-19,기타,35.0,40782950.0,33,1166.5
2023-10-19,쌈,9.1,17521500.0,10,1929.3
2023-10-20,가을,294.1,275148500.0,12,935.7
2023-10-20,고랭지,1.4,1550000.0,1,1090.0
2023-10-20,기타,57.8,44067000.0,25,762.5
2023-10-20,쌈,13.1,28165600.0,12,2148.9
2023-10-21,가을,396.9,292656900.0,13,737.4
2023-10-21,고랭지,2.6,2805100.0,1,1099.4
2023-10-21,기타,33.9,29779950.0,29,878.2
2023-10-21,쌈,9.5,16910000.0,13,1774.4
2023-10-23,가을,487.9,418795400.0,20,858.4
2023-10-23,고랭지,4.2,4589600.0,1,1094.3
2023-10-23,기타,41.9,51539400.0,38,1229.1
2023-10-23,쌈,13.7,23389400.0,10,1708.8
2023-10-24,가을,565.4,417258800.0,20,738.0
2023-10-24,고랭지,2.1,2295500.0,1,1092.3
2023-10-24,기타,59.5,64249700.0,29,1080.7
2023-10-24,쌈,12.1,20339700.0,12,1682.8
2023-10-25,가을,546.6,355762100.0,17,650.8
2023-10-25,고랭지,2.3,2480000.0,1,1093.5
2023-10-25,기타,53.2,46136075.0,29,867.5
2023-10-25,쌈,5.2,12156800.0,8,2346.4
2023-10-26,가을,520.8,345810200.0,20,664.0
2023-10-26,고랭지,2.5,2710000.0,1,1091.0
2023-10-26,기타,64.0,47644450.0,26,744.5
2023-10-26,쌈,10.6,20859300.0,9,1960.8
2023-10-27,가을,527.5,317770300.0,21,602.5
2023-10-27,고랭지,3.6,3887200.0,1,1089.3
2023-10-27,기타,24.4,23528900.0,31,963.4
2023-10-27,쌈,10.1,25701700.0,11,2532.7
2023-10-28,가을,536.6,285967800.0,18,532.9
2023-10-28,기타,34.8,26867000.0,26,772.2
2023-10-28,쌈,9.0,23987600.0,10,2666.5
2023-10-30,가을,469.8,293888500.0,14,625.6
2023-10-30,고랭지,8.8,9076200.0,1,1034.3
2023-10-30,기타,49.0,30845500.0,29,629.8
2023-10-30,쌈,14.6,32533800.0,14,2229.1
2023-10-31,가을,479.3,278362000.0,16,580.7
2023-10-31,고랭지,0.7,666000.0,1,1000.0
2023-10-31,기타,36.1,21836471.0,24,604.6
2023-10-31,쌈,10.3,20691800.0,13,2000.8
2023-11-01,가을,501.9,281411700.0,12,560.7
2023-11-01,고랭지,0.5,512100.0,1,1025.2
2023-11-01,기타,31.9,19256100.0,17,603.0
2023-11-01,쌈,8.7,14727000.0,13,1696.5
2023-11-02,가을,349.9,254327320.0,13,726.9
2023-11-02,고랭지,0.3,272500.0,1,1026.4
2023-11-02,기타,23.9,22535700.0,21,944.3
2023-11-02,쌈,13.8,23298600.0,16,1682.5
2023-11-03,가을,671.2,420467500.0,15,626.5
2023-11-03,고랭지,1.3,1321700.0,1,1002.4
2023-11-03,기타,7.5,6662400.0,18,889.9
2023-11-03,쌈,7.4,16634900.0,11,2246.7
2023-11-06,가을,725.8,452481900.0,15,623.4
2023-11-06,고랭지,5.3,5092900.0,1,964.8
2023-11-06,기타,15.5,13938575.0,28,898.4
2023-11-06,쌈,8.3,16681900.0,13,2015.9
2023-11-06,절임,2.2,3314000.0,2,1506.4
2023-11-07,가을,498.8,294455300.0,13,590.4
2023-11-07,기타,14.8,13146850.0,23,885.8
2023-11-07,쌈,8.8,19373300.0,12,2204.0
2023-11-07,절임,3.9,5838000.0,2,1504.6
2023-11-08,가을,1011.9,488588080.0,19,482.8
2023-11-08,고랭지,0.1,56400.0,1,1044.4
2023-11-08,기타,11.1,12725500.0,25,1150.8
2023-11-08,쌈,16.6,30343700.0,11,1825.6
2023-11-08,절임,10.0,15026000.0,3,1502.6
2023-11-09,가을,951.0,463740400.0,18,487.6
2023-11-09,기타,11.1,12035900.0,23,1082.3
2023-11-09,쌈,10.8,20033700.0,11,1851.2
2023-11-09,절임,17.6,26501000.0,6,1501.5
2023-11-10,가을,997.4,563736200.0,20,565.2
2023-11-10,기타,13.4,14092200.0,29,1054.3
2023-11-10,쌈,8.4,14063800.0,10,1675.9
2023-11-10,절임,42.5,63970000.0,3,1503.8
2023-11-11,가을,900.2,424989400.0,19,472.1
2023-11-11,기타,17.5,18809400.0,22,1073.2
2023-11-11,쌈,9.1,15914400.0,11,1754.8
2023-11-11,절임,64.0,95970000.0,5,1499.1
2023-11-13,가을,1019.4,442497000.0,19,434.1
2023-11-13,기타,20.3,10540679.0,23,519.6
2023-11-13,쌈,11.8,28078200.0,11,2377.5
2023-11-13,절임,39.8,59965000.0,6,1508.6
2023-11-14,가을,846.5,388860900.0,19,459.4
2023-11-14,기타,9.9,10389200.0,21,1045.7
2023-11-14,쌈,17.6,30575800.0,15,1740.8
2023-11-14,절임,31.8,47725000.0,5,1502.2
2023-11-15,가을,792.6,415502100.0,16,524.2
2023-11-15,기타,8.2,10021900.0,17,1219.8
2023-11-15,쌈,10.0,16470400.0,9,1645.9
2023-11-15,절임,38.0,57060000.0,6,1501.6
2023-11-16,가을,865.7,558594700.0,11,645.2
2023-11-16,기타,12.2,12216550.0,24,999.1
2023-11-16,쌈,17.7,31449900.0,13,1773.3
2023-11-16,절임,51.5,77304000.0,6,1501.6
2023-11-17,가을,836.7,681382000.0,16,814.4
2023-11-17,기타,17.0,18691600.0,15,1100.2
2023-11-17,쌈,7.9,18358100.0,7,2338.0
2023-11-17,절임,113.7,169864000.0,6,1494.4
2023-11-18,가을,777.9,626800100.0,19,805.7
2023-11-18,기타,15.5,20049200.0,13,1296.2
2023-11-18,쌈,11.9,22868000.0,14,1928.8
2023-11-18,절임,200.8,300567000.0,6,1496.5
2023-11-20,가을,1278.7,705596800.0,18,551.8
2023-11-20,기타,10.0,9454350.0,16,942.0
2023-11-20,쌈,4.3,15342100.0,7,3571.3
2023-11-20,절임,70.5,103692400.0,7,1470.0
2023-11-21,가을,1136.8,528439100.0,16,464.9
2023-11-21,기타,10.6,11509333.0,18,1084.7
2023-11-21,쌈,7.2,20318300.0,10,2809.5
2023-11-21,절임,53.8,80382000.0,6,1494.6
2023-11-22,가을,946.4,531540600.0,14,561.6
2023-11-22,기타,11.8,11569500.0,11,984.6
2023-11-22,쌈,10.4,20693700.0,8,1996.9
2023-11-22,절임,61.8,92091000.0,6,1491.4
2023-11-23,가을,1239.3,719079400.0,11,580.2
2023-11-23,기타,12.2,12423900.0,12,1014.9
2023-11-23,쌈,7.0,16026900.0,9,2280.8
2023-11-23,절임,63.9,95539000.0,3,1494.2
2023-11-24,가을,1254.5,672641000.0,10,536.2
2023-11-24,기타,18.7,22302700.0,9,1191.9
2023-11-24,쌈,4.4,13966700.0,4,3172.8
2023-11-24,절임,143.7,214360000.0,5,1492.1
2023-11-25,가을,922.4,303934800.0,8,329.5
2023-11-25,기타,33.0,35556200.0,15,1078.6
2023-11-25,쌈,5.5,15595400.0,9,2858.4
2023-11-25,절임,214.7,309172000.0,2,1440.2
2023-11-27,가을,634.3,273207500.0,8,430.7
2023-11-27,기타,11.3,8742050.0,11,776.6
2023-11-27,쌈,4.2,12638100.0,5,3039.5
2023-11-27,절임,107.2,153645000.0,5,1433.0
2023-11-28,가을,510.9,220070800.0,7,430.8
2023-11-28,기타,4.8,5852000.0,8,1228.9
2023-11-28,쌈,6.5,13726400.0,9,2095.6
2023-11-28,절임,49.6,70162000.0,4,1414.6
2023-11-29,가을,504.2,239797200.0,7,475.6
2023-11-29,기타,4.5,5039900.0,9,1122.7
2023-11-29,쌈,4.6,12164900.0,5,2627.4
2023-11-29,절임,50.8,72150000.0,3,1419.2
2023-11-30,가을,654.1,336175700.0,8,514.0
2023-11-30,기타,18.3,16778050.0,9,914.7
2023-11-30,쌈,7.2,15623300.0,11,2169.9
2023-11-30,절임,63.1,89434000.0,2,1417.8
2023-12-01,가을,523.4,316410300.0,8,604.5
2023-12-01,기타,16.1,22903000.0,8,1421.3
2023-12-01,쌈,10.4,17227900.0,9,1658.1
2023-12-01,절임,208.5,295953000.0,3,1419.5
2023-12-02,절임,33.5,47015000.0,2,1401.3
2023-12-04,가을,817.4,416027400.0,10,509.0
2023-12-04,기타,3.5,3027750.0,7,864.6
2023-12-04,쌈,4.4,17533100.0,7,4025.0
2023-12-04,절임,21.0,29628000.0,1,1409.5
2023-12-05,가을,626.3,329893600.0,8,526.7
2023-12-05,기타,4.0,4095800.0,7,1016.8
2023-12-05,쌈,10.3,28540000.0,12,2757.5
2023-12-05,절임,30.4,42820000.0,3,1407.6
2023-12-06,가을,504.6,287218000.0,5,569.2
2023-12-06,기타,1.9,3656000.0,7,1903.2
2023-12-06,쌈,10.6,22036100.0,11,2084.6
2023-12-06,절임,24.1,33817000.0,4,1403.8
2023-12-07,가을,512.3,267578100.0,5,522.3
2023-12-07,기타,3.0,4410500.0,9,1494.1
2023-12-07,쌈,12.9,23217400.0,15,1795.9
2023-12-07,절임,25.8,36039000.0,4,1396.9
2023-12-08,가을,473.3,240449700.0,5,508.1
2023-12-08,기타,3.6,6362000.0,12,1784.6
2023-12-08,쌈,13.1,22131300.0,11,1683.9
2023-12-08,절임,52.0,73105000.0,3,1405.6
2023-12-09,가을,369.4,181040200.0,6,490.1
2023-12-09,기타,5.9,6548400.0,10,1100.8
2023-12-09,쌈,14.8,23800800.0,12,1605.5
2023-12-09,절임,58.4,81745000.0,3,1399.5
2023-12-11,가을,262.1,167809800.0,5,640.4
2023-12-11,기타,1.5,2728650.0,9,1831.3
2023-12-11,쌈,6.4,17302200.0,7,2696.7
2023-12-11,절임,11.7,16313000.0,3,1400.3
2023-12-12,가을,261.4,169148800.0,6,647.2
2023-12-12,기타,3.1,2382700.0,8,775.4
2023-12-12,쌈,15.9,22951300.0,12,1445.8
2023-12-12,절임,1.9,2716000.0,1,1400.0
2023-12-13,가을,335.6,168028100.0,8,500.7
2023-12-13,기타,1.3,1282050.0,8,977.9
2023-12-13,쌈,11.0,19564600.0,9,1777.1
2023-12-13,절임,1.3,1792000.0,1,1400.0
2023-12-14,가을,195.5,125750800.0,4,643.1
2023-12-14,기타,1.0,1551400.0,9,1525.5
2023-12-14,쌈,12.6,19413300.0,13,1544.8
2023-12-14,절임,6.3,8876000.0,1,1400.0
2023-12-15,가을,316.2,187655500.0,5,593.4
2023-12-15,기타,0.8,8250100.0,10,10884.0
2023-12-15,기타부산물,1.0,753000.0,1,760.6
2023-12-15,쌈,11.2,18981100.0,12,1702.2
2023-12-15,절임,3.0,4172000.0,1,1400.0
2023-12-16,가을,93.5,63255000.0,2,676.7
2023-12-16,기타,0.2,459500.0,3,2735.1
2023-12-16,기타부산물,1.6,979000.0,1,593.3
2023-12-16,쌈,4.3,9630500.0,8,2219.5
2023-12-16,절임,2.3,3220000.0,2,1400.0
2023-12-18,가을,348.1,221199340.0,7,635.5
2023-12-18,기타,0.8,447800.0,3,559.1
2023-12-18,기타부산물,0.9,636000.0,1,706.7
2023-12-18,쌈,5.3,13905100.0,9,2618.7
2023-12-19,가을,258.3,148104600.0,4,573.3
2023-12-19,기타,0.1,692000.0,2,5323.1
2023-12-19,기타부산물,0.9,725200.0,1,805.8
2023-12-19,쌈,11.2,29442600.0,11,2629.0
2023-12-20,가을,125.8,95734900.0,3,761.0
2023-12-20,기타,0.7,1531500.0,8,2119.1
2023-12-20,쌈,3.3,13804600.0,5,4204.9
2023-12-20,절임,0.1,196000.0,1,1400.0
2023-12-21,가을,370.7,235693300.0,6,635.8
2023-12-21,기타,0.1,500000.0,1,6250.0
2023-12-21,쌈,5.5,18106900.0,8,3314.5
2023-12-21,절임,4.0,5600000.0,1,1400.0
2023-12-22,가을,281.5,153024100.0,6,543.6
2023-12-22,기타,0.0,260000.0,1,6500.0
2023-12-22,기타부산물,2.2,2224800.0,1,1030.0
2023-12-22,쌈,6.3,20473300.0,9,3256.4
2023-12-23,가을,111.7,63982500.0,5,572.6
2023-12-23,기타부산물,1.1,1054800.0,1,976.7
2023-12-23,쌈,7.7,22601000.0,11,2947.1
2023-12-23,절임,6.1,29826000.0,1,4873.5
2023-12-25,가을,320.3,186016500.0,4,580.7
2023-12-25,기타,0.1,402500.0,2,2938.0
2023-12-25,기타부산물,3.2,3178800.0,1,981.1
2023-12-25,쌈,5.5,23264400.0,8,4211.5
2023-12-25,월동,18.2,13243700.0,1,726.9
2023-12-26,가을,230.4,134424900.0,5,583.5
2023-12-26,기타,0.3,147000.0,2,445.5
2023-12-26,기타부산물,2.7,2610000.0,1,966.7
2023-12-26,쌈,9.5,29825800.0,9,3137.6
2023-12-26,월동,28.4,17330400.0,2,609.8
2023-12-27,가을,235.7,139653300.0,4,592.6
2023-12-27,기타,0.7,959500.0,4,1446.1
2023-12-27,기타부산물,2.2,2214000.0,1,997.3
2023-12-27,쌈,9.1,25908700.0,12,2837.1
2023-12-27,월동,19.9,10706800.0,2,538.6
2023-12-28,가을,351.7,186561200.0,3,530.5
2023-12-28,기타,0.2,710200.0,4,2892.9
2023-12-28,기타부산물,3.6,2827600.0,2,779.0
2023-12-28,쌈,14.8,38118200.0,17,2578.0
2023-12-28,월동,39.8,20590000.0,2,517.9
2023-12-28,절임,31.5,45704000.0,1,1450.0
2023-12-29,가을,265.1,165619700.0,4,624.7
2023-12-29,기타,0.2,658000.0,4,3686.3
2023-12-29,기타부산물,3.8,2923200.0,2,773.3
2023-12-29,쌈,12.5,46496000.0,13,3709.9
2023-12-29,월동,28.0,16600600.0,3,592.0
2023-12-30,가을,355.1,186528900.0,5,525.3
2023-12-30,기타,1.2,1901900.0,6,1531.9
2023-12-30,기타부산물,4.4,2270400.0,2,518.4
2023-12-30,쌈,7.9,53436400.0,11,6759.8
2023-12-30,월동,26.7,13106100.0,3,490.1
2024-01-03,가을,6.4,3730200.0,2,586.6
2024-01-03,기타,0.0,10000.0,1,2000.0
2024-01-03,기타부산물,3.3,2330400.0,2,699.8
2024-01-03,쌈,19.6,60202000.0,16,3071.4
2024-01-03,월동,388.1,228248600.0,3,588.2
2024-01-04,가을,1.2,709000.0,2,601.4
2024-01-04,기타,3.0,2614100.0,4,862.7
2024-01-04,기타부산물,2.5,1619400.0,1,642.6
2024-01-04,쌈,15.5,34404600.0,15,2216.9
2024-01-04,월동,385.7,207495200.0,4,537.9
2024-01-05,가을,1.7,933600.0,2,557.7
2024-01-05,기타,0.1,364800.0,6,4395.2
2024-01-05,기타부산물,2.9,1968800.0,1,680.1
2024-01-05,쌈,13.2,25725100.0,12,1945.6
2024-01-05,월동,367.0,189603700.0,5,516.6
2024-01-06,가을,1.8,1051400.0,2,574.1
2024-01-06,기타,0.2,999900.0,3,4140.4
2024-01-06,기타부산물,4.0,2131300.0,2,536.2
2024-01-06,쌈,14.8,26250200.0,13,1769.1
2024-01-06,월동,300.4,142489700.0,4,474.4
2024-01-08,가을,3.3,2002800.0,2,608.0
2024-01-08,기타,0.1,565900.0,3,4270.9
2024-01-08,기타부산물,2.1,1209600.0,1,584.3
2024-01-08,쌈,14.0,23624100.0,9,1685.9
2024-01-08,월동,204.1,113806400.0,4,557.6
2024-01-09,기타,0.8,4584000.0,8,5846.9
2024-01-09,기타부산물,3.0,1280500.0,2,433.3
2024-01-09,쌈,11.2,20691500.0,9,1840.4
2024-01-09,월동,210.3,119442900.0,5,567.9
2024-01-10,기타,0.3,1394700.0,3,4902.3
2024-01-10,쌈,11.6,21800500.0,9,1882.9
2024-01-10,월동,239.1,131678500.0,3,550.8
2024-01-11,기타,0.2,817300.0,4,4256.8
2024-01-11,기타부산물,1.6,1193600.0,1,730.0
2024-01-11,쌈,8.7,17002700.0,8,1944.3
2024-01-11,월동,372.1,188131000.0,6,505.6
2024-01-12,기타,0.3,1082400.0,4,4295.2
2024-01-12,기타부산물,1.1,810000.0,1,750.0
2024-01-12,쌈,11.3,20597700.0,9,1817.5
2024-01-12,월동,233.3,120472100.0,7,516.4
2024-01-13,기타,0.2,976200.0,2,4615.6
2024-01-13,기타부산물,4.3,2166000.0,2,501.4
2024-01-13,쌈,15.1,27325500.0,12,1807.6
2024-01-13,월동,226.9,115934700.0,6,511.0
2024-01-15,기타,0.3,1344800.0,4,3853.3
2024-01-15,기타부산물,3.2,1602000.0,2,494.4
2024-01-15,쌈,9.6,22793300.0,9,2366.4
2024-01-15,월동,353.0,179479900.0,7,508.5
2024-01-16,기타,0.3,1315000.0,4,4558.1
2024-01-16,기타부산물,2.7,1087200.0,1,402.7
2024-01-16,쌈,30.0,44374200.0,13,1479.2
2024-01-16,월동,236.4,115923000.0,6,490.3
2024-01-17,기타,0.2,1154700.0,6,4809.2
2024-01-17,쌈,25.4,40179200.0,14,1579.1
2024-01-17,월동,220.9,111756800.0,6,506.0
2024-01-18,기타,0.1,375900.0,1,5966.7
2024-01-18,기타부산물,0.4,288900.0,1,713.3
2024-01-18,쌈,19.1,30970800.0,11,1620.6
2024-01-18,월동,214.2,123860100.0,5,578.3
2024-01-19,기타,0.4,1520400.0,5,3383.2
2024-01-19,쌈,8.4,20027500.0,8,2393.9
2024-01-19,월동,201.0,125993300.0,3,627.0
2024-01-20,기타,0.2,853800.0,2,3952.8
2024-01-20,기타부산물,1.2,927000.0,1,772.5
2024-01-20,쌈,8.1,20204400.0,9,2480.9
2024-01-20,월동,200.1,130271500.0,6,651.0
2024-01-22,기타,0.3,1044300.0,3,4168.9
2024-01-22,기타부산물,0.9,768000.0,1,853.3
2024-01-22,쌈,17.8,41222100.0,14,2313.9
2024-01-22,월동,380.4,235570720.0,7,619.2
2024-01-23,기타,0.1,477600.0,6,4800.0
2024-01-23,기타부산물,4.8,2964000.0,2,619.4
2024-01-23,쌈,14.0,30660200.0,12,2187.8
2024-01-23,월동,405.9,209410000.0,6,515.9
2024-01-24,기타부산물,1.6,1596400.0,2,1023.3
2024-01-24,쌈,11.3,25584600.0,11,2262.3
2024-01-24,월동,224.0,100123500.0,5,447.0
2024-01-25,기타,0.0,87200.0,2,5284.8
2024-01-25,기타부산물,2.3,2571000.0,2,1105.8
2024-01-25,쌈,11.3,23460900.0,10,2085.2
2024-01-25,월동,148.1,79875700.0,3,539.3
2024-01-26,기타,0.3,997800.0,3,3751.1
2024-01-26,기타부산물,2.3,2619000.0,2,1119.2
2024-01-26,쌈,20.6,38603100.0,15,1876.9
2024-01-26,월동,243.2,136018100.0,4,559.3
2024-01-27,기타,0.2,803800.0,3,3510.0
2024-01-27,기타부산물,2.7,3008400.0,2,1120.4
2024-01-27,쌈,7.4,21899400.0,11,2975.1
2024-01-27,월동,209.2,128600100.0,4,614.7
2024-01-29,기타,0.3,1664800.0,4,6064.8
2024-01-29,기타부산물,2.9,2928800.0,2,1027.6
2024-01-29,쌈,16.4,36805400.0,11,2247.9
2024-01-29,월동,400.8,238045900.0,9,594.0
2024-01-30,기타,0.7,2493200.0,5,3366.9
2024-01-30,기타부산물,1.2,1418800.0,2,1139.6
2024-01-30,쌈,20.4,44032900.0,15,2161.1
2024-01-30,월동,315.9,199252200.0,6,630.7
2024-01-31,기타,0.1,821700.0,4,6419.5
2024-01-31,기타부산물,2.2,2304000.0,2,1066.7
2024-01-31,쌈,25.1,51059400.0,11,2037.9
2024-01-31,월동,385.9,247122800.0,10,640.4
2024-01-31,저장,8.8,4945660.0,2,560.7
2024-02-01,기타,0.3,1824700.0,6,6154.1
2024-02-01,기타부산물,3.7,2394600.0,2,641.1
2024-02-01,쌈,21.2,45610200.0,11,2150.2
2024-02-01,월동,422.8,243416900.0,8,575.7
2024-02-01,저장,8.8,5090400.0,1,577.1
2024-02-02,기타,1.0,2866300.0,8,2923.3
2024-02-02,기타부산물,2.5,1380200.0,2,551.0
2024-02-02,쌈,24.6,49101100.0,16,1993.0
2024-02-02,월동,380.9,218969400.0,7,574.8
2024-02-02,저장,8.8,4750200.0,1,538.6
2024-02-03,기타,0.5,1536000.0,5,3390.7
2024-02-03,기타부산물,2.5,688000.0,2,279.7
2024-02-03,쌈,20.1,41119300.0,12,2041.9
2024-02-03,월동,371.2,203940200.0,7,549.3
2024-02-03,저장,8.8,4989600.0,1,565.7
2024-02-05,기타,0.7,2312000.0,7,3317.1
2024-02-05,기타부산물,1.5,684000.0,2,456.0
2024-02-05,쌈,22.4,48798100.0,13,2174.5
2024-02-05,월동,417.1,243150900.0,8,583.0
2024-02-05,저장,8.8,5109300.0,1,579.3
2024-02-06,기타,1.8,830200.0,3,460.8
2024-02-06,기타부산물,2.3,955200.0,2,421.7
2024-02-06,쌈,18.7,44222700.0,11,2364.2
2024-02-06,월동,320.0,195092200.0,5,609.6
2024-02-06,저장,8.8,5550300.0,1,629.3
2024-02-07,기타,0.4,3043900.0,9,7442.3
2024-02-07,기타부산물,1.3,555500.0,2,435.7
2024-02-07,쌈,16.7,38868300.0,10,2324.0
2024-02-07,월동,346.8,197489000.0,5,569.5
2024-02-07,저장,9.1,6123000.0,1,672.9
2024-02-08,기타,0.6,2611600.0,6,4207.5
2024-02-08,기타부산물,1.0,366000.0,2,369.7
2024-02-08,쌈,12.1,25393200.0,8,2099.5
2024-02-08,월동,337.4,182047900.0,9,539.5
2024-02-08,저장,8.8,2205000.0,1,250.0
2024-02-09,기타,0.1,265500.0,2,2458.3
2024-02-09,쌈,11.5,19122400.0,9,1659.1
2024-02-09,월동,76.8,28026100.0,2,364.7
2024-02-13,기타,0.1,175000.0,5,1620.4
2024-02-13,쌈,13.8,26871600.0,9,1952.2
2024-02-13,월동,159.8,109490300.0,4,685.4
2024-02-13,저장,8.8,5518800.0,1,625.7
2024-02-14,기타,1.2,11686700.0,8,9603.7
2024-02-14,기타부산물,0.1,103000.0,1,686.7
2024-02-14,쌈,11.7,24836800.0,7,2126.1
2024-02-14,월동,207.6,152606500.0,7,735.1
2024-02-14,저장,8.8,5084100.0,1,576.4
2024-02-15,기타,4.3,76359900.0,30,17653.8
2024-02-15,기타부산물,0.1,116000.0,1,773.3
2024-02-15,쌈,10.2,20268300.0,9,1982.8
2024-02-15,월동,249.0,198937900.0,8,798.9
2024-02-15,저장,8.8,5235300.0,1,593.6
2024-02-16,기타,2.4,38108300.0,13,16133.9
2024-02-16,기타부산물,0.3,200000.0,1,666.7
2024-02-16,쌈,23.0,42853100.0,9,1863.6
2024-02-16,월동,297.7,219469100.0,6,737.2
2024-02-16,저장,8.8,5997600.0,1,680.0
2024-02-17,기타,2.0,21353200.0,8,10602.4
2024-02-17,쌈,12.9,31232200.0,10,2415.9
2024-02-17,월동,156.4,114043200.0,5,729.3
2024-02-17,저장,8.8,6457500.0,1,732.1
2024-02-19,기타,2.7,24847350.0,29,9271.4
2024-02-19,기타부산물,0.1,51000.0,1,680.0
2024-02-19,쌈,37.6,68798700.0,13,1828.6
2024-02-19,월동,336.4,261366700.0,8,777.1
2024-02-19,저장,8.8,7156800.0,1,811.4
2024-02-20,기타,3.4,26214425.0,27,7819.8
2024-02-20,쌈,34.5,74905700.0,11,2171.6
2024-02-20,월동,277.9,197072800.0,5,709.0
2024-02-20,저장,8.8,7056000.0,1,800.0
2024-02-21,기타,0.8,5850100.0,20,7381.8
2024-02-21,쌈,42.6,86281700.0,15,2026.1
2024-02-21,월동,212.0,164351700.0,5,775.2
2024-02-21,저장,8.8,5430600.0,1,615.7
2024-02-22,기타,0.7,2255925.0,12,3342.1
2024-02-22,쌈,34.5,57832200.0,13,1678.0
2024-02-22,월동,234.6,170849400.0,7,728.2
2024-02-22,저장,8.8,6577200.0,1,745.7
2024-02-23,기타,0.3,720100.0,2,2108.6
2024-02-23,쌈,14.6,32999900.0,6,2254.6
2024-02-23,월동,195.0,146588900.0,6,751.7
2024-02-23,저장,8.8,6022800.0,1,682.9
2024-02-24,기타,0.1,606800.0,3,4113.9
2024-02-24,쌈,20.3,43170800.0,10,2128.1
2024-02-24,월동,156.0,127805100.0,5,819.2
2024-02-24,저장,9.9,9521100.0,1,957.9
2024-02-26,기타,0.6,981400.0,4,1687.7
2024-02-26,쌈,32.7,73624800.0,13,2249.4
2024-02-26,월동,248.4,206987000.0,4,833.3
2024-02-26,저장,9.0,7212800.0,1,805.0
2024-02-27,기타,0.1,186900.0,1,2966.7
2024-02-27,쌈,52.2,89847600.0,16,1720.2
2024-02-27,월동,257.7,214467900.0,8,832.3
2024-02-27,저장,11.7,7315400.0,1,627.4
2024-02-28,기타,0.5,1145500.0,5,2211.4
2024-02-28,쌈,34.5,74750000.0,13,2164.4
2024-02-28,월동,307.6,252226800.0,4,820.1
2024-02-28,저장,8.8,7037100.0,1,797.9
2024-02-29,기타,0.4,568000.0,7,1422.1
2024-02-29,쌈,48.8,97640900.0,19,1999.3
2024-02-29,월동,310.3,252752500.0,5,814.6
2024-02-29,저장,8.8,6967800.0,1,790.0
2024-03-01,기타,0.2,770300.0,5,3081.2
2024-03-01,쌈,25.8,67083100.0,18,2602.0
2024-03-01,월동,116.4,100184800.0,3,860.7
2024-03-01,저장,163.3,135155500.0,2,827.5
2024-03-04,기타,2.4,2783200.0,9,1153.2
2024-03-04,쌈,25.5,75228000.0,8,2944.7
2024-03-04,월동,215.7,190787900.0,5,884.6
2024-03-04,저장,150.4,135165500.0,2,898.4
2024-03-05,기타,0.2,466900.0,4,2918.1
2024-03-05,쌈,40.4,104467800.0,11,2587.3
2024-03-05,월동,163.9,148461400.0,6,905.9
2024-03-05,저장,147.3,136122300.0,2,924.1
2024-03-06,기타,0.5,663800.0,5,1252.5
2024-03-06,쌈,28.7,67505200.0,9,2351.4
2024-03-06,월동,136.1,119450900.0,4,877.4
2024-03-06,저장,160.4,151321100.0,3,943.2
2024-03-07,기타,0.3,1427500.0,3,5008.8
2024-03-07,쌈,28.0,76175300.0,6,2720.1
2024-03-07,월동,41.8,44952900.0,4,1076.6
2024-03-07,저장,173.7,171059700.0,4,984.9
2024-03-08,기타,0.3,865300.0,6,3163.8
2024-03-08,쌈,27.3,74614000.0,7,2731.5
2024-03-08,월동,98.9,91017800.0,4,920.7
2024-03-08,저장,243.2,219532500.0,5,902.6
2024-03-09,기타,0.1,350750.0,6,2541.7
2024-03-09,쌈,27.7,79126400.0,6,2851.7
2024-03-09,월동,73.8,72414900.0,5,981.2
2024-03-09,저장,170.4,151199400.0,4,887.2
2024-03-11,기타,0.4,1478983.0,10,3353.7
2024-03-11,쌈,32.3,87056700.0,6,2694.0
2024-03-11,월동,28.3,28163200.0,2,994.1
2024-03-11,저장,378.8,331164800.0,7,874.3
2024-03-12,기타,0.6,1039300.0,6,1742.3
2024-03-12,쌈,24.6,78864900.0,7,3206.2
2024-03-12,월동,15.3,17630400.0,1,1155.3
2024-03-12,저장,281.8,240277300.0,5,852.7
2024-03-13,기타,0.2,1012000.0,3,4610.5
2024-03-13,쌈,33.0,106563100.0,9,3226.7
2024-03-13,월동,5.2,6786000.0,1,1300.0
2024-03-13,저장,227.8,216753200.0,5,951.4
2024-03-14,기타,0.0,113700.0,2,3667.7
2024-03-14,쌈,34.4,119490800.0,10,3473.6
2024-03-14,월동,6.5,7924200.0,1,1219.1
2024-03-14,저장,347.4,309241600.0,5,890.3
2024-03-15,기타,0.5,2160600.0,9,4601.9
2024-03-15,쌈,25.7,83457100.0,12,3249.1
2024-03-15,저장,260.8,242409400.0,7,929.6
2024-03-16,기타,0.4,939800.0,4,2487.6
2024-03-16,쌈,27.0,77690700.0,8,2879.7
2024-03-16,월동,3.9,5070600.0,1,1287.0
2024-03-16,저장,245.5,230920900.0,5,940.8
2024-03-18,기타,0.3,1254850.0,8,3595.6
2024-03-18,쌈,24.6,86599800.0,12,3514.0
2024-03-18,월동,5.3,6892200.0,2,1295.5
2024-03-18,저장,316.6,317655500.0,7,1003.4
2024-03-19,기타,0.4,1750500.0,8,4731.1
2024-03-19,기타부산물,0.5,363600.0,1,673.3
2024-03-19,쌈,23.8,83878500.0,9,3528.6
2024-03-19,월동,5.3,6756400.0,1,1270.0
2024-03-19,저장,361.8,339588000.0,7,938.7
2024-03-20,기타,0.1,256200.0,2,2944.8
2024-03-20,쌈,24.5,76971000.0,10,3139.9
2024-03-20,월동,4.1,5257800.0,1,1270.0
2024-03-20,저장,335.6,330156300.0,7,983.7
2024-03-21,기타,0.6,812000.0,2,1345.5
2024-03-21,쌈,25.0,82875600.0,7,3321.1
2024-03-21,월동,4.1,5382000.0,1,1300.0
2024-03-21,저장,369.0,353715400.0,9,958.6
2024-03-22,기타,0.2,483800.0,3,2897.0
2024-03-22,쌈,25.0,88382700.0,9,3539.6
2024-03-22,월동,4.1,5464800.0,1,1320.0
2024-03-22,저장,358.5,354191240.0,7,987.9
2024-03-23,기타,0.2,797800.0,4,3210.5
2024-03-23,쌈,17.6,71601500.0,8,4076.6
2024-03-23,월동,3.9,5063000.0,1,1285.0
2024-03-23,저장,277.9,259949400.0,5,935.3
2024-03-25,기타,0.4,806400.0,4,2246.2
2024-03-25,쌈,20.3,80472200.0,9,3962.4
2024-03-25,월동,5.3,6118000.0,1,1150.0
2024-03-25,저장,410.1,400181700.0,6,975.8
2024-03-26,기타,0.7,612200.0,5,931.8
2024-03-26,쌈,26.1,85710500.0,9,3282.9
2024-03-26,월동,5.3,6236000.0,1,1172.2
2024-03-26,저장,360.7,351837100.0,5,975.5
2024-03-27,기타,0.0,178000.0,3,6357.1
2024-03-27,쌈,25.2,80638000.0,12,3195.9
2024-03-27,월동,3.9,4826200.0,1,1224.9
2024-03-27,저장,350.8,344811600.0,4,983.0
2024-03-28,기타,1.6,1383000.0,5,857.4
2024-03-28,기타부산물,0.0,16000.0,1,533.3
2024-03-28,쌈,21.5,60552500.0,8,2811.2
2024-03-28,월동,4.1,4802400.0,1,1160.0
2024-03-28,저장,329.9,328187600.0,4,994.8
2024-03-29,기타,0.1,715600.0,5,5590.6
2024-03-29,쌈,21.6,63460000.0,8,2939.9
2024-03-29,월동,4.1,5299200.0,1,1280.0
2024-03-29,저장,267.0,273986500.0,4,1026.2
2024-03-30,기타,0.3,247000.0,4,764.7
2024-03-30,기타부산물,0.1,40000.0,1,533.3
2024-03-30,쌈,7.7,27994200.0,7,3638.4
2024-03-30,저장,229.8,251020200.0,4,1092.3
2024-04-01,기타,0.3,1012400.0,5,3648.3
2024-04-01,쌈,11.4,40624400.0,5,3554.2
2024-04-01,월동,5.3,6798000.0,1,1277.8
2024-04-01,저장,401.4,429167900.0,5,1069.3
2024-04-02,기타,0.1,519600.0,3,3659.2
2024-04-02,쌈,18.1,53740800.0,8,2967.3
2024-04-02,월동,3.9,5173400.0,1,1313.0
2024-04-02,저장,360.3,391900500.0,5,1087.7
2024-04-03,기타,0.1,581700.0,4,4544.5
2024-04-03,쌈,26.0,70151600.0,10,2701.0
2024-04-03,월동,4.1,5796000.0,1,1400.0
2024-04-03,저장,331.2,392657800.0,4,1185.6
2024-04-04,기타,0.0,295400.0,3,13612.9
2024-04-04,쌈,20.1,57974100.0,13,2887.2
2024-04-04,월동,4.1,5961600.0,1,1440.0
2024-04-04,저장,336.9,396648300.0,5,1177.4
2024-04-05,기타,0.7,1347750.0,7,1974.7
2024-04-05,쌈,18.6,66671600.0,8,3583.3
2024-04-05,월동,3.9,5543800.0,1,1407.1
2024-04-05,저장,333.9,384922600.0,4,1152.9
2024-04-06,기타,2.1,3864100.0,8,1878.5
2024-04-06,기타부산물,0.5,85200.0,1,177.5
2024-04-06,쌈,22.3,76326800.0,6,3425.5
2024-04-06,월동,3.7,5374000.0,1,1436.9
2024-04-06,저장,248.1,268679800.0,4,1083.2
2024-04-08,기타,0.2,759200.0,4,3995.8
2024-04-08,쌈,30.8,103917700.0,5,3378.7
2024-04-08,저장,290.4,375685700.0,3,1293.6
2024-04-09,기타,0.2,994300.0,4,4304.3
2024-04-09,쌈,21.3,60505800.0,7,2841.6
2024-04-09,월동,3.9,6256800.0,1,1588.0
2024-04-09,저장,330.7,460007700.0,3,1390.8
2024-04-10,기타,0.3,936000.0,3,3068.9
2024-04-10,쌈,11.7,37912000.0,4,3250.9
2024-04-10,월동,3.8,4933500.0,1,1284.8
2024-04-10,저장,350.1,472396700.0,4,1349.1
2024-04-11,기타,0.0,189450.0,2,10240.5
2024-04-11,쌈,21.2,64779000.0,5,3055.9
2024-04-11,월동,4.1,6210000.0,1,1500.0
2024-04-11,저장,332.7,397269400.0,4,1194.1
2024-04-12,기타,0.2,1214000.0,4,4915.0
2024-04-12,쌈,17.9,59701400.0,5,3338.3
2024-04-12,월동,4.1,6003000.0,1,1450.0
2024-04-12,저장,308.6,368587600.0,3,1194.4
2024-04-12,절임,5.3,23380800.0,4,4385.8
2024-04-13,기타,0.2,359100.0,1,1662.5
2024-04-13,쌈,26.9,67959700.0,7,2524.0
2024-04-13,저장,222.7,280982000.0,3,1261.9
2024-04-15,기타,0.0,13800.0,1,862.5
2024-04-15,쌈,12.8,42626400.0,6,3337.5
2024-04-15,월동,4.1,7120800.0,1,1720.0
2024-04-15,저장,399.3,528861700.0,3,1324.5
2024-04-16,쌈,21.4,54097400.0,8,2527.3
2024-04-16,월동,4.1,7245000.0,1,1750.0
2024-04-16,저장,376.2,478360300.0,4,1271.7
2024-04-17,쌈,13.7,43049500.0,5,3139.1
2024-04-17,저장,353.9,443979200.0,3,1254.5
2024-04-18,기타부산물,0.1,128000.0,1,1066.7
2024-04-18,쌈,11.5,36128400.0,6,3130.2
2024-04-18,월동,3.8,4862100.0,1,1266.2
2024-04-18,저장,294.1,330201900.0,3,1122.6
2024-04-19,기타,0.4,666000.0,1,1850.0
2024-04-19,기타부산물,0.1,72000.0,1,800.0
2024-04-19,쌈,14.3,43272000.0,4,3021.4
2024-04-19,저장,362.2,435504000.0,3,1202.5
2024-04-20,쌈,22.4,56941500.0,8,2540.0
2024-04-20,월동,4.1,5506200.0,1,1330.0
2024-04-20,저장,270.3,308616200.0,3,1141.8
2024-04-22,기타,0.5,4311500.0,7,9403.5
2024-04-22,쌈,32.0,77638000.0,10,2424.7
2024-04-22,월동,3.9,6280400.0,1,1594.0
2024-04-22,저장,301.6,370350600.0,4,1228.0
2024-04-23,기타,0.3,2617000.0,9,8387.8
2024-04-23,봄,0.5,587500.0,1,1250.0
2024-04-23,쌈,21.9,55018400.0,10,2512.3
2024-04-23,월동,4.1,5175000.0,1,1250.0
2024-04-23,저장,349.0,439154400.0,4,1258.2
2024-04-24,기타,0.7,6042500.0,8,8978.5
2024-04-24,봄,40.4,47154200.0,3,1167.2
2024-04-24,쌈,22.2,53647900.0,9,2413.6
2024-04-24,저장,317.4,390026800.0,4,1228.9
2024-04-25,기타,0.4,4758500.0,5,12108.1
2024-04-25,봄,70.6,74886400.0,3,1061.0
2024-04-25,쌈,24.0,50460000.0,11,2103.7
2024-04-25,저장,333.1,379326500.0,3,1138.6
2024-04-26,기타,0.6,4091100.0,10,6374.4
2024-04-26,봄,79.8,87406200.0,3,1095.7
2024-04-26,쌈,19.4,43611300.0,10,2248.5
2024-04-26,저장,277.0,327237500.0,3,1181.4
2024-04-27,기타,0.4,3942500.0,6,10161.1
2024-04-27,봄,108.5,101106400.0,2,931.4
2024-04-27,쌈,19.4,49805000.0,10,2563.0
2024-04-27,저장,184.6,193396800.0,3,1047.7
2024-04-29,기타,1.1,5056958.0,12,4752.8
2024-04-29,봄,153.9,156734800.0,2,1018.5
2024-04-29,쌈,21.7,61190500.0,10,2817.1
2024-04-29,저장,238.7,255422700.0,4,1070.2
2024-04-30,기타,1.0,3711500.0,7,3649.5
2024-04-30,봄,139.6,135670300.0,4,971.8
2024-04-30,쌈,18.8,44586900.0,15,2377.3
2024-04-30,저장,240.8,247353700.0,4,1027.2
2024-05-01,기타,0.5,3001000.0,10,5907.5
2024-05-01,봄,151.5,143279900.0,4,945.8
2024-05-01,쌈,30.9,61218700.0,14,1978.1
2024-05-01,저장,122.9,159450000.0,4,1297.6
2024-05-02,기타,0.7,1728300.0,4,2364.3
2024-05-02,봄,149.0,167574300.0,2,1124.7
2024-05-02,쌈,40.0,65094400.0,18,1625.4
2024-05-02,저장,134.8,189080000.0,4,1403.0
2024-05-03,기타,1.1,2365500.0,9,2127.2
2024-05-03,봄,233.5,260638200.0,3,1116.0
2024-05-03,쌈,34.1,74973100.0,15,2196.6
2024-05-03,저장,137.5,187134200.0,4,1361.4
2024-05-04,기타,1.8,3289000.0,10,1848.8
2024-05-04,봄,235.9,239870100.0,2,1016.6
2024-05-04,쌈,32.9,77979600.0,15,2373.4
2024-05-04,저장,87.3,120229000.0,3,1377.4
2024-05-06,기타,4.9,3691550.0,9,753.5
2024-05-06,봄,312.6,331288100.0,3,1059.9
2024-05-06,쌈,23.8,57019000.0,15,2391.7
2024-05-06,저장,87.4,117697000.0,4,1347.3
2024-05-07,기타,1.1,1337000.0,6,1224.6
2024-05-07,봄,311.4,305630400.0,2,981.3
2024-05-07,쌈,27.1,57741700.0,15,2127.9
2024-05-07,저장,100.7,116640000.0,3,1158.1
2024-05-08,기타,1.4,1369800.0,7,990.5
2024-05-08,봄,244.7,249585800.0,3,1019.9
2024-05-08,쌈,29.2,58602500.0,16,2007.6
2024-05-08,저장,68.0,80714700.0,3,1187.2
2024-05-09,기타,1.2,2979000.0,5,2568.1
2024-05-09,봄,325.0,341669600.0,4,1051.2
2024-05-09,쌈,36.7,69162000.0,16,1882.2
2024-05-09,저장,46.9,55073800.0,3,1174.8
2024-05-10,기타,0.1,447000.0,3,7450.0
2024-05-10,봄,226.7,259745600.0,3,1145.6
2024-05-10,쌈,35.1,68523800.0,18,1949.6
2024-05-10,저장,74.0,95197700.0,3,1285.6
2024-05-11,기타,0.3,599300.0,7,2059.5
2024-05-11,봄,176.0,222029300.0,4,1261.5
2024-05-11,쌈,23.0,44213100.0,13,1919.0
2024-05-11,저장,10.6,17933200.0,1,1698.2
2024-05-13,봄,376.3,440245200.0,7,1169.9
2024-05-13,쌈,24.6,49766600.0,18,2022.0
2024-05-13,저장,59.4,80541700.0,3,1355.7
2024-05-14,기타,0.3,564500.0,8,1675.1
2024-05-14,봄,385.4,407954700.0,9,1058.4
2024-05-14,쌈,20.7,44775000.0,21,2160.0
2024-05-14,저장,50.2,66903300.0,3,1331.7
2024-05-15,기타,0.2,584500.0,4,2435.4
2024-05-15,봄,378.2,359333600.0,10,950.1
2024-05-15,쌈,30.6,57707100.0,18,1887.5
2024-05-15,저장,41.5,52831800.0,3,1272.1
2024-05-16,기타,0.6,546500.0,5,926.3
2024-05-16,봄,342.4,277363300.0,10,810.2
2024-05-16,쌈,40.1,66829900.0,19,1667.8
2024-05-16,저장,30.3,39962400.0,3,1320.6
2024-05-17,기타,0.7,583600.0,3,840.9
2024-05-17,봄,373.6,289704200.0,10,775.5
2024-05-17,쌈,33.9,52366300.0,16,1545.8
2024-05-17,저장,31.8,39307500.0,3,1236.1
2024-05-18,기타,0.8,950000.0,3,1158.5
2024-05-18,봄,234.0,170269200.0,11,727.7
2024-05-18,쌈,30.0,44377300.0,15,1477.7
2024-05-18,저장,20.9,27695200.0,1,1323.9
2024-05-20,기타,1.8,1659600.0,6,947.3
2024-05-20,봄,585.0,283762600.0,16,485.1
2024-05-20,쌈,47.1,74389800.0,21,1580.9
2024-05-20,저장,32.6,39485000.0,3,1210.5
2024-05-21,기타,1.2,1184500.0,4,966.2
2024-05-21,봄,448.8,208290200.0,13,464.1
2024-05-21,쌈,35.9,42015800.0,13,1170.7
2024-05-21,저장,7.1,5672900.0,1,799.0
2024-05-22,기타,2.0,1594000.0,5,795.4
2024-05-22,봄,358.1,181175700.0,12,505.9
2024-05-22,쌈,32.5,38653000.0,11,1187.6
2024-05-23,기타,2.0,1737000.0,6,869.8
2024-05-23,봄,375.8,178544200.0,11,475.1
2024-05-23,쌈,45.7,42384500.0,17,927.2
2024-05-24,기타,1.5,1197000.0,9,823.0
2024-05-24,봄,302.0,167637500.0,9,555.2
2024-05-24,쌈,31.4,33283200.0,26,1059.2
2024-05-25,기타,0.9,877900.0,6,957.4
2024-05-25,봄,317.4,165973900.0,7,523.0
2024-05-25,쌈,19.9,21722400.0,13,1089.3
2024-05-27,기타,4.7,4025500.0,7,850.9
2024-05-27,봄,420.8,233668600.0,12,555.3
2024-05-27,쌈,48.3,57752800.0,25,1194.9
2024-05-28,기타,1.7,1166600.0,9,681.8
2024-05-28,봄,297.1,173980600.0,8,585.6
2024-05-28,쌈,45.1,50147800.0,24,1112.5
2024-05-29,기타,1.5,1035575.0,5,705.0
2024-05-29,봄,264.9,183680000.0,7,693.5
2024-05-29,쌈,41.1,44056600.0,22,1071.5
2024-05-30,기타,0.6,710000.0,7,1130.6
2024-05-30,봄,298.0,203121600.0,8,681.5
2024-05-30,쌈,40.3,38088300.0,20,944.0
2024-05-31,기타,0.7,589400.0,3,839.6
2024-05-31,봄,411.0,229133700.0,12,557.4
2024-05-31,쌈,41.7,37295700.0,23,894.3
2024-06-01,기타,0.5,636000.0,6,1284.8
2024-06-01,봄,291.7,157078900.0,8,538.6
2024-06-01,쌈,22.2,32439100.0,17,1461.9
2024-06-03,기타,2.1,1372650.0,6,658.0
2024-06-03,봄,373.5,215257000.0,10,576.3
2024-06-03,쌈,35.3,44603300.0,20,1263.7
2024-06-04,기타,1.3,1373700.0,9,1051.8
2024-06-04,봄,462.7,236663900.0,10,511.5
2024-06-04,쌈,29.2,38627900.0,17,1324.3
2024-06-05,기타,2.0,1553700.0,7,793.5
2024-06-05,봄,372.8,187552100.0,9,503.1
2024-06-05,쌈,35.4,43061300.0,20,1217.5
2024-06-06,기타,0.7,1325500.0,10,1975.4
2024-06-06,봄,278.7,160726400.0,10,576.7
2024-06-06,쌈,40.5,44697000.0,24,1104.6
2024-06-07,기타,0.5,510200.0,8,1099.6
2024-06-07,봄,283.1,179367500.0,9,633.6
2024-06-07,쌈,29.5,34715900.0,18,1176.8
2024-06-08,기타,0.9,861800.0,9,935.7
2024-06-08,봄,239.6,144659300.0,8,603.7
2024-06-08,쌈,37.0,44058700.0,23,1190.0
2024-06-10,기타,2.4,2533700.0,12,1060.6
2024-06-10,봄,337.4,212677600.0,9,630.4
2024-06-10,쌈,29.0,39417800.0,17,1359.7
2024-06-11,기타,1.3,1327150.0,12,1016.6
2024-06-11,봄,483.4,241298000.0,12,499.2
2024-06-11,쌈,53.5,63912200.0,25,1194.7
2024-06-12,기타,5.4,3848600.0,19,719.2
2024-06-12,봄,279.1,170343700.0,12,610.3
2024-06-12,쌈,48.5,51157100.0,25,1053.8
2024-06-13,기타,1.8,1280100.0,9,698.4
2024-06-13,봄,305.6,189931600.0,10,621.5
2024-06-13,쌈,40.4,42429700.0,20,1051.2
2024-06-14,기타,2.1,1246350.0,10,594.3
2024-06-14,봄,271.1,186041200.0,9,686.4
2024-06-14,쌈,36.9,43832900.0,17,1186.3
2024-06-15,기타,0.3,626750.0,9,2262.6
2024-06-15,봄,403.2,192804900.0,8,478.2
2024-06-15,쌈,25.4,33048100.0,16,1303.5
2024-06-17,기타,0.5,1067500.0,11,2233.3
2024-06-17,봄,351.5,214751300.0,7,611.0
2024-06-17,쌈,30.1,38661800.0,14,1282.6
2024-06-18,기타,0.4,602625.0,8,1499.1
2024-06-18,봄,488.4,242345100.0,9,496.2
2024-06-18,쌈,23.9,31086300.0,13,1298.6
2024-06-19,기타,0.2,709750.0,6,4199.7
2024-06-19,봄,421.1,231207200.0,9,549.0
2024-06-19,쌈,34.0,40784000.0,14,1201.2
2024-06-20,기타,0.8,988225.0,6,1305.4
2024-06-20,봄,498.5,237674900.0,10,476.7
2024-06-20,쌈,25.9,37764800.0,10,1457.3
2024-06-21,기타,0.3,875750.0,13,2899.8
2024-06-21,봄,301.5,177417700.0,6,588.5
2024-06-21,쌈,37.9,47599600.0,13,1257.1
2024-06-22,기타,0.3,1017750.0,11,3112.4
2024-06-22,봄,292.9,189085000.0,6,645.7
2024-06-22,쌈,26.5,41810600.0,11,1575.0
2024-06-24,기타,0.4,1644375.0,11,3658.2
2024-06-24,봄,401.9,242722000.0,8,603.9
2024-06-24,쌈,14.4,42548500.0,13,2946.0
2024-06-25,기타,2.0,2688900.0,12,1341.1
2024-06-25,봄,385.0,244368300.0,6,634.7
2024-06-25,쌈,17.9,38895600.0,9,2178.6
2024-06-26,기타,2.2,2247625.0,15,1004.7
2024-06-26,봄,458.2,275003900.0,9,600.2
2024-06-26,쌈,32.6,60291900.0,19,1850.0
2024-06-27,기타,3.0,3151450.0,12,1049.1
2024-06-27,봄,437.8,264445200.0,6,604.1
2024-06-27,쌈,26.8,59621400.0,17,2226.8
2024-06-28,기타,0.7,1846425.0,17,2630.2
2024-06-28,봄,342.5,264990200.0,7,773.7
2024-06-28,쌈,34.8,74780500.0,17,2151.4
2024-06-29,기타,1.3,2472850.0,13,1881.9
2024-06-29,봄,362.4,295571500.0,6,815.5
2024-06-29,쌈,28.4,68940300.0,19,2423.5
2024-07-01,기타,0.7,3404250.0,11,4563.3
2024-07-01,봄,4.6,4846500.0,1,1060.5
2024-07-01,쌈,22.3,63099400.0,15,2828.0
2024-07-01,여름,366.4,313237100.0,6,855.0
2024-07-02,기타,2.1,4496350.0,16,2154.5
2024-07-02,쌈,31.7,70964200.0,24,2238.8
2024-07-02,여름,433.0,350033100.0,7,808.4
2024-07-03,기타,0.5,1823688.0,14,3349.3
2024-07-03,쌈,34.9,72303300.0,19,2073.7
2024-07-03,여름,537.0,347357400.0,9,646.8
2024-07-04,기타,0.7,1602500.0,9,2442.8
2024-07-04,쌈,33.6,63386400.0,14,1884.7
2024-07-04,여름,314.5,247304800.0,7,786.4
2024-07-05,기타,0.9,2660000.0,11,2835.8
2024-07-05,쌈,38.7,66566400.0,21,1721.4
2024-07-05,여름,606.8,346510500.0,10,571.0
2024-07-06,기타,0.9,2162425.0,8,2523.2
2024-07-06,쌈,26.6,53001700.0,16,1991.1
2024-07-06,여름,348.6,222668200.0,7,638.7
2024-07-08,기타,6.9,9167125.0,14,1337.1
2024-07-08,쌈,40.6,79485900.0,21,1957.7
2024-07-08,여름,410.5,283442060.0,11,690.5
2024-07-09,기타,2.0,2909400.0,7,1462.0
2024-07-09,쌈,27.9,48310600.0,14,1730.7
2024-07-09,여름,284.9,201224700.0,10,706.2
2024-07-10,기타,5.8,7737975.0,19,1328.4
2024-07-10,쌈,26.8,42027000.0,9,1568.7
2024-07-10,여름,473.6,311478500.0,10,657.6
2024-07-11,기타,8.6,13210050.0,23,1532.3
2024-07-11,쌈,29.3,52404300.0,13,1788.6
2024-07-11,여름,259.8,241540300.0,10,929.8
2024-07-12,기타,1.4,2656750.0,14,1911.3
2024-07-12,쌈,34.3,66728900.0,15,1945.6
2024-07-12,여름,407.4,340339200.0,8,835.4
2024-07-13,기타,5.6,10380825.0,22,1859.4
2024-07-13,쌈,23.2,60058100.0,13,2587.4
2024-07-13,여름,405.2,325093400.0,8,802.3
2024-07-15,기타,3.6,6457400.0,14,1816.4
2024-07-15,쌈,25.9,68123800.0,15,2628.7
2024-07-15,여름,495.8,376606000.0,9,759.5
2024-07-16,기타,7.8,10304600.0,20,1329.1
2024-07-16,쌈,22.9,56660100.0,22,2473.9
2024-07-16,여름,523.4,354373900.0,14,677.1
2024-07-17,기타,6.0,9625475.0,19,1604.8
2024-07-17,쌈,37.3,68220500.0,25,1828.3
2024-07-17,여름,320.8,293194700.0,11,913.9
2024-07-18,기타,2.4,6798950.0,17,2792.2
2024-07-18,쌈,27.4,57022100.0,20,2079.6
2024-07-18,여름,311.2,279128600.0,11,896.9
2024-07-19,기타,1.6,4080650.0,11,2511.2
2024-07-19,쌈,27.7,64421400.0,22,2326.6
2024-07-19,여름,299.2,313344400.0,11,1047.4
2024-07-20,기타,3.0,6741550.0,15,2215.4
2024-07-20,쌈,33.6,55015200.0,27,1637.7
2024-07-20,여름,332.8,342977600.0,13,1030.6
2024-07-22,기타,6.0,12259025.0,32,2030.0
2024-07-22,쌈,18.8,53142800.0,17,2825.9
2024-07-22,여름,489.2,467438200.0,13,955.5
2024-07-23,기타,6.5,8803850.0,18,1361.5
2024-07-23,쌈,31.1,77693700.0,20,2501.8
2024-07-23,여름,465.0,433386700.0,12,932.0
2024-07-24,기타,2.4,4641700.0,15,1970.8
2024-07-24,쌈,38.8,67512200.0,23,1738.9
2024-07-24,여름,342.7,321309600.0,12,937.5
2024-07-25,기타,4.9,14472900.0,13,2942.8
2024-07-25,쌈,25.8,50860900.0,22,1968.1
2024-07-25,여름,544.5,391260300.0,11,718.6
2024-07-26,기타,3.4,5155825.0,23,1523.3
2024-07-26,쌈,30.6,47475900.0,18,1550.3
2024-07-26,여름,461.9,354873800.0,12,768.4
2024-07-27,기타,2.4,4801825.0,17,1964.6
2024-07-27,쌈,34.3,75181000.0,19,2194.1
2024-07-27,여름,284.6,268883200.0,9,944.9
2024-07-29,기타,11.0,12221550.0,25,1110.5
2024-07-29,수입,2.8,1400000.0,1,500.0
2024-07-29,쌈,25.0,64393600.0,21,2570.9
2024-07-29,여름,471.1,440247900.0,8,934.5
2024-07-30,기타,4.8,5918725.0,17,1235.1
2024-07-30,수입,1.7,868000.0,1,516.7
2024-07-30,쌈,29.4,62841400.0,20,2137.1
2024-07-30,여름,546.3,448870800.0,10,821.7
2024-07-31,기타,4.6,5986450.0,20,1288.7
2024-07-31,수입,1.7,1164800.0,1,693.3
2024-07-31,쌈,23.1,49972700.0,17,2161.5
2024-07-31,여름,398.5,348902700.0,10,875.6
2024-08-01,고랭지,373.3,346502700.0,5,928.3
2024-08-01,기타,4.6,7524650.0,21,1653.4
2024-08-01,수입,2.8,3018600.0,1,1081.9
2024-08-01,쌈,9.6,40972000.0,12,4246.7
2024-08-01,여름,20.8,26871600.0,3,1292.5
2024-08-02,고랭지,383.5,410203900.0,6,1069.6
2024-08-02,기타,4.8,6530425.0,16,1352.8
2024-08-02,수입,2.8,5213900.0,1,1862.1
2024-08-02,쌈,24.5,101962500.0,14,4167.2
2024-08-02,여름,21.1,29845700.0,3,1413.8
2024-08-05,고랭지,484.4,486074300.0,11,1003.5
2024-08-05,기타,4.2,8213425.0,19,1959.3
2024-08-05,수입,2.8,1775200.0,1,634.0
2024-08-05,쌈,28.8,80069500.0,12,2784.5
2024-08-05,저장,19.9,17167800.0,1,863.6
2024-08-06,고랭지,434.1,461545100.0,10,1063.3
2024-08-06,기타,6.0,6695650.0,20,1121.7
2024-08-06,쌈,30.1,55520600.0,13,1843.3
2024-08-06,저장,19.9,22308200.0,1,1122.1
2024-08-07,고랭지,322.1,438201800.0,11,1360.4
2024-08-07,기타,5.0,6256475.0,19,1255.3
2024-08-07,쌈,32.9,54142500.0,13,1647.6
2024-08-07,저장,19.9,16784400.0,1,844.3
2024-08-08,고랭지,336.4,471326100.0,8,1401.0
2024-08-08,기타,2.9,5552150.0,15,1920.5
2024-08-08,쌈,25.6,61723500.0,11,2414.4
2024-08-08,저장,19.9,23117600.0,2,1162.9
2024-08-09,고랭지,397.7,534813000.0,11,1344.8
2024-08-09,기타,2.3,4360275.0,16,1929.3
2024-08-09,쌈,29.1,64894900.0,11,2230.3
2024-08-09,저장,20.0,26480200.0,2,1326.7
2024-08-10,고랭지,380.7,517784800.0,10,1360.1
2024-08-10,기타,5.9,8764300.0,20,1479.7
2024-08-10,수입,2.3,2120000.0,2,921.7
2024-08-10,쌈,20.3,61889200.0,11,3044.1
2024-08-10,저장,19.9,18729800.0,2,942.1
2024-08-12,고랭지,506.1,659743000.0,11,1303.7
2024-08-12,기타,6.5,11167025.0,23,1722.2
2024-08-12,쌈,26.7,79955900.0,12,2994.6
2024-08-12,저장,19.9,16983200.0,2,854.3
2024-08-13,고랭지,429.1,529565300.0,12,1234.0
2024-08-13,기타,4.8,6971275.0,21,1461.9
2024-08-13,수입,3.5,2880400.0,2,825.3
2024-08-13,쌈,30.5,74173700.0,10,2433.7
2024-08-13,저장,19.9,20064600.0,1,1009.3
2024-08-14,고랭지,318.4,470499200.0,10,1477.7
2024-08-14,기타,2.6,5026250.0,22,1937.6
2024-08-14,수입,2.8,2433400.0,1,881.7
2024-08-14,쌈,29.0,61368100.0,10,2117.7
2024-08-14,저장,19.9,26412000.0,1,1328.6
2024-08-15,고랭지,384.9,519593900.0,11,1350.1
2024-08-15,기타,2.7,4558500.0,15,1708.6
2024-08-15,쌈,30.0,73743100.0,11,2458.9
2024-08-15,저장,19.9,24835800.0,1,1249.3
2024-08-16,고랭지,324.5,442592200.0,8,1363.9
2024-08-16,기타,2.4,4876700.0,18,2031.8
2024-08-16,수입,2.7,2720000.0,1,1000.0
2024-08-16,쌈,18.9,63779600.0,10,3383.4
2024-08-16,저장,19.9,25446400.0,2,1280.0
2024-08-17,고랭지,318.4,445645800.0,15,1399.4
2024-08-17,기타,2.1,5217625.0,15,2518.2
2024-08-17,쌈,20.0,93887200.0,11,4699.8
2024-08-17,저장,19.9,22563800.0,1,1135.0
2024-08-19,고랭지,533.9,680058000.0,16,1273.7
2024-08-19,기타,3.2,6903000.0,19,2159.2
2024-08-19,쌈,16.0,86775400.0,9,5414.3
2024-08-19,저장,19.9,24367200.0,1,1225.7
2024-08-20,고랭지,427.4,542646900.0,15,1269.6
2024-08-20,기타,1.3,3125250.0,16,2349.8
2024-08-20,쌈,17.4,65975000.0,8,3795.4
2024-08-20,저장,19.9,24594400.0,1,1237.1
2024-08-21,고랭지,419.3,556940900.0,13,1328.3
2024-08-21,기타,1.5,4393250.0,13,2877.0
2024-08-21,쌈,23.0,73318200.0,10,3193.6
2024-08-21,저장,19.9,25588400.0,1,1287.1
2024-08-22,고랭지,367.0,535458500.0,13,1459.0
2024-08-22,기타,4.6,10212500.0,14,2208.6
2024-08-22,수입,7.8,14768000.0,2,1886.1
2024-08-22,쌈,14.7,51127200.0,10,3484.0
2024-08-22,저장,19.9,32631600.0,2,1641.4
2024-08-23,고랭지,453.1,686325400.0,13,1514.8
2024-08-23,기타,6.9,14172900.0,21,2067.8
2024-08-23,수입,9.4,21767400.0,3,2320.6
2024-08-23,쌈,25.1,80477200.0,12,3202.3
2024-08-23,저장,19.9,30771400.0,1,1547.9
2024-08-24,고랭지,177.6,265425000.0,3,1494.8
2024-08-24,기타,3.5,6650762.0,14,1920.0
2024-08-24,수입,9.8,15443800.0,1,1580.7
2024-08-24,쌈,24.1,81918200.0,11,3400.9
2024-08-24,저장,249.0,418561400.0,12,1681.1
2024-08-26,고랭지,536.7,592997200.0,8,1105.0
2024-08-26,기타,5.3,10821650.0,23,2028.0
2024-08-26,수입,3.5,7085000.0,1,2024.3
2024-08-26,쌈,30.2,72231500.0,11,2394.7
2024-08-26,저장,209.8,345519900.0,8,1647.1
2024-08-27,고랭지,455.5,411540400.0,6,903.5
2024-08-27,기타,8.3,11164250.0,22,1345.9
2024-08-27,수입,3.1,5600000.0,1,1806.5
2024-08-27,쌈,26.3,57010700.0,16,2171.3
2024-08-27,저장,174.7,244239000.0,9,1397.9
2024-08-28,고랭지,315.8,411850800.0,5,1304.4
2024-08-28,기타,10.4,12594325.0,20,1210.9
2024-08-28,수입,7.2,15572200.0,3,2148.5
2024-08-28,쌈,27.4,64003600.0,16,2337.2
2024-08-28,저장,149.5,254825700.0,6,1704.5
2024-08-29,고랭지,386.9,473479800.0,5,1223.9
2024-08-29,기타,5.6,9111400.0,23,1637.9
2024-08-29,수입,4.3,7855400.0,2,1844.0
2024-08-29,쌈,29.1,94371200.0,18,3243.1
2024-08-29,저장,149.2,242279100.0,5,1623.4
2024-08-30,고랭지,259.7,439801600.0,9,1693.6
2024-08-30,기타,3.6,8572575.0,16,2409.4
2024-08-30,수입,2.0,4085000.0,1,2042.5
2024-08-30,쌈,37.9,107824800.0,17,2847.1
2024-08-30,저장,146.5,221397200.0,5,1511.2
2024-08-31,고랭지,272.4,442472500.0,5,1624.3
2024-08-31,기타,4.2,8953850.0,25,2147.2
2024-08-31,수입,2.5,6260000.0,1,2504.0
2024-08-31,쌈,32.5,118561400.0,16,3648.8
2024-08-31,저장,129.3,181488900.0,6,1403.2
2024-09-02,고랭지,490.1,711460700.0,6,1451.6
2024-09-02,기타,7.7,14517075.0,25,1881.4
2024-09-02,수입,1.0,2405000.0,1,2405.0
2024-09-02,쌈,33.9,119493500.0,18,3522.6
2024-09-02,저장,114.3,117385800.0,6,1027.2
2024-09-03,고랭지,581.1,765641500.0,8,1317.6
2024-09-03,기타,5.5,12492125.0,23,2286.7
2024-09-03,수입,1.5,4080000.0,1,2720.0
2024-09-03,쌈,34.0,100399200.0,23,2950.7
2024-09-03,저장,96.6,144174800.0,6,1492.2
2024-09-04,고랭지,542.8,886123200.0,9,1632.5
2024-09-04,기타,7.1,13143600.0,19,1847.6
2024-09-04,수입,1.4,3235000.0,1,2310.7
2024-09-04,쌈,25.7,93333500.0,15,3628.9
2024-09-04,저장,61.8,91408200.0,6,1478.1
2024-09-05,고랭지,616.2,1121229300.0,6,1819.5
2024-09-05,기타,11.9,26661238.0,27,2242.7
2024-09-05,수입,1.0,2890000.0,1,2890.0
2024-09-05,쌈,18.6,73525200.0,12,3944.3
2024-09-05,저장,34.8,62169400.0,4,1785.5
2024-09-06,고랭지,679.5,1036822500.0,5,1525.8
2024-09-06,기타,18.6,36982200.0,28,1986.6
2024-09-06,쌈,41.3,119291500.0,17,2890.7
2024-09-06,저장,22.7,39598600.0,3,1742.1
2024-09-07,고랭지,601.1,851729300.0,6,1416.9
2024-09-07,기타,9.4,14916450.0,17,1584.2
2024-09-07,수입,4.0,12745000.0,1,3186.2
2024-09-07,쌈,30.0,127335700.0,17,4247.2
2024-09-07,저장,1.9,5948200.0,2,3066.1
2024-09-09,고랭지,876.3,1213709000.0,11,1385.0
2024-09-09,기타,23.0,40804125.0,27,1775.3
2024-09-09,수입,7.0,22712800.0,2,3242.8
2024-09-09,쌈,38.6,167862400.0,13,4346.4
2024-09-09,저장,3.2,9090600.0,1,2876.8
2024-09-10,고랭지,972.9,1295845900.0,9,1331.9
2024-09-10,기타,18.8,27289793.0,28,1453.7
2024-09-10,수입,9.7,28327400.0,1,2911.3
2024-09-10,쌈,41.9,135011000.0,16,3219.8
2024-09-10,저장,2.0,4508800.0,2,2277.2
2024-09-11,고랭지,772.6,1135648100.0,6,1469.9
2024-09-11,기타,13.2,25037225.0,30,1893.6
2024-09-11,수입,4.9,17148700.0,2,3489.8
2024-09-11,쌈,58.2,162423300.0,23,2791.8
2024-09-11,저장,1.5,2401000.0,1,1633.3
2024-09-12,고랭지,709.0,1042996000.0,8,1471.1
2024-09-12,기타,21.2,30172250.0,22,1425.2
2024-09-12,수입,8.5,24725000.0,1,2908.8
2024-09-12,쌈,52.4,159057600.0,20,3034.6
2024-09-13,고랭지,444.3,688296800.0,8,1549.1
2024-09-13,기타,4.4,12153750.0,14,2734.3
2024-09-13,수입,8.9,24411100.0,1,2739.7
2024-09-13,쌈,34.3,140976400.0,18,4108.7
2024-09-14,고랭지,344.5,910254900.0,7,2642.5
2024-09-14,기타,12.1,21784500.0,22,1793.7
2024-09-14,수입,8.0,34170000.0,1,4271.2
2024-09-14,쌈,59.1,335362800.0,18,5672.0
2024-09-16,고랭지,133.2,277746600.0,5,2085.3
2024-09-16,기타,2.5,5264750.0,12,2088.4
2024-09-16,수입,3.5,21609000.0,1,6087.0
2024-09-16,쌈,24.9,145990800.0,10,5869.8
2024-09-20,고랭지,729.9,1202325600.0,11,1647.4
2024-09-20,기타,5.2,8009800.0,17,1544.4
2024-09-20,쌈,55.4,212542100.0,17,3834.1
2024-09-21,고랭지,413.9,797599200.0,10,1927.0
2024-09-21,기타,2.7,3161050.0,12,1183.0
2024-09-21,수입,6.0,26730000.0,1,4455.0
2024-09-21,쌈,28.8,127000800.0,18,4403.2
2024-09-23,고랭지,414.6,1014852200.0,13,2447.6
2024-09-23,기타,8.1,11510650.0,13,1417.2
2024-09-23,수입,5.0,16955000.0,1,3391.0
2024-09-23,쌈,38.6,187026500.0,10,4845.3
2024-09-24,고랭지,499.4,944657200.0,13,1891.5
2024-09-24,기타,5.6,12125650.0,20,2146.9
2024-09-24,수입,3.1,11385000.0,1,3649.0
2024-09-24,쌈,24.4,102995100.0,18,4226.6
2024-09-25,고랭지,479.7,957129800.0,15,1995.4
2024-09-25,기타,9.6,17214714.0,19,1784.9
2024-09-25,수입,5.5,17570400.0,1,3206.3
2024-09-25,쌈,43.8,141656100.0,18,3231.1
2024-09-26,고랭지,623.1,983492200.0,13,1578.5
2024-09-26,기타,6.3,14926150.0,17,2350.6
2024-09-26,수입,5.5,17710000.0,1,3220.0
2024-09-26,쌈,20.2,79424600.0,16,3937.2
2024-09-27,고랭지,577.9,907110600.0,10,1569.7
2024-09-27,기타,17.6,30269150.0,21,1716.0
2024-09-27,수입,5.0,13381000.0,2,2697.8
2024-09-27,쌈,26.3,90662300.0,15,3450.7
2024-09-28,고랭지,415.0,574691900.0,8,1384.9
2024-09-28,기타,15.8,27214700.0,22,1726.1
2024-09-28,수입,3.5,8485000.0,2,2424.3
2024-09-28,쌈,43.2,112999800.0,19,2614.6
2024-09-30,고랭지,416.0,712773600.0,9,1713.6
2024-09-30,기타,14.3,29669900.0,28,2072.4
2024-09-30,수입,2.5,6925000.0,1,2770.0
2024-09-30,쌈,38.1,109310400.0,12,2865.6
2024-10-01,가을,336.2,656249600.0,7,1952.1
2024-10-01,고랭지,9.9,31055400.0,1,3124.3
2024-10-01,기타,9.1,20095875.0,23,2202.3
2024-10-01,수입,1.5,3640000.0,1,2426.7
2024-10-01,쌈,23.9,89888600.0,16,3756.0
2024-10-02,가을,329.3,694152400.0,7,2108.1
2024-10-02,기타,4.5,11855900.0,15,2625.9
2024-10-02,수입,2.5,6860000.0,1,2744.0
2024-10-02,쌈,21.0,88774600.0,14,4234.7
2024-10-03,가을,353.1,791564300.0,5,2241.9
2024-10-03,기타,23.4,52536125.0,23,2244.0
2024-10-03,수입,1.5,5555000.0,1,3703.3
2024-10-03,쌈,28.0,117091300.0,13,4188.4
2024-10-04,가을,424.0,801725400.0,11,1890.7
2024-10-04,기타,18.7,46758350.0,20,2502.7
2024-10-04,수입,1.3,3930000.0,1,3070.3
2024-10-04,쌈,28.2,119796000.0,12,4245.5
2024-10-05,가을,314.1,673695800.0,13,2144.9
2024-10-05,기타,20.9,45930400.0,22,2198.8
2024-10-05,수입,3.0,8935000.0,1,2978.3
2024-10-05,쌈,36.3,161692000.0,15,4451.3
2024-10-07,가을,627.5,1173682500.0,13,1870.4
2024-10-07,기타,20.1,50000650.0,24,2487.4
2024-10-07,수입,4.0,15330000.0,1,3832.5
2024-10-07,쌈,29.5,138500200.0,17,4693.4
2024-10-08,가을,429.5,804248100.0,7,1872.3
2024-10-08,기타,45.1,84993500.0,36,1884.8
2024-10-08,수입,6.0,18060000.0,1,3010.0
2024-10-08,쌈,38.9,114885700.0,17,2954.0
2024-10-09,가을,502.1,907056900.0,13,1806.4
2024-10-09,기타,18.8,37205950.0,28,1983.9
2024-10-09,수입,11.7,33865000.0,2,2894.4
2024-10-09,쌈,27.5,101125300.0,13,3680.8
2024-10-10,가을,577.9,833895600.0,14,1443.0
2024-10-10,기타,17.1,30318025.0,27,1774.7
2024-10-10,수입,3.5,13045000.0,1,3727.1
2024-10-10,쌈,27.5,89727200.0,10,3262.3
2024-10-11,가을,444.5,661517500.0,11,1488.3
2024-10-11,기타,31.4,56758338.0,26,1809.7
2024-10-11,수입,3.2,10861800.0,2,3360.7
2024-10-11,쌈,26.2,90688400.0,12,3457.3
2024-10-12,가을,357.1,590568100.0,10,1653.7
2024-10-12,기타,28.8,47479800.0,25,1650.4
2024-10-12,수입,3.4,11427500.0,2,3411.2
2024-10-12,쌈,28.8,103287200.0,15,3591.6
2024-10-14,가을,403.3,878077100.0,9,2177.1
2024-10-14,기타,15.0,28718575.0,25,1912.4
2024-10-14,수입,9.7,28655000.0,3,2969.4
2024-10-14,쌈,40.4,112734100.0,16,2788.4
2024-10-15,가을,462.8,880291600.0,12,1902.2
2024-10-15,기타,35.9,63480050.0,31,1769.6
2024-10-15,수입,9.4,22697100.0,2,2424.9
2024-10-15,쌈,39.9,119597900.0,14,2994.1
2024-10-16,가을,376.4,754083500.0,9,2003.1
2024-10-16,기타,50.3,95288400.0,19,1893.4
2024-10-16,수입,15.2,31499600.0,2,2071.3
2024-10-16,쌈,26.4,77212600.0,12,2925.2
2024-10-17,가을,515.6,868293800.0,12,1683.9
2024-10-17,기타,61.5,91388400.0,30,1486.8
2024-10-17,수입,12.6,20981100.0,2,1664.1
2024-10-17,쌈,30.9,85869800.0,17,2781.2
2024-10-18,가을,570.1,811243100.0,13,1422.9
2024-10-18,기타,39.4,72743700.0,27,1845.5
2024-10-18,수입,11.4,7888300.0,1,693.8
2024-10-18,쌈,34.5,92099400.0,14,2671.5
2024-10-19,가을,382.0,355828900.0,13,931.4
2024-10-19,기타,49.5,58851450.0,26,1187.8
2024-10-19,수입,6.6,7020000.0,2,1063.6
2024-10-19,쌈,27.2,55543400.0,12,2044.5
2024-10-21,가을,426.1,523636400.0,14,1228.9
2024-10-21,기타,32.1,43180000.0,28,1343.8
2024-10-21,기타부산물,0.1,187000.0,1,1700.0
2024-10-21,수입,9.1,7729700.0,1,852.8
2024-10-21,쌈,33.8,90014000.0,15,2663.1
2024-10-22,가을,490.0,586991100.0,12,1198.0
2024-10-22,기타,37.3,44853900.0,23,1203.3
2024-10-22,기타부산물,0.3,356500.0,1,1033.3
2024-10-22,수입,12.0,13700300.0,3,1137.1
2024-10-22,쌈,30.6,89972100.0,22,2942.6
2024-10-23,가을,338.1,401608640.0,14,1187.9
2024-10-23,기타,23.4,36369100.0,12,1557.4
2024-10-23,기타부산물,0.3,361100.0,1,1046.7
2024-10-23,수입,8.6,14228400.0,2,1659.1
2024-10-23,쌈,27.3,78532900.0,15,2876.5
2024-10-24,가을,460.8,479426800.0,15,1040.4
2024-10-24,기타,32.9,41924800.0,18,1275.2
2024-10-24,기타부산물,0.3,352000.0,1,1066.7
2024-10-24,수입,6.2,11517400.0,2,1855.3
2024-10-24,쌈,18.9,68105500.0,16,3606.9
2024-10-25,가을,615.5,525691600.0,14,854.2
2024-10-25,기타,31.3,39058850.0,24,1246.8
2024-10-25,기타부산물,0.7,321800.0,1,466.4
2024-10-25,수입,12.4,20486200.0,2,1646.8
2024-10-25,쌈,36.9,146051900.0,19,3956.4
2024-10-26,가을,469.3,375850600.0,13,800.9
2024-10-26,기타,29.2,35974500.0,18,1233.9
2024-10-26,기타부산물,0.7,157000.0,2,222.7
2024-10-26,수입,21.7,37727400.0,2,1737.6
2024-10-26,쌈,43.2,145732500.0,21,3370.2
2024-10-28,가을,554.1,437982400.0,18,790.4
2024-10-28,기타,59.3,57084250.0,25,963.2
2024-10-28,기타부산물,0.7,245000.0,2,333.3
2024-10-28,수입,24.7,38146800.0,2,1543.2
2024-10-28,쌈,36.1,100083100.0,17,2774.8
2024-10-29,가을,442.9,386136900.0,18,871.8
2024-10-29,기타,26.6,26215100.0,16,986.1
2024-10-29,기타부산물,2.1,518700.0,2,245.2
2024-10-29,수입,22.1,20809600.0,2,943.3
2024-10-29,쌈,51.5,97785400.0,23,1897.0
2024-10-30,가을,564.3,400521600.0,16,709.8
2024-10-30,기타,37.8,37106000.0,25,980.6
2024-10-30,기타부산물,0.0,10500.0,1,233.3
2024-10-30,수입,20.0,17447600.0,2,874.1
2024-10-30,쌈,37.7,76131800.0,19,2022.0
2024-10-31,가을,523.6,372861400.0,13,712.2
2024-10-31,기타,28.5,28469383.0,24,999.9
2024-10-31,수입,17.7,15503000.0,2,876.5
2024-10-31,쌈,34.6,77089200.0,20,2230.6
2024-11-01,가을,502.5,378708900.0,12,753.6
2024-11-01,기타,35.4,32859950.0,28,927.6
2024-11-01,수입,21.3,17405000.0,2,818.7
2024-11-01,쌈,24.5,57139000.0,18,2331.2
2024-11-02,가을,404.8,309533500.0,13,764.7
2024-11-02,기타,35.0,29439000.0,22,840.2
2024-11-02,수입,16.3,13688800.0,2,842.3
2024-11-02,쌈,30.9,66319700.0,15,2143.7
2024-11-02,절임,0.7,1120000.0,1,1600.0
2024-11-04,가을,561.5,425007800.0,18,756.9
2024-11-04,기타,59.3,46106125.0,22,778.1
2024-11-04,수입,19.8,17713200.0,2,896.8
2024-11-04,쌈,21.7,55082600.0,15,2537.4
2024-11-05,가을,611.0,449826100.0,15,736.2
2024-11-05,기타,33.7,25946900.0,22,770.7
2024-11-05,수입,15.4,15189600.0,2,986.2
2024-11-05,쌈,28.2,68431800.0,19,2423.1
2024-11-05,절임,0.0,64000.0,1,1600.0
2024-11-06,가을,553.1,412125700.0,12,745.1
2024-11-06,기타,34.5,29633900.0,22,859.4
2024-11-06,수입,11.8,11742300.0,2,997.1
2024-11-06,쌈,37.4,80598200.0,23,2154.9
2024-11-06,절임,0.2,320000.0,1,1600.0
2024-11-07,가을,546.4,412206200.0,14,754.5
2024-11-07,기타,52.4,41314000.0,19,788.5
2024-11-07,수입,12.8,11778800.0,1,921.7
2024-11-07,쌈,34.2,70336100.0,18,2059.2
2024-11-07,절임,0.1,192000.0,1,1600.0
2024-11-08,가을,608.5,456304400.0,15,749.9
2024-11-08,기타,34.1,30447400.0,28,893.6
2024-11-08,수입,18.2,13742600.0,2,756.2
2024-11-08,쌈,33.5,53081000.0,20,1582.9
2024-11-08,절임,5.9,9452000.0,2,1596.6
2024-11-09,가을,731.1,472702600.0,16,646.6
2024-11-09,기타,20.3,18142300.0,27,894.1
2024-11-09,수입,11.9,6999800.0,2,586.1
2024-11-09,쌈,35.8,55406300.0,19,1548.3
2024-11-09,절임,2.7,4273000.0,3,1571.0
2024-11-11,가을,681.9,475376300.0,16,697.2
2024-11-11,기타,36.7,30623600.0,20,835.5
2024-11-11,수입,10.4,7817000.0,1,753.1
2024-11-11,쌈,37.9,59612200.0,20,1574.5
2024-11-11,절임,3.7,5711000.0,3,1560.4
2024-11-12,가을,767.4,452862600.0,14,590.1
2024-11-12,기타,40.8,30055000.0,16,736.4
2024-11-12,수입,12.1,7487200.0,2,616.3
2024-11-12,쌈,33.5,49352200.0,22,1474.3
2024-11-12,절임,5.7,9108000.0,2,1597.9
2024-11-13,가을,652.8,431462100.0,15,661.0
2024-11-13,기타,33.5,26208440.0,12,781.2
2024-11-13,수입,8.9,5280000.0,2,594.6
2024-11-13,쌈,33.8,46331900.0,25,1372.1
2024-11-13,절임,4.1,6538000.0,2,1586.9
2024-11-14,가을,687.9,502356400.0,15,730.3
2024-11-14,기타,40.0,32728500.0,21,818.9
2024-11-14,수입,14.2,9915200.0,2,700.7
2024-11-14,쌈,35.6,51695200.0,21,1452.6
2024-11-14,절임,4.4,6968000.0,4,1583.6
2024-11-15,가을,851.4,640904900.0,15,752.8
2024-11-15,기타,35.5,38408750.0,16,1081.6
2024-11-15,수입,16.0,8884600.0,2,556.0
2024-11-15,쌈,28.1,38677300.0,20,1374.5
2024-11-15,절임,10.9,17134000.0,4,1574.8
2024-11-16,가을,934.9,651118100.0,13,696.5
2024-11-16,기타,53.9,49441800.0,24,917.0
2024-11-16,수입,14.7,6402800.0,2,435.0
2024-11-16,쌈,40.9,46610700.0,19,1140.5
2024-11-16,절임,15.8,24908000.0,3,1574.5
2024-11-18,가을,1032.0,597173500.0,14,578.7
2024-11-18,기타,6.7,7914800.0,9,1173.1
2024-11-18,기타부산물,0.9,300000.0,1,333.3
2024-11-18,수입,5.0,4325000.0,1,865.0
2024-11-18,쌈,20.3,34681500.0,14,1705.3
2024-11-18,절임,8.9,13954000.0,4,1574.9
2024-11-19,가을,802.5,488045500.0,12,608.1
2024-11-19,기타,10.9,12797600.0,21,1173.7
2024-11-19,수입,8.0,4803000.0,2,602.5
2024-11-19,쌈,28.2,44664800.0,20,1581.2
2024-11-19,절임,5.6,8542000.0,2,1530.8
2024-11-20,가을,870.2,585870800.0,15,673.3
2024-11-20,기타,10.7,14946600.0,14,1394.0
2024-11-20,수입,7.7,3882500.0,1,504.9
2024-11-20,쌈,27.9,39289800.0,16,1406.8
2024-11-20,절임,5.4,8040000.0,4,1494.4
2024-11-21,가을,861.8,667125000.0,12,774.1
2024-11-21,기타,11.1,12687100.0,20,1147.0
2024-11-21,수입,6.8,6535000.0,2,961.0
2024-11-21,쌈,18.5,34626300.0,22,1872.7
2024-11-21,절임,7.4,10967000.0,3,1474.1
2024-11-22,가을,1015.0,848184600.0,14,835.6
2024-11-22,기타,16.7,23637100.0,16,1416.1
2024-11-22,수입,3.5,2855000.0,1,815.7
2024-11-22,쌈,16.0,30405800.0,15,1906.1
2024-11-22,절임,28.8,42623000.0,3,1480.0
2024-11-23,가을,1089.2,739880700.0,13,679.3
2024-11-23,기타,28.2,36335300.0,22,1287.2
2024-11-23,수입,3.0,2525000.0,1,841.7
2024-11-23,쌈,11.7,24834000.0,14,2115.2
2024-11-23,절임,26.0,38624000.0,3,1484.4
2024-11-25,가을,802.1,654302200.0,10,815.7
2024-11-25,기타,15.3,12109100.0,17,792.0
2024-11-25,기타부산물,3.8,1250000.0,1,333.3
2024-11-25,수입,3.0,2627200.0,1,875.7
2024-11-25,쌈,23.3,43384700.0,16,1862.5
2024-11-25,절임,23.5,34528000.0,4,1469.3
2024-11-26,가을,804.5,722658000.0,7,898.2
2024-11-26,기타,23.0,20427800.0,27,887.4
2024-11-26,수입,6.9,5471000.0,2,797.1
2024-11-26,쌈,19.8,38825700.0,15,1956.7
2024-11-26,절임,13.7,20406000.0,2,1485.2
2024-11-27,가을,701.4,632606800.0,7,901.9
2024-11-27,기타,10.7,14231000.0,19,1325.7
2024-11-27,수입,8.0,5113800.0,2,638.9
2024-11-27,쌈,19.8,43436800.0,14,2196.2
2024-11-27,절임,13.4,19850000.0,4,1481.3
2024-11-28,가을,573.8,704880600.0,11,1228.4
2024-11-28,기타,6.2,8400200.0,11,1354.3
2024-11-28,기타부산물,0.4,189000.0,1,466.7
2024-11-28,수입,5.2,3620200.0,2,690.4
2024-11-28,쌈,22.6,47339000.0,19,2091.8
2024-11-28,절임,26.5,39580000.0,3,1491.3
2024-11-29,가을,1052.4,853679200.0,13,811.2
2024-11-29,기타,15.7,22855100.0,9,1457.0
2024-11-29,기타부산물,0.6,314500.0,1,566.7
2024-11-29,수입,6.6,3816000.0,2,579.6
2024-11-29,쌈,14.8,33686600.0,14,2281.2
2024-11-29,절임,40.1,62046000.0,3,1547.3
2024-11-30,가을,802.2,568188420.0,9,708.3
2024-11-30,기타,24.3,30389300.0,17,1251.6
2024-11-30,기타부산물,0.6,170000.0,1,283.3
2024-11-30,수입,5.8,3415800.0,2,588.5
2024-11-30,쌈,17.2,32674500.0,13,1896.0
2024-11-30,절임,54.5,84612000.0,4,1551.4
2024-12-02,가을,912.8,604461100.0,8,662.2
2024-12-02,기타,6.7,9819400.0,7,1456.5
2024-12-02,수입,3.4,3404000.0,2,1000.0
2024-12-02,쌈,36.1,69203100.0,19,1918.8
2024-12-02,절임,10.1,15868000.0,4,1574.2
2024-12-03,가을,614.6,482402200.0,6,784.9
2024-12-03,기타,9.2,12530525.0,13,1362.9
2024-12-03,기타부산물,2.2,1184400.0,1,548.3
2024-12-03,수입,3.2,3247600.0,2,1008.6
2024-12-03,쌈,33.5,61136400.0,26,1827.0
2024-12-03,절임,29.6,44918000.0,4,1519.6
2024-12-04,가을,536.1,469366200.0,5,875.6
2024-12-04,기타,7.1,6593300.0,14,931.7
2024-12-04,수입,3.5,2990000.0,2,855.3
2024-12-04,쌈,30.8,50018500.0,16,1621.7
2024-12-04,절임,14.5,22271000.0,3,1540.2
2024-12-05,가을,593.0,553279600.0,4,933.1
2024-12-05,기타,7.5,8613600.0,10,1141.6
2024-12-05,기타부산물,1.0,537800.0,1,560.2
2024-12-05,수입,4.1,3963400.0,2,972.4
2024-12-05,쌈,32.2,48143900.0,21,1493.5
2024-12-05,절임,12.3,19336000.0,3,1577.2
2024-12-06,가을,737.6,622348900.0,6,843.8
2024-12-06,기타,11.0,16681050.0,9,1523.0
2024-12-06,기타부산물,0.5,352800.0,1,653.3
2024-12-06,수입,4.1,3175200.0,2,779.0
2024-12-06,쌈,32.8,41689600.0,23,1270.8
2024-12-06,절임,21.4,33281000.0,3,1555.2
2024-12-07,가을,470.8,392286500.0,6,833.3
2024-12-07,기타,9.3,13070200.0,15,1399.4
2024-12-07,수입,3.6,2558600.0,2,715.5
2024-12-07,쌈,21.9,31711800.0,12,1448.0
2024-12-07,절임,32.1,51502210.0,3,1604.4
2024-12-09,가을,529.1,432613000.0,5,817.6
2024-12-09,기타,0.7,878800.0,6,1208.8
2024-12-09,수입,2.0,2035200.0,1,1002.6
2024-12-09,쌈,21.9,41843600.0,16,1911.1
2024-12-09,절임,4.1,6396000.0,4,1575.4
2024-12-10,가을,305.5,251205080.0,3,822.2
2024-12-10,기타,3.0,2906300.0,9,962.0
2024-12-10,기타부산물,2.2,1746500.0,2,803.0
2024-12-10,수입,4.4,3859600.0,2,876.4
2024-12-10,쌈,36.0,60438400.0,23,1678.8
2024-12-10,절임,5.0,7862000.0,3,1566.1
2024-12-11,가을,313.4,281631500.0,4,898.6
2024-12-11,기타,0.8,1287700.0,4,1712.4
2024-12-11,기타부산물,1.0,788000.0,1,820.8
2024-12-11,수입,4.4,4368000.0,2,991.8
2024-12-11,쌈,21.8,47491800.0,17,2175.3
2024-12-11,절임,3.7,5754000.0,4,1555.1
2024-12-12,가을,413.3,365112800.0,4,883.4
2024-12-12,기타,1.1,1530900.0,7,1346.4
2024-12-12,기타부산물,0.6,490400.0,1,860.4
2024-12-12,수입,7.2,5029800.0,2,695.5
2024-12-12,쌈,29.4,55764200.0,21,1896.7
2024-12-12,절임,3.5,5514000.0,3,1557.6
2024-12-13,가을,465.0,406871800.0,3,874.9
2024-12-13,기타,1.6,1813500.0,7,1169.2
2024-12-13,기타부산물,1.1,907200.0,1,806.4
2024-12-13,수입,6.4,5501800.0,2,859.1
2024-12-13,쌈,24.8,50180800.0,20,2019.5
2024-12-13,절임,9.0,13974000.0,3,1556.1
2024-12-14,가을,398.9,345292100.0,3,865.7
2024-12-14,기타,0.8,2527750.0,10,3045.5
2024-12-14,기타부산물,1.1,507300.0,1,457.0
2024-12-14,수입,6.4,4745100.0,2,742.1
2024-12-14,쌈,32.8,53515000.0,20,1632.6
2024-12-14,절임,7.9,12488000.0,4,1580.8
2024-12-16,가을,280.6,305274400.0,2,1088.0
2024-12-16,기타,0.3,281600.0,2,896.8
2024-12-16,기타부산물,0.5,468300.0,1,892.0
2024-12-16,수입,5.6,4142800.0,2,743.0
2024-12-16,쌈,39.7,69283500.0,24,1744.8
2024-12-16,월동,19.4,20158900.0,1,1038.0
2024-12-16,절임,1.8,2884000.0,2,1584.6
2024-12-17,가을,414.0,364217700.0,4,879.7
2024-12-17,기타,0.1,388000.0,2,5542.9
2024-12-17,기타부산물,1.9,1947000.0,2,1006.2
2024-12-17,수입,7.3,5538900.0,3,756.1
2024-12-17,쌈,30.7,56429800.0,15,1836.9
2024-12-17,월동,19.4,17253600.0,1,889.4
2024-12-17,절임,0.5,822000.0,2,1580.8
2024-12-18,가을,159.4,185313300.0,2,1162.6
2024-12-18,기타,1.2,2019300.0,8,1694.0
2024-12-18,기타부산물,0.5,531000.0,1,1180.0
2024-12-18,수입,5.3,3914200.0,2,733.5
2024-12-18,쌈,30.8,57369000.0,18,1859.9
2024-12-18,월동,9.9,12453400.0,1,1252.9
2024-12-18,절임,1.7,2688000.0,2,1600.0
2024-12-19,가을,340.1,302416600.0,3,889.3
2024-12-19,기타,1.1,994550.0,5,900.9
2024-12-19,기타부산물,2.5,2568400.0,2,1007.2
2024-12-19,수입,4.7,3024800.0,2,642.5
2024-12-19,쌈,29.4,48674900.0,17,1656.1
2024-12-19,월동,19.7,17132800.0,1,871.5
2024-12-19,절임,1.0,1536000.0,1,1600.0
2024-12-20,가을,224.1,249836900.0,4,1114.9
2024-12-20,기타,0.4,834600.0,4,1875.5
2024-12-20,기타부산물,2.4,2113000.0,2,886.0
2024-12-20,수입,6.3,3634900.0,2,572.8
2024-12-20,쌈,23.4,44277600.0,13,1892.6
2024-12-20,월동,10.2,10830200.0,1,1063.9
2024-12-20,절임,0.6,928000.0,1,1600.0
2024-12-21,가을,221.1,250573200.0,3,1133.4
2024-12-21,기타,0.1,116500.0,2,1474.7
2024-12-21,기타부산물,2.1,1946500.0,2,933.6
2024-12-21,수입,2.6,2286200.0,2,887.5
2024-12-21,쌈,21.4,42674300.0,11,1989.8
2024-12-21,월동,9.9,11703400.0,1,1187.0
2024-12-21,절임,1.5,2368000.0,1,1600.0
2024-12-23,가을,345.0,366974400.0,4,1063.7
2024-12-23,기타,0.0,156000.0,1,3250.0
2024-12-23,기타부산물,2.5,2047500.0,2,832.3
2024-12-23,수입,2.9,3344200.0,2,1135.9
2024-12-23,쌈,22.0,48359900.0,12,2194.7
2024-12-23,월동,10.2,10882100.0,1,1069.0
2024-12-23,절임,0.1,192000.0,1,1600.0
2024-12-24,가을,316.7,333037900.0,3,1051.7
2024-12-24,기타,0.3,766000.0,5,2890.6
2024-12-24,기타부산물,1.6,1345800.0,2,823.1
2024-12-24,수입,4.8,4306000.0,3,900.8
2024-12-24,쌈,28.7,58942800.0,11,2052.3
2024-12-24,월동,20.4,20661400.0,1,1010.8
2024-12-24,절임,0.6,1024000.0,1,1600.0
2024-12-25,가을,298.9,290298300.0,4,971.4
2024-12-25,기타,0.2,461500.0,4,2714.7
2024-12-25,수입,4.1,3642000.0,2,880.6
2024-12-25,쌈,27.0,47306700.0,10,1754.4
2024-12-25,월동,19.9,19958100.0,1,1003.9
2024-12-25,절임,0.2,384000.0,1,1600.0
2024-12-26,가을,198.6,193248400.0,4,973.2
2024-12-26,기타,0.7,1005300.0,4,1459.1
2024-12-26,수입,3.7,3270600.0,1,888.8
2024-12-26,쌈,35.1,66544400.0,14,1895.3
2024-12-26,절임,0.3,544000.0,1,1600.0
2024-12-27,가을,242.6,249309500.0,5,1027.7
2024-12-27,기타,1.0,984350.0,4,994.3
2024-12-27,수입,3.7,3134200.0,2,842.5
2024-12-27,쌈,30.8,59010200.0,10,1919.0
2024-12-27,월동,10.5,11056400.0,1,1055.0
2024-12-27,절임,0.3,512000.0,1,1600.0
2024-12-28,가을,191.1,197000400.0,4,1030.9
2024-12-28,기타,4.6,3220200.0,5,701.6
2024-12-28,기타부산물,1.4,1280300.0,1,917.8
2024-12-28,수입,3.4,3084200.0,2,907.1
2024-12-28,쌈,35.0,65706600.0,10,1878.7
2024-12-28,월동,10.1,8978800.0,1,889.0
2024-12-28,절임,0.3,480000.0,1,1600.0
2024-12-30,가을,233.4,261861400.0,3,1121.9
2024-12-30,기타,1.9,2124400.0,6,1097.9
2024-12-30,수입,3.4,3511600.0,2,1032.8
2024-12-30,쌈,42.0,81964000.0,13,1952.7
2024-12-30,월동,10.3,9132000.0,1,890.1
2024-12-30,절임,0.4,608000.0,1,1600.0
2024-12-31,가을,121.3,190024000.0,2,1566.8
2024-12-31,기타,4.1,6178000.0,5,1512.5
2024-12-31,수입,4.0,4070600.0,2,1007.6
2024-12-31,쌈,16.0,35427800.0,6,2220.9
2024-12-31,월동,10.2,16025600.0,1,1565.0
2025-01-03,기타,0.5,3079500.0,5,6798.0
2025-01-03,기타부산물,0.8,888100.0,1,1076.5
2025-01-03,수입,4.5,5736200.0,2,1280.4
2025-01-03,쌈,32.6,74663900.0,15,2289.6
2025-01-03,월동,289.1,458904200.0,5,1587.3
2025-01-04,가을,4.3,6627800.0,1,1527.1
2025-01-04,기타,0.6,691800.0,3,1196.9
2025-01-04,기타부산물,0.9,1086100.0,2,1167.8
2025-01-04,수입,7.3,9716000.0,2,1327.3
2025-01-04,쌈,30.2,78742500.0,13,2609.9
2025-01-04,월동,287.4,418829500.0,6,1457.5
2025-01-06,기타,0.9,988800.0,4,1153.8
2025-01-06,기타부산물,2.2,2520000.0,2,1166.7
2025-01-06,수입,5.2,6769800.0,1,1306.9
2025-01-06,쌈,45.7,87848500.0,18,1922.6
2025-01-06,월동,421.9,597636300.0,7,1416.4
2025-01-06,절임,3.4,5440000.0,1,1600.0
2025-01-07,기타,0.7,1364000.0,7,1915.7
2025-01-07,기타부산물,2.4,2770500.0,3,1176.4
2025-01-07,수입,5.3,7016000.0,1,1318.8
2025-01-07,쌈,29.0,58199300.0,14,2009.9
2025-01-07,월동,389.8,528721500.0,5,1356.6
2025-01-07,절임,3.0,4800000.0,1,1600.0
2025-01-08,기타,1.6,3531600.0,6,2223.9
2025-01-08,기타부산물,3.6,4520800.0,3,1240.3
2025-01-08,수입,8.3,8809600.0,2,1061.4
2025-01-08,쌈,31.4,62948600.0,16,2006.9
2025-01-08,월동,337.6,479681700.0,4,1421.0
2025-01-08,절임,4.0,6400000.0,1,1600.0
2025-01-09,기타,0.9,3749000.0,4,3958.8
2025-01-09,기타부산물,5.3,5027500.0,4,952.2
2025-01-09,수입,7.3,7714400.0,2,1056.8
2025-01-09,쌈,23.9,48539900.0,12,2028.1
2025-01-09,월동,421.6,537199900.0,7,1274.2
2025-01-10,기타,0.5,2982000.0,3,5568.6
2025-01-10,기타부산물,4.5,3236100.0,4,721.5
2025-01-10,수입,7.3,6681200.0,2,915.2
2025-01-10,쌈,27.0,46650100.0,20,1727.6
2025-01-10,월동,292.4,374015100.0,8,1279.1
2025-01-11,기타,0.1,70000.0,1,875.0
2025-01-11,기타부산물,1.8,1168800.0,2,660.3
2025-01-11,수입,7.3,6605800.0,2,904.9
2025-01-11,쌈,19.9,40603100.0,10,2044.7
2025-01-11,월동,165.0,216023500.0,10,1309.0
2025-01-13,기타,0.8,3280500.0,5,3990.9
2025-01-13,기타부산물,2.5,1973500.0,2,792.6
2025-01-13,수입,6.2,6742800.0,1,1094.6
2025-01-13,쌈,33.5,64198200.0,14,1916.5
2025-01-13,월동,343.4,435518900.0,9,1268.1
2025-01-14,기타,0.1,548000.0,5,3702.7
2025-01-14,기타부산물,4.0,3037000.0,4,766.9
2025-01-14,수입,7.9,10297200.0,2,1297.5
2025-01-14,쌈,15.5,37267900.0,12,2404.7
2025-01-14,월동,286.0,373511800.0,10,1305.8
2025-01-15,기타,0.5,895500.0,6,1877.4
2025-01-15,기타부산물,3.6,2567400.0,3,713.2
2025-01-15,수입,9.0,14889000.0,2,1660.2
2025-01-15,쌈,39.3,100075700.0,15,2543.5
2025-01-15,월동,356.2,459909100.0,9,1291.2
2025-01-16,기타,1.3,1774250.0,5,1407.0
2025-01-16,기타부산물,3.0,2092100.0,3,700.9
2025-01-16,수입,10.1,14921000.0,2,1481.4
2025-01-16,쌈,29.3,67266700.0,13,2299.0
2025-01-16,월동,309.5,405620200.0,8,1310.7
2025-01-17,기타,1.2,2305700.0,8,1961.5
2025-01-17,기타부산물,5.0,3210300.0,3,648.5
2025-01-17,수입,11.2,13997200.0,1,1245.3
2025-01-17,쌈,42.7,99619000.0,15,2334.2
2025-01-17,월동,415.9,483318700.0,10,1162.0
2025-01-18,기타,2.5,1311950.0,4,528.6
2025-01-18,기타부산물,3.8,2436000.0,3,634.4
2025-01-18,수입,10.3,14022600.0,2,1358.3
2025-01-18,쌈,32.1,66940800.0,12,2083.6
2025-01-18,월동,224.2,269862700.0,7,1203.7
2025-01-20,기타,0.9,1271200.0,8,1369.8
2025-01-20,기타부산물,4.7,3009800.0,3,641.1
2025-01-20,수입,12.1,15909000.0,2,1315.2
2025-01-20,쌈,61.2,134779500.0,19,2202.5
2025-01-20,월동,478.5,542355800.0,8,1133.5
2025-01-21,기타,0.6,2260550.0,8,3791.6
2025-01-21,기타부산물,3.6,2284400.0,2,629.3
2025-01-21,수입,11.1,13329400.0,2,1199.6
2025-01-21,쌈,28.8,60575100.0,8,2101.0
2025-01-21,월동,496.8,553523900.0,10,1114.2
2025-01-22,기타,1.2,1934500.0,4,1568.9
2025-01-22,기타부산물,1.8,1110500.0,1,606.8
2025-01-22,수입,14.5,15425400.0,1,1062.4
2025-01-22,쌈,44.3,88862900.0,16,2004.8
2025-01-22,월동,431.0,488473000.0,9,1133.4
2025-01-23,기타,1.4,1780600.0,4,1315.1
2025-01-23,기타부산물,2.2,1532300.0,2,704.5
2025-01-23,수입,15.5,14155200.0,2,915.6
2025-01-23,쌈,43.7,86574000.0,13,1981.6
2025-01-23,월동,421.4,447786800.0,9,1062.7
2025-01-24,기타,1.1,1614800.0,5,1443.7
2025-01-24,기타부산물,3.5,2542800.0,3,727.6
2025-01-24,수입,12.1,10630200.0,2,875.3
2025-01-24,쌈,52.5,93312700.0,15,1776.6
2025-01-24,월동,367.9,400478300.0,6,1088.7
2025-01-25,기타,2.2,2625400.0,6,1217.4
2025-01-25,기타부산물,2.5,1469800.0,2,579.8
2025-01-25,수입,12.0,14001200.0,2,1170.7
2025-01-25,쌈,51.9,89048000.0,17,1714.3
2025-01-25,월동,278.3,314096000.0,6,1128.6
2025-01-27,기타,0.9,1372000.0,6,1521.1
2025-01-27,기타부산물,1.5,747200.0,1,493.2
2025-01-27,수입,0.9,1193400.0,1,1381.2
2025-01-27,쌈,34.9,68008900.0,11,1947.6
2025-01-27,월동,197.9,250674600.0,6,1266.8
2025-01-28,기타,1.2,717300.0,2,617.0
2025-01-28,수입,2.3,2276200.0,2,991.4
2025-01-28,쌈,13.4,23834400.0,7,1773.1
2025-01-28,월동,61.0,68740300.0,3,1126.2
2025-02-01,기타,0.5,336000.0,1,700.0
2025-02-01,수입,11.5,9309100.0,2,807.9
2025-02-01,쌈,21.5,40776500.0,4,1898.9
2025-02-01,월동,156.1,221940600.0,3,1421.8
2025-02-03,기타,2.5,20167600.0,14,8006.2
2025-02-03,기타부산물,0.6,430500.0,1,683.3
2025-02-03,수입,11.6,9832800.0,1,850.6
2025-02-03,쌈,30.3,57226900.0,8,1887.3
2025-02-03,월동,238.2,332595900.0,4,1396.5
2025-02-04,기타,5.1,47656700.0,29,9346.3
2025-02-04,기타부산물,1.9,1391600.0,2,748.2
2025-02-04,수입,0.5,410000.0,1,820.0
2025-02-04,쌈,14.7,31684900.0,4,2149.6
2025-02-04,월동,313.3,416992400.0,4,1330.9
2025-02-05,기타,12.1,116017000.0,26,9613.2
2025-02-05,기타부산물,2.0,1499400.0,2,740.4
2025-02-05,수입,10.1,6362000.0,1,632.4
2025-02-05,쌈,15.0,32205200.0,7,2142.2
2025-02-05,월동,361.7,456511200.0,4,1262.2
2025-02-06,기타,4.7,29690050.0,40,6346.6
2025-02-06,기타부산물,1.6,1479600.0,1,913.3
2025-02-06,수입,5.8,5093500.0,1,882.8
2025-02-06,쌈,21.6,50030000.0,7,2319.6
2025-02-06,월동,261.7,331533300.0,6,1267.0
2025-02-07,기타,3.4,23882100.0,26,6946.7
2025-02-07,기타부산물,1.1,1083600.0,1,1003.3
2025-02-07,수입,7.5,9511800.0,2,1275.7
2025-02-07,쌈,15.7,47896600.0,6,3058.5
2025-02-07,월동,211.0,281743000.0,5,1335.2
2025-02-08,기타,1.8,11767850.0,21,6650.4
2025-02-08,기타부산물,1.6,1461600.0,1,902.2
2025-02-08,수입,12.0,15921800.0,2,1321.5
2025-02-08,쌈,14.0,49753500.0,8,3558.4
2025-02-08,월동,172.3,225961400.0,4,1311.4
2025-02-10,기타,1.3,9704500.0,12,7239.5
2025-02-10,기타부산물,4.1,2577300.0,3,629.4
2025-02-10,수입,26.0,28811000.0,2,1108.1
2025-02-10,쌈,31.2,95709400.0,10,3064.3
2025-02-10,월동,346.6,459642100.0,7,1326.2
2025-02-11,기타,0.8,5696875.0,14,7238.7
2025-02-11,기타부산물,3.3,1771800.0,3,541.8
2025-02-11,수입,27.2,34433800.0,3,1263.6
2025-02-11,쌈,23.2,90196100.0,8,3892.1
2025-02-11,월동,378.4,516071000.0,6,1363.8
2025-02-13,기타,0.5,1490000.0,3,2739.0
2025-02-13,기타부산물,2.9,1788300.0,2,611.4
2025-02-13,수입,20.5,22534800.0,2,1100.9
2025-02-13,쌈,30.0,85368300.0,7,2843.3
2025-02-13,월동,347.9,487822500.0,6,1402.3
2025-02-14,기타,0.6,2100000.0,6,3395.3
2025-02-14,기타부산물,1.7,1333300.0,2,772.9
2025-02-14,수입,19.8,19424200.0,2,981.0
2025-02-14,쌈,22.3,66292600.0,6,2970.6
2025-02-14,월동,374.8,495214000.0,6,1321.2
2025-02-15,기타,0.5,1338000.0,3,2459.6
2025-02-15,기타부산물,1.5,1108000.0,2,753.7
2025-02-15,수입,8.1,9437500.0,1,1169.5
2025-02-15,쌈,32.0,79101900.0,10,2468.5
2025-02-15,월동,356.1,441758400.0,5,1240.7
2025-02-17,기타,0.7,1200000.0,6,1764.7
2025-02-17,기타부산물,2.1,1420200.0,2,691.1
2025-02-17,수입,10.0,10555300.0,1,1058.7
2025-02-17,쌈,50.5,109184200.0,11,2164.2
2025-02-17,월동,371.4,468261900.0,5,1260.9
2025-02-18,기타,2.5,3336800.0,4,1360.6
2025-02-18,기타부산물,1.6,1195200.0,2,758.9
2025-02-18,수입,15.9,15683400.0,2,987.6
2025-02-18,쌈,25.3,58632100.0,6,2314.5
2025-02-18,월동,403.2,493781000.0,7,1224.6
2025-02-19,기타,0.7,4072075.0,8,5651.7
2025-02-19,기타부산물,0.5,550800.0,1,1020.0
2025-02-19,수입,11.9,10855800.0,2,909.2
2025-02-19,쌈,32.2,68059400.0,7,2112.1
2025-02-19,월동,345.8,410900600.0,5,1188.4
2025-02-20,기타,0.6,1773625.0,4,3161.5
2025-02-20,기타부산물,0.5,576000.0,1,1066.7
2025-02-20,수입,14.1,14059400.0,2,995.1
2025-02-20,쌈,31.0,60863400.0,9,1964.7
2025-02-20,월동,277.6,340098300.0,6,1224.9
2025-02-21,기타,0.2,593200.0,3,2396.8
2025-02-21,기타부산물,0.5,626400.0,1,1160.0
2025-02-21,수입,21.1,22786800.0,2,1079.9
2025-02-21,쌈,7.4,19881900.0,5,2682.8
2025-02-21,월동,288.3,362059100.0,7,1255.7
2025-02-22,기타,1.3,2319400.0,6,1792.4
2025-02-22,기타부산물,0.7,725200.0,1,1098.8
2025-02-22,수입,25.2,27703600.0,2,1097.6
2025-02-22,쌈,26.6,61954400.0,10,2332.2
2025-02-22,월동,189.2,237785500.0,7,1256.8
2025-02-24,기타,0.8,1751250.0,6,2199.0
2025-02-24,기타부산물,1.5,1708500.0,2,1174.2
2025-02-24,수입,22.6,25619900.0,1,1132.1
2025-02-24,쌈,29.5,71280700.0,10,2418.4
2025-02-24,월동,247.2,333415600.0,7,1348.6
2025-02-25,기타,1.4,2034600.0,4,1485.1
2025-02-25,기타부산물,1.0,1215600.0,1,1266.2
2025-02-25,수입,24.0,24903600.0,3,1039.7
2025-02-25,쌈,18.6,51696900.0,6,2777.3
2025-02-25,월동,311.1,413247020.0,8,1328.4
2025-02-26,기타,2.6,3809200.0,6,1489.5
2025-02-26,기타부산물,2.9,3063800.0,3,1042.1
2025-02-26,수입,25.6,29391800.0,3,1148.1
2025-02-26,쌈,20.9,59065100.0,8,2822.0
2025-02-26,월동,282.1,389612700.0,5,1381.3
2025-02-27,기타,0.9,999200.0,5,1155.1
2025-02-27,기타부산물,1.7,1554800.0,2,925.5
2025-02-27,수입,28.9,30941600.0,3,1068.9
2025-02-27,쌈,32.5,78694900.0,7,2421.5
2025-02-27,월동,278.1,384248400.0,6,1381.8
2025-02-28,기타,1.5,2378250.0,3,1542.3
2025-02-28,기타부산물,2.1,1661300.0,3,808.4
2025-02-28,수입,38.4,40259000.0,3,1049.7
2025-02-28,쌈,29.4,77849400.0,9,2650.1
2025-02-28,월동,240.7,332319100.0,6,1380.6
2025-03-01,기타,0.0,134200.0,2,5161.5
2025-03-01,수입,41.4,41007600.0,3,990.7
2025-03-01,쌈,10.8,28991100.0,5,2677.7
2025-03-01,월동,172.5,236683700.0,4,1371.9
2025-03-03,기타부산물,0.7,396300.0,1,587.1
2025-03-03,수입,27.3,32836800.0,3,1202.1
2025-03-03,쌈,9.7,32340500.0,5,3347.2
2025-03-03,월동,235.7,342126800.0,4,1451.7
2025-03-03,저장,104.5,152781900.0,2,1462.7
2025-03-04,기타,0.0,288750.0,1,9625.0
2025-03-04,기타부산물,2.1,1192400.0,2,559.8
2025-03-04,수입,37.7,48817600.0,4,1295.7
2025-03-04,쌈,14.5,60005600.0,6,4139.7
2025-03-04,월동,82.0,107536700.0,6,1311.6
2025-03-04,저장,308.2,457844800.0,2,1485.5
2025-03-06,기타,0.2,728300.0,2,4012.7
2025-03-06,기타부산물,2.3,1577100.0,3,696.3
2025-03-06,수입,43.9,61854700.0,4,1408.2
2025-03-06,쌈,20.6,73794200.0,10,3587.8
2025-03-06,월동,174.4,245517800.0,4,1407.4
2025-03-06,저장,402.7,530157600.0,5,1316.5
2025-03-07,기타,0.6,2152000.0,5,3836.0
2025-03-07,기타부산물,0.4,270000.0,1,666.7
2025-03-07,수입,47.4,55900000.0,4,1180.4
2025-03-07,쌈,33.4,83318400.0,9,2496.4
2025-03-07,월동,225.2,282577300.0,3,1254.8
2025-03-07,저장,340.4,439974500.0,5,1292.7
2025-03-08,기타,0.5,1574900.0,4,3031.6
2025-03-08,기타부산물,3.4,1853500.0,1,544.3
2025-03-08,수입,45.5,53061500.0,4,1167.1
2025-03-08,쌈,28.9,73099800.0,14,2528.4
2025-03-08,월동,127.2,152277400.0,3,1196.7
2025-03-08,저장,249.3,295985700.0,4,1187.3
2025-03-10,기타,0.3,1558142.0,7,5159.4
2025-03-10,수입,27.1,33911200.0,3,1252.7
2025-03-10,쌈,36.1,80492300.0,12,2228.2
2025-03-10,월동,180.0,231768500.0,3,1287.9
2025-03-10,저장,293.6,357127100.0,4,1216.5
2025-03-11,기타,0.4,1315500.0,8,3204.6
2025-03-11,기타부산물,1.4,777000.0,1,575.6
2025-03-11,수입,34.8,38663800.0,4,1112.5
2025-03-11,쌈,29.5,80910300.0,11,2741.2
2025-03-11,월동,152.6,193690700.0,2,1269.5
2025-03-11,저장,305.9,331624500.0,4,1084.2
2025-03-12,기타,0.2,788700.0,5,4048.8
2025-03-12,기타부산물,0.6,321500.0,1,549.6
2025-03-12,수입,59.7,59006400.0,4,988.9
2025-03-12,쌈,18.4,49355500.0,7,2682.7
2025-03-12,월동,140.0,175631100.0,2,1254.4
2025-03-12,저장,282.6,286111300.0,4,1012.6
2025-03-13,기타,0.1,515500.0,2,3695.3
2025-03-13,기타부산물,2.8,1156400.0,2,407.9
2025-03-13,수입,53.2,43587400.0,3,818.6
2025-03-13,쌈,31.7,76819300.0,8,2425.2
2025-03-13,월동,106.5,142140400.0,3,1334.7
2025-03-13,저장,243.6,244931100.0,4,1005.6
2025-03-14,기타,0.6,2024800.0,4,3149.0
2025-03-14,수입,43.6,32186100.0,3,738.2
2025-03-14,쌈,20.4,49320700.0,5,2422.2
2025-03-14,월동,129.5,157850500.0,4,1219.3
2025-03-14,저장,283.8,265568600.0,6,935.9
2025-03-15,기타,0.3,706600.0,4,2820.8
2025-03-15,기타부산물,1.2,580500.0,1,489.9
2025-03-15,수입,34.3,34634600.0,2,1009.0
2025-03-15,쌈,21.9,60175800.0,10,2753.4
2025-03-15,월동,60.8,91206900.0,2,1499.6
2025-03-15,저장,150.4,150466800.0,4,1000.2
2025-03-17,기타,0.3,970200.0,3,2994.4
2025-03-17,수입,41.6,37300700.0,3,897.3
2025-03-17,쌈,34.1,86463300.0,14,2536.8
2025-03-17,월동,68.4,102189600.0,3,1494.7
2025-03-17,저장,338.8,367473300.0,4,1084.8
2025-03-18,기타,0.3,1127109.0,5,4113.5
2025-03-18,수입,35.8,33077900.0,3,923.2
2025-03-18,쌈,32.8,80377700.0,10,2454.1
2025-03-18,월동,29.2,51433600.0,2,1760.8
2025-03-18,저장,279.1,350575900.0,4,1256.0
2025-03-19,기타,0.7,2483800.0,4,3444.9
2025-03-19,수입,38.7,34727400.0,3,897.7
2025-03-19,쌈,28.7,67487500.0,10,2352.3
2025-03-19,저장,428.7,512355900.0,7,1195.0
2025-03-20,기타,0.3,1214950.0,2,4442.2
2025-03-20,수입,27.8,24190600.0,3,869.0
2025-03-20,쌈,24.7,59820800.0,9,2426.2
2025-03-20,월동,9.9,7923600.0,1,797.1
2025-03-20,저장,562.7,596597100.0,8,1060.2
2025-03-21,기타,0.4,1426000.0,7,3802.7
2025-03-21,기타부산물,0.5,280500.0,1,566.7
2025-03-21,수입,28.2,23596700.0,3,836.1
2025-03-21,쌈,38.6,71950900.0,10,1865.8
2025-03-21,저장,453.6,468889200.0,7,1033.8
2025-03-22,기타,0.8,1282050.0,11,1545.9
2025-03-22,수입,25.6,19311600.0,3,753.3
2025-03-22,쌈,16.6,41927800.0,6,2531.9
2025-03-22,저장,380.0,386261900.0,7,1016.4
2025-03-24,기타,0.7,1453800.0,8,2222.9
2025-03-24,수입,26.9,25756400.0,2,956.8
2025-03-24,쌈,53.6,94907800.0,10,1771.6
2025-03-24,월동,9.8,12018300.0,1,1230.1
2025-03-24,저장,429.9,472913300.0,6,1100.1
2025-03-25,기타,1.0,1153000.0,11,1185.8
2025-03-25,수입,34.1,30628600.0,3,898.5
2025-03-25,쌈,32.9,66837900.0,9,2029.8
2025-03-25,월동,20.5,22231300.0,1,1085.5
2025-03-25,저장,420.7,446200200.0,6,1060.5
2025-03-26,기타,0.5,1163750.0,4,2367.8
2025-03-26,수입,31.4,25830700.0,3,822.5
2025-03-26,쌈,24.2,54414900.0,8,2250.3
2025-03-26,저장,381.8,385764800.0,6,1010.5
2025-03-27,기타,0.4,1021900.0,5,2384.8
2025-03-27,수입,19.0,11040200.0,3,581.8
2025-03-27,쌈,40.8,69163100.0,10,1695.4
2025-03-27,저장,425.2,414243000.0,4,974.3
2025-03-28,기타,0.3,585000.0,6,1845.4
2025-03-28,수입,26.8,19446300.0,3,725.8
2025-03-28,쌈,32.2,58076100.0,9,1805.4
2025-03-28,저장,350.6,327824300.0,6,935.1
2025-03-29,기타,0.2,629900.0,5,3028.4
2025-03-29,수입,27.2,21777300.0,3,801.9
2025-03-29,쌈,17.6,41329500.0,8,2352.8
2025-03-29,저장,238.0,223226800.0,4,938.1
2025-03-31,기타,0.6,1100450.0,7,1749.5
2025-03-31,수입,8.9,11013700.0,2,1230.6
2025-03-31,쌈,14.7,32088500.0,5,2181.4
2025-03-31,저장,347.2,375638900.0,5,1081.8
2025-04-01,기타,0.2,406000.0,3,1980.5
2025-04-01,수입,19.5,15620600.0,3,800.6
2025-04-01,쌈,22.9,48733200.0,9,2132.2
2025-04-01,저장,340.9,342752200.0,5,1005.4
2025-04-02,기타,0.4,755800.0,4,2099.4
2025-04-02,수입,18.7,14161600.0,3,756.7
2025-04-02,쌈,40.3,76313800.0,10,1891.8
2025-04-02,저장,294.2,317055300.0,5,1077.8
2025-04-03,기타,0.2,436000.0,4,2259.1
2025-04-03,수입,18.7,16960800.0,3,905.1
2025-04-03,쌈,35.8,70484200.0,11,1971.1
2025-04-03,저장,423.8,469326400.0,6,1107.3
2025-04-04,기타,0.1,128500.0,5,1367.0
2025-04-04,수입,35.9,27189200.0,3,756.7
2025-04-04,쌈,23.6,55051000.0,7,2333.9
2025-04-04,저장,416.2,429874100.0,5,1032.9
2025-04-05,기타,0.3,493500.0,2,1827.8
2025-04-05,수입,24.3,19507000.0,3,803.9
2025-04-05,쌈,22.3,55996000.0,9,2512.0
2025-04-05,저장,328.7,314232600.0,4,956.1
2025-04-07,기타,0.2,464500.0,4,2464.2
2025-04-07,수입,11.8,13140400.0,2,1109.5
2025-04-07,쌈,38.4,84629400.0,11,2203.1
2025-04-07,저장,567.1,524575000.0,5,924.9
2025-04-08,기타,0.3,487500.0,5,1625.0
2025-04-08,수입,28.4,21483800.0,3,757.7
2025-04-08,쌈,31.2,74806600.0,10,2399.8
2025-04-08,저장,444.0,387759900.0,5,873.3
2025-04-09,기타,0.3,956000.0,8,3655.8
2025-04-09,수입,19.7,14056300.0,3,714.4
2025-04-09,쌈,34.9,74692500.0,9,2139.0
2025-04-09,저장,393.4,348841900.0,6,886.8
2025-04-10,기타,0.6,1881950.0,8,2996.7
2025-04-10,수입,26.3,18155400.0,3,690.2
2025-04-10,쌈,30.1,60516500.0,11,2007.9
2025-04-10,저장,454.3,394866800.0,6,869.1
2025-04-11,기타,0.3,495500.0,5,1974.1
2025-04-11,수입,27.2,12853100.0,3,472.1
2025-04-11,쌈,18.5,44851100.0,6,2420.2
2025-04-11,저장,454.1,343252000.0,5,755.9
2025-04-12,기타,0.2,302000.0,7,1659.3
2025-04-12,수입,25.7,10368900.0,3,403.9
2025-04-12,쌈,17.9,46838900.0,6,2616.8
2025-04-12,저장,278.7,215857300.0,3,774.4
2025-04-14,기타,0.7,739500.0,7,1126.4
2025-04-14,수입,10.9,5217000.0,3,478.2
2025-04-14,쌈,37.2,76772700.0,10,2063.3
2025-04-14,저장,375.1,327238800.0,6,872.3
2025-04-15,기타,0.3,1541500.0,3,5646.5
2025-04-15,수입,22.6,17410800.0,3,768.8
2025-04-15,쌈,29.6,65570600.0,10,2218.1
2025-04-15,저장,386.4,342369500.0,5,886.1
2025-04-16,수입,5.2,6819700.0,2,1313.5
2025-04-16,쌈,33.5,70425800.0,10,2100.0
2025-04-16,저장,380.9,299610500.0,5,786.5
2025-04-17,기타,0.2,433600.0,3,2828.4
2025-04-17,수입,2.8,4170000.0,2,1489.3
2025-04-17,쌈,34.4,73405400.0,12,2136.9
2025-04-17,저장,356.2,251658000.0,6,706.5
2025-04-18,기타,0.0,14000.0,1,500.0
2025-04-18,수입,4.3,5305000.0,2,1233.7
2025-04-18,쌈,21.8,51281500.0,8,2352.5
2025-04-18,저장,326.8,256577900.0,4,785.2
2025-04-19,기타,0.1,79000.0,5,1490.6
2025-04-19,수입,9.1,9496800.0,2,1038.6
2025-04-19,쌈,23.2,56626500.0,8,2436.8
2025-04-19,저장,267.8,207325900.0,4,774.1
2025-04-21,기타,0.5,1391500.0,13,2783.0
2025-04-21,수입,11.4,12163000.0,2,1066.9
2025-04-21,쌈,20.1,45728800.0,8,2276.5
2025-04-21,저장,450.6,331023500.0,5,734.7
2025-04-22,기타,0.2,1690000.0,8,8557.0
2025-04-22,수입,34.2,14033900.0,3,410.0
2025-04-22,쌈,32.6,60294400.0,14,1851.8
2025-04-22,저장,426.8,289040400.0,5,677.2
2025-04-23,기타,0.3,1642500.0,5,5908.3
2025-04-23,수입,13.9,8278900.0,3,594.5
2025-04-23,쌈,9.8,24802200.0,4,2528.8
2025-04-23,저장,368.6,246768700.0,4,669.5
2025-04-24,기타,0.9,2406700.0,8,2791.3
2025-04-24,수입,13.7,14441400.0,2,1057.8
2025-04-24,쌈,21.7,43935800.0,15,2025.3
2025-04-24,저장,405.7,237795700.0,4,586.2
2025-04-25,기타,1.2,1307700.0,9,1064.0
2025-04-25,수입,5.2,4444200.0,2,861.3
2025-04-25,쌈,29.9,57000100.0,16,1907.8
2025-04-25,저장,403.1,215860600.0,3,535.4
2025-04-26,기타,3.3,4987600.0,8,1510.0
2025-04-26,봄,39.8,9031200.0,1,227.1
2025-04-26,수입,3.5,4551000.0,2,1282.0
2025-04-26,쌈,23.6,47780600.0,12,2021.2
2025-04-26,저장,192.2,129255900.0,3,672.6
2025-04-28,기타,3.4,6955100.0,8,2037.2
2025-04-28,봄,89.0,29694100.0,3,333.6
2025-04-28,쌈,17.6,39967200.0,10,2266.0
2025-04-28,저장,310.0,211065400.0,3,680.9
2025-04-29,기타,0.9,1027325.0,5,1175.1
2025-04-29,봄,148.6,47664300.0,3,320.7
2025-04-29,수입,6.8,6580600.0,2,967.7
2025-04-29,쌈,32.0,71265500.0,11,2229.1
2025-04-29,저장,275.4,184277800.0,4,669.2
2025-04-30,기타,2.3,2695200.0,7,1160.9
2025-04-30,봄,89.2,35943400.0,3,402.7
2025-04-30,수입,9.3,11070400.0,2,1191.6
2025-04-30,쌈,32.8,71030800.0,12,2163.6
2025-04-30,저장,325.6,227762700.0,5,699.5
2025-05-01,기타,0.0,80000.0,2,4444.4
2025-05-01,봄,117.9,49143400.0,2,416.8
2025-05-01,수입,11.8,13393000.0,2,1131.2
2025-05-01,쌈,28.4,60536200.0,15,2134.5
2025-05-01,저장,252.4,182340500.0,4,722.3
2025-05-02,기타,0.1,127500.0,4,1003.9
2025-05-02,봄,228.9,71063600.0,3,310.5
2025-05-02,수입,11.2,11485500.0,2,1026.4
2025-05-02,쌈,32.4,69476300.0,9,2146.1
2025-05-02,저장,193.8,138868500.0,4,716.6
2025-05-03,기타,0.0,54100.0,2,3783.2
2025-05-03,봄,163.4,49256200.0,3,301.4
2025-05-03,수입,20.8,22482000.0,2,1079.4
2025-05-03,쌈,14.3,43884500.0,6,3079.4
2025-05-03,저장,111.9,90939600.0,3,812.5
2025-05-05,기타,4.8,3060000.0,1,637.5
2025-05-05,봄,308.1,68947400.0,3,223.8
2025-05-05,수입,11.4,11916800.0,2,1047.7
2025-05-05,쌈,53.7,128428900.0,11,2391.3
2025-05-05,저장,187.9,144701500.0,3,770.1
2025-05-06,기타,3.8,2320000.0,2,603.5
2025-05-06,봄,308.9,77681500.0,3,251.5
2025-05-06,수입,18.1,15242200.0,2,843.5
2025-05-06,쌈,36.2,82602900.0,9,2281.6
2025-05-06,저장,124.9,127196200.0,3,1018.5
2025-05-07,기타,7.7,5221500.0,6,676.2
2025-05-07,봄,294.2,94585500.0,3,321.5
2025-05-07,수입,6.2,5358000.0,2,869.8
2025-05-07,쌈,35.7,74665400.0,9,2089.6
2025-05-07,저장,126.2,119001100.0,3,943.1
2025-05-08,봄,262.9,123106600.0,4,468.2
2025-05-08,수입,6.7,5883800.0,2,884.0
2025-05-08,쌈,29.4,58971900.0,9,2004.6
2025-05-08,저장,101.9,100829300.0,2,989.5
2025-05-09,기타,0.1,526500.0,3,4538.8
2025-05-09,봄,238.1,133539200.0,3,560.9
2025-05-09,수입,16.4,9544200.0,3,581.4
2025-05-09,쌈,22.1,53150800.0,7,2408.3
2025-05-09,저장,107.1,94061500.0,2,878.4
2025-05-10,기타,0.1,323000.0,4,3800.0
2025-05-10,봄,219.3,77531300.0,4,353.5
2025-05-10,수입,4.5,2957000.0,2,657.1
2025-05-10,쌈,25.3,59232700.0,9,2343.7
2025-05-10,저장,64.5,54617000.0,3,846.6
2025-05-12,봄,298.1,126379600.0,5,423.9
2025-05-12,수입,1.6,1733400.0,1,1070.0
2025-05-12,쌈,28.8,56893500.0,8,1976.6
2025-05-12,저장,143.4,100327100.0,3,699.7
2025-05-13,기타,0.3,847000.0,5,2598.2
2025-05-13,봄,248.0,113606700.0,5,458.2
2025-05-13,수입,2.0,1895000.0,1,947.5
2025-05-13,쌈,26.1,51396700.0,8,1970.9
2025-05-13,저장,118.1,71588700.0,4,606.1
2025-05-14,기타,0.1,1191100.0,5,8214.5
2025-05-14,봄,329.1,146214300.0,9,444.2
2025-05-14,수입,2.8,2967800.0,2,1063.7
2025-05-14,쌈,26.1,48478800.0,7,1860.6
2025-05-14,저장,138.7,49804800.0,3,359.2
2025-05-15,기타,0.8,4376000.0,6,5712.8
2025-05-15,봄,401.3,148031400.0,11,368.9
2025-05-15,수입,5.4,2960000.0,2,548.1
2025-05-15,쌈,30.0,50568300.0,10,1684.0
2025-05-15,저장,130.4,48220300.0,2,369.7
2025-05-16,기타,0.5,4696300.0,8,8554.3
2025-05-16,봄,318.2,120203900.0,7,377.8
2025-05-16,수입,10.4,3860000.0,2,371.5
2025-05-16,쌈,35.3,44042600.0,10,1249.4
2025-05-16,저장,101.9,18743000.0,2,183.9
2025-05-17,기타,5.9,6238600.0,5,1053.5
2025-05-17,봄,225.1,76388900.0,6,339.4
2025-05-17,수입,7.5,2789500.0,2,369.5
2025-05-17,쌈,32.5,44916900.0,12,1381.8
2025-05-17,저장,37.3,10374100.0,2,278.4
2025-05-19,기타,0.1,1022000.0,2,9125.0
2025-05-19,봄,298.5,143963300.0,8,482.3
2025-05-19,수입,3.5,2361000.0,2,665.1
2025-05-19,쌈,41.6,46066600.0,13,1107.1
2025-05-19,저장,110.9,26580300.0,2,239.6
2025-05-20,기타,0.1,1185000.0,7,8033.9
2025-05-20,봄,257.4,124769100.0,11,484.7
2025-05-20,수입,8.8,2401500.0,2,273.8
2025-05-20,쌈,31.4,33423900.0,11,1064.0
2025-05-20,저장,72.9,14277600.0,2,195.7
2025-05-21,기타,0.5,3019200.0,9,5817.3
2025-05-21,봄,292.3,120451100.0,14,412.1
2025-05-21,수입,2.6,1025000.0,2,394.2
2025-05-21,쌈,40.3,40598000.0,19,1008.2
2025-05-21,저장,82.3,22414700.0,2,272.4
2025-05-22,기타,0.1,1086400.0,4,7872.5
2025-05-22,봄,377.4,115868400.0,11,307.0
2025-05-22,수입,2.0,200000.0,1,100.0
2025-05-22,쌈,32.1,31090000.0,16,967.4
2025-05-22,저장,80.6,13992000.0,2,173.7
2025-05-23,기타,0.2,1341200.0,6,5707.2
2025-05-23,봄,304.7,102129200.0,12,335.2
2025-05-23,쌈,18.5,24658700.0,14,1329.6
2025-05-23,저장,64.0,8596200.0,2,134.4
2025-05-24,기타,0.3,1483500.0,5,5279.4
2025-05-24,봄,209.4,77584900.0,8,370.4
2025-05-24,수입,3.0,502200.0,1,166.1
2025-05-24,쌈,29.6,38549900.0,16,1303.7
2025-05-24,저장,26.1,7506200.0,1,287.6
2025-05-26,기타,0.5,1317100.0,4,2863.3
2025-05-26,봄,329.6,150888400.0,9,457.8
2025-05-26,쌈,25.0,46192300.0,16,1845.5
2025-05-27,기타,2.8,16014300.0,8,5707.2
2025-05-27,봄,392.2,146262500.0,8,373.0
2025-05-27,수입,4.5,2708800.0,2,602.5
2025-05-27,쌈,27.5,45941500.0,16,1673.5
2025-05-28,기타,0.4,1124200.0,5,3105.5
2025-05-28,봄,320.7,139835800.0,8,436.1
2025-05-28,수입,4.3,2313000.0,2,534.4
2025-05-28,쌈,29.7,40182700.0,20,1355.1
2025-05-29,기타,1.0,1927075.0,8,1896.7
2025-05-29,봄,304.3,141136300.0,8,463.9
2025-05-29,수입,6.8,2682000.0,2,391.5
2025-05-29,쌈,33.0,42321700.0,22,1282.4
2025-05-30,기타,2.7,14878000.0,7,5465.8
2025-05-30,봄,272.4,147229000.0,8,540.4
2025-05-30,수입,9.8,2959400.0,2,302.1
2025-05-30,쌈,38.1,50177100.0,24,1317.1
2025-05-31,기타,0.3,1088000.0,4,4105.7
2025-05-31,봄,261.8,127602800.0,8,487.5
2025-05-31,수입,5.5,1327000.0,2,243.5
2025-05-31,쌈,35.8,41343300.0,21,1155.5
2025-06-02,기타,0.4,1122000.0,2,2671.4
2025-06-02,봄,343.6,184898900.0,11,538.1
2025-06-02,수입,1.2,735000.0,1,612.5
2025-06-02,쌈,33.7,40864100.0,17,1211.1
2025-06-03,기타,2.9,14218500.0,6,4879.4
2025-06-03,봄,361.5,169789700.0,9,469.6
2025-06-03,수입,1.2,855000.0,1,712.5
2025-06-03,쌈,38.9,44470200.0,18,1144.0
2025-06-04,기타,0.4,1154000.0,3,3278.4
2025-06-04,봄,264.8,147609400.0,10,557.5
2025-06-04,수입,1.6,1240000.0,1,775.0
2025-06-04,쌈,44.7,48880000.0,22,1094.1
2025-06-05,기타,1.0,742000.0,4,730.3
2025-06-05,봄,365.4,185775800.0,12,508.4
2025-06-05,쌈,36.5,37191100.0,19,1019.1
2025-06-06,기타,0.3,174000.0,3,572.4
2025-06-06,기타부산물,4.0,1297500.0,1,321.8
2025-06-06,봄,332.7,151753100.0,11,456.2
2025-06-06,쌈,42.5,37189000.0,16,874.1
2025-06-07,기타,0.5,296900.0,6,634.4
2025-06-07,봄,296.1,139267900.0,13,470.4
2025-06-07,쌈,33.7,36666500.0,20,1087.2
2025-06-09,기타,0.7,423250.0,6,587.0
2025-06-09,기타부산물,0.1,48800.0,1,762.5
2025-06-09,봄,318.0,188461840.0,14,592.6
2025-06-09,쌈,33.5,41976900.0,18,1252.2
2025-06-10,기타,2.0,1041875.0,8,525.4
2025-06-10,기타부산물,0.1,62000.0,1,775.0
2025-06-10,봄,348.7,177477100.0,13,508.9
2025-06-10,수입,1.8,795000.0,2,441.7
2025-06-10,쌈,32.7,35372800.0,17,1081.4
2025-06-11,기타,0.8,476950.0,6,616.8
2025-06-11,기타부산물,0.2,225000.0,1,937.5
2025-06-11,봄,273.3,145276400.0,9,531.5
2025-06-11,수입,1.3,500000.0,2,384.6
2025-06-11,쌈,39.4,41903400.0,17,1062.8
2025-06-12,기타,0.7,587900.0,8,843.8
2025-06-12,기타부산물,0.7,619000.0,2,850.3
2025-06-12,봄,252.8,149067200.0,10,589.7
2025-06-12,쌈,25.0,24319900.0,14,973.0
2025-06-13,기타,0.8,536600.0,7,637.6
2025-06-13,기타부산물,0.8,537500.0,2,678.7
2025-06-13,봄,272.2,170793100.0,10,627.4
2025-06-13,쌈,22.7,25312100.0,11,1113.3
2025-06-14,기타,0.6,885400.0,10,1400.9
2025-06-14,기타부산물,0.0,54000.0,1,1125.0
2025-06-14,봄,261.5,198348600.0,8,758.5
2025-06-14,쌈,19.0,33500600.0,12,1765.6
2025-06-16,기타,0.7,743200.0,9,1077.1
2025-06-16,기타부산물,0.5,316300.0,2,627.6
2025-06-16,봄,692.1,310633500.0,13,448.8
2025-06-16,쌈,60.9,83486000.0,22,1371.5
2025-06-17,기타,0.5,608300.0,5,1114.1
2025-06-17,기타부산물,0.6,525900.0,2,865.0
2025-06-17,봄,292.8,166013000.0,11,567.0
2025-06-17,쌈,33.1,56257400.0,11,1700.6
2025-06-18,기타,0.3,1003700.0,9,2887.5
2025-06-18,기타부산물,1.7,1438700.0,2,856.4
2025-06-18,봄,490.4,187003040.0,11,381.4
2025-06-18,수입,0.6,180000.0,1,300.0
2025-06-18,쌈,39.3,49999500.0,20,1272.1
2025-06-19,기타,0.4,421288.0,8,1124.3
2025-06-19,기타부산물,2.0,1570400.0,3,780.9
2025-06-19,봄,344.3,172867800.0,9,502.1
2025-06-19,쌈,53.2,66568700.0,24,1251.9
2025-06-20,기타,0.3,547750.0,9,1784.2
2025-06-20,기타부산물,3.4,3085300.0,2,918.2
2025-06-20,봄,293.0,207146400.0,8,706.9
2025-06-20,쌈,37.6,49221500.0,13,1308.5
2025-06-21,기타,0.1,355750.0,4,2823.4
2025-06-21,기타부산물,0.7,851400.0,1,1195.8
2025-06-21,봄,261.3,182861900.0,8,699.8
2025-06-21,쌈,29.9,48585700.0,13,1623.0
2025-06-23,기타,0.6,1856650.0,10,3033.7
2025-06-23,기타부산물,1.1,1335000.0,1,1264.2
2025-06-23,봄,512.1,243539200.0,13,475.6
2025-06-23,쌈,37.6,64238700.0,14,1709.5
2025-06-24,기타,2.6,1660200.0,11,639.8
2025-06-24,기타부산물,5.3,3923000.0,3,735.2
2025-06-24,봄,451.4,191430000.0,8,424.1
2025-06-24,쌈,48.1,58701600.0,17,1219.3
2025-06-25,기타,1.6,1051200.0,8,648.1
2025-06-25,기타부산물,1.5,1603400.0,2,1071.8
2025-06-25,봄,508.6,228893100.0,11,450.1
2025-06-25,쌈,30.0,47834000.0,14,1592.9
2025-06-26,기타,0.5,1091125.0,12,2249.7
2025-06-26,기타부산물,0.9,1119000.0,2,1271.6
2025-06-26,봄,239.7,118687500.0,8,495.2
2025-06-26,쌈,28.2,53809700.0,13,1911.0
2025-06-27,기타,0.2,859025.0,8,5053.1
2025-06-27,기타부산물,1.2,1249000.0,1,1047.8
2025-06-27,봄,469.3,154707840.0,7,329.7
2025-06-27,쌈,34.3,61054300.0,17,1781.6
2025-06-28,기타,1.9,1642750.0,11,878.9
2025-06-28,기타부산물,4.5,3142100.0,2,696.4
2025-06-28,봄,350.4,140468100.0,5,400.8
2025-06-28,쌈,21.8,42604300.0,14,1956.9
2025-06-30,기타,0.6,2821438.0,12,4607.9
2025-06-30,봄,367.7,228683000.0,5,622.0
2025-06-30,쌈,41.2,65346500.0,19,1584.7
2025-07-01,기타,0.3,1070375.0,11,3224.0
2025-07-01,기타부산물,1.7,1262900.0,2,730.8
2025-07-01,봄,9.9,5609000.0,1,564.3
2025-07-01,쌈,27.7,44136300.0,13,1595.6
2025-07-01,여름,506.9,181675700.0,5,358.4
2025-07-02,기타,0.6,2004125.0,10,3227.3
2025-07-02,기타부산물,0.9,766900.0,1,840.9
2025-07-02,쌈,34.4,44692200.0,17,1298.8
2025-07-02,여름,298.9,154498500.0,4,516.8
2025-07-03,기타,4.0,3449975.0,10,864.5
2025-07-03,기타부산물,2.3,1876800.0,3,820.3
2025-07-03,수입,1.0,460000.0,1,460.0
2025-07-03,쌈,35.3,46753400.0,16,1324.0
2025-07-03,여름,498.9,147993580.0,7,296.6
2025-07-04,기타,1.2,3923075.0,14,3316.2
2025-07-04,기타부산물,1.6,1019700.0,2,627.9
2025-07-04,수입,0.8,975000.0,1,1218.8
2025-07-04,쌈,37.5,53217200.0,15,1418.2
2025-07-04,여름,331.4,145322300.0,6,438.5
2025-07-05,기타,2.8,4287300.0,12,1512.3
2025-07-05,기타부산물,0.4,336000.0,1,750.0
2025-07-05,수입,0.8,1200000.0,1,1500.0
2025-07-05,쌈,29.0,54325500.0,12,1872.1
2025-07-05,여름,185.3,156056600.0,6,842.0
2025-07-07,기타,1.9,4699775.0,12,2441.4
2025-07-07,기타부산물,1.8,1228500.0,2,670.6
2025-07-07,수입,0.8,1400000.0,1,1750.0
2025-07-07,쌈,37.1,78585800.0,17,2118.6
2025-07-07,여름,405.2,248252800.0,9,612.7
2025-07-08,고랭지,0.6,336000.0,1,560.0
2025-07-08,기타,3.0,8823950.0,13,2915.9
2025-07-08,기타부산물,3.7,2685300.0,3,717.2
2025-07-08,수입,0.8,900000.0,1,1125.0
2025-07-08,쌈,52.1,73833600.0,20,1417.2
2025-07-08,여름,502.1,195319500.0,10,389.0
2025-07-09,기타,0.8,3328925.0,16,4135.3
2025-07-09,기타부산물,1.4,1396000.0,3,1008.7
2025-07-09,수입,1.2,1425000.0,1,1211.7
2025-07-09,쌈,26.7,46966600.0,13,1761.9
2025-07-09,여름,292.8,168340800.0,7,575.0
2025-07-10,기타,1.5,3255200.0,9,2195.0
2025-07-10,기타부산물,1.6,1227600.0,2,775.0
2025-07-10,수입,6.6,3772000.0,2,571.5
2025-07-10,쌈,34.6,55911800.0,17,1613.8
2025-07-10,여름,282.9,189700100.0,7,670.7
2025-07-11,기타,1.0,4409025.0,13,4219.2
2025-07-11,기타부산물,0.6,652000.0,2,1072.4
2025-07-11,수입,2.7,2710400.0,2,1005.3
2025-07-11,쌈,26.9,44087100.0,20,1641.3
2025-07-11,여름,260.6,258502000.0,6,992.0
2025-07-12,기타,1.0,3488314.0,13,3365.5
2025-07-12,기타부산물,0.7,800000.0,1,1204.8
2025-07-12,수입,1.0,1810000.0,1,1810.0
2025-07-12,쌈,26.4,56872300.0,16,2154.0
2025-07-12,여름,307.2,282147500.0,6,918.4
2025-07-14,기타,1.5,6475750.0,10,4432.4
2025-07-14,기타부산물,2.7,3088900.0,2,1163.0
2025-07-14,수입,1.5,2750000.0,1,1833.3
2025-07-14,쌈,35.5,82925700.0,17,2335.9
2025-07-14,여름,516.1,439164700.0,9,850.8
2025-07-15,기타,1.4,4951125.0,13,3562.0
2025-07-15,기타부산물,2.1,2084100.0,2,998.1
2025-07-15,수입,2.5,5343200.0,1,2137.3
2025-07-15,쌈,27.0,83084800.0,14,3077.4
2025-07-15,여름,370.1,319042300.0,10,862.1
2025-07-16,기타,2.4,5524875.0,16,2286.8
2025-07-16,기타부산물,1.5,1890000.0,2,1270.2
2025-07-16,수입,4.4,7125000.0,2,1619.3
2025-07-16,쌈,29.2,82976300.0,21,2842.3
2025-07-16,여름,410.1,309826500.0,11,755.5
2025-07-17,기타,1.7,4918250.0,10,2869.5
2025-07-17,기타부산물,0.9,1323000.0,1,1531.2
2025-07-17,수입,4.0,5910000.0,1,1477.5
2025-07-17,쌈,31.7,68377500.0,20,2158.8
2025-07-17,여름,418.6,304360600.0,10,727.2
2025-07-18,기타,1.3,4222750.0,9,3132.6
2025-07-18,기타부산물,0.9,1479600.0,1,1712.5
2025-07-18,수입,3.8,6775000.0,2,1782.9
2025-07-18,쌈,25.9,75528500.0,22,2919.9
2025-07-18,여름,358.7,273843500.0,10,763.5
2025-07-19,기타,3.4,6806000.0,19,1991.2
2025-07-19,기타부산물,0.4,612400.0,1,1739.8
2025-07-19,수입,10.0,12944800.0,2,1289.3
2025-07-19,쌈,22.1,59708300.0,16,2706.8
2025-07-19,여름,347.1,328961000.0,12,947.7
2025-07-21,기타,3.9,8853250.0,14,2266.0
2025-07-21,기타부산물,2.7,4063800.0,1,1525.5
2025-07-21,수입,11.4,14314000.0,2,1255.6
2025-07-21,쌈,32.9,73981200.0,22,2246.9
2025-07-21,여름,482.4,385398100.0,12,798.9
2025-07-22,기타,2.2,5998025.0,14,2731.3
2025-07-22,기타부산물,12.4,10648900.0,3,855.5
2025-07-22,수입,11.4,7750000.0,2,679.8
2025-07-22,쌈,39.5,68046600.0,24,1722.5
2025-07-22,여름,625.7,335373200.0,16,536.0
2025-07-23,기타,2.5,6169900.0,15,2465.0
2025-07-23,기타부산물,1.7,1950000.0,1,1160.7
2025-07-23,수입,12.5,7353000.0,2,588.2
2025-07-23,쌈,36.3,61048900.0,21,1683.8
2025-07-23,여름,507.8,313741100.0,11,617.9
2025-07-24,기타,2.5,6307625.0,16,2508.0
2025-07-24,기타부산물,1.9,1552600.0,1,822.4
2025-07-24,수입,5.3,6611000.0,2,1247.4
2025-07-24,쌈,24.1,41362900.0,15,1718.5
2025-07-24,여름,548.9,307342100.0,13,559.9
2025-07-25,기타,2.0,5912625.0,13,2983.2
2025-07-25,기타부산물,1.6,1845000.0,1,1153.1
2025-07-25,수입,7.4,9596000.0,2,1304.5
2025-07-25,쌈,29.2,63079300.0,17,2162.9
2025-07-25,여름,410.2,255028800.0,11,621.7
2025-07-26,기타,1.6,4438500.0,11,2786.3
2025-07-26,기타부산물,2.7,3259200.0,2,1212.5
2025-07-26,수입,19.6,20197900.0,2,1028.7
2025-07-26,쌈,36.4,87126400.0,19,2395.9
2025-07-26,여름,333.2,228547100.0,10,685.9
2025-07-28,기타,2.6,6393625.0,13,2418.6
2025-07-28,기타부산물,5.1,4662700.0,3,915.0
2025-07-28,수입,9.3,9823000.0,2,1056.2
2025-07-28,쌈,35.5,69997900.0,15,1969.3
2025-07-28,여름,388.5,332879200.0,9,856.9
2025-07-29,기타,2.0,4466750.0,8,2246.9
2025-07-29,기타부산물,2.8,2967600.0,2,1044.9
2025-07-29,수입,10.5,9180000.0,2,873.5
2025-07-29,쌈,29.6,62779300.0,15,2117.6
2025-07-29,여름,285.9,275294100.0,8,962.9
2025-07-29,저장,89.4,71325700.0,5,798.0
2025-07-30,기타,1.6,3674700.0,10,2261.4
2025-07-30,기타부산물,1.2,1457000.0,1,1230.6
2025-07-30,수입,5.2,6045000.0,1,1162.5
2025-07-30,쌈,32.7,63627800.0,13,1943.4
2025-07-30,여름,219.7,339068300.0,4,1543.4
2025-07-30,저장,88.6,107486800.0,7,1212.6
2025-07-31,기타,14.3,10553400.0,14,737.8
2025-07-31,기타부산물,2.0,3383200.0,1,1665.0
2025-07-31,수입,10.6,10760600.0,2,1013.0
2025-07-31,쌈,24.1,60107400.0,15,2490.0
2025-07-31,여름,382.2,377133800.0,6,986.7
2025-07-31,저장,167.2,142448500.0,9,851.7
2025-08-01,고랭지,237.9,317826500.0,4,1336.2
2025-08-01,기타,2.0,3481000.0,10,1713.1
2025-08-01,수입,7.0,12770000.0,1,1824.3
2025-08-01,쌈,13.3,62890600.0,12,4732.5
2025-08-01,저장,183.5,139382300.0,9,759.7
2025-08-04,고랭지,272.1,421847100.0,7,1550.2
2025-08-04,기타,14.0,13375215.0,14,957.1
2025-08-04,기타부산물,1.8,2213800.0,2,1257.8
2025-08-04,수입,18.7,21101500.0,2,1127.2
2025-08-04,쌈,28.2,99372000.0,21,3520.9
2025-08-04,저장,131.6,106727400.0,6,811.0
2025-08-05,고랭지,88.6,167957000.0,5,1895.5
2025-08-05,기타,13.2,10827575.0,16,819.3
2025-08-05,수입,21.5,23432000.0,2,1088.0
2025-08-05,쌈,17.8,47453800.0,12,2659.9
2025-08-05,저장,226.8,222171400.0,11,979.7
2025-08-06,고랭지,211.1,298276800.0,8,1413.2
2025-08-06,기타,2.1,4342775.0,14,2096.1
2025-08-06,수입,13.3,13461000.0,2,1014.9
2025-08-06,쌈,22.0,49509400.0,16,2253.4
2025-08-06,저장,212.4,158197700.0,10,744.8
2025-08-07,고랭지,117.7,136952000.0,5,1163.4
2025-08-07,기타,11.4,6749625.0,10,593.3
2025-08-07,수입,14.0,21412100.0,2,1528.1
2025-08-07,쌈,23.6,50430400.0,13,2140.7
2025-08-07,저장,283.7,230622800.0,14,812.8
2025-08-08,고랭지,151.9,206200400.0,5,1357.8
2025-08-08,기타,2.3,4855375.0,13,2083.0
2025-08-08,수입,17.8,25511700.0,2,1432.1
2025-08-08,쌈,18.4,54944200.0,15,2985.8
2025-08-08,저장,284.2,193300400.0,10,680.2
2025-08-09,고랭지,107.0,192760700.0,5,1800.8
2025-08-09,기타,11.8,6750900.0,15,572.3
2025-08-09,기타부산물,3.6,3681600.0,2,1022.7
2025-08-09,수입,9.7,14701000.0,2,1522.5
2025-08-09,쌈,35.1,87082300.0,16,2478.9
2025-08-09,저장,232.1,159108700.0,12,685.4
2025-08-11,고랭지,260.6,341157100.0,7,1309.0
2025-08-11,기타,14.5,10185125.0,12,704.7
2025-08-11,수입,9.5,17919800.0,2,1887.9
2025-08-11,쌈,30.8,83794500.0,13,2717.8
2025-08-11,저장,248.5,158616500.0,10,638.3
2025-08-12,고랭지,269.5,276974600.0,7,1027.7
2025-08-12,기타,15.7,11554250.0,10,734.0
2025-08-12,기타부산물,3.3,3976200.0,1,1200.5
2025-08-12,수입,18.8,25866000.0,2,1374.7
2025-08-12,쌈,28.1,65183700.0,17,2316.7
2025-08-12,저장,288.2,145527300.0,11,505.0
2025-08-13,고랭지,225.7,255775500.0,4,1133.4
2025-08-13,기타,5.3,9519150.0,17,1799.8
2025-08-13,기타부산물,0.5,471000.0,1,981.2
2025-08-13,수입,13.7,19884200.0,2,1448.9
2025-08-13,쌈,39.8,93260000.0,14,2340.7
2025-08-13,저장,213.6,97614900.0,8,457.0
2025-08-14,고랭지,85.2,127508700.0,2,1496.1
2025-08-14,기타,19.6,11166475.0,12,570.0
2025-08-14,기타부산물,0.7,965000.0,2,1419.1
2025-08-14,수입,17.4,21012100.0,3,1205.8
2025-08-14,쌈,14.4,36665200.0,12,2542.1
2025-08-14,저장,233.1,129024500.0,8,553.6
2025-08-15,고랭지,116.9,183071600.0,3,1566.1
2025-08-15,기타,2.2,3871375.0,11,1739.9
2025-08-15,기타부산물,0.1,139500.0,1,1937.5
2025-08-15,수입,23.4,35721800.0,4,1529.1
2025-08-15,쌈,7.9,32561600.0,6,4143.2
2025-08-15,저장,238.9,121792400.0,11,509.9
2025-08-16,고랭지,114.7,183473600.0,3,1599.5
2025-08-16,기타,2.7,5089300.0,13,1851.3
2025-08-16,기타부산물,1.6,1936400.0,2,1186.5
2025-08-16,수입,26.4,29180400.0,2,1105.5
2025-08-16,쌈,19.6,67976900.0,13,3468.9
2025-08-16,저장,174.0,101282500.0,9,582.0
2025-08-18,고랭지,325.2,319748500.0,7,983.3
2025-08-18,기타,13.6,10086141.0,22,742.0
2025-08-18,기타부산물,0.3,579500.0,2,2012.2
2025-08-18,수입,20.5,29495400.0,2,1441.6
2025-08-18,쌈,19.8,93528300.0,12,4732.7
2025-08-18,저장,198.4,108059100.0,9,544.7
2025-08-19,고랭지,282.5,237704300.0,3,841.5
2025-08-19,기타,15.0,10461550.0,18,697.6
2025-08-19,기타부산물,7.3,4511500.0,3,621.8
2025-08-19,수입,15.5,21974500.0,2,1418.4
2025-08-19,쌈,26.1,78423600.0,12,3002.2
2025-08-19,저장,185.2,101556800.0,9,548.4
2025-08-20,고랭지,186.2,217760000.0,6,1169.4
2025-08-20,기타,2.7,5231600.0,11,1911.4
2025-08-20,기타부산물,1.1,986800.0,2,934.5
2025-08-20,수입,19.7,27762000.0,2,1411.4
2025-08-20,쌈,25.1,68550900.0,13,2732.4
2025-08-20,저장,199.1,123211400.0,10,618.9
2025-08-21,고랭지,179.7,208612200.0,5,1160.8
2025-08-21,기타,12.8,7924100.0,14,619.0
2025-08-21,기타부산물,0.6,851000.0,2,1519.6
2025-08-21,수입,19.0,25392800.0,2,1333.7
2025-08-21,쌈,31.4,70578800.0,14,2245.7
2025-08-21,저장,219.1,148158200.0,15,676.2
2025-08-22,고랭지,171.3,179398800.0,4,1047.5
2025-08-22,기타,3.1,6823325.0,19,2175.1
2025-08-22,기타부산물,2.5,2468700.0,2,989.1
2025-08-22,수입,50.7,68890100.0,2,1358.9
2025-08-22,쌈,18.0,54794200.0,13,3046.5
2025-08-22,저장,194.7,125108600.0,11,642.6
2025-08-23,고랭지,182.9,188093300.0,4,1028.3
2025-08-23,기타,1.7,4263750.0,13,2550.1
2025-08-23,기타부산물,1.8,1651400.0,3,913.4
2025-08-23,수입,45.3,67041200.0,3,1480.5
2025-08-23,쌈,19.2,67594800.0,11,3528.6
2025-08-23,저장,207.7,127110300.0,7,612.0
2025-08-25,고랭지,297.8,265741800.0,7,892.3
2025-08-25,기타,15.0,20414300.0,21,1358.5
2025-08-25,기타부산물,0.5,681500.0,1,1419.8
2025-08-25,수입,47.9,69958800.0,2,1460.3
2025-08-25,쌈,24.5,95551400.0,10,3903.4
2025-08-25,저장,149.1,117832700.0,8,790.4
2025-08-26,고랭지,312.4,287185200.0,5,919.2
2025-08-26,기타,11.8,7851925.0,21,665.7
2025-08-26,기타부산물,0.7,839400.0,3,1128.2
2025-08-26,수입,39.6,56716800.0,2,1433.1
2025-08-26,쌈,28.0,67178800.0,15,2401.3
2025-08-26,저장,152.5,87448900.0,10,573.3
2025-08-27,고랭지,131.9,164192400.0,4,1245.0
2025-08-27,기타,1.2,3414000.0,10,2861.7
2025-08-27,기타부산물,0.6,684700.0,1,1188.7
2025-08-27,수입,48.6,66803400.0,2,1374.8
2025-08-27,쌈,16.8,45376800.0,11,2702.9
2025-08-27,저장,238.6,154111300.0,12,645.8
2025-08-28,고랭지,137.1,233608000.0,6,1704.3
2025-08-28,기타,8.5,10479125.0,15,1235.0
2025-08-28,기타부산물,0.6,843500.0,1,1351.8
2025-08-28,수입,67.2,81485600.0,3,1212.4
2025-08-28,쌈,13.1,41676500.0,9,3174.9
2025-08-28,저장,172.3,138224500.0,12,802.4
2025-08-29,고랭지,282.4,323751200.0,9,1146.6
2025-08-29,기타,2.1,4823375.0,15,2339.2
2025-08-29,기타부산물,2.0,2819700.0,2,1427.0
2025-08-29,수입,68.1,79853100.0,3,1172.0
2025-08-29,쌈,22.3,53470500.0,14,2397.8
2025-08-29,저장,197.2,155747100.0,10,789.8
2025-08-30,고랭지,283.9,291744200.0,7,1027.6
2025-08-30,기타,2.2,4294375.0,15,1965.4
2025-08-30,기타부산물,1.4,1996800.0,2,1426.3
2025-08-30,수입,38.8,51720400.0,3,1332.0
2025-08-30,쌈,26.4,83939000.0,14,3173.7
2025-08-30,저장,162.6,108399500.0,9,666.7
2025-09-01,고랭지,328.9,401221000.0,7,1219.8
2025-09-01,기타,14.7,12642655.0,27,857.7
2025-09-01,기타부산물,0.4,372300.0,1,912.5
2025-09-01,수입,38.2,54532100.0,3,1427.6
2025-09-01,쌈,31.7,91920100.0,15,2903.8
2025-09-01,저장,118.5,106679800.0,8,900.3
2025-09-02,고랭지,266.0,350989900.0,7,1319.7
2025-09-02,기타,14.4,11727975.0,20,815.6
2025-09-02,기타부산물,0.6,1269000.0,1,1958.3
2025-09-02,수입,35.0,69614000.0,3,1990.5
2025-09-02,쌈,10.6,45963000.0,11,4352.6
2025-09-02,저장,207.4,144310200.0,12,695.8
2025-09-03,고랭지,144.8,263396800.0,7,1819.7
2025-09-03,기타,2.2,4772875.0,15,2159.7
2025-09-03,기타부산물,2.2,3255000.0,1,1453.1
2025-09-03,수입,41.3,73431400.0,2,1777.8
2025-09-03,쌈,17.7,51315900.0,12,2895.4
2025-09-03,저장,182.8,156776600.0,11,857.7
2025-09-04,고랭지,243.4,330006600.0,8,1355.5
2025-09-04,기타,23.7,21033800.0,20,886.2
2025-09-04,기타부산물,10.8,10369600.0,2,959.4
2025-09-04,수입,41.0,80735100.0,2,1967.5
2025-09-04,쌈,32.3,112522000.0,19,3483.8
2025-09-04,저장,176.4,187358000.0,12,1062.1
2025-09-05,고랭지,405.9,413206500.0,8,1018.0
2025-09-05,기타,2.6,4921100.0,15,1896.4
2025-09-05,기타부산물,2.7,1908600.0,2,710.0
2025-09-05,수입,43.4,80122900.0,2,1846.5
2025-09-05,쌈,41.5,110283700.0,15,2660.1
2025-09-05,저장,166.3,112711600.0,10,677.8
2025-09-06,고랭지,404.4,378100600.0,6,934.9
2025-09-06,기타,14.7,13868275.0,27,946.6
2025-09-06,기타부산물,0.5,513800.0,1,1035.9
2025-09-06,수입,39.8,77418300.0,4,1943.1
2025-09-06,쌈,27.8,87397600.0,18,3143.0
2025-09-06,저장,54.6,32642000.0,4,597.4
2025-09-08,고랭지,466.1,457324100.0,8,981.1
2025-09-08,기타,15.0,16151650.0,15,1075.1
2025-09-08,기타부산물,0.6,580800.0,1,981.1
2025-09-08,수입,43.9,87476000.0,3,1993.3
2025-09-08,쌈,33.4,118113300.0,14,3531.3
2025-09-08,저장,17.2,21803200.0,2,1269.1
2025-09-09,고랭지,714.2,554390900.0,8,776.3
2025-09-09,기타,17.1,12188825.0,20,711.0
2025-09-09,기타부산물,4.1,5565900.0,2,1350.9
2025-09-09,수입,48.2,89265000.0,4,1852.5
2025-09-09,쌈,36.6,96530400.0,17,2635.8
2025-09-09,저장,10.6,11416500.0,1,1075.0
2025-09-10,고랭지,730.3,511485800.0,10,700.4
2025-09-10,기타,15.4,14763625.0,18,957.2
2025-09-10,기타부산물,3.4,4814200.0,2,1426.0
2025-09-10,수입,50.5,76088500.0,3,1505.8
2025-09-10,쌈,21.2,59317200.0,12,2792.6
2025-09-10,저장,23.4,6882400.0,2,293.9
2025-09-11,고랭지,543.4,438272500.0,10,806.5
2025-09-11,기타,24.9,15327600.0,23,614.8
2025-09-11,기타부산물,7.5,6309400.0,2,844.4
2025-09-11,수입,65.7,76259900.0,4,1160.9
2025-09-11,쌈,39.3,95204700.0,16,2423.7
2025-09-12,고랭지,656.1,514300700.0,10,783.9
2025-09-12,기타,15.3,12237575.0,16,800.5
2025-09-12,기타부산물,2.9,3304500.0,1,1147.4
2025-09-12,수입,63.1,75384500.0,3,1195.2
2025-09-12,쌈,24.6,62929300.0,16,2555.5
2025-09-13,고랭지,319.6,389240000.0,8,1217.7
2025-09-13,기타,17.1,11212950.0,19,655.5
2025-09-13,기타부산물,3.4,3704000.0,1,1102.4
2025-09-13,수입,83.5,91914500.0,3,1101.0
2025-09-13,쌈,45.6,100026800.0,17,2194.0
2025-09-15,고랭지,538.7,487525000.0,11,904.9
2025-09-15,기타,14.1,11236050.0,24,799.7
2025-09-15,기타부산물,8.1,7350600.0,3,904.4
2025-09-15,수입,67.5,88367800.0,3,1310.1
2025-09-15,쌈,36.4,96679300.0,13,2656.2
2025-09-15,저장,19.7,1972000.0,1,100.0
2025-09-16,고랭지,765.2,499714400.0,11,653.1
2025-09-16,기타,11.9,19075825.0,31,1598.9
2025-09-16,기타부산물,5.8,3888000.0,2,675.9
2025-09-16,수입,73.6,84472300.0,3,1147.4
2025-09-16,쌈,38.7,97235300.0,13,2510.5
2025-09-17,고랭지,552.0,397712100.0,9,720.5
2025-09-17,기타,15.5,14678325.0,28,945.2
2025-09-17,기타부산물,7.0,5470300.0,5,785.1
2025-09-17,수입,75.5,79659700.0,4,1054.6
2025-09-17,쌈,40.3,102513000.0,12,2543.7
2025-09-17,저장,9.9,493000.0,1,50.0
2025-09-18,고랭지,359.6,333020000.0,7,926.1
2025-09-18,기타,5.1,7268700.0,20,1431.1
2025-09-18,기타부산물,1.3,1320000.0,2,1018.5
2025-09-18,수입,55.5,66323100.0,4,1195.0
2025-09-18,쌈,25.5,56937000.0,15,2233.6
2025-09-19,고랭지,461.9,438902600.0,8,950.2
2025-09-19,기타,10.7,13023625.0,18,1213.4
2025-09-19,기타부산물,0.6,677300.0,2,1099.5
2025-09-19,수입,62.1,86459800.0,4,1392.2
2025-09-19,쌈,40.0,119532800.0,15,2989.7
2025-09-19,저장,6.3,949500.0,1,150.0
2025-09-20,고랭지,648.0,529413500.0,10,817.1
2025-09-20,기타,10.8,11108350.0,22,1031.1
2025-09-20,기타부산물,6.9,6026300.0,3,871.9
2025-09-20,수입,88.6,86385500.0,5,975.5
2025-09-20,쌈,59.5,140515100.0,18,2360.5
2025-09-22,고랭지,575.2,550865000.0,12,957.7
2025-09-22,기타,7.9,10592800.0,20,1343.6
2025-09-22,기타부산물,3.8,3781000.0,3,990.8
2025-09-22,수입,101.8,105464000.0,4,1035.8
2025-09-22,쌈,58.1,133940100.0,19,2305.3
2025-09-23,고랭지,661.4,855903800.0,15,1294.0
2025-09-23,기타,10.5,18640050.0,25,1780.7
2025-09-23,기타부산물,7.8,10358300.0,2,1326.6
2025-09-23,수입,82.2,88999200.0,3,1083.1
2025-09-23,쌈,62.0,119757700.0,20,1933.1
2025-09-24,고랭지,778.8,955857100.0,16,1227.4
2025-09-24,기타,8.5,13561100.0,30,1596.7
2025-09-24,기타부산물,6.8,10026800.0,3,1481.5
2025-09-24,수입,89.2,108786400.0,3,1219.7
2025-09-24,쌈,57.7,132615000.0,19,2299.3
2025-09-25,고랭지,613.5,762884600.0,13,1243.4
2025-09-25,기타,10.4,13630225.0,23,1310.5
2025-09-25,기타부산물,14.5,15380400.0,2,1062.2
2025-09-25,수입,129.1,130655200.0,3,1012.4
2025-09-25,쌈,60.3,124266500.0,20,2062.3
2025-09-26,고랭지,616.3,692991000.0,13,1124.4
2025-09-26,기타,7.2,10858300.0,17,1509.1
2025-09-26,기타부산물,7.8,7681400.0,1,985.8
2025-09-26,수입,122.2,124181800.0,5,1016.4
2025-09-26,쌈,57.0,124921100.0,16,2191.6
2025-09-27,고랭지,941.8,714877000.0,15,759.1
2025-09-27,기타,8.6,13552375.0,33,1572.0
2025-09-27,기타부산물,11.3,10493000.0,3,926.9
2025-09-27,수입,99.0,105642800.0,3,1066.7
2025-09-27,쌈,75.0,144018800.0,15,1921.5
2025-09-29,고랭지,569.2,687439800.0,17,1207.8
2025-09-29,기타,13.3,16711700.0,28,1252.0
2025-09-29,기타부산물,11.3,10092800.0,3,895.4
2025-09-29,수입,148.1,142287800.0,4,960.5
2025-09-29,쌈,76.9,156804400.0,14,2037.9
2025-09-30,고랭지,620.1,827065700.0,16,1333.7
2025-09-30,기타,5.6,11144625.0,30,1974.2
2025-09-30,기타부산물,6.5,7813400.0,3,1208.8
2025-09-30,수입,102.7,122313700.0,3,1191.1
2025-09-30,쌈,83.6,162356700.0,15,1943.2
2025-10-01,가을,608.5,762765500.0,13,1253.5
2025-10-01,기타,52.6,83825775.0,41,1594.0
2025-10-01,기타부산물,11.7,12880200.0,2,1099.7
2025-10-01,수입,137.2,150499600.0,3,1096.6
2025-10-01,쌈,86.4,181554800.0,15,2100.8
2025-10-02,가을,824.0,691943700.0,14,839.7
2025-10-02,기타,34.0,44719650.0,34,1315.2
2025-10-02,기타부산물,12.2,11451600.0,2,939.3
2025-10-02,수입,169.2,164204200.0,4,970.7
2025-10-02,쌈,86.7,156623100.0,16,1805.6
2025-10-03,가을,741.2,616517900.0,14,831.8
2025-10-03,기타,41.4,56480650.0,42,1363.3
2025-10-03,기타부산물,9.9,10722600.0,4,1078.3
2025-10-03,수입,101.4,140269400.0,3,1382.7
2025-10-03,쌈,79.1,168699900.0,17,2133.9
2025-10-04,가을,204.6,362379500.0,11,1771.4
2025-10-04,기타,23.9,35589600.0,22,1491.8
2025-10-04,기타부산물,10.8,8675100.0,5,803.2
2025-10-04,수입,65.0,103907800.0,3,1598.1
2025-10-04,쌈,51.7,166056100.0,19,3214.9
2025-10-09,가을,996.1,615722900.0,15,618.2
2025-10-09,기타,65.4,50930725.0,32,779.1
2025-10-09,기타부산물,10.8,7985300.0,3,737.7
2025-10-09,수입,89.5,114275600.0,3,1276.7
2025-10-09,쌈,65.2,159293700.0,17,2443.8
2025-10-10,가을,944.5,423196100.0,15,448.1
2025-10-10,기타,56.4,31221500.0,32,553.5
2025-10-10,기타부산물,8.6,6345200.0,3,737.1
2025-10-10,수입,46.3,61667500.0,3,1331.4
2025-10-10,쌈,74.6,118591100.0,15,1590.4
2025-10-11,가을,599.3,245746700.0,12,410.0
2025-10-11,기타,23.8,13866250.0,30,582.6
2025-10-11,기타부산물,6.6,4229600.0,2,638.5
2025-10-11,수입,28.9,30849500.0,3,1066.0
2025-10-11,쌈,61.3,109156300.0,19,1782.0
2025-10-13,가을,454.2,236418900.0,14,520.5
2025-10-13,기타,36.4,26633900.0,32,732.2
2025-10-13,기타부산물,9.2,4912900.0,3,536.8
2025-10-13,수입,17.4,20574200.0,3,1182.4
2025-10-13,쌈,50.6,87870400.0,17,1736.7
2025-10-14,가을,433.6,211250300.0,10,487.2
2025-10-14,기타,22.0,15430650.0,23,701.9
2025-10-14,기타부산물,0.5,542100.0,1,1148.5
2025-10-14,수입,46.5,38279800.0,3,823.0
2025-10-14,쌈,23.6,52756600.0,12,2239.0
2025-10-15,가을,447.2,283464900.0,12,633.8
2025-10-15,기타,38.8,25680200.0,15,661.1
2025-10-15,기타부산물,7.9,5317800.0,4,676.2
2025-10-15,수입,67.9,70223000.0,3,1034.2
2025-10-15,쌈,28.6,60162800.0,14,2101.2
2025-10-16,가을,691.3,359446600.0,16,520.0
2025-10-16,기타,48.4,25544400.0,30,528.1
2025-10-16,기타부산물,8.8,5323000.0,4,607.6
2025-10-16,수입,64.7,57757300.0,3,892.3
2025-10-16,쌈,64.0,95446600.0,18,1492.4
2025-10-17,가을,604.2,305453200.0,14,505.5
2025-10-17,기타,22.1,12047775.0,23,544.9
2025-10-17,기타부산물,11.6,5299900.0,3,457.2
2025-10-17,수입,45.1,40461000.0,2,896.3
2025-10-17,쌈,72.4,89954900.0,18,1242.6
2025-10-18,가을,792.6,304696700.0,13,384.4
2025-10-18,기타,37.4,15038825.0,23,402.5
2025-10-18,기타부산물,10.1,5886900.0,4,582.6
2025-10-18,수입,49.8,36118300.0,3,725.2
2025-10-18,쌈,40.1,74751700.0,12,1865.3
2025-10-20,가을,688.1,272165600.0,15,395.5
2025-10-20,고랭지,456.2,501455000.0,1,1099.1
2025-10-20,기타,31.4,14137725.0,23,450.4
2025-10-20,기타부산물,13.3,7533000.0,3,564.5
2025-10-20,수입,29.2,27234100.0,2,932.7
2025-10-20,쌈,44.1,73614900.0,17,1668.9
2025-10-21,가을,603.1,279398400.0,15,463.3
2025-10-21,기타,39.7,19189925.0,24,483.7
2025-10-21,기타부산물,2.6,2040400.0,3,777.6
2025-10-21,수입,57.7,45168400.0,3,783.0
2025-10-21,쌈,42.6,64651100.0,16,1517.6
2025-10-22,가을,627.8,306543100.0,18,488.3
2025-10-22,기타,39.3,20597175.0,22,523.7
2025-10-22,기타부산물,2.7,2675500.0,3,986.5
2025-10-22,수입,45.5,34412800.0,2,756.6
2025-10-22,쌈,42.8,68235100.0,16,1593.7
2025-10-23,가을,618.7,303628000.0,15,490.7
2025-10-23,기타,27.7,16260850.0,15,588.0
2025-10-23,기타부산물,2.2,1934000.0,2,875.9
2025-10-23,수입,71.6,42194200.0,3,589.4
2025-10-23,쌈,44.9,71959000.0,12,1604.1
2025-10-24,가을,585.0,273122300.0,15,466.9
2025-10-24,기타,19.4,13412800.0,20,690.1
2025-10-24,기타부산물,10.7,5935500.0,4,556.0
2025-10-24,수입,48.5,25882400.0,2,533.1
2025-10-24,쌈,53.0,76963800.0,16,1452.0
2025-10-25,가을,371.9,196592400.0,8,528.6
2025-10-25,기타,22.8,17917225.0,26,784.5
2025-10-25,기타부산물,4.9,2064000.0,2,424.7
2025-10-25,수입,42.9,30174600.0,3,702.9
2025-10-25,쌈,33.8,56349800.0,15,1668.2
2025-10-27,가을,490.6,313674900.0,14,639.4
2025-10-27,기타,35.5,26115100.0,22,735.1
2025-10-27,기타부산물,2.1,1700500.0,2,820.7
2025-10-27,수입,39.1,30076000.0,3,769.7
2025-10-27,쌈,37.9,58515300.0,15,1542.7
2025-10-28,가을,552.8,338071100.0,10,611.5
2025-10-28,기타,36.2,23924300.0,26,660.1
2025-10-28,기타부산물,18.9,6329400.0,4,334.2
2025-10-28,수입,43.2,43074000.0,3,997.6
2025-10-28,쌈,30.6,58014400.0,14,1896.9
2025-10-29,가을,475.0,290324100.0,15,611.2
2025-10-29,기타,47.2,32116350.0,22,681.0
2025-10-29,기타부산물,14.0,6740200.0,4,479.8
2025-10-29,수입,47.4,43072200.0,4,908.6
2025-10-29,쌈,47.8,77032400.0,18,1612.9
2025-10-30,가을,401.1,312934200.0,14,780.2
2025-10-30,기타,26.6,23614375.0,28,888.5
2025-10-30,기타부산물,1.1,1309200.0,2,1185.9
2025-10-30,수입,53.2,52638900.0,3,989.7
2025-10-30,쌈,37.7,71813300.0,18,1903.8
2025-10-31,가을,446.6,390457100.0,15,874.2
2025-10-31,기타,44.7,36918400.0,16,825.9
2025-10-31,기타부산물,4.6,5204900.0,3,1131.5
2025-10-31,수입,40.3,37812300.0,3,938.7
2025-10-31,쌈,28.0,75823500.0,17,2711.9
2025-11-03,가을,788.0,588779700.0,24,747.2
2025-11-03,기타,78.6,62200275.0,19,791.2
2025-11-03,기타부산물,3.3,3610500.0,2,1098.1
2025-11-03,수입,34.2,37461100.0,3,1096.6
2025-11-03,쌈,74.9,142324200.0,22,1899.5
2025-11-04,가을,636.4,451934700.0,21,710.2
2025-11-04,기타,45.3,30673725.0,19,677.8
2025-11-04,기타부산물,3.5,2177900.0,4,620.1
2025-11-04,수입,33.8,29364600.0,2,870.1
2025-11-04,쌈,46.7,78063600.0,19,1670.4
2025-11-05,가을,550.7,425869300.0,19,773.4
2025-11-05,기타,37.1,30189900.0,17,813.4
2025-11-05,기타부산물,2.7,2232900.0,3,830.1
2025-11-05,수입,24.3,24666000.0,3,1016.3
2025-11-05,쌈,37.0,65228100.0,20,1762.1
2025-11-06,가을,649.3,497885200.0,20,766.8
2025-11-06,기타,39.7,30857000.0,16,776.4
2025-11-06,기타부산물,10.8,7714800.0,3,717.7
2025-11-06,수입,20.0,19355300.0,3,965.8
2025-11-06,쌈,50.4,69656100.0,21,1382.4
2025-11-06,절임,7.0,10850000.0,1,1550.0
2025-11-07,가을,557.8,481084400.0,15,862.4
2025-11-07,기타,39.6,35706600.0,20,901.1
2025-11-07,기타부산물,10.1,5940000.0,1,589.3
2025-11-07,수입,8.3,12918600.0,3,1550.9
2025-11-07,쌈,36.4,77600800.0,13,2132.9
2025-11-07,절임,13.6,20949000.0,1,1542.6
2025-11-08,가을,611.0,546796200.0,17,895.0
2025-11-08,기타,33.4,28107900.0,20,842.6
2025-11-08,기타부산물,1.1,1119600.0,3,1048.3
2025-11-08,수입,5.0,8555000.0,3,1728.3
2025-11-08,쌈,31.2,70153600.0,22,2251.5
2025-11-08,절임,19.7,30389000.0,2,1539.5
2025-11-10,가을,704.3,621932400.0,16,883.0
2025-11-10,기타,49.7,49935300.0,13,1004.7
2025-11-10,기타부산물,0.4,410400.0,1,1013.3
2025-11-10,수입,6.0,9390000.0,3,1565.0
2025-11-10,쌈,52.0,100891900.0,16,1941.8
2025-11-10,저장,57.4,36276800.0,2,632.0
2025-11-10,절임,13.0,19788000.0,3,1526.9
2025-11-11,가을,861.4,643794000.0,22,747.4
2025-11-11,기타,76.4,61720350.0,16,808.1
2025-11-11,기타부산물,21.6,14250900.0,3,660.2
2025-11-11,수입,5.1,8410000.0,3,1649.0
2025-11-11,쌈,30.0,62733100.0,23,2093.5
2025-11-11,저장,86.1,54587400.0,2,634.0
2025-11-11,절임,28.7,44278000.0,3,1543.9
2025-11-12,가을,726.3,643423800.0,17,885.9
2025-11-12,기타,58.5,46871633.0,13,801.7
2025-11-12,기타부산물,10.6,4318000.0,3,408.3
2025-11-12,수입,5.6,9715000.0,3,1734.8
2025-11-12,쌈,47.6,80964400.0,22,1700.6
2025-11-12,저장,97.6,56666100.0,4,580.7
2025-11-12,절임,26.8,41306000.0,2,1541.3
2025-11-13,가을,701.3,683669600.0,17,974.8
2025-11-13,기타,58.0,56042400.0,22,966.6
2025-11-13,기타부산물,9.5,9457600.0,3,996.0
2025-11-13,수입,5.1,7610000.0,3,1492.2
2025-11-13,쌈,21.2,45131700.0,14,2125.7
2025-11-13,저장,97.6,58203600.0,3,596.5
2025-11-13,절임,29.2,47221000.0,3,1614.9
2025-11-14,가을,833.9,866823400.0,15,1039.5
2025-11-14,기타,58.4,54967234.0,16,941.3
2025-11-14,기타부산물,6.7,4810400.0,5,714.5
2025-11-14,수입,6.0,10290000.0,3,1715.0
2025-11-14,쌈,41.2,66769900.0,17,1618.8
2025-11-14,저장,114.8,67572100.0,3,588.6
2025-11-14,절임,55.1,90025000.0,3,1632.7
2025-11-15,가을,877.0,763247100.0,16,870.3
2025-11-15,기타,76.4,73453300.0,15,960.9
2025-11-15,기타부산물,2.5,3413800.0,5,1379.9
2025-11-15,수입,4.5,10010000.0,2,2224.4
2025-11-15,쌈,40.7,73091000.0,20,1795.1
2025-11-15,저장,68.9,42705600.0,2,620.0
2025-11-15,절임,78.6,127764000.0,3,1626.3
2025-11-17,가을,879.1,862161800.0,19,980.7
2025-11-17,고랭지,536.0,610977500.0,1,1139.9
2025-11-17,기타,3.8,3236900.0,9,844.5
2025-11-17,기타부산물,7.9,8103300.0,3,1029.0
2025-11-17,수입,4.5,9910000.0,2,2202.2
2025-11-17,쌈,49.9,95044200.0,18,1906.6
2025-11-17,저장,18.0,12098300.0,1,671.8
2025-11-17,절임,33.5,53192000.0,2,1588.8
2025-11-18,가을,990.5,863172100.0,17,871.5
2025-11-18,기타,13.7,9749534.0,10,713.3
2025-11-18,기타부산물,9.1,5837000.0,5,638.3
2025-11-18,수입,6.9,9255000.0,3,1341.3
2025-11-18,쌈,48.6,74579400.0,21,1534.1
2025-11-18,저장,57.4,29159200.0,2,508.0
2025-11-18,절임,31.6,51721000.0,2,1636.7
2025-11-19,가을,754.0,725802500.0,13,962.6
2025-11-19,기타,8.1,5579500.0,10,687.6
2025-11-19,기타부산물,3.1,1973400.0,2,643.6
2025-11-19,수입,15.2,18603000.0,3,1221.5
2025-11-19,쌈,58.2,81302400.0,20,1395.9
2025-11-19,저장,51.7,26633600.0,2,515.6
2025-11-19,절임,59.4,97306000.0,3,1639.3
2025-11-20,가을,829.0,878146700.0,11,1059.3
2025-11-20,기타,6.0,4712200.0,9,780.8
2025-11-20,기타부산물,0.8,622500.0,2,827.8
2025-11-20,수입,10.8,12265000.0,2,1140.9
2025-11-20,쌈,27.9,48459800.0,18,1737.0
2025-11-20,저장,40.9,23196800.0,3,567.0
2025-11-20,절임,48.7,79700000.0,2,1635.9
2025-11-21,가을,804.7,1019966000.0,15,1267.5
2025-11-21,기타,9.7,10159600.0,8,1048.5
2025-11-21,수입,13.2,13265000.0,3,1004.9
2025-11-21,쌈,32.4,57947100.0,14,1789.3
2025-11-21,절임,165.0,269780000.0,2,1635.0
2025-11-22,가을,955.7,957785000.0,13,1002.2
2025-11-22,기타,20.6,11402300.0,11,553.7
2025-11-22,기타부산물,1.4,1185900.0,3,824.1
2025-11-22,수입,11.9,13012000.0,3,1090.7
2025-11-22,쌈,43.8,72476200.0,17,1656.4
2025-11-22,절임,136.6,225719000.0,2,1652.4
2025-11-24,가을,963.5,957106200.0,14,993.3
2025-11-24,기타,10.1,15598900.0,14,1547.0
2025-11-24,기타부산물,4.5,3905400.0,3,871.2
2025-11-24,수입,7.2,12177000.0,2,1691.2
2025-11-24,쌈,61.1,96568700.0,23,1580.8
2025-11-24,절임,102.1,174746000.0,3,1711.9
2025-11-25,가을,943.5,943695500.0,14,1000.3
2025-11-25,기타,13.2,12698500.0,9,962.4
2025-11-25,기타부산물,2.4,2289200.0,4,970.0
2025-11-25,수입,8.0,12091400.0,2,1517.1
2025-11-25,쌈,45.4,78238500.0,23,1722.2
2025-11-25,절임,67.9,117332000.0,3,1727.0
2025-11-26,가을,849.9,894605700.0,11,1052.6
2025-11-26,기타,15.7,13395700.0,6,855.2
2025-11-26,기타부산물,4.0,3642600.0,2,907.0
2025-11-26,수입,5.7,8723000.0,2,1530.4
2025-11-26,쌈,39.8,63066100.0,19,1582.7
2025-11-26,절임,75.1,130543000.0,3,1737.8
2025-11-27,가을,860.4,975035700.0,14,1133.2
2025-11-27,기타,6.5,7866400.0,11,1214.7
2025-11-27,기타부산물,0.5,192000.0,1,400.0
2025-11-27,수입,5.1,8430000.0,2,1666.0
2025-11-27,쌈,36.7,63300800.0,20,1722.5
2025-11-27,절임,134.5,233802000.0,2,1738.0
2025-11-28,가을,932.1,1065540500.0,12,1143.1
2025-11-28,기타,21.6,24894400.0,3,1153.9
2025-11-28,기타부산물,0.1,96000.0,1,750.0
2025-11-28,수입,2.1,3785000.0,2,1802.4
2025-11-28,쌈,28.0,50557500.0,16,1807.8
2025-11-28,절임,151.0,271975000.0,4,1801.4
2025-11-29,가을,892.2,926891400.0,10,1038.9
2025-11-29,기타,13.6,14630000.0,11,1075.6
2025-11-29,기타부산물,1.8,1111500.0,2,615.8
2025-11-29,수입,3.4,4950000.0,1,1455.9
2025-11-29,쌈,26.5,49891700.0,14,1881.3
2025-11-29,절임,28.3,48188000.0,2,1704.0
2025-12-01,가을,826.3,844635000.0,8,1022.2
2025-12-01,기타,12.8,13874400.0,8,1083.1
2025-12-01,수입,3.5,5867000.0,2,1676.3
2025-12-01,쌈,52.7,88194600.0,22,1673.6
2025-12-01,절임,120.3,210793000.0,3,1752.8
2025-12-02,가을,708.5,742490100.0,6,1048.0
2025-12-02,기타,3.6,3371100.0,9,933.8
2025-12-02,기타부산물,1.1,180000.0,1,166.7
2025-12-02,수입,3.6,4860400.0,2,1338.2
2025-12-02,쌈,35.9,60540600.0,17,1686.0
2025-12-02,절임,80.0,156242000.0,3,1952.0
2025-12-03,가을,678.3,692996600.0,8,1021.7
2025-12-03,기타,14.1,11333400.0,5,806.1
2025-12-03,기타부산물,2.5,2218500.0,5,880.4
2025-12-03,수입,3.2,3141000.0,1,981.6
2025-12-03,쌈,45.9,83195300.0,19,1813.3
2025-12-03,절임,42.6,83346000.0,3,1954.6
2025-12-04,가을,557.5,605217100.0,4,1085.6
2025-12-04,기타,8.2,6730000.0,6,818.2
2025-12-04,기타부산물,0.7,94000.0,1,133.3
2025-12-04,수입,3.9,5910000.0,2,1515.4
2025-12-04,쌈,32.7,59111600.0,20,1806.6
2025-12-04,절임,57.0,113676000.0,3,1993.6
2025-12-05,가을,614.0,663981700.0,4,1081.4
2025-12-05,기타,6.1,6542600.0,3,1070.5
2025-12-05,수입,5.3,6703000.0,2,1264.7
2025-12-05,쌈,41.2,71890300.0,18,1746.9
2025-12-05,절임,49.7,99146000.0,2,1993.3
2025-12-06,가을,762.6,709347400.0,4,930.1
2025-12-06,기타,5.2,5517500.0,6,1060.9
2025-12-06,기타부산물,1.8,1893000.0,1,1028.8
2025-12-06,수입,7.4,6257000.0,2,845.5
2025-12-06,쌈,29.3,54904700.0,14,1871.7
2025-12-06,절임,110.0,219540000.0,3,1995.1
2025-12-08,가을,691.1,564681000.0,6,817.1
2025-12-08,기타,10.2,9074875.0,6,891.6
2025-12-08,기타부산물,5.7,4210600.0,2,744.4
2025-12-08,수입,6.8,5994000.0,2,881.5
2025-12-08,쌈,45.9,80790900.0,19,1761.6
2025-12-08,절임,48.3,95870000.0,3,1985.7
2025-12-09,가을,526.4,427507200.0,5,812.1
2025-12-09,기타,2.5,2073400.0,7,844.9
2025-12-09,기타부산물,1.0,566500.0,3,569.9
2025-12-09,수입,5.1,5820000.0,2,1134.9
2025-12-09,쌈,47.0,84043600.0,19,1786.4
2025-12-09,절임,12.5,25000000.0,2,2000.0
2025-12-10,가을,394.8,369439800.0,5,935.8
2025-12-10,기타,0.3,564000.0,3,2160.9
2025-12-10,기타부산물,0.4,442000.0,1,1062.5
2025-12-10,수입,2.6,4266000.0,2,1640.8
2025-12-10,쌈,37.9,70374700.0,20,1855.5
2025-12-10,절임,5.0,9920000.0,1,2000.0
2025-12-11,가을,570.7,530225500.0,5,929.1
2025-12-11,기타,1.9,1266600.0,6,680.2
2025-12-11,기타부산물,0.1,46800.0,1,450.0
2025-12-11,수입,7.1,9333000.0,2,1314.5
2025-12-11,쌈,40.6,75153300.0,17,1851.8
2025-12-11,절임,9.1,18120000.0,2,2000.0
2025-12-12,가을,576.4,532047100.0,4,923.1
2025-12-12,기타,1.3,1679400.0,5,1338.2
2025-12-12,기타부산물,0.5,564200.0,1,1137.5
2025-12-12,수입,4.6,6948600.0,2,1497.5
2025-12-12,쌈,46.4,82342900.0,19,1774.2
2025-12-12,절임,29.8,59500000.0,1,1994.0
2025-12-13,절임,6.0,12080000.0,1,2000.0
2025-12-15,가을,439.4,409219300.0,4,931.2
2025-12-15,기타,1.1,2091100.0,5,1967.2
2025-12-15,기타부산물,0.5,633500.0,1,1319.8
2025-12-15,수입,4.9,7510000.0,2,1532.7
2025-12-15,쌈,34.9,78819300.0,15,2258.0
2025-12-15,절임,2.2,4400000.0,1,2000.0
2025-12-16,가을,425.9,355987900.0,6,835.8
2025-12-16,기타,1.6,1274500.0,4,816.5
2025-12-16,수입,5.4,7965000.0,2,1475.0
2025-12-16,쌈,38.7,81155000.0,15,2096.9
2025-12-16,절임,2.0,3000000.0,1,1500.0
2025-12-17,가을,404.0,329820900.0,5,816.3
2025-12-17,기타,0.8,1143333.0,4,1404.6
2025-12-17,수입,5.2,7995000.0,2,1537.5
2025-12-17,쌈,37.0,73390800.0,18,1984.8
2025-12-18,가을,292.6,253015400.0,5,864.9
2025-12-18,기타,1.7,3978200.0,10,2409.6
2025-12-18,수입,5.3,8186800.0,2,1555.2
2025-12-18,쌈,36.1,70975900.0,21,1967.8
2025-12-19,가을,312.8,275490200.0,5,880.7
2025-12-19,기타,0.3,854000.0,3,2595.7
2025-12-19,수입,6.2,9070100.0,2,1474.3
2025-12-19,쌈,49.4,88251300.0,29,1787.7
2025-12-20,가을,310.1,258466600.0,5,833.6
2025-12-20,기타,0.2,308600.0,4,1244.4
2025-12-20,기타부산물,0.4,344500.0,2,956.9
2025-12-20,수입,2.4,3646000.0,2,1519.2
2025-12-20,쌈,58.5,98762600.0,28,1688.1
2025-12-22,가을,347.3,288182400.0,4,829.8
2025-12-22,기타,1.2,1954000.0,3,1663.0
2025-12-22,기타부산물,0.2,220000.0,1,1375.0
2025-12-22,수입,4.7,6465600.0,2,1372.7
2025-12-22,쌈,54.6,91932600.0,25,1682.8
2025-12-22,월동,10.6,10569300.0,1,1000.9
2025-12-23,가을,350.8,279920400.0,5,797.9
2025-12-23,기타,0.6,2885500.0,5,4587.4
2025-12-23,기타부산물,2.8,2907000.0,2,1053.3
2025-12-23,수입,4.7,6062000.0,2,1289.8
2025-12-23,쌈,40.3,73866700.0,22,1832.7
2025-12-24,가을,374.8,288655000.0,6,770.2
2025-12-24,기타,1.5,2270000.0,4,1525.5
2025-12-24,기타부산물,0.2,272800.0,1,1100.0
2025-12-24,수입,3.4,4283000.0,2,1259.7
2025-12-24,쌈,44.9,71471100.0,13,1593.1
2025-12-25,가을,237.1,185060700.0,6,780.5
2025-12-25,기타,0.9,1811600.0,5,1997.4
2025-12-25,기타부산물,4.8,4264400.0,3,888.4
2025-12-25,수입,2.0,2424000.0,2,1212.0
2025-12-25,쌈,35.3,55443000.0,20,1571.8
2025-12-25,절임,1.8,2745000.0,1,1525.0
2025-12-26,가을,279.0,210398400.0,5,754.1
2025-12-26,기타,1.2,1576900.0,6,1292.5
2025-12-26,기타부산물,1.5,595000.0,3,403.1
2025-12-26,수입,3.5,4525000.0,2,1292.9
2025-12-26,쌈,31.3,51337400.0,20,1638.5
2025-12-27,가을,124.9,90539100.0,4,724.7
2025-12-27,기타,0.6,401100.0,2,638.7
2025-12-27,기타부산물,1.2,338600.0,2,275.7
2025-12-27,수입,3.1,4370000.0,2,1409.7
2025-12-27,쌈,24.1,45718900.0,11,1896.7
2025-12-29,가을,160.1,150762900.0,5,941.5
2025-12-29,기타,0.8,1002600.0,2,1310.6
2025-12-29,기타부산물,0.7,181800.0,1,269.3
2025-12-29,수입,5.8,7147000.0,2,1232.2
2025-12-29,쌈,38.9,73971300.0,15,1902.3
2025-12-29,월동,4.3,3770100.0,1,885.0
2025-12-30,가을,393.5,324045200.0,4,823.5
2025-12-30,기타,0.5,985000.0,2,1939.0
2025-12-30,기타부산물,1.3,184800.0,1,146.7
2025-12-30,수입,7.0,11214000.0,2,1602.0
2025-12-30,쌈,47.7,125774700.0,16,2636.3
2025-12-30,월동,10.0,7860200.0,1,784.5
2025-12-31,가을,275.4,255474200.0,4,927.7
2025-12-31,기타,0.0,80000.0,1,5000.0
2025-12-31,수입,19.3,21173000.0,2,1098.2
2025-12-31,쌈,44.5,103082200.0,19,2317.8
2025-12-31,월동,9.9,9641800.0,1,970.0
2026-01-03,기타,1.0,667400.0,1,667.4
2026-01-03,기타부산물,0.6,349200.0,1,606.2
2026-01-03,수입,8.4,12110000.0,2,1445.1
2026-01-03,쌈,32.7,81950500.0,16,2505.9
2026-01-03,월동,300.6,249678000.0,4,830.6
2026-01-05,수입,18.4,21386000.0,2,1162.3
2026-01-05,쌈,52.1,116357400.0,13,2234.7
2026-01-05,월동,282.4,262779400.0,7,930.5
2026-01-06,기타,1.3,3504000.0,5,2742.9
2026-01-06,수입,12.3,12232200.0,2,996.9
2026-01-06,쌈,59.9,118486800.0,12,1976.8
2026-01-06,월동,388.2,333717100.0,7,859.7
2026-01-07,기타,0.4,504900.0,6,1322.6
2026-01-07,수입,20.8,15862000.0,2,762.6
2026-01-07,쌈,57.9,107886600.0,18,1862.8
2026-01-07,월동,363.4,298199200.0,6,820.7
2026-01-08,기타,0.2,980000.0,4,5032.1
2026-01-08,수입,8.1,6588000.0,2,813.3
2026-01-08,쌈,53.3,93654200.0,19,1758.3
2026-01-08,월동,317.2,249911800.0,5,787.7
2026-01-09,기타,2.1,4535900.0,6,2161.2
2026-01-09,수입,8.4,8033000.0,2,956.3
2026-01-09,쌈,45.0,83173500.0,19,1846.9
2026-01-09,월동,266.0,201059000.0,3,755.7
2026-01-10,기타,0.1,78000.0,1,1300.0
2026-01-10,수입,11.7,10160000.0,2,865.4
2026-01-10,쌈,53.8,91809700.0,23,1707.5
2026-01-10,월동,121.7,97389000.0,3,800.2
2026-01-12,기타,0.2,885000.0,5,4179.5
2026-01-12,수입,5.7,5410000.0,2,949.1
2026-01-12,쌈,61.2,98196100.0,19,1603.8
2026-01-12,월동,261.1,219180700.0,6,839.4
2026-01-13,기타,0.8,2282000.0,8,2736.2
2026-01-13,기타부산물,0.8,430500.0,1,521.8
2026-01-13,수입,4.4,4612000.0,2,1048.2
2026-01-13,쌈,36.2,61220400.0,13,1690.9
2026-01-13,월동,381.0,286778000.0,6,752.8
2026-01-13,저장,11.5,7744900.0,1,674.6
2026-01-14,기타,0.6,2592500.0,8,4441.1
2026-01-14,수입,3.8,3579000.0,2,941.8
2026-01-14,쌈,41.1,74742000.0,15,1819.6
2026-01-14,월동,339.4,267381600.0,6,787.7
2026-01-15,기타,0.4,1555250.0,5,3888.1
2026-01-15,기타부산물,0.3,151200.0,1,480.0
2026-01-15,수입,3.8,3825000.0,2,1006.6
2026-01-15,쌈,41.0,63903100.0,15,1557.5
2026-01-15,월동,305.0,238079800.0,6,780.7
2026-01-16,기타,0.1,1133500.0,5,8538.6
2026-01-16,수입,3.8,4005000.0,2,1053.9
2026-01-16,쌈,61.2,87908600.0,20,1436.8
2026-01-16,월동,359.9,266437200.0,7,740.3
2026-01-17,기타,0.9,1368800.0,3,1555.5
2026-01-17,수입,5.2,5510000.0,2,1059.6
2026-01-17,쌈,58.1,86862700.0,19,1494.5
2026-01-17,월동,212.0,160141800.0,5,755.4
2026-01-19,기타,0.7,2682350.0,9,4053.4
2026-01-19,수입,5.6,6270000.0,2,1119.6
2026-01-19,쌈,44.5,70526900.0,19,1583.6
2026-01-19,월동,341.7,264600000.0,4,774.5
2026-01-20,기타,0.1,565000.0,3,7847.2
2026-01-20,수입,9.6,9968400.0,2,1039.5
2026-01-20,쌈,56.9,86651300.0,19,1523.8
2026-01-20,월동,288.3,221787600.0,6,769.3
2026-01-21,기타,0.2,330000.0,1,2062.5
2026-01-21,수입,5.5,5995000.0,2,1090.0
2026-01-21,쌈,47.8,74747900.0,19,1563.4
2026-01-21,월동,199.3,161208000.0,6,808.8
2026-01-22,기타,0.1,1232500.0,5,9354.8
2026-01-22,수입,7.0,6700000.0,2,957.1
2026-01-22,쌈,33.9,58146800.0,17,1714.6
2026-01-22,월동,142.1,124266200.0,5,874.3
2026-01-23,기타,0.4,455800.0,2,1145.2
2026-01-23,수입,5.6,5740000.0,2,1025.0
2026-01-23,쌈,34.3,56852900.0,17,1658.4
2026-01-23,월동,318.6,258820500.0,6,812.5
2026-01-24,기타,0.5,5458000.0,4,11563.6
2026-01-24,수입,7.0,10120000.0,2,1445.7
2026-01-24,쌈,30.6,58841900.0,13,1923.5
2026-01-24,월동,60.2,60443300.0,5,1004.0
2026-01-26,기타,1.0,6031000.0,4,5889.6
2026-01-26,기타부산물,1.0,476400.0,2,474.0
2026-01-26,수입,10.5,11470400.0,2,1094.5
2026-01-26,쌈,52.8,89236200.0,19,1691.6
2026-01-26,월동,356.4,305345100.0,4,856.7
2026-01-26,저장,10.1,8855100.0,1,876.7
2026-01-27,기타,0.5,1921500.0,5,3731.1
2026-01-27,수입,6.2,7710000.0,2,1243.5
2026-01-27,쌈,53.2,92946800.0,14,1747.3
2026-01-27,월동,330.6,283951300.0,4,858.9
2026-01-28,기타,0.5,2128250.0,4,4480.5
2026-01-28,수입,7.2,9695000.0,2,1346.5
2026-01-28,쌈,52.9,94839800.0,11,1792.6
2026-01-28,월동,326.2,271892600.0,5,833.4
2026-01-29,기타,3.7,29108567.0,19,7954.0
2026-01-29,수입,14.8,17625000.0,3,1190.9
2026-01-29,쌈,40.3,76568900.0,17,1901.7
2026-01-29,월동,420.7,322096500.0,5,765.6
2026-01-30,기타,0.5,1922000.0,4,4205.7
2026-01-30,기타부산물,0.4,204400.0,1,486.7
2026-01-30,수입,6.7,9365000.0,2,1397.8
2026-01-30,쌈,38.1,77136600.0,15,2024.8
2026-01-30,월동,243.9,187656700.0,5,769.4
2026-01-31,기타,0.1,215667.0,3,2995.4
2026-01-31,수입,15.5,19085000.0,2,1231.3
2026-01-31,쌈,62.6,124435100.0,16,1987.4
2026-01-31,월동,162.1,128559200.0,5,793.3
2026-02-02,기타,1.3,6794800.0,8,5037.7
2026-02-02,기타부산물,0.5,93000.0,1,206.7
2026-02-02,수입,15.5,19559400.0,3,1262.6
2026-02-02,쌈,65.8,127212000.0,19,1934.3
2026-02-02,월동,290.8,236794000.0,7,814.4
2026-02-03,기타,0.4,1939125.0,6,4377.3
2026-02-03,수입,13.2,13807600.0,3,1050.0
2026-02-03,쌈,39.2,77568100.0,16,1979.3
2026-02-03,월동,341.8,276179100.0,7,808.1
2026-02-04,기타,0.2,1221000.0,6,5108.8
2026-02-04,수입,5.7,8677000.0,2,1517.0
2026-02-04,쌈,70.4,132633500.0,21,1882.8
2026-02-04,월동,367.1,281801900.0,5,767.7
2026-02-05,기타,1.2,7728000.0,14,6516.0
2026-02-05,기타부산물,1.0,438000.0,1,456.2
2026-02-05,수입,9.4,12877500.0,2,1365.6
2026-02-05,쌈,58.4,104416700.0,20,1789.2
2026-02-05,월동,306.1,243451900.0,5,795.5
2026-02-06,기타,1.0,3561000.0,9,3717.1
2026-02-06,기타부산물,0.8,106000.0,1,133.3
2026-02-06,수입,5.6,7875000.0,2,1406.2
2026-02-06,쌈,67.3,126396300.0,16,1877.0
2026-02-06,월동,417.4,313809700.0,5,751.7
2026-02-07,기타,0.5,1689350.0,7,3325.5
2026-02-07,수입,7.6,10305000.0,2,1355.9
2026-02-07,쌈,64.6,118588200.0,12,1836.4
2026-02-07,월동,293.8,217331500.0,4,739.8
2026-02-09,기타,0.6,5426500.0,4,9470.3
2026-02-09,수입,11.0,15629000.0,3,1420.8
2026-02-09,쌈,44.5,104908100.0,13,2359.9
2026-02-09,월동,248.6,207232200.0,3,833.6
2026-02-09,저장,13.7,11938800.0,1,874.6
2026-02-10,기타,0.5,1598000.0,3,3458.9
2026-02-10,수입,12.4,20500000.0,2,1653.2
2026-02-10,쌈,68.9,163053300.0,16,2366.3
2026-02-10,월동,302.6,231955000.0,3,766.6
2026-02-10,저장,20.8,15912300.0,2,766.9
2026-02-11,기타,0.3,901500.0,5,2826.0
2026-02-11,수입,16.6,28820000.0,2,1736.1
2026-02-11,쌈,40.3,112938000.0,10,2804.2
2026-02-11,월동,311.6,265154100.0,2,850.9
2026-02-11,저장,12.0,8908200.0,1,742.4
2026-02-12,기타,0.8,4394500.0,6,5655.7
2026-02-12,수입,20.6,34801200.0,2,1687.7
2026-02-12,쌈,50.9,128430200.0,21,2523.0
2026-02-12,월동,513.0,383889600.0,5,748.4
2026-02-13,기타,1.1,2810300.0,4,2561.8
2026-02-13,수입,12.0,20615000.0,2,1717.9
2026-02-13,쌈,92.6,209700200.0,14,2264.0
2026-02-13,월동,523.6,353506100.0,4,675.2
2026-02-13,저장,10.1,7039200.0,1,697.0
2026-02-14,기타,1.5,2508400.0,5,1639.5
2026-02-14,수입,11.8,20240000.0,2,1715.3
2026-02-14,쌈,72.1,135792500.0,14,1882.2
2026-02-14,월동,219.7,153206400.0,5,697.4
2026-02-16,수입,7.2,8015000.0,2,1113.2
2026-02-16,쌈,29.0,44575100.0,9,1537.5
2026-02-16,월동,43.3,35538100.0,2,820.9
2026-02-20,기타,1.5,7186400.0,7,4865.5
2026-02-20,기타부산물,1.2,202000.0,1,166.3
2026-02-20,수입,7.6,10897000.0,3,1433.8
2026-02-20,쌈,49.0,90265300.0,16,1842.1
2026-02-20,월동,386.1,276488700.0,3,716.2
2026-02-21,기타,0.6,4862500.0,5,8037.2
2026-02-21,수입,6.2,8855000.0,3,1428.2
2026-02-21,쌈,52.4,96483100.0,14,1841.1
2026-02-21,월동,332.0,237798400.0,4,716.2
2026-02-23,기타,1.4,15420500.0,8,11093.9
2026-02-23,수입,6.5,9190000.0,3,1403.1
2026-02-23,쌈,66.1,107194500.0,15,1620.6
2026-02-23,월동,327.2,255099800.0,4,779.7
2026-02-24,기타,0.8,10375250.0,15,12351.5
2026-02-24,수입,7.5,8935000.0,3,1199.3
2026-02-24,쌈,45.7,76060600.0,13,1664.5
2026-02-24,월동,327.8,255966600.0,4,780.8
2026-02-25,기타,0.6,3724100.0,22,6262.1
2026-02-25,수입,3.6,3960000.0,2,1100.0
2026-02-25,쌈,32.6,43631000.0,8,1339.2
2026-02-25,월동,245.9,198113100.0,5,805.6
2026-02-26,기타,1.0,6070375.0,14,6339.8
2026-02-26,수입,4.5,4750000.0,3,1044.0
2026-02-26,쌈,42.3,63177800.0,11,1494.1
2026-02-26,월동,317.7,261711600.0,5,823.8
2026-02-27,기타,0.7,5481000.0,15,8387.1
2026-02-27,수입,3.2,3815000.0,2,1192.2
2026-02-27,쌈,59.0,88511200.0,12,1500.5
2026-02-27,월동,321.9,258714600.0,4,803.7
2026-02-28,기타,0.1,2380000.0,1,17000.0
2026-02-28,수입,4.0,4685000.0,2,1171.2
2026-02-28,쌈,47.8,72755500.0,13,1520.7
2026-02-28,월동,235.3,171755100.0,4,729.8
2026-02-28,저장,11.4,5907200.0,1,520.0
2026-03-02,기타,0.8,4636250.0,5,5861.3
2026-03-02,수입,5.8,7130000.0,3,1218.8
2026-03-02,쌈,48.1,74606200.0,13,1552.4
2026-03-02,월동,489.6,352693700.0,5,720.3
2026-03-03,기타,0.3,3330200.0,3,13069.9
2026-03-03,수입,4.8,5150000.0,3,1084.2
2026-03-03,쌈,41.0,69898600.0,8,1706.0
2026-03-03,월동,372.5,246734400.0,4,662.4
2026-03-03,저장,19.9,10181400.0,1,512.1
2026-03-04,기타,0.5,7451250.0,3,15022.7
2026-03-04,수입,4.8,5010000.0,2,1043.8
2026-03-04,쌈,56.4,80444200.0,11,1425.1
2026-03-04,월동,220.0,157609800.0,3,716.4
2026-03-05,기타,0.6,3910000.0,3,6627.1
2026-03-05,수입,6.4,7105000.0,2,1110.2
2026-03-05,쌈,56.0,92982600.0,14,1661.7
2026-03-05,월동,334.1,223505100.0,5,669.0
2026-03-06,기타,1.0,7480000.0,7,7679.7
2026-03-06,수입,4.4,4815400.0,2,1091.9
2026-03-06,쌈,47.3,74722600.0,17,1580.8
2026-03-06,월동,386.2,255966400.0,5,662.7
2026-03-09,기타,0.3,1343500.0,5,3882.9
2026-03-09,수입,7.1,7339800.0,3,1036.7
2026-03-09,쌈,49.6,87685300.0,16,1767.1
2026-03-09,월동,302.1,216210000.0,3,715.8
2026-03-09,저장,64.6,42326700.0,2,655.6
2026-03-10,고랭지,292.7,204890000.0,1,700.0
2026-03-10,수입,8.6,7725800.0,2,895.8
2026-03-10,쌈,31.0,55520000.0,10,1788.3
2026-03-10,월동,265.9,183793100.0,3,691.2
2026-03-10,저장,53.5,37146900.0,2,695.0
2026-03-11,기타,0.4,707000.0,2,1745.7
2026-03-11,수입,6.5,5238600.0,2,802.5
2026-03-11,쌈,33.1,52519300.0,7,1586.7
2026-03-11,월동,254.1,176044800.0,3,692.9
2026-03-11,저장,51.6,35336500.0,2,684.8
2026-03-12,기타,0.4,610000.0,2,1631.0
2026-03-12,기타부산물,2.3,666000.0,1,286.1
2026-03-12,수입,1.2,1170000.0,1,975.0
2026-03-12,쌈,39.2,57036100.0,14,1456.0
2026-03-12,월동,232.4,172574600.0,3,742.4
2026-03-12,저장,49.7,35237300.0,2,709.0
2026-03-13,기타,0.0,15500.0,1,7750.0
2026-03-13,수입,3.8,4052600.0,2,1075.5
2026-03-13,쌈,35.1,53831500.0,14,1534.9
2026-03-13,월동,200.5,157566900.0,2,785.7
2026-03-13,저장,41.5,32133800.0,2,773.6
2026-03-14,기타,0.2,556000.0,3,3159.1
2026-03-14,수입,3.8,4070800.0,2,1080.4
2026-03-14,쌈,32.5,49110800.0,12,1511.3
2026-03-14,월동,218.6,165185100.0,3,755.6
2026-03-14,저장,33.4,22955200.0,2,687.1
2026-03-16,기타,0.2,160000.0,1,666.7
2026-03-16,수입,4.5,5146200.0,2,1144.6
2026-03-16,쌈,37.1,60137000.0,15,1622.5
2026-03-16,월동,135.1,108417200.0,3,802.7
2026-03-16,저장,226.1,158420000.0,3,700.7
2026-03-17,기타,0.4,621000.0,4,1544.8
2026-03-17,수입,5.0,6372100.0,2,1269.3
2026-03-17,쌈,33.0,55648300.0,14,1684.7
2026-03-17,월동,86.5,73372700.0,2,848.3
2026-03-17,저장,244.1,162127400.0,4,664.2
2026-03-18,기타,0.4,789000.0,5,2216.3
2026-03-18,수입,4.6,6525000.0,2,1418.5
2026-03-18,쌈,44.5,72969800.0,17,1640.1
2026-03-18,월동,91.5,80637500.0,3,881.8
2026-03-18,저장,241.6,161155800.0,4,667.0
2026-03-19,기타,0.4,317000.0,3,866.1
2026-03-19,수입,4.4,6530000.0,2,1484.1
2026-03-19,쌈,41.4,69192500.0,17,1669.6
2026-03-19,월동,48.6,42114500.0,2,866.2
2026-03-19,저장,305.2,191488900.0,4,627.4
2026-03-20,기타,0.2,462000.0,1,2800.0
2026-03-20,기타부산물,2.7,747600.0,1,278.1
2026-03-20,수입,4.4,6285000.0,2,1428.4
2026-03-20,쌈,18.3,38237100.0,13,2087.0
2026-03-20,월동,50.2,42031300.0,2,837.1
2026-03-20,저장,306.1,197123200.0,4,644.1
2026-03-21,기타,0.7,754000.0,3,1112.1
2026-03-21,수입,2.4,4165000.0,1,1735.4
2026-03-21,쌈,37.3,63901700.0,14,1711.1
2026-03-21,월동,18.9,14783400.0,2,782.2
2026-03-21,저장,188.3,129142600.0,4,685.9
2026-03-23,기타,0.1,327000.0,2,2554.7
2026-03-23,수입,6.6,7910000.0,2,1198.5
2026-03-23,쌈,38.8,75780000.0,13,1951.2
2026-03-23,월동,15.3,10537800.0,1,686.5
2026-03-23,저장,434.4,275511800.0,4,634.2
2026-03-24,기타,0.4,341500.0,3,801.6
2026-03-24,수입,4.4,6955000.0,2,1580.7
2026-03-24,쌈,36.3,74754400.0,17,2056.6
2026-03-24,저장,471.9,274768200.0,6,582.3
2026-03-25,기타,0.0,6000.0,1,1200.0
2026-03-25,수입,4.3,7955000.0,2,1850.0
2026-03-25,쌈,28.6,61651100.0,14,2159.3
2026-03-25,저장,326.5,203657700.0,5,623.7
2026-03-26,기타,0.0,17500.0,1,2187.5
2026-03-26,수입,2.4,5065000.0,1,2110.4
2026-03-26,쌈,36.8,75715300.0,13,2058.7
2026-03-26,저장,271.9,174234200.0,5,640.9
2026-03-27,기타,0.2,124500.0,3,732.4
2026-03-27,수입,2.8,5725000.0,1,2044.6
2026-03-27,쌈,34.4,72806400.0,10,2116.2
2026-03-27,저장,387.1,223180300.0,6,576.5
2026-03-28,기타,0.4,302500.0,2,781.7
2026-03-28,수입,2.7,5003000.0,1,1866.8
2026-03-28,쌈,36.4,74603500.0,13,2049.0
2026-03-28,월동,9.0,10807500.0,1,1200.8
2026-03-28,저장,137.8,85586200.0,5,621.3
2026-03-30,기타,0.2,198000.0,2,1000.0
2026-03-30,수입,2.8,5080000.0,1,1814.3
2026-03-30,쌈,45.3,86392600.0,16,1908.3
2026-03-30,저장,336.8,223773800.0,5,664.5
2026-03-31,기타,0.0,17000.0,2,1416.7
2026-03-31,수입,4.2,7550000.0,2,1797.6
2026-03-31,쌈,34.3,71958000.0,12,2098.6
2026-03-31,저장,389.0,227136400.0,4,583.9
2026-04-01,기타,0.1,75000.0,2,714.3
2026-04-01,수입,4.2,6900000.0,2,1642.9
2026-04-01,쌈,42.5,81253500.0,12,1913.9
2026-04-01,저장,352.0,203265800.0,4,577.5
2026-04-02,수입,4.0,7075000.0,1,1768.8
2026-04-02,쌈,41.7,85712900.0,16,2057.4
2026-04-02,저장,325.9,193479000.0,4,593.6
2026-04-03,기타,0.1,149000.0,5,1935.1
2026-04-03,수입,4.8,8805000.0,1,1834.4
2026-04-03,쌈,28.5,56678100.0,8,1992.1
2026-04-03,저장,314.1,204970500.0,4,652.5
2026-04-06,기타,0.0,137000.0,5,3512.8
2026-04-06,수입,4.8,9160000.0,1,1908.3
2026-04-06,쌈,49.2,102798400.0,14,2089.5
2026-04-06,저장,507.2,273754500.0,6,539.7
2026-04-07,기타,0.0,69000.0,2,6900.0
2026-04-07,수입,4.8,8400000.0,1,1750.0
2026-04-07,쌈,37.6,72518800.0,11,1928.4
2026-04-07,저장,367.1,191082100.0,4,520.5
2026-04-08,기타,0.0,34000.0,2,5666.7
2026-04-08,수입,4.0,5865000.0,1,1466.2
2026-04-08,쌈,47.8,83671600.0,13,1749.4
2026-04-08,저장,305.1,150607100.0,4,493.6
2026-04-09,기타,0.0,68500.0,3,3113.6
2026-04-09,수입,4.0,5065000.0,1,1266.2
2026-04-09,쌈,42.5,66300200.0,8,1560.8
2026-04-09,저장,338.4,169095900.0,4,499.6
2026-04-10,기타,0.1,90500.0,4,838.0
2026-04-10,수입,4.0,4717500.0,1,1167.7
2026-04-10,쌈,33.5,53934500.0,12,1609.6
2026-04-10,저장,254.8,129646900.0,3,508.9
2026-04-11,기타,0.1,102000.0,3,1700.0
2026-04-11,수입,6.5,6640000.0,2,1021.5
2026-04-11,쌈,30.1,54540600.0,9,1810.8
2026-04-11,저장,117.1,70354400.0,4,601.0
2026-04-13,고랭지,131.7,107961200.0,1,820.0
2026-04-13,기타,0.0,625000.0,5,16891.9
2026-04-13,수입,7.3,7250000.0,2,993.2
2026-04-13,쌈,37.3,67986300.0,9,1822.7
2026-04-13,저장,360.8,197451700.0,5,547.3
2026-04-14,기타,0.6,3362000.0,5,5820.6
2026-04-14,수입,6.8,5472500.0,2,804.8
2026-04-14,쌈,44.0,75145200.0,11,1709.3
2026-04-14,저장,323.3,184455400.0,4,570.6
2026-04-15,기타,0.6,2232000.0,3,3487.5
2026-04-15,수입,5.8,4730000.0,2,815.5
2026-04-15,쌈,35.6,62077100.0,12,1743.8
2026-04-15,저장,353.5,199228500.0,4,563.5
2026-04-16,기타,0.1,203100.0,4,3582.0
2026-04-16,수입,2.2,1935000.0,2,879.5
2026-04-16,쌈,35.9,59532200.0,11,1657.1
2026-04-16,저장,383.5,196013800.0,4,511.2
2026-04-17,기타,0.0,24000.0,1,857.1
2026-04-17,기타부산물,0.0,10000.0,1,625.0
2026-04-17,수입,2.4,2400000.0,1,1000.0
2026-04-17,쌈,21.2,34764700.0,8,1642.0
2026-04-17,저장,353.8,168934900.0,5,477.4
2026-04-18,기타,0.1,176000.0,3,2315.8
2026-04-18,기타부산물,0.1,51000.0,1,637.5
2026-04-18,수입,2.4,2625000.0,1,1093.8
2026-04-18,쌈,44.5,71204200.0,11,1600.7
2026-04-18,저장,145.4,87464100.0,3,601.7
2026-04-20,기타부산물,0.1,67600.0,1,650.0
2026-04-20,수입,5.4,5875000.0,2,1088.0
2026-04-20,쌈,34.9,61052100.0,12,1748.5
2026-04-20,저장,375.4,189156100.0,5,503.9
2026-04-21,기타부산물,0.0,32500.0,1,812.5
2026-04-21,수입,11.4,13470000.0,2,1181.6
2026-04-21,쌈,35.8,58199300.0,16,1626.5
2026-04-21,저장,404.4,175112300.0,5,433.0
2026-04-22,기타,0.0,8000.0,1,2000.0
2026-04-22,기타부산물,0.2,138000.0,1,750.0
2026-04-22,수입,7.6,7340000.0,2,965.8
2026-04-22,쌈,27.7,43572400.0,13,1571.1
2026-04-22,저장,327.1,151521700.0,5,463.2
2026-04-23,기타,0.0,129000.0,4,4961.5
2026-04-23,기타부산물,0.2,168000.0,1,750.0
2026-04-23,수입,4.7,4401000.0,2,940.4
2026-04-23,쌈,36.7,55214100.0,10,1504.8
2026-04-23,저장,348.3,166490400.0,5,478.0
2026-04-24,기타,0.0,232000.0,2,5800.0
2026-04-24,수입,7.6,7905000.0,2,1040.1
2026-04-24,쌈,44.4,66488500.0,13,1497.3
2026-04-24,저장,300.9,154420800.0,5,513.2
2026-04-25,기타,0.0,53250.0,3,11833.3
2026-04-25,기타부산물,0.0,9400.0,1,587.5
2026-04-25,수입,4.2,4595000.0,2,1094.0
2026-04-25,쌈,22.0,34349000.0,7,1560.3
2026-04-25,저장,236.7,108646100.0,4,459.0
2026-04-27,기타,0.0,22000.0,2,1100.0
2026-04-27,봄,30.1,5084000.0,2,169.1
2026-04-27,수입,3.5,5060000.0,2,1445.7
2026-04-27,쌈,15.4,30329400.0,10,1966.6
2026-04-27,저장,404.7,181681400.0,5,449.0
2026-04-28,기타,0.0,72000.0,2,2666.7
2026-04-28,기타부산물,0.2,100700.0,1,662.5
2026-04-28,수입,6.9,8486000.0,2,1223.5
2026-04-28,쌈,30.1,56957900.0,12,1891.0
2026-04-28,저장,312.8,146056200.0,5,467.0
2026-04-29,기타,0.0,18000.0,1,10000.0
2026-04-29,기타부산물,0.1,89600.0,1,700.0
2026-04-29,봄,1.5,444000.0,1,300.0
2026-04-29,수입,4.1,5315000.0,2,1296.3
2026-04-29,쌈,18.2,36862700.0,14,2027.3
2026-04-29,저장,236.0,115288800.0,4,488.6
2026-04-30,기타,0.8,948150.0,5,1136.2
2026-04-30,봄,39.8,9854800.0,1,247.9
2026-04-30,수입,3.8,5160000.0,2,1357.9
2026-04-30,쌈,24.4,51853100.0,12,2129.1
2026-04-30,저장,259.6,123341000.0,4,475.1
2026-05-01,기타,1.0,587000.0,4,571.0
2026-05-01,봄,60.1,15448100.0,1,257.0
2026-05-01,수입,3.4,6080000.0,2,1788.2
2026-05-01,쌈,19.2,44992200.0,12,2343.7
2026-05-01,저장,177.4,115281100.0,4,649.7
2026-05-02,봄,20.1,11256100.0,1,559.4
2026-05-02,수입,2.5,3685000.0,1,1474.0
2026-05-02,쌈,32.4,68116900.0,16,2105.0
2026-05-02,저장,95.3,84786200.0,4,890.0
2026-05-04,기타,0.4,232000.0,1,580.0
2026-05-04,봄,144.8,43764400.0,3,302.2
2026-05-04,수입,7.3,11372500.0,2,1547.3
2026-05-04,쌈,30.0,67489300.0,18,2247.7
2026-05-04,저장,276.8,166738000.0,5,602.3
2026-05-05,봄,200.2,51596300.0,3,257.8
2026-05-05,수입,4.6,7115000.0,2,1546.7
2026-05-05,쌈,43.9,84051300.0,19,1914.3
2026-05-05,저장,262.2,131781700.0,5,502.6
2026-05-06,기타부산물,0.4,270300.0,1,637.5
2026-05-06,봄,180.3,41050200.0,2,227.7
2026-05-06,수입,3.8,5287300.0,2,1402.5
2026-05-06,쌈,26.0,44897300.0,20,1726.3
2026-05-06,저장,252.3,125027300.0,4,495.5
2026-05-07,기타부산물,0.4,275000.0,1,687.5
2026-05-07,봄,194.3,40607900.0,2,209.0
2026-05-07,수입,4.7,5725000.0,2,1218.1
2026-05-07,쌈,43.7,75244000.0,19,1721.4
2026-05-07,저장,242.1,111381200.0,5,460.1
2026-05-08,기타부산물,0.3,131700.0,1,422.1
2026-05-08,봄,139.4,43539300.0,2,312.3
2026-05-08,수입,4.0,4435000.0,2,1108.8
2026-05-08,쌈,34.4,57429500.0,20,1668.4
2026-05-08,저장,262.5,96662900.0,4,368.2
2026-05-09,기타,0.2,562500.0,3,3178.0
2026-05-09,기타부산물,0.5,283500.0,1,562.5
2026-05-09,봄,161.2,37629800.0,1,233.4
2026-05-09,수입,1.9,2194000.0,2,1128.6
2026-05-09,쌈,28.8,44576800.0,18,1549.7
2026-05-09,저장,116.0,54040700.0,4,465.7
2026-05-11,기타,1.6,2895300.0,5,1760.1
2026-05-11,봄,153.3,42583800.0,2,277.8
2026-05-11,쌈,42.0,68918600.0,18,1641.8
2026-05-11,저장,214.0,83212100.0,4,388.8
2026-05-12,고랭지,287.2,264251600.0,1,920.0
2026-05-12,기타,0.0,231500.0,2,5511.9
2026-05-12,봄,183.5,46596300.0,2,253.9
2026-05-12,수입,0.5,460000.0,1,920.0
2026-05-12,쌈,33.4,46865900.0,16,1402.4
2026-05-12,저장,202.8,70920200.0,3,349.7
2026-05-13,기타,1.6,4529000.0,5,2744.8
2026-05-13,봄,139.2,43565600.0,2,313.1
2026-05-13,쌈,46.9,64156500.0,20,1366.7
2026-05-13,저장,187.7,70489500.0,4,375.5
2026-05-14,기타,1.5,4126300.0,7,2738.1
2026-05-14,봄,107.7,48113800.0,1,446.6
2026-05-14,쌈,29.2,39332800.0,12,1348.2
2026-05-14,저장,148.6,75574400.0,3,508.5
2026-05-15,기타,1.8,4641400.0,8,2517.0
2026-05-15,봄,128.5,62330100.0,2,484.9
2026-05-15,수입,0.8,930000.0,1,1162.5
2026-05-15,쌈,49.9,65306200.0,14,1308.4
2026-05-15,저장,165.8,71333200.0,2,430.2
2026-05-16,기타,1.9,5467000.0,7,2868.3
2026-05-16,봄,174.5,42832500.0,2,245.5
2026-05-16,쌈,28.4,40739900.0,8,1432.1
2026-05-16,저장,117.7,47199800.0,4,400.9
2026-05-18,기타,4.6,12478800.0,6,2726.4
2026-05-18,봄,106.7,54657800.0,3,512.4
2026-05-18,수입,2.6,2335000.0,2,898.1
2026-05-18,쌈,21.3,35022000.0,9,1641.8
2026-05-18,저장,138.9,62835000.0,3,452.4
2026-05-19,기타,2.1,5507500.0,8,2612.7
2026-05-19,기타부산물,0.0,20000.0,1,625.0
2026-05-19,봄,173.1,53797100.0,6,310.8
2026-05-19,수입,2.4,1550000.0,1,645.8
2026-05-19,쌈,44.3,49532100.0,16,1117.2
2026-05-19,저장,182.0,81688000.0,3,448.8
2026-05-20,기타,3.0,7908000.0,9,2679.8
2026-05-20,봄,165.2,58887300.0,4,356.5
2026-05-20,쌈,46.0,50290500.0,26,1093.4
2026-05-20,저장,142.8,63595500.0,2,445.4
2026-05-21,기타,2.3,5616800.0,7,2493.0
2026-05-21,봄,165.2,57231200.0,7,346.4
2026-05-21,쌈,33.8,38185700.0,16,1128.8
2026-05-21,저장,111.2,56641900.0,2,509.2
2026-05-22,기타,4.1,10299100.0,5,2512.0
2026-05-22,봄,190.5,47131500.0,6,247.4
2026-05-22,수입,2.1,1655000.0,2,788.1
2026-05-22,쌈,25.5,46716500.0,14,1832.5
2026-05-22,저장,145.4,59081400.0,3,406.4
2026-05-23,기타,5.0,12987800.0,8,2609.6
2026-05-23,봄,156.5,44878100.0,3,286.8
2026-05-23,수입,4.5,1390000.0,2,308.9
2026-05-23,쌈,28.5,43078300.0,16,1513.2
2026-05-23,저장,29.9,34348800.0,2,1148.4
2026-05-25,기타,0.0,7000.0,1,875.0
2026-05-25,기타부산물,0.8,725200.0,1,925.0
2026-05-25,봄,270.6,86315400.0,8,319.0
2026-05-25,수입,3.7,1930000.0,2,521.6
2026-05-25,쌈,42.9,65953600.0,17,1536.3
2026-05-25,저장,34.0,44421300.0,2,1308.4
2026-05-26,기타,0.0,55000.0,1,5500.0
2026-05-26,기타부산물,1.7,1260300.0,2,732.7
2026-05-26,봄,241.2,102189200.0,7,423.7
2026-05-26,수입,1.8,1195000.0,2,663.9
2026-05-26,쌈,36.5,54343000.0,17,1489.9
2026-05-26,저장,43.2,37796200.0,1,875.7
2026-05-27,기타,0.8,344800.0,2,409.5
2026-05-27,기타부산물,1.3,915000.0,2,684.9
2026-05-27,봄,211.0,94587000.0,7,448.2
2026-05-27,수입,2.8,1370000.0,2,489.3
2026-05-27,쌈,18.2,28740400.0,14,1582.5
2026-05-27,저장,39.0,44893500.0,1,1149.9
2026-05-28,기타,0.0,57500.0,1,5750.0
2026-05-28,기타부산물,1.9,1244500.0,2,650.9
2026-05-28,봄,251.7,77393800.0,3,307.5
2026-05-28,수입,2.8,1645000.0,2,587.5
2026-05-28,쌈,25.1,34989700.0,16,1396.5
2026-05-28,저장,43.0,34459100.0,2,801.0
2026-05-29,기타,1.1,544800.0,7,474.6
2026-05-29,기타부산물,2.8,883300.0,3,314.6
2026-05-29,봄,269.9,78496900.0,7,290.8
2026-05-29,수입,1.8,855000.0,2,475.0
2026-05-29,쌈,50.2,62215600.0,29,1239.9
2026-05-29,저장,41.4,30654400.0,1,740.6
2026-05-30,기타,0.3,255500.0,5,774.2
2026-05-30,기타부산물,1.4,475000.0,2,341.2
2026-05-30,봄,290.2,76229800.0,6,262.7
2026-05-30,수입,0.9,305000.0,2,338.9
2026-05-30,쌈,37.0,41228600.0,23,1114.0
2026-05-30,저장,11.9,15324300.0,1,1291.0
2026-06-01,기타,11.7,2027400.0,9,173.2
2026-06-01,기타부산물,1.8,652900.0,1,359.5
2026-06-01,봄,225.9,125287500.0,7,554.6
2026-06-01,쌈,41.2,44375500.0,13,1078.2
2026-06-01,저장,50.8,48629200.0,1,957.5
2026-06-02,기타,0.4,214500.0,5,513.2
2026-06-02,기타부산물,0.5,196000.0,1,382.8
2026-06-02,봄,288.8,138537500.0,9,479.6
2026-06-02,쌈,41.5,59390300.0,15,1430.9
2026-06-02,저장,42.6,34499600.0,2,810.6
2026-06-04,기타,0.3,230000.0,5,845.6
2026-06-04,봄,338.0,148394000.0,10,439.0
2026-06-04,수입,4.6,2145000.0,2,466.3
2026-06-04,쌈,33.9,56722500.0,17,1672.7
2026-06-04,저장,65.9,47199800.0,2,716.5
2026-06-05,기타,0.1,147000.0,5,986.6
2026-06-05,기타부산물,0.1,21700.0,1,387.5
2026-06-05,봄,285.6,112680400.0,5,394.5
2026-06-05,수입,2.9,1294200.0,1,450.9
2026-06-05,쌈,45.3,52024100.0,16,1148.8
2026-06-05,저장,65.2,34659700.0,3,531.8
2026-06-06,기타,0.2,159000.0,5,1053.0
2026-06-06,기타부산물,0.4,145000.0,1,385.6
2026-06-06,봄,147.9,87379700.0,7,590.9
2026-06-06,수입,1.5,600000.0,1,400.0
2026-06-06,쌈,22.5,32510100.0,13,1441.9
2026-06-06,저장,32.1,19676200.0,2,612.6
2026-06-08,기타,0.3,187550.0,4,747.2
2026-06-08,봄,357.2,124641000.0,14,348.9
2026-06-08,수입,1.8,744000.0,1,413.3
2026-06-08,쌈,46.0,54847300.0,19,1192.4
2026-06-08,저장,27.8,22100300.0,1,794.7
2026-06-09,기타,0.2,251750.0,6,1346.3
2026-06-09,봄,209.4,109091700.0,11,520.9
2026-06-09,수입,0.4,255000.0,1,637.5
2026-06-09,쌈,30.9,38757400.0,14,1255.9
2026-06-10,기타,0.4,563500.0,12,1565.3
2026-06-10,기타부산물,0.1,63000.0,1,787.5
2026-06-10,봄,279.9,125557600.0,12,448.6
2026-06-10,쌈,29.5,31427600.0,11,1064.7
2026-06-11,기타,0.4,434100.0,9,1071.9
2026-06-11,봄,380.1,134181300.0,15,353.0
2026-06-11,쌈,32.2,33490700.0,15,1041.0
2026-06-12,기타,0.4,470800.0,8,1126.3
2026-06-12,봄,209.4,95377400.0,10,455.5
2026-06-12,쌈,35.0,37626600.0,19,1074.0
2026-06-13,기타,0.4,489050.0,11,1181.3
2026-06-13,봄,248.2,78596100.0,9,316.6
2026-06-13,쌈,33.8,42064800.0,17,1244.5
2026-06-15,기타,0.4,771700.0,11,2120.1
2026-06-15,봄,263.4,137193500.0,12,520.9
2026-06-15,쌈,41.4,65234100.0,20,1577.0
2026-06-16,고랭지,174.3,160356000.0,1,920.0
2026-06-16,기타,0.9,971900.0,12,1087.1
2026-06-16,봄,325.1,131994200.0,12,405.9
2026-06-16,쌈,37.7,52579300.0,13,1393.3
2026-06-17,기타,0.2,618500.0,10,2824.2
2026-06-17,기타부산물,0.0,20000.0,1,625.0
2026-06-17,봄,393.3,128434200.0,8,326.6
2026-06-17,쌈,35.6,46979300.0,17,1320.5
2026-06-18,고랭지,0.7,332000.0,2,474.3
2026-06-18,기타,2.9,1545300.0,7,541.5
2026-06-18,봄,366.1,111687600.0,7,305.1
2026-06-18,쌈,40.5,48472300.0,17,1195.8
2026-06-19,기타,0.3,1075500.0,10,4028.1
2026-06-19,봄,135.2,104184700.0,6,770.8
2026-06-19,쌈,55.9,65569300.0,17,1173.1
2026-06-20,기타,3.2,1511213.0,12,474.2
2026-06-20,기타부산물,0.5,273400.0,1,510.1
2026-06-20,봄,251.9,98737400.0,7,391.9
2026-06-20,쌈,33.4,36158700.0,16,1083.4
2026-06-22,기타,0.5,1860125.0,12,4035.0
2026-06-22,봄,301.3,147658500.0,9,490.1
2026-06-22,쌈,32.7,47903100.0,11,1465.7
2026-06-23,기타,0.2,995500.0,12,4977.5
2026-06-23,기타부산물,0.6,120600.0,1,193.3
2026-06-23,봄,406.1,128986200.0,11,317.6
2026-06-23,쌈,38.9,53942700.0,14,1387.9
2026-06-24,기타,0.5,1482250.0,14,2755.1
2026-06-24,봄,399.0,136449900.0,7,342.0
2026-06-24,쌈,43.7,54574100.0,14,1249.1
2026-06-25,기타,1.3,1606250.0,18,1272.8
2026-06-25,기타부산물,1.0,341000.0,2,358.2
2026-06-25,봄,331.9,116152100.0,8,349.9
2026-06-25,쌈,55.4,61162400.0,12,1104.7
2026-06-26,기타,4.7,3073707.0,18,660.0
2026-06-26,기타부산물,2.1,804200.0,2,375.1
2026-06-26,봄,311.4,129966800.0,4,417.4
2026-06-26,쌈,34.7,45609600.0,10,1314.4
2026-06-27,기타,0.7,1527125.0,13,2077.7
2026-06-27,봄,218.8,95610700.0,6,436.9
2026-06-27,쌈,25.9,45704100.0,9,1765.0
2026-06-29,기타,2.6,3657250.0,13,1429.2
2026-06-29,기타부산물,2.1,646800.0,1,306.2
2026-06-29,봄,477.6,163862000.0,6,343.1
2026-06-29,수입,0.9,530000.0,2,588.9
2026-06-29,쌈,45.4,70291000.0,12,1549.3
2026-06-30,기타,3.7,2869750.0,17,775.4
2026-06-30,기타부산물,2.6,905700.0,2,352.7
2026-06-30,봄,354.5,122719600.0,5,346.2
2026-06-30,수입,0.8,485000.0,1,606.2
2026-06-30,쌈,54.0,68364700.0,13,1266.8
2026-07-01,기타,4.0,4137600.0,13,1029.3
2026-07-01,수입,1.4,755000.0,2,539.3
2026-07-01,쌈,44.7,56658100.0,13,1266.1
2026-07-01,여름,378.3,123148600.0,4,325.5
2026-07-02,기타,2.6,3052750.0,18,1173.7
2026-07-02,기타부산물,0.2,64200.0,1,382.1
2026-07-02,수입,0.4,122000.0,1,305.0
2026-07-02,쌈,43.1,53513400.0,10,1240.4
2026-07-02,여름,349.6,129235600.0,5,369.6
2026-07-03,기타,2.2,4197775.0,15,1875.5
2026-07-03,수입,2.5,1351200.0,2,550.2
2026-07-03,쌈,41.6,58632800.0,10,1408.0
2026-07-03,여름,464.5,142420600.0,11,306.6
2026-07-04,기타,2.9,3859775.0,22,1320.1
2026-07-04,수입,1.6,1195000.0,1,746.9
2026-07-04,쌈,25.9,43165100.0,11,1669.4
2026-07-04,여름,277.1,97141400.0,7,350.5
2026-07-06,기타,3.1,7703050.0,20,2467.4
2026-07-06,수입,2.4,2435000.0,1,1014.6
2026-07-06,쌈,43.8,84456100.0,8,1927.6
2026-07-06,여름,385.1,176830000.0,10,459.2
2026-07-07,기타,1.1,3516050.0,18,3135.7
2026-07-07,수입,3.7,4210000.0,2,1137.8
2026-07-07,쌈,35.1,95670900.0,11,2728.8
2026-07-07,여름,317.5,207926000.0,9,654.9
2026-07-09,기타,2.6,5409000.0,20,2064.5
2026-07-09,수입,4.5,2280000.0,2,506.7
2026-07-09,쌈,56.6,79543000.0,14,1405.4
2026-07-09,여름,558.2,192027900.0,9,344.0
2026-07-10,기타,2.3,4291375.0,16,1860.2
2026-07-10,수입,2.7,1200000.0,2,444.4
2026-07-10,쌈,38.3,59661200.0,14,1556.3
2026-07-10,여름,190.4,142535500.0,5,748.4
2026-07-11,기타,6.1,8742250.0,15,1432.2
2026-07-11,수입,3.6,2210000.0,2,613.9
2026-07-11,쌈,49.2,66201600.0,16,1344.4
2026-07-11,여름,455.4,141824900.0,8,311.4
2026-07-13,기타,2.8,4983625.0,27,1800.4
2026-07-13,기타부산물,2.3,228800.0,1,100.0
2026-07-13,수입,3.6,1433000.0,2,397.2
2026-07-13,쌈,58.1,60233000.0,19,1036.4
2026-07-13,여름,757.3,190178000.0,12,251.1
2026-07-14,기타,9.8,7979400.0,21,811.7
2026-07-14,수입,1.7,315000.0,1,187.5
2026-07-14,쌈,67.5,54653800.0,16,810.1
2026-07-14,여름,467.3,134236600.0,9,287.3
2026-07-15,기타,13.6,12079575.0,18,890.6
2026-07-15,기타부산물,0.4,140000.0,1,350.0
2026-07-15,쌈,49.4,59186600.0,9,1198.5
2026-07-15,여름,354.6,143275700.0,6,404.0
2026-07-16,기타,3.6,10571625.0,18,2929.2
2026-07-16,수입,0.9,1005000.0,2,1116.7
2026-07-16,쌈,15.9,42783400.0,8,2689.6
2026-07-16,여름,367.2,120896500.0,8,329.3
2026-07-17,기타,16.0,30551050.0,24,1911.8
2026-07-17,수입,1.8,1065000.0,2,591.7
2026-07-17,쌈,63.1,71326400.0,13,1131.0
2026-07-17,여름,404.8,106470000.0,10,263.0
2026-07-18,기타,16.4,21064375.0,16,1280.5
2026-07-18,기타부산물,0.8,240000.0,1,300.0
2026-07-18,수입,2.4,1467400.0,2,610.4
2026-07-18,쌈,56.7,69197600.0,16,1220.5
2026-07-18,여름,267.3,112166900.0,5,419.7
2026-07-20,기타,15.2,34239575.0,26,2254.7
2026-07-20,기타부산물,0.0,6000.0,1,250.0
2026-07-20,수입,5.9,1710000.0,2,289.8
2026-07-20,쌈,40.8,52424800.0,12,1286.0
2026-07-20,여름,324.9,168136100.0,9,517.5
2026-07-21,기타,10.0,19064100.0,18,1904.1
2026-07-21,기타부산물,0.2,38000.0,1,250.0
2026-07-21,수입,3.6,870000.0,2,241.7
2026-07-21,쌈,40.4,45024500.0,11,1114.4
2026-07-21,여름,380.0,113319300.0,10,298.2
2026-07-22,기타,7.4,18367500.0,21,2465.8
2026-07-22,수입,3.6,845000.0,2,234.7
2026-07-22,쌈,35.1,44489900.0,15,1268.7
2026-07-22,여름,426.0,105938800.0,6,248.7
2026-07-23,기타,7.5,18115400.0,16,2409.0
2026-07-23,수입,3.6,900000.0,2,250.0
2026-07-23,쌈,23.2,36248600.0,14,1565.1
2026-07-23,여름,221.6,159178000.0,6,718.4
2026-07-24,기타,10.4,26186900.0,21,2513.1
2026-07-24,수입,2.8,1385000.0,2,494.6
2026-07-24,쌈,32.5,51624500.0,13,1587.7
2026-07-24,여름,306.6,148673200.0,6,485.0
2026-07-25,기타,10.6,22926875.0,21,2165.2
2026-07-25,수입,2.7,2250000.0,2,833.3
2026-07-25,쌈,32.9,69787500.0,17,2121.0
2026-07-25,여름,272.3,184301300.0,6,676.9
2026-07-27,기타,11.2,28217125.0,21,2514.9
2026-07-27,수입,2.7,2430000.0,2,900.0
2026-07-27,쌈,45.7,92139700.0,12,2014.6
2026-07-27,여름,414.8,272589600.0,6,657.1
2026-07-28,기타,15.5,28718600.0,28,1849.7
2026-07-28,수입,1.5,1019000.0,3,679.3
2026-07-28,쌈,45.6,76469800.0,14,1677.5
2026-07-28,여름,270.2,225285800.0,6,833.7
2026-07-29,기타,8.9,21512000.0,22,2407.3
2026-07-29,수입,0.9,960000.0,2,1066.7
2026-07-29,쌈,24.0,54518500.0,9,2274.7
2026-07-29,여름,394.2,268862900.0,9,682.0
2026-07-29,저장,19.9,7291700.0,1,366.8
2026-07-30,기타,12.7,18729925.0,24,1474.4
2026-07-30,수입,1.8,2100000.0,2,1166.7
2026-07-30,쌈,37.5,88076000.0,11,2348.0
2026-07-30,여름,381.5,232763900.0,7,610.1
2026-07-30,저장,27.0,15686800.0,2,581.9
2026-07-31,기타,7.6,12504750.0,22,1639.1
2026-07-31,수입,1.9,2658100.0,2,1421.4
2026-07-31,쌈,49.7,112424200.0,16,2261.9
2026-07-31,여름,318.9,228460500.0,7,716.3
2026-07-31,저장,26.4,17161200.0,2,650.0
2026-08-03,고랭지,310.7,231585600.0,8,745.4
2026-08-03,기타,17.6,39187125.0,24,2221.5
2026-08-03,기타부산물,2.5,1045800.0,1,423.1
2026-08-03,수입,3.0,1895000.0,3,631.7
2026-08-03,쌈,44.4,101760500.0,14,2291.0
2026-08-03,저장,52.0,36849800.0,6,709.2
2026-08-04,고랭지,339.5,207723300.0,7,611.9
2026-08-04,기타,15.1,32000875.0,19,2121.4
2026-08-04,수입,2.6,1595000.0,3,608.8
2026-08-04,쌈,46.9,83954800.0,16,1789.6
2026-08-04,저장,67.8,43193600.0,4,637.1
2026-08-05,고랭지,334.6,187203700.0,7,559.5
2026-08-05,기타,20.5,30238750.0,29,1471.8
2026-08-05,수입,3.6,4295000.0,2,1193.1
2026-08-05,쌈,30.4,74303500.0,10,2443.5
2026-08-05,저장,60.8,38614500.0,5,634.9
2026-08-06,고랭지,247.6,198215300.0,6,800.7
2026-08-06,기타,5.9,13632150.0,22,2292.7
2026-08-06,수입,5.6,8019400.0,3,1434.1
2026-08-06,쌈,28.2,76514900.0,14,2709.8
2026-08-06,저장,99.7,60704700.0,6,608.7
2026-08-07,고랭지,184.2,155082300.0,5,842.1
2026-08-07,기타,6.0,11257550.0,22,1888.9
2026-08-07,수입,5.3,8055000.0,3,1519.8
2026-08-07,쌈,25.2,78840000.0,8,3124.6
2026-08-07,저장,112.4,78926000.0,7,701.9
2026-08-08,고랭지,162.9,134510400.0,6,825.7
2026-08-08,기타,8.1,11940375.0,19,1467.1
2026-08-08,수입,4.5,9243500.0,3,2058.7
2026-08-08,쌈,28.7,90750200.0,14,3161.1
2026-08-08,저장,119.0,95317800.0,8,801.0
2026-08-10,고랭지,32.1,37009300.0,1,1154.4
2026-08-10,기타,10.1,22631000.0,21,2231.9
2026-08-10,수입,3.9,10436100.0,2,2655.5
2026-08-10,쌈,22.0,88606700.0,13,4028.2
2026-08-10,저장,279.9,299170900.0,13,1068.7
2026-08-11,고랭지,1353.5,888590700.0,5,656.5
2026-08-11,기타,6.2,17059950.0,21,2736.6
2026-08-11,수입,6.0,13565000.0,2,2260.8
2026-08-11,쌈,40.1,110815100.0,17,2765.2
2026-08-11,저장,311.4,243869500.0,13,783.1
2026-08-12,고랭지,284.1,165630700.0,8,583.0
2026-08-12,기타,12.1,24846800.0,19,2057.5
2026-08-12,수입,6.1,12065000.0,2,1977.9
2026-08-12,쌈,52.2,111981600.0,22,2146.4
2026-08-12,저장,290.5,175526600.0,12,604.3
2026-08-13,고랭지,201.5,129788100.0,6,644.1
2026-08-13,기타,7.5,17227275.0,18,2297.9
2026-08-13,기타부산물,1.7,1225800.0,1,709.4
2026-08-13,수입,6.5,13155000.0,2,2023.8
2026-08-13,쌈,33.7,74706000.0,22,2218.0
2026-08-13,저장,245.1,146320600.0,13,597.0
2026-08-14,고랭지,59.4,44022400.0,3,741.5
2026-08-14,기타,12.6,30910500.0,17,2455.6
2026-08-14,수입,5.8,13791100.0,2,2365.5
2026-08-14,쌈,32.6,87251900.0,21,2679.1
2026-08-14,저장,258.7,204593600.0,12,790.9
2026-08-15,고랭지,80.4,92250900.0,3,1148.0
2026-08-15,기타,8.8,23353625.0,18,2659.0
2026-08-15,수입,7.8,22845000.0,2,2928.8
2026-08-15,쌈,32.0,107915000.0,19,3367.7
2026-08-15,저장,146.2,166640200.0,10,1139.9
2026-08-17,고랭지,300.3,164854200.0,4,549.0
2026-08-17,기타,9.5,27750000.0,16,2913.4
2026-08-17,수입,11.3,18731200.0,2,1651.8
2026-08-17,쌈,43.5,120147200.0,21,2759.7
2026-08-17,저장,264.5,196081600.0,13,741.4
2026-08-18,고랭지,140.2,75094200.0,3,535.5
2026-08-18,기타,15.1,39362250.0,19,2600.7
2026-08-18,수입,6.6,17125000.0,2,2594.7
2026-08-18,쌈,42.9,110043400.0,21,2563.0
2026-08-18,저장,201.1,182565600.0,10,907.8
2026-08-19,고랭지,175.0,131753700.0,6,752.7
2026-08-19,기타,16.1,21748800.0,19,1353.8
2026-08-19,수입,7.3,17462500.0,3,2405.3
2026-08-19,쌈,44.4,79297600.0,21,1786.1
2026-08-19,저장,208.7,173549400.0,11,831.7
2026-08-20,고랭지,251.7,162130800.0,4,644.1
2026-08-20,기타,12.7,30849000.0,17,2432.1
2026-08-20,수입,18.3,30225000.0,2,1651.6
2026-08-20,쌈,36.7,93636700.0,22,2553.6
2026-08-20,저장,133.7,120352200.0,7,900.1
2026-08-21,고랭지,229.9,144176000.0,5,627.0
2026-08-21,기타,13.0,34120300.0,18,2621.0
2026-08-21,수입,22.4,29425000.0,3,1311.3
2026-08-21,쌈,39.7,95066100.0,19,2394.9
2026-08-21,저장,138.7,120185700.0,6,866.3
2026-08-22,고랭지,252.0,118193600.0,4,469.1
2026-08-22,기타,2.2,4642225.0,16,2148.2
2026-08-22,수입,21.6,23618000.0,2,1095.5
2026-08-22,쌈,41.1,87687100.0,22,2133.5
2026-08-22,저장,72.4,71220800.0,5,983.7
2026-08-24,고랭지,186.7,148044800.0,6,793.0
2026-08-24,기타,8.9,9721450.0,22,1089.0
2026-08-24,기타부산물,4.5,2624000.0,2,580.5
2026-08-24,수입,20.0,19817000.0,2,992.8
2026-08-24,쌈,48.6,87787200.0,22,1807.4
2026-08-24,저장,165.1,148380600.0,10,898.8
2026-08-25,고랭지,390.4,219012600.0,6,561.0
2026-08-25,기타,6.7,7455750.0,18,1115.5
2026-08-25,수입,20.8,19973000.0,2,961.2
2026-08-25,쌈,31.3,80623500.0,17,2579.7
2026-08-25,저장,173.6,139982700.0,10,806.4
2026-08-26,고랭지,353.9,206919500.0,6,584.7
2026-08-26,기타,1.9,4695600.0,17,2431.7
2026-08-26,기타부산물,2.6,2192700.0,1,843.3
2026-08-26,수입,16.7,16580300.0,2,992.4
2026-08-26,쌈,38.8,84283100.0,19,2172.3
2026-08-26,저장,154.8,91712300.0,10,592.6
2026-08-27,고랭지,324.5,202616100.0,7,624.4
2026-08-27,기타,9.9,9261450.0,18,935.1
2026-08-27,수입,0.6,450000.0,1,750.0
2026-08-27,쌈,42.0,84701800.0,14,2018.5
2026-08-27,저장,85.5,67049500.0,7,784.1
2026-08-28,고랭지,387.2,234912000.0,6,606.7
2026-08-28,기타,7.4,6892175.0,22,937.6
2026-08-28,기타부산물,1.8,1554000.0,1,875.0
2026-08-28,수입,20.2,18695000.0,2,925.5
2026-08-28,쌈,26.1,69060200.0,13,2649.1
2026-08-28,저장,41.7,36222000.0,4,869.0
2026-08-29,고랭지,196.5,175116600.0,5,891.2
2026-08-29,기타,8.4,6118725.0,19,725.0
2026-08-29,기타부산물,1.2,1172800.0,1,1004.1
2026-08-29,수입,21.0,20830000.0,2,991.9
2026-08-29,쌈,24.4,71580600.0,11,2938.1
2026-08-29,저장,60.4,61073600.0,5,1010.5
2026-08-31,고랭지,334.0,301440800.0,7,902.6
2026-08-31,기타,1.9,5669500.0,18,2971.4
2026-08-31,기타부산물,0.6,580400.0,1,967.3
2026-08-31,수입,25.7,27585000.0,2,1073.3
2026-08-31,쌈,30.9,98775900.0,14,3192.5
2026-08-31,저장,111.7,102527300.0,6,917.9
2026-09-01,고랭지,298.4,222099400.0,7,744.2
2026-09-01,기타,2.3,3361750.0,13,1488.2
2026-09-01,기타부산물,4.7,3770400.0,2,809.8
2026-09-01,수입,27.7,31919400.0,2,1153.2
2026-09-01,쌈,4.7,19678800.0,7,4148.1
2026-09-01,저장,118.4,103880700.0,7,877.7
2026-09-02,고랭지,355.4,267251100.0,6,752.1
2026-09-02,기타,1.5,3488250.0,10,2404.0
2026-09-02,기타부산물,1.5,1496000.0,1,1000.0
2026-09-02,수입,37.0,44328000.0,3,1196.8
2026-09-02,쌈,4.9,17129600.0,4,3526.8
2026-09-02,저장,55.8,51320800.0,5,919.9
2026-09-03,고랭지,441.3,276404300.0,11,626.3
2026-09-03,기타,1.5,4896375.0,19,3207.6
2026-09-03,기타부산물,6.8,5181000.0,2,761.9
2026-09-03,수입,32.9,30352600.0,2,921.2
2026-09-03,쌈,13.0,52326200.0,9,4014.3
2026-09-03,저장,76.1,51218300.0,6,673.1
2026-09-04,고랭지,459.6,303830500.0,7,661.0
2026-09-04,기타,1.1,3840750.0,16,3599.6
2026-09-04,수입,34.6,39582300.0,3,1143.6
2026-09-04,쌈,6.2,30827300.0,5,4992.3
2026-09-04,저장,24.7,26821600.0,4,1085.0
2026-09-05,고랭지,493.4,310891000.0,8,630.1
2026-09-05,기타,1.1,2946500.0,14,2771.9
2026-09-05,수입,33.2,40440100.0,3,1216.3
2026-09-05,쌈,12.2,49608500.0,9,4050.7
2026-09-05,저장,35.2,20477400.0,3,582.2
2026-09-07,고랭지,435.7,396761900.0,10,910.7
2026-09-07,기타,2.1,6789500.0,20,3184.6
2026-09-07,기타부산물,0.8,820000.0,1,1025.0
2026-09-07,수입,27.6,39508600.0,2,1433.3
2026-09-07,쌈,8.1,42804500.0,8,5278.6
2026-09-07,저장,36.4,46716800.0,2,1282.7
2026-09-08,고랭지,651.1,442081500.0,11,679.0
2026-09-08,기타,1.2,4334750.0,20,3597.3
2026-09-08,기타부산물,5.2,4666600.0,3,891.9
2026-09-08,수입,24.9,32564200.0,2,1305.9
2026-09-08,쌈,9.7,38865500.0,7,4011.7
2026-09-08,저장,31.0,30656800.0,3,989.6
2026-09-09,고랭지,570.8,462455700.0,10,810.2
2026-09-09,기타,4.5,6300600.0,20,1385.7
2026-09-09,기타부산물,9.2,10096200.0,4,1103.2
2026-09-09,수입,39.5,41229200.0,3,1043.9
2026-09-09,쌈,16.0,54315900.0,9,3385.6
2026-09-09,저장,31.2,18019800.0,1,576.8
2026-09-10,고랭지,371.8,457689700.0,9,1231.1
2026-09-10,기타,1.0,8570625.0,20,8369.8
2026-09-10,기타부산물,8.2,9623600.0,3,1178.2
2026-09-10,수입,22.6,39315200.0,3,1738.5
2026-09-10,쌈,13.4,50215200.0,9,3758.1
2026-09-10,저장,35.7,21948400.0,2,614.5
2026-09-11,고랭지,812.9,826990300.0,12,1017.4
2026-09-11,기타,1.8,5134300.0,21,2835.1
2026-09-11,기타부산물,12.5,15926600.0,4,1275.4
2026-09-11,수입,27.8,45881700.0,3,1652.7
2026-09-11,쌈,11.9,35939600.0,9,3026.2
2026-09-11,저장,19.9,7455000.0,1,375.0
2026-09-12,고랭지,588.3,568912100.0,12,967.1
2026-09-12,기타,1.0,3442950.0,15,3520.4
2026-09-12,기타부산물,7.1,12203000.0,2,1710.1
2026-09-12,수입,26.3,48481100.0,3,1844.4
2026-09-12,쌈,18.3,55177100.0,9,3019.4
2026-09-14,고랭지,717.3,815956500.0,17,1137.5
2026-09-14,기타,6.6,9710275.0,17,1468.4
2026-09-14,기타부산물,6.8,11678300.0,3,1709.4
2026-09-14,수입,19.3,34550000.0,3,1790.2
2026-09-14,쌈,12.3,42408200.0,7,3438.6
2026-09-15,고랭지,675.6,709980100.0,13,1050.9
2026-09-15,기타,9.7,8366250.0,18,866.4
2026-09-15,기타부산물,10.6,12953200.0,4,1217.4
2026-09-15,수입,19.9,33908900.0,3,1705.7
2026-09-15,쌈,16.0,38877600.0,7,2427.9
2026-09-15,저장,11.4,3621000.0,1,318.8
2026-09-16,고랭지,626.5,749866800.0,12,1196.9
2026-09-16,기타,4.7,6827375.0,17,1466.4
2026-09-16,기타부산물,7.3,9286400.0,2,1275.6
2026-09-16,수입,20.0,33842800.0,3,1689.1
2026-09-16,쌈,14.0,33374600.0,9,2377.8
2026-09-17,고랭지,646.8,773638000.0,14,1196.2
2026-09-17,기타,3.9,5629800.0,23,1429.6
2026-09-17,기타부산물,6.6,7044100.0,2,1072.5
2026-09-17,수입,17.4,38842200.0,3,2228.5
2026-09-17,쌈,12.5,32103300.0,11,2576.9
2026-09-17,저장,9.9,11665300.0,1,1173.6
2026-09-18,고랭지,687.5,779332200.0,13,1133.6
2026-09-18,기타,5.7,8348675.0,18,1474.0
2026-09-18,기타부산물,19.1,22049200.0,2,1154.2
2026-09-18,수입,22.3,43855000.0,3,1964.8
2026-09-18,쌈,13.9,37941100.0,9,2738.2
2026-09-18,저장,12.6,6494000.0,2,515.8
2026-09-19,고랭지,646.6,677325800.0,15,1047.5
2026-09-19,기타,7.2,9077313.0,23,1265.2
2026-09-19,기타부산물,12.3,14804000.0,2,1204.0
2026-09-19,수입,12.0,27888500.0,2,2329.9
2026-09-19,쌈,11.8,32266000.0,11,2728.4
2026-09-21,고랭지,900.0,878600400.0,15,976.3
2026-09-21,기타,10.7,15955175.0,27,1490.6
2026-09-21,기타부산물,10.3,13022300.0,3,1268.7
2026-09-21,수입,14.4,32773600.0,2,2277.2
2026-09-21,쌈,10.5,29127600.0,7,2772.2
2026-09-21,저장,11.8,5910000.0,1,500.0
2026-09-22,고랭지,639.9,818109200.0,14,1278.5
2026-09-22,기타,3.1,5822675.0,21,1875.3
2026-09-22,기타부산물,6.2,10008000.0,2,1601.8
2026-09-22,수입,28.4,61697700.0,2,2174.0
2026-09-22,쌈,18.1,48678200.0,10,2691.3
2026-09-23,고랭지,621.8,749142100.0,12,1204.8
2026-09-23,기타,8.2,14244400.0,22,1735.9
2026-09-23,기타부산물,2.7,4818000.0,2,1771.3
2026-09-23,수입,57.1,103020800.0,3,1804.8
2026-09-23,쌈,17.9,60456000.0,9,3378.2
2026-09-24,고랭지,213.4,197983600.0,7,927.6
2026-09-24,기타,4.2,2329100.0,16,554.4
2026-09-24,기타부산물,3.2,3650400.0,1,1129.5
2026-09-24,수입,28.3,24260800.0,3,857.2
2026-09-24,쌈,3.7,6646600.0,4,1816.5
2026-09-28,고랭지,573.8,576690300.0,10,1005.0
2026-09-28,기타,2.0,4874750.0,18,2380.2
2026-09-28,기타부산물,1.3,1471000.0,2,1114.4
2026-09-28,수입,36.8,31548000.0,3,857.3
2026-09-28,쌈,14.6,36779600.0,11,2511.2
2026-09-29,고랭지,561.4,553173000.0,11,985.3
2026-09-29,기타,8.8,10659625.0,24,1211.3
2026-09-29,수입,28.3,22526000.0,2,797.2
2026-09-29,쌈,10.5,20960900.0,10,1995.3
2026-09-30,고랭지,644.7,607032600.0,12,941.5
2026-09-30,기타,8.8,10883675.0,26,1239.6
2026-09-30,기타부산물,1.6,2204000.0,1,1377.5
2026-09-30,수입,27.2,19997300.0,2,734.1
2026-09-30,쌈,8.5,14648600.0,6,1721.1
2026-10-01,가을,610.2,507125100.0,9,831.0
2026-10-01,고랭지,18.5,18231500.0,2,985.0
2026-10-01,기타,8.9,9577175.0,26,1070.9
2026-10-01,기타부산물,2.5,1193000.0,3,484.2
2026-10-01,수입,29.8,18267000.0,2,613.9
2026-10-01,쌈,13.2,20973400.0,8,1593.5
2026-10-02,가을,446.9,413165300.0,9,924.6
2026-10-02,기타,22.2,27912100.0,21,1259.2
2026-10-02,기타부산물,4.8,3966500.0,2,833.3
2026-10-02,수입,29.0,17310100.0,2,597.4
2026-10-02,쌈,12.0,17799400.0,6,1480.4
2026-10-03,가을,364.2,354491400.0,14,973.4
2026-10-03,기타,13.1,11380650.0,18,870.1
2026-10-03,기타부산물,10.2,8387200.0,2,824.2
2026-10-03,수입,26.2,15999000.0,2,611.7
2026-10-03,쌈,9.2,16677400.0,8,1818.9
2026-10-05,가을,641.1,587949900.0,12,917.1
2026-10-05,기타,25.0,31422525.0,27,1258.0
2026-10-05,기타부산물,6.6,6051300.0,1,914.6
2026-10-05,수입,25.3,18127200.0,2,715.5
2026-10-05,쌈,10.1,22510000.0,6,2229.6
2026-10-06,가을,494.9,408716000.0,14,825.8
2026-10-06,기타,17.7,21303675.0,19,1206.9
2026-10-06,기타부산물,11.4,8954200.0,2,787.1
2026-10-06,수입,32.7,20927700.0,3,639.7
2026-10-06,쌈,7.8,16064300.0,9,2051.9
2026-10-07,가을,582.0,451469400.0,12,775.7
2026-10-07,기타,28.9,25924725.0,31,895.9
2026-10-07,기타부산물,13.0,8572200.0,3,661.0
2026-10-07,수입,30.1,20955200.0,2,695.4
2026-10-07,쌈,14.0,26514300.0,9,1888.9
2026-10-08,가을,485.4,431965300.0,13,890.0
2026-10-08,기타,34.0,35694625.0,28,1050.6
2026-10-08,기타부산물,3.7,1615800.0,2,441.0
2026-10-08,수입,28.9,21425400.0,2,742.6
2026-10-08,쌈,10.8,25966900.0,9,2397.5
2026-10-09,가을,532.3,436276000.0,11,819.7
2026-10-09,기타,43.7,29746950.0,15,680.1
2026-10-09,기타부산물,1.5,1362200.0,2,882.3
2026-10-09,수입,30.8,22284500.0,2,722.8
2026-10-09,쌈,4.6,26717400.0,7,5790.5
