date,price,quantity
2010-01-04,4558.0,465.63
2010-01-05,4842.0,317.61
2010-01-07,4409.0,444.87
2010-01-08,4161.0,472.9
2010-01-09,3845.0,315.0
2010-01-11,4629.0,471.0
2010-01-12,4793.0,483.62
2010-01-13,5018.0,445.65
2010-01-14,4754.0,394.63
2010-01-15,4406.0,367.6
2010-01-16,4696.0,337.0
2010-01-18,4847.0,557.81
2010-01-19,4819.0,554.05
2010-01-20,5277.0,384.4
2010-01-21,5487.0,337.95
2010-01-22,5139.0,588.68
2010-01-23,5057.0,346.38
2010-01-25,5120.0,560.0
2010-01-26,5326.0,399.34
2010-01-27,5518.0,469.27
2010-01-28,5829.0,308.07
2010-01-30,5561.0,447.85
2010-02-01,5799.0,503.43
2010-02-02,6375.0,420.1
2010-02-03,6636.0,441.86
2010-02-04,6738.0,569.0
2010-02-05,7074.0,527.75
2010-02-06,6952.0,566.33
2010-02-08,6895.0,818.08
2010-02-09,7007.0,611.48
2010-02-10,6784.0,767.15
2010-02-11,6509.0,435.4
2010-02-12,6992.0,237.32
2010-02-13,8727.0,122.0
2010-02-18,8331.0,405.0
2010-02-19,8902.0,604.28
2010-02-20,7850.0,517.31
2010-02-22,7844.0,756.15
2010-02-23,8186.0,527.0
2010-02-24,7600.0,703.03
2010-02-25,8692.0,511.39
2010-02-26,9193.0,399.75
2010-02-27,9200.0,316.58
2010-03-01,10958.0,552.3
2010-03-02,8199.0,616.35
2010-03-03,8799.0,526.45
2010-03-04,9033.0,660.72
2010-03-05,8146.0,596.44
2010-03-06,9498.0,361.0
2010-03-08,9518.0,601.0
2010-03-09,9650.0,637.2
2010-03-10,9419.0,553.2
2010-03-11,9154.0,271.7
2010-03-12,9761.0,493.0
2010-03-13,9747.0,385.65
2010-03-15,10191.0,644.47
2010-03-16,9387.0,373.8
2010-03-17,9758.0,491.33
2010-03-18,9442.0,562.2
2010-03-19,10670.0,438.3
2010-03-20,12087.0,238.7
2010-03-22,13293.0,428.87
2010-03-23,12033.0,525.84
2010-03-24,12524.0,383.87
2010-03-25,12160.0,428.0
2010-03-26,11354.0,418.0
2010-03-27,12105.0,306.0
2010-03-29,14693.0,273.0
2010-03-30,15115.0,291.8
2010-03-31,15224.0,403.0
2010-04-01,13895.0,313.0
2010-04-02,13708.0,244.45
2010-04-03,14658.0,233.1
2010-04-05,14766.0,442.6
2010-04-06,14874.0,459.58
2010-04-07,13480.0,543.8
2010-04-08,13750.0,368.0
2010-04-09,12238.0,415.0
2010-04-10,12416.0,369.3
2010-04-12,13321.0,473.41
2010-04-13,12424.0,504.8
2010-04-14,12372.0,441.0
2010-04-15,12374.0,410.45
2010-04-16,13319.0,323.93
2010-04-17,13219.0,321.58
2010-04-19,13312.0,475.22
2010-04-20,13348.0,472.03
2010-04-21,12760.0,530.0
2010-04-22,12986.0,448.25
2010-04-23,12243.0,432.75
2010-04-24,12200.0,348.0
2010-04-26,12276.0,504.0
2010-04-27,11322.0,606.05
2010-04-28,9903.0,513.0
2010-04-29,10477.0,453.93
2010-04-30,10809.0,428.64
2010-05-01,10060.0,482.0
2010-05-03,11048.0,631.95
2010-05-04,10615.0,621.2
2010-05-05,10702.0,651.45
2010-05-06,10043.0,612.4
2010-05-07,9288.0,646.0
2010-05-08,8280.0,583.3
2010-05-10,8490.0,718.9
2010-05-11,8515.0,662.4
2010-05-12,8274.0,657.34
2010-05-13,8273.0,644.0
2010-05-14,8355.0,537.0
2010-05-15,9274.0,441.0
2010-05-17,9066.0,811.67
2010-05-18,9237.0,743.78
2010-05-19,8686.0,630.75
2010-05-20,7960.0,702.0
2010-05-21,7449.0,698.5
2010-05-22,7349.0,499.47
2010-05-24,7300.0,812.0
2010-05-25,7392.0,740.16
2010-05-26,7001.0,789.27
2010-05-27,6953.0,607.92
2010-05-28,5821.0,778.19
2010-05-29,5750.0,754.83
2010-05-31,5587.0,937.82
2010-06-01,5033.0,816.87
2010-06-02,4987.0,615.72
2010-06-03,5033.0,661.95
2010-06-04,5138.0,659.0
2010-06-05,5780.0,522.03
2010-06-07,5674.0,929.0
2010-06-08,5480.0,872.15
2010-06-09,5193.0,872.7
2010-06-10,4722.0,825.19
2010-06-11,4734.0,741.35
2010-06-12,5386.0,721.45
2010-06-14,4674.0,841.4
2010-06-15,3852.0,892.95
2010-06-16,4212.0,744.6
2010-06-17,5489.0,772.75
2010-06-18,5856.0,957.1
2010-06-19,4473.0,851.55
2010-06-21,3934.0,952.81
2010-06-22,4098.0,738.37
2010-06-23,3904.0,792.57
2010-06-24,3682.0,732.99
2010-06-25,3968.0,610.13
2010-06-26,5762.0,479.27
2010-06-28,6123.0,684.0
2010-06-29,5306.0,696.07
2010-06-30,5567.0,620.9
2010-07-01,5499.0,611.2
2010-07-02,5837.0,532.25
2010-07-03,6213.0,470.85
2010-07-05,6259.0,562.8
2010-07-06,6182.0,693.15
2010-07-07,6327.0,679.2
2010-07-08,6020.0,657.65
2010-07-09,7058.0,495.0
2010-07-10,8076.0,479.4
2010-07-12,7844.0,718.97
2010-07-13,7995.0,758.15
2010-07-14,7975.0,648.69
2010-07-15,8832.0,472.5
2010-07-16,8002.0,644.9
2010-07-17,9622.0,622.54
2010-07-19,10402.0,543.67
2010-07-20,9087.0,663.0
2010-07-21,8580.0,568.0
2010-07-22,8006.0,519.15
2010-07-23,9430.0,480.07
2010-07-24,10048.0,445.55
2010-07-26,7980.0,846.17
2010-07-27,8008.0,735.38
2010-07-28,8776.0,570.5
2010-07-29,8169.0,782.21
2010-07-30,8014.0,677.18
2010-07-31,5642.0,642.3
2010-08-02,7570.0,668.6
2010-08-03,6627.0,649.96
2010-08-04,7642.0,499.95
2010-08-05,7595.0,615.15
2010-08-06,6951.0,723.0
2010-08-07,7204.0,601.3
2010-08-09,6398.0,839.1
2010-08-10,6141.0,811.0
2010-08-11,6790.0,652.45
2010-08-12,7012.0,586.4
2010-08-13,6080.0,866.2
2010-08-14,6911.0,590.8
2010-08-16,6097.0,866.59
2010-08-17,5444.0,1011.1
2010-08-18,6443.0,748.27
2010-08-19,6520.0,634.95
2010-08-20,6140.0,747.35
2010-08-21,6791.0,710.6
2010-08-23,6412.0,967.75
2010-08-24,6745.0,839.85
2010-08-25,7271.0,768.9
2010-08-26,6666.0,835.45
2010-08-27,6182.0,842.45
2010-08-28,6512.0,830.7
2010-08-30,6943.0,1079.0
2010-08-31,6129.0,908.4
2010-09-01,12470.0,1045.8
2010-09-02,19910.0,659.25
2010-09-03,27232.0,305.16
2010-09-04,8533.0,953.2
2010-09-06,9516.0,1048.75
2010-09-07,10010.0,888.05
2010-09-08,11040.0,950.35
2010-09-09,12339.0,1046.9
2010-09-11,12618.0,958.42
2010-09-13,13322.0,915.82
2010-09-14,14337.0,1053.37
2010-09-15,14911.0,1124.66
2010-09-16,15053.0,909.13
2010-09-17,15301.0,798.07
2010-09-18,15793.0,850.08
2010-09-21,23435.0,193.7
2010-09-25,27543.0,341.2
2010-09-27,36238.0,430.97
2010-09-28,30591.0,482.0
2010-09-29,24408.0,445.0
2010-10-01,22424.0,398.03
2010-10-02,18581.0,402.82
2010-10-04,28692.0,304.9
2010-10-05,19067.0,468.95
2010-10-06,19840.0,417.0
2010-10-07,20434.0,452.42
2010-10-08,20055.0,436.6
2010-10-09,18267.0,445.96
2010-10-11,16144.0,657.45
2010-10-12,11408.0,679.09
2010-10-13,11170.0,748.98
2010-10-14,11685.0,591.67
2010-10-15,11610.0,593.76
2010-10-16,11164.0,578.0
2010-10-18,11284.0,704.58
2010-10-19,9720.0,853.58
2010-10-20,8768.0,902.7
2010-10-21,8984.0,717.3
2010-10-22,8605.0,771.97
2010-10-23,8222.0,682.2
2010-10-25,7162.0,963.26
2010-10-26,6797.0,866.4
2010-10-27,7185.0,781.95
2010-10-28,6626.0,806.09
2010-10-29,6727.0,750.55
2010-10-30,6697.0,841.98
2010-11-01,6943.0,1062.53
2010-11-02,6748.0,1039.14
2010-11-03,6592.0,1021.15
2010-11-04,6794.0,844.83
2010-11-05,6945.0,972.32
2010-11-06,6915.0,959.06
2010-11-08,7080.0,1203.23
2010-11-09,6971.0,1118.63
2010-11-10,7292.0,1079.4
2010-11-11,7334.0,1054.8
2010-11-12,8646.0,979.72
2010-11-13,9974.0,1216.543
2010-11-15,10743.0,1587.58
2010-11-16,8967.0,1367.59
2010-11-17,9585.0,1189.2
2010-11-18,10396.0,1284.15
2010-11-19,12476.0,1481.58
2010-11-20,11210.0,1606.83
2010-11-22,9963.0,1839.34
2010-11-23,8703.0,1716.03
2010-11-24,9616.0,1782.15
2010-11-25,10168.0,1815.46
2010-11-26,10697.0,1954.18
2010-11-27,10009.0,1789.43
2010-11-29,9029.0,1580.04
2010-11-30,7603.0,1299.57
2010-12-01,8466.0,1396.19
2010-12-02,10434.0,1176.08
2010-12-03,11478.0,1362.32
2010-12-04,11756.0,1214.76
2010-12-06,10636.0,1438.67
2010-12-07,8891.0,1062.85
2010-12-08,9922.0,934.8
2010-12-09,10301.0,827.94
2010-12-10,9557.0,1118.19
2010-12-11,8734.0,786.75
2010-12-13,10378.0,656.7
2010-12-14,11942.0,363.2
2010-12-15,9947.0,849.6
2010-12-16,11102.0,394.6
2010-12-17,12260.0,277.68
2010-12-18,8974.0,740.8
2010-12-20,8553.0,934.29
2010-12-21,9235.0,628.35
2010-12-22,10192.0,602.14
2010-12-23,9910.0,675.89
2010-12-24,9643.0,572.02
2010-12-25,8614.0,209.0
2010-12-27,9248.0,269.0
2010-12-28,10773.0,196.34
2010-12-29,11037.0,470.66
2010-12-30,9465.0,792.29
2010-12-31,9183.0,212.18
2011-01-03,9183.0,78.0
2011-01-04,14954.0,183.0
2011-01-05,16160.0,263.0
2011-01-06,13146.0,666.0
2011-01-07,12118.0,587.0
2011-01-08,10193.0,423.0
2011-01-10,9664.0,514.0
2011-01-11,9845.0,303.0
2011-01-12,12687.0,206.0
2011-01-13,11585.0,459.0
2011-01-14,12476.0,360.0
2011-01-15,13359.0,174.0
2011-01-17,14677.0,210.0
2011-01-18,13397.0,260.0
2011-01-19,13816.0,345.0
2011-01-20,12964.0,292.0
2011-01-21,13619.0,305.0
2011-01-22,13954.0,266.0
2011-01-24,14032.0,498.0
2011-01-25,13856.0,493.0
2011-01-26,13588.0,562.0
2011-01-27,12521.0,557.0
2011-01-28,11585.0,506.0
2011-01-29,11224.0,300.0
2011-01-31,12098.0,502.0
2011-02-01,10632.0,182.0
2011-02-02,10632.0,9.0
2011-02-07,9166.0,483.0
2011-02-08,8339.0,613.0
2011-02-09,9209.0,299.0
2011-02-10,8539.0,622.0
2011-02-11,9589.0,558.0
2011-02-12,9138.0,443.0
2011-02-14,9240.0,568.0
2011-02-15,12985.0,453.0
2011-02-16,11642.0,552.0
2011-02-17,11131.0,557.0
2011-02-18,8256.0,541.0
2011-02-19,7705.0,439.0
2011-02-21,8545.0,712.0
2011-02-22,7958.0,605.0
2011-02-23,9177.0,537.0
2011-02-24,10854.0,506.0
2011-02-25,9887.0,549.0
2011-02-26,10542.0,416.0
2011-02-28,11564.0,612.0
2011-03-01,11106.0,405.0
2011-03-02,11114.0,352.0
2011-03-03,10488.0,635.0
2011-03-04,10153.0,642.0
2011-03-05,9396.0,548.0
2011-03-07,9225.0,742.0
2011-03-08,9840.0,519.0
2011-03-09,10450.0,523.0
2011-03-10,10535.0,494.0
2011-03-11,11256.0,514.0
2011-03-12,10979.0,320.0
2011-03-14,11324.0,595.0
2011-03-15,11143.0,605.0
2011-03-16,10016.0,557.0
2011-03-17,9687.0,567.0
2011-03-18,9981.0,595.0
2011-03-19,8807.0,418.0
2011-03-21,10219.0,582.0
2011-03-22,8224.0,590.0
2011-03-23,8304.0,591.0
2011-03-24,8378.0,563.0
2011-03-25,8699.0,558.0
2011-03-26,7837.0,292.0
2011-03-28,8909.0,607.0
2011-03-29,8543.0,588.0
2011-03-30,8851.0,607.0
2011-03-31,9312.0,564.0
2011-04-01,8304.0,521.0
2011-04-02,7877.0,500.0
2011-04-04,8893.0,662.0
2011-04-05,8049.0,680.0
2011-04-06,7892.0,687.0
2011-04-07,7732.0,606.0
2011-04-08,7806.0,514.0
2011-04-09,6600.0,413.0
2011-04-11,7559.0,790.0
2011-04-12,6289.0,745.0
2011-04-13,6188.0,626.0
2011-04-14,4810.0,710.0
2011-04-15,4418.0,674.0
2011-04-16,3948.0,346.0
2011-04-18,5104.0,648.0
2011-04-19,6101.0,637.0
2011-04-20,6208.0,542.0
2011-04-21,5992.0,581.0
2011-04-22,5361.0,596.0
2011-04-23,5258.0,311.0
2011-04-25,4809.0,929.0
2011-04-26,4294.0,776.0
2011-04-27,3887.0,638.0
2011-04-28,3195.0,562.0
2011-04-29,2489.0,726.0
2011-04-30,2793.0,482.0
2011-05-02,3097.0,726.0
2011-05-03,2308.0,795.0
2011-05-04,2067.0,845.0
2011-05-05,1894.0,719.0
2011-05-06,1536.0,695.0
2011-05-07,1830.0,449.0
2011-05-09,2205.0,792.0
2011-05-10,1628.0,673.0
2011-05-11,1731.0,469.0
2011-05-12,1800.0,423.0
2011-05-13,1753.0,653.0
2011-05-14,1899.0,523.0
2011-05-16,2395.0,576.0
2011-05-17,2476.0,602.0
2011-05-18,1959.0,819.0
2011-05-19,1759.0,656.0
2011-05-20,1943.0,540.0
2011-05-21,2250.0,904.0
2011-05-23,2898.0,521.0
2011-05-24,2800.0,668.0
2011-05-25,1781.0,805.0
2011-05-26,1764.0,669.0
2011-05-27,2611.0,380.0
2011-05-28,2020.0,629.0
2011-05-30,2054.0,753.0
2011-05-31,1948.0,770.0
2011-06-01,2007.0,649.0
2011-06-02,2064.0,493.0
2011-06-03,2043.0,605.0
2011-06-04,2480.0,493.0
2011-06-06,2501.0,800.0
2011-06-07,2000.0,710.0
2011-06-08,1754.0,772.0
2011-06-09,1894.0,723.0
2011-06-10,1901.0,706.0
2011-06-11,2660.0,670.0
2011-06-13,3151.0,804.0
2011-06-14,2650.0,858.0
2011-06-15,2627.0,712.0
2011-06-16,2086.0,867.0
2011-06-17,2176.0,758.0
2011-06-18,1895.0,667.0
2011-06-20,2019.0,877.0
2011-06-21,1788.0,946.0
2011-06-22,2075.0,852.0
2011-06-23,2471.0,896.0
2011-06-24,1923.0,634.0
2011-06-25,2152.0,277.0
2011-06-27,2657.0,698.0
2011-06-28,2180.0,731.0
2011-06-29,2171.0,765.0
2011-06-30,1757.0,552.0
2011-07-01,2738.0,343.0
2011-07-02,2326.0,522.0
2011-07-04,2481.0,517.0
2011-07-05,3524.0,416.0
2011-07-06,4054.0,587.0
2011-07-07,3391.0,714.0
2011-07-08,3609.0,466.0
2011-07-09,4216.0,313.0
2011-07-11,4430.0,524.0
2011-07-12,4363.0,650.0
2011-07-13,4342.0,559.0
2011-07-14,5281.0,530.0
2011-07-15,5333.0,532.0
2011-07-16,5647.0,475.0
2011-07-18,5603.0,706.0
2011-07-19,5369.0,752.0
2011-07-20,7853.0,477.0
2011-07-21,6455.0,550.0
2011-07-22,5881.0,698.0
2011-07-23,9502.0,333.0
2011-07-25,9872.0,571.0
2011-07-26,8685.0,655.0
2011-07-27,7796.0,655.0
2011-07-28,5964.0,504.0
2011-07-29,9007.0,378.0
2011-07-30,9096.0,510.0
2011-08-01,8618.0,739.0
2011-08-02,7556.0,526.0
2011-08-03,7759.0,599.0
2011-08-04,7728.0,667.0
2011-08-05,9861.0,517.0
2011-08-06,6921.0,254.0
2011-08-08,9382.0,675.0
2011-08-09,8934.0,595.0
2011-08-10,9094.0,662.0
2011-08-11,8791.0,644.0
2011-08-12,9903.0,499.0
2011-08-13,10136.0,510.0
2011-08-15,10068.0,636.0
2011-08-16,9674.0,614.0
2011-08-17,8936.0,685.0
2011-08-18,11211.0,546.0
2011-08-19,9876.0,750.0
2011-08-20,10784.0,705.0
2011-08-22,10058.0,920.0
2011-08-23,10304.0,888.0
2011-08-24,10821.0,835.0
2011-08-25,11282.0,865.0
2011-08-26,11205.0,998.0
2011-08-27,11191.0,793.0
2011-08-29,10949.0,1077.0
2011-08-30,10551.0,1131.0
2011-08-31,10509.0,1103.0
2011-09-01,6637.0,979.0
2011-09-02,4809.0,997.0
2011-09-03,4558.0,667.0
2011-09-05,8624.0,1458.0
2011-09-06,9335.0,1409.0
2011-09-07,9164.0,1424.0
2011-09-08,9017.0,1267.0
2011-09-09,7793.0,1348.0
2011-09-15,8397.0,953.0
2011-09-16,6123.0,1282.0
2011-09-17,4319.0,1080.0
2011-09-19,5080.0,991.0
2011-09-21,4749.0,934.0
2011-09-22,4174.0,950.0
2011-09-23,4605.0,886.0
2011-09-24,4278.0,813.0
2011-09-26,4899.0,795.0
2011-09-27,4914.0,766.0
2011-09-28,4770.0,1022.0
2011-09-29,4590.0,939.0
2011-10-01,4416.0,696.0
2011-10-03,4908.0,840.0
2011-10-04,5193.0,889.0
2011-10-05,4945.0,936.0
2011-10-06,5166.0,999.0
2011-10-07,4588.0,926.0
2011-10-08,4765.0,642.0
2011-10-10,4945.0,902.0
2011-10-11,4661.0,883.0
2011-10-12,5029.0,700.0
2011-10-13,4819.0,677.0
2011-10-14,5345.0,655.0
2011-10-15,5273.0,492.0
2011-10-17,4959.0,864.0
2011-10-18,4764.0,880.0
2011-10-19,4763.0,814.0
2011-10-20,4560.0,943.0
2011-10-21,4386.0,862.0
2011-10-22,3778.0,688.0
2011-10-24,4552.0,615.0
2011-10-25,3615.0,975.0
2011-10-26,3207.0,884.0
2011-10-27,2869.0,825.0
2011-10-28,3016.0,753.0
2011-10-29,2590.0,216.0
2011-10-31,3179.0,750.0
2011-11-01,2521.0,822.0
2011-11-02,2561.0,860.0
2011-11-03,2599.0,845.0
2011-11-04,2410.0,910.0
2011-11-05,2572.0,855.0
2011-11-07,3048.0,717.0
2011-11-08,2044.0,1149.0
2011-11-09,2053.0,1110.0
2011-11-10,2030.0,1013.0
2011-11-11,2463.0,1238.0
2011-11-12,3317.0,1168.0
2011-11-14,2385.0,1817.0
2011-11-15,2472.0,1132.0
2011-11-16,2284.0,1333.0
2011-11-17,3299.0,1104.0
2011-11-18,4144.0,1550.0
2011-11-19,3959.0,1542.0
2011-11-21,2645.0,1693.0
2011-11-22,2361.0,1066.0
2011-11-23,2739.0,1249.0
2011-11-24,2918.0,1360.0
2011-11-25,3230.0,1048.0
2011-11-26,2497.0,1319.0
2011-11-28,2585.0,1377.0
2011-11-29,1935.0,925.0
2011-11-30,2269.0,853.0
2011-12-01,2920.0,393.0
2011-12-02,2859.0,685.0
2011-12-03,3016.0,971.0
2011-12-05,3053.0,870.0
2011-12-06,2521.0,598.0
2011-12-07,2473.0,751.0
2011-12-08,2643.0,780.0
2011-12-09,2374.0,606.0
2011-12-10,2236.0,418.0
2011-12-12,2370.0,409.0
2011-12-13,2296.0,475.0
2011-12-14,2236.0,497.0
2011-12-15,2342.0,460.0
2011-12-16,2250.0,495.0
2011-12-17,2155.0,221.0
2011-12-19,2261.0,406.0
2011-12-20,2444.0,426.0
2011-12-21,2652.0,513.0
2011-12-22,2418.0,657.0
2011-12-23,1968.0,525.0
2011-12-24,1851.0,213.0
2011-12-26,1586.0,297.0
2011-12-27,2461.0,213.0
2011-12-28,2653.0,377.0
2011-12-29,2962.0,540.0
2011-12-30,2512.0,652.0
2011-12-31,2323.0,314.0
2012-01-03,2613.0,589.0
2012-01-04,2921.0,443.0
2012-01-05,2656.0,375.0
2012-01-06,2623.0,466.0
2012-01-07,2405.0,433.0
2012-01-09,2445.0,620.0
2012-01-10,2689.0,450.0
2012-01-11,2843.0,523.0
2012-01-12,2783.0,513.0
2012-01-13,2492.0,524.0
2012-01-14,2420.0,420.0
2012-01-16,2328.0,736.0
2012-01-17,2566.0,594.0
2012-01-18,2343.0,606.0
2012-01-19,2530.0,453.0
2012-01-20,2631.0,434.0
2012-01-21,2631.0,80.0
2012-01-26,3893.0,188.0
2012-01-27,3372.0,372.0
2012-01-28,3714.0,265.0
2012-01-30,2987.0,793.0
2012-01-31,3052.0,490.0
2012-02-01,2833.0,413.0
2012-02-02,2657.0,319.0
2012-02-03,2540.0,215.0
2012-02-04,2001.0,160.0
2012-02-06,3062.0,382.0
2012-02-07,3480.0,460.0
2012-02-08,3437.0,413.0
2012-02-09,3802.0,367.0
2012-02-10,4490.0,315.0
2012-02-11,3676.0,472.0
2012-02-13,4029.0,511.0
2012-02-14,3667.0,458.0
2012-02-15,4598.0,292.0
2012-02-16,4443.0,583.0
2012-02-17,4062.0,493.0
2012-02-18,3490.0,424.0
2012-02-20,5868.0,331.0
2012-02-21,5244.0,346.0
2012-02-22,5294.0,490.0
2012-02-23,5852.0,475.0
2012-02-24,5455.0,579.0
2012-02-25,4552.0,520.0
2012-02-27,5703.0,547.0
2012-02-28,6875.0,381.0
2012-02-29,6310.0,555.0
2012-03-01,5689.0,537.0
2012-03-02,6311.0,586.0
2012-03-03,6783.0,377.0
2012-03-05,7097.0,637.0
2012-03-06,7955.0,362.0
2012-03-07,7659.0,512.0
2012-03-08,8053.0,569.0
2012-03-09,7219.0,572.0
2012-03-10,6437.0,449.0
2012-03-12,7887.0,565.0
2012-03-13,8315.0,509.0
2012-03-14,7861.0,476.0
2012-03-15,7520.0,543.0
2012-03-16,7592.0,488.0
2012-03-17,8943.0,176.0
2012-03-19,8291.0,594.0
2012-03-20,7567.0,669.0
2012-03-21,8161.0,547.0
2012-03-22,7224.0,556.0
2012-03-23,8129.0,503.0
2012-03-24,9019.0,268.0
2012-03-26,7367.0,627.0
2012-03-27,8495.0,419.0
2012-03-28,7787.0,568.0
2012-03-29,8373.0,446.0
2012-03-30,8751.0,373.0
2012-03-31,9132.0,323.0
2012-04-02,8943.0,547.0
2012-04-03,9078.0,445.0
2012-04-04,10130.0,394.0
2012-04-05,8245.0,431.0
2012-04-06,8271.0,392.0
2012-04-07,9484.0,272.0
2012-04-09,9606.0,565.0
2012-04-10,11118.0,483.0
2012-04-11,13150.0,415.0
2012-04-12,10505.0,521.0
2012-04-13,11303.0,401.0
2012-04-14,10358.0,309.0
2012-04-16,10655.0,621.0
2012-04-17,9455.0,477.0
2012-04-18,10200.0,594.0
2012-04-19,9251.0,436.0
2012-04-20,9484.0,355.0
2012-04-21,9345.0,313.0
2012-04-23,11287.0,448.0
2012-04-24,12276.0,477.0
2012-04-25,12059.0,550.0
2012-04-26,11810.0,468.0
2012-04-27,10032.0,400.0
2012-04-28,9979.0,317.0
2012-04-30,8452.0,828.0
2012-05-01,7574.0,683.0
2012-05-02,7273.0,658.0
2012-05-03,5844.0,717.0
2012-05-04,5908.0,683.0
2012-05-05,4749.0,441.0
2012-05-07,5126.0,680.0
2012-05-08,5754.0,571.0
2012-05-09,4852.0,810.0
2012-05-10,4836.0,596.0
2012-05-11,4917.0,613.0
2012-05-12,5689.0,324.0
2012-05-14,5611.0,651.0
2012-05-15,5905.0,633.0
2012-05-16,5617.0,683.0
2012-05-17,4871.0,854.0
2012-05-18,4951.0,760.0
2012-05-19,3922.0,570.0
2012-05-21,4463.0,715.0
2012-05-22,3872.0,647.0
2012-05-23,4785.0,470.0
2012-05-24,4735.0,587.0
2012-05-25,4244.0,725.0
2012-05-26,3619.0,665.0
2012-05-28,4255.0,518.0
2012-05-29,3715.0,786.0
2012-05-30,2829.0,884.0
2012-05-31,2761.0,761.0
2012-06-01,2955.0,588.0
2012-06-02,2575.0,510.0
2012-06-04,3567.0,671.0
2012-06-05,3690.0,627.0
2012-06-06,3192.0,721.0
2012-06-07,3381.0,560.0
2012-06-08,3713.0,502.0
2012-06-09,3164.0,465.0
2012-06-11,2766.0,900.0
2012-06-12,2772.0,705.0
2012-06-13,3115.0,610.0
2012-06-14,2879.0,633.0
2012-06-15,2899.0,597.0
2012-06-16,3190.0,541.0
2012-06-18,3000.0,807.0
2012-06-19,3679.0,666.0
2012-06-20,3425.0,751.0
2012-06-21,4157.0,451.0
2012-06-22,3594.0,624.0
2012-06-23,4377.0,442.0
2012-06-25,6161.0,524.0
2012-06-26,6876.0,569.0
2012-06-27,6599.0,629.0
2012-06-28,8143.0,457.0
2012-06-29,7604.0,626.0
2012-06-30,8253.0,536.0
2012-07-02,9262.0,540.0
2012-07-03,7476.0,697.0
2012-07-04,6050.0,771.0
2012-07-05,6141.0,531.0
2012-07-06,5693.0,591.0
2012-07-07,6409.0,247.0
2012-07-09,5967.0,861.0
2012-07-10,5480.0,730.0
2012-07-11,5823.0,622.0
2012-07-12,4524.0,574.0
2012-07-13,5062.0,664.0
2012-07-14,5494.0,379.0
2012-07-16,7106.0,397.0
2012-07-17,4373.0,951.0
2012-07-18,5550.0,641.0
2012-07-19,5143.0,542.0
2012-07-20,5129.0,441.0
2012-07-21,5157.0,424.0
2012-07-23,5306.0,698.0
2012-07-24,5131.0,690.0
2012-07-25,4653.0,655.0
2012-07-26,3968.0,723.0
2012-07-27,4477.0,511.0
2012-07-28,5271.0,437.0
2012-07-30,5115.0,639.0
2012-07-31,5555.0,519.0
2012-08-01,4147.0,553.0
2012-08-02,4942.0,548.0
2012-08-03,5683.0,502.0
2012-08-04,7265.0,451.0
2012-08-06,5859.0,690.0
2012-08-07,6149.0,662.0
2012-08-08,6167.0,570.0
2012-08-09,6208.0,571.0
2012-08-10,7523.0,552.0
2012-08-11,8167.0,511.0
2012-08-13,7913.0,878.0
2012-08-14,9192.0,561.0
2012-08-15,8349.0,802.0
2012-08-16,7175.0,775.0
2012-08-17,8039.0,515.0
2012-08-18,6630.0,694.0
2012-08-20,6123.0,849.0
2012-08-21,5917.0,775.0
2012-08-22,6274.0,617.0
2012-08-23,5949.0,626.0
2012-08-24,7861.0,578.0
2012-08-25,6436.0,834.0
2012-08-27,6894.0,1038.0
2012-08-28,8761.0,912.0
2012-08-29,9293.0,592.0
2012-08-30,6836.0,1085.0
2012-08-31,6940.0,671.0
2012-09-01,10642.0,960.0
2012-09-02,10709.0,1341.0
2012-09-03,8617.0,1005.0
2012-09-04,8461.0,897.0
2012-09-05,9118.0,761.0
2012-09-06,10157.0,702.0
2012-09-07,9431.0,927.0
2012-09-08,10691.0,866.0
2012-09-11,8635.0,1288.0
2012-09-12,9524.0,1141.0
2012-09-13,9531.0,1063.0
2012-09-14,11114.0,885.0
2012-09-15,10777.0,940.0
2012-09-17,12079.0,1219.0
2012-09-18,12311.0,685.0
2012-09-19,11646.0,1179.0
2012-09-21,11592.0,1300.0
2012-09-22,10847.0,1301.0
2012-09-24,10370.0,1434.0
2012-09-25,10231.0,1367.0
2012-09-26,10048.0,1302.0
2012-09-27,10297.0,933.0
2012-09-28,11718.0,781.0
2012-10-03,12440.0,521.0
2012-10-04,12602.0,611.0
2012-10-05,11127.0,996.0
2012-10-06,9016.0,975.0
2012-10-08,9055.0,1045.0
2012-10-09,8487.0,843.0
2012-10-10,9062.0,868.0
2012-10-11,7829.0,989.0
2012-10-12,8093.0,856.0
2012-10-13,7622.0,652.0
2012-10-15,8064.0,933.0
2012-10-16,7895.0,983.0
2012-10-17,7205.0,1023.0
2012-10-18,7037.0,852.0
2012-10-19,7509.0,866.0
2012-10-20,6253.0,928.0
2012-10-22,7170.0,969.0
2012-10-23,6690.0,874.0
2012-10-24,6984.0,904.0
2012-10-25,6530.0,1091.0
2012-10-26,6479.0,932.0
2012-10-27,6455.0,713.0
2012-10-29,7076.0,763.0
2012-10-30,5968.0,959.0
2012-10-31,6277.0,774.0
2012-11-01,6181.0,876.0
2012-11-02,6349.0,756.0
2012-11-03,6397.0,773.0
2012-11-05,6946.0,881.0
2012-11-06,6189.0,877.0
2012-11-07,6422.0,737.0
2012-11-08,6321.0,802.0
2012-11-09,7355.0,770.0
2012-11-10,7807.0,1014.0
2012-11-12,7409.0,1222.0
2012-11-13,6683.0,1051.0
2012-11-14,6331.0,1166.0
2012-11-15,7518.0,903.0
2012-11-16,7545.0,1395.0
2012-11-17,8225.0,1237.0
2012-11-19,7151.0,1733.0
2012-11-20,5663.0,1430.0
2012-11-21,7252.0,1447.0
2012-11-22,8264.0,442.0
2012-11-23,7948.0,1758.0
2012-11-24,7657.0,1844.0
2012-11-26,7428.0,1603.0
2012-11-27,6696.0,1213.0
2012-11-28,6796.0,1377.0
2012-11-29,7027.0,1681.0
2012-11-30,8687.0,1445.0
2012-12-01,7720.0,1641.0
2012-12-03,7144.0,1457.0
2012-12-04,7118.0,936.0
2012-12-05,7579.0,877.0
2012-12-06,9449.0,734.0
2012-12-07,10290.0,531.0
2012-12-08,10143.0,457.0
2012-12-10,10390.0,522.0
2012-12-11,10356.0,402.0
2012-12-12,9222.0,839.0
2012-12-13,8782.0,745.0
2012-12-14,9727.0,704.0
2012-12-15,10861.0,576.0
2012-12-17,9166.0,1178.0
2012-12-18,9548.0,963.0
2012-12-19,9058.0,763.0
2012-12-20,8162.0,607.0
2012-12-21,8581.0,647.0
2012-12-22,7684.0,525.0
2012-12-24,9826.0,468.0
2012-12-25,8843.0,436.0
2012-12-26,8476.0,610.0
2012-12-27,9744.0,326.0
2012-12-28,9651.0,390.0
2012-12-29,10955.0,424.0
2012-12-31,11252.0,396.0
2013-01-03,10515.0,805.0
2013-01-04,10454.0,564.0
2013-01-05,9250.0,474.0
2013-01-07,9961.0,549.0
2013-01-08,10962.0,434.0
2013-01-09,10604.0,624.0
2013-01-10,9645.0,551.0
2013-01-11,10097.0,469.0
2013-01-12,9460.0,312.0
2013-01-14,9955.0,720.0
2013-01-15,10254.0,407.0
2013-01-16,8946.0,750.0
2013-01-17,8810.0,632.0
2013-01-18,8286.0,711.0
2013-01-19,8364.0,391.0
2013-01-21,10001.0,626.0
2013-01-22,9481.0,581.0
2013-01-23,8851.0,460.0
2013-01-24,8423.0,620.0
2013-01-25,9664.0,497.0
2013-01-26,8189.0,427.0
2013-01-28,8784.0,741.0
2013-01-29,8507.0,554.0
2013-01-30,9045.0,537.0
2013-01-31,8936.0,587.0
2013-02-01,8803.0,731.0
2013-02-02,7809.0,386.0
2013-02-04,9025.0,841.0
2013-02-05,9866.0,715.0
2013-02-06,9037.0,854.0
2013-02-07,9147.0,630.0
2013-02-08,10054.0,341.0
2013-02-09,10054.0,24.0
2013-02-13,8721.0,305.0
2013-02-14,10462.0,584.0
2013-02-15,10720.0,787.0
2013-02-16,9443.0,538.0
2013-02-18,10460.0,770.0
2013-02-19,9316.0,587.0
2013-02-20,9643.0,639.0
2013-02-21,9018.0,808.0
2013-02-22,8802.0,582.0
2013-02-23,9667.0,462.0
2013-02-25,8871.0,858.0
2013-02-26,8796.0,696.0
2013-02-27,9125.0,364.0
2013-02-28,9449.0,542.0
2013-03-01,8355.0,592.0
2013-03-02,10689.0,272.0
2013-03-04,9952.0,814.0
2013-03-05,10309.0,677.0
2013-03-06,9519.0,901.0
2013-03-07,9069.0,716.0
2013-03-08,9089.0,689.0
2013-03-09,8311.0,540.0
2013-03-11,8511.0,853.0
2013-03-12,8361.0,803.0
2013-03-13,9939.0,687.0
2013-03-14,8970.0,763.0
2013-03-15,9108.0,587.0
2013-03-16,7010.0,642.0
2013-03-18,8356.0,806.0
2013-03-19,8485.0,591.0
2013-03-20,9447.0,644.0
2013-03-21,8681.0,691.0
2013-03-22,8717.0,515.0
2013-03-23,8443.0,464.0
2013-03-25,8678.0,832.0
2013-03-26,8712.0,725.0
2013-03-27,8207.0,703.0
2013-03-28,7942.0,624.0
2013-03-29,8193.0,687.0
2013-03-30,7781.0,530.0
2013-04-01,8638.0,597.0
2013-04-02,9240.0,644.0
2013-04-03,8963.0,648.0
2013-04-04,8691.0,551.0
2013-04-05,8653.0,604.0
2013-04-06,8445.0,442.0
2013-04-08,8958.0,741.0
2013-04-09,9040.0,623.0
2013-04-10,8955.0,741.0
2013-04-11,8629.0,842.0
2013-04-12,8147.0,720.0
2013-04-13,8106.0,471.0
2013-04-15,8681.0,656.0
2013-04-16,8837.0,544.0
2013-04-17,8858.0,811.0
2013-04-18,8270.0,808.0
2013-04-19,8496.0,822.0
2013-04-20,8538.0,520.0
2013-04-22,9176.0,732.0
2013-04-23,9959.0,650.0
2013-04-24,8955.0,787.0
2013-04-25,8210.0,756.0
2013-04-26,7700.0,641.0
2013-04-27,7359.0,544.0
2013-04-29,7059.0,921.0
2013-04-30,7070.0,771.0
2013-05-01,6435.0,718.0
2013-05-02,6452.0,648.0
2013-05-03,6427.0,694.0
2013-05-04,5945.0,639.0
2013-05-06,6340.0,793.0
2013-05-07,5675.0,734.0
2013-05-08,6274.0,563.0
2013-05-09,6323.0,538.0
2013-05-10,7323.0,516.0
2013-05-11,7456.0,490.0
2013-05-13,7708.0,682.0
2013-05-14,7429.0,660.0
2013-05-15,6781.0,713.0
2013-05-16,6417.0,659.0
2013-05-17,5969.0,556.0
2013-05-18,6910.0,246.0
2013-05-20,6344.0,701.0
2013-05-21,6454.0,680.0
2013-05-22,4849.0,890.0
2013-05-24,4319.0,624.0
2013-05-25,4881.0,400.0
2013-05-27,5123.0,717.0
2013-05-28,5802.0,554.0
2013-05-29,4405.0,389.0
2013-05-30,4731.0,597.0
2013-05-31,4223.0,817.0
2013-06-01,3481.0,673.0
2013-06-03,4490.0,705.0
2013-06-04,4601.0,797.0
2013-06-05,3886.0,796.0
2013-06-06,3826.0,665.0
2013-06-07,3854.0,775.0
2013-06-08,4185.0,676.0
2013-06-10,4626.0,892.0
2013-06-11,4934.0,683.0
2013-06-12,5604.0,574.0
2013-06-13,4997.0,693.0
2013-06-14,4762.0,844.0
2013-06-15,5618.0,721.0
2013-06-17,4751.0,1297.0
2013-06-18,5481.0,1016.0
2013-06-19,5880.0,661.0
2013-06-20,4561.0,727.0
2013-06-21,3641.0,902.0
2013-06-22,3234.0,698.0
2013-06-24,4626.0,616.0
2013-06-25,4156.0,652.0
2013-06-26,3517.0,684.0
2013-06-27,3692.0,618.0
2013-06-28,4302.0,563.0
2013-06-29,4653.0,457.0
2013-07-01,4350.0,814.0
2013-07-02,4464.0,824.0
2013-07-03,4131.0,797.0
2013-07-04,4328.0,647.0
2013-07-05,3282.0,645.0
2013-07-06,5001.0,228.0
2013-07-08,3867.0,699.0
2013-07-09,4172.0,475.0
2013-07-10,3637.0,529.0
2013-07-11,3642.0,483.0
2013-07-12,3959.0,521.0
2013-07-13,5527.0,354.0
2013-07-15,3969.0,588.0
2013-07-16,6556.0,357.0
2013-07-17,4083.0,828.0
2013-07-18,5063.0,597.0
2013-07-19,4476.0,665.0
2013-07-20,5902.0,555.0
2013-07-22,5407.0,863.0
2013-07-23,4769.0,482.0
2013-07-24,6027.0,607.0
2013-07-25,7192.0,560.0
2013-07-26,5379.0,844.0
2013-07-27,6355.0,557.0
2013-07-29,7909.0,607.0
2013-07-30,7475.0,750.0
2013-07-31,6899.0,786.0
2013-08-01,8740.0,574.0
2013-08-02,7426.0,727.0
2013-08-03,6034.0,295.0
2013-08-05,9099.0,526.0
2013-08-06,7991.0,743.0
2013-08-07,8282.0,625.0
2013-08-08,9143.0,533.0
2013-08-09,10264.0,528.0
2013-08-10,9674.0,483.0
2013-08-12,10640.0,691.0
2013-08-13,9618.0,642.0
2013-08-14,10431.0,521.0
2013-08-15,9096.0,598.0
2013-08-16,9168.0,555.0
2013-08-17,10970.0,402.0
2013-08-19,11607.0,664.0
2013-08-20,11741.0,672.0
2013-08-21,12034.0,669.0
2013-08-22,12720.0,647.0
2013-08-23,12300.0,736.0
2013-08-24,13856.0,467.0
2013-08-26,13200.0,943.0
2013-08-27,14357.0,747.0
2013-08-28,14036.0,770.0
2013-08-29,13601.0,827.0
2013-08-30,13186.0,833.0
2013-08-31,11203.0,612.0
2013-09-01,10002.0,1547.0
2013-09-02,8929.0,1328.0
2013-09-03,7556.0,717.0
2013-09-04,9466.0,1399.0
2013-09-05,9847.0,1351.0
2013-09-06,10510.0,1313.0
2013-09-07,11057.0,1205.0
2013-09-09,9452.0,1843.0
2013-09-11,10407.0,1526.0
2013-09-12,9276.0,1192.0
2013-09-13,8945.0,1544.0
2013-09-14,9347.0,1176.0
2013-09-16,8759.0,1627.0
2013-09-17,11093.0,1015.0
2013-09-18,12472.0,228.0
2013-09-23,9266.0,1410.0
2013-09-24,7295.0,1141.0
2013-09-25,6530.0,947.0
2013-09-26,7440.0,533.0
2013-09-27,6393.0,1077.0
2013-09-28,4983.0,1175.0
2013-10-01,6774.0,917.0
2013-10-02,5753.0,1101.0
2013-10-03,5547.0,989.0
2013-10-04,4748.0,1090.0
2013-10-05,4047.0,987.0
2013-10-07,4707.0,1090.0
2013-10-08,4890.0,854.0
2013-10-09,4865.0,519.0
2013-10-10,5053.0,736.0
2013-10-11,3996.0,1022.0
2013-10-12,3460.0,907.0
2013-10-14,3547.0,1121.0
2013-10-15,3381.0,1001.0
2013-10-16,3544.0,934.0
2013-10-17,2987.0,781.0
2013-10-18,3483.0,723.0
2013-10-19,3391.0,671.0
2013-10-21,3871.0,895.0
2013-10-22,3536.0,980.0
2013-10-23,3705.0,764.0
2013-10-24,4445.0,586.0
2013-10-25,3918.0,844.0
2013-10-26,3938.0,697.0
2013-10-28,3915.0,881.0
2013-10-29,3804.0,837.0
2013-10-30,3730.0,819.0
2013-10-31,3308.0,925.0
2013-11-01,3256.0,878.0
2013-11-02,3484.0,711.0
2013-11-04,4153.0,794.0
2013-11-05,3512.0,1026.0
2013-11-06,3317.0,1091.0
2013-11-07,3893.0,863.0
2013-11-08,4855.0,909.0
2013-11-09,5438.0,1200.0
2013-11-11,5034.0,1691.0
2013-11-12,4282.0,1240.0
2013-11-13,4771.0,1176.0
2013-11-14,5239.0,1367.0
2013-11-15,6726.0,1497.0
2013-11-16,5787.0,2074.0
2013-11-18,5489.0,1527.0
2013-11-19,4162.0,1465.0
2013-11-20,5832.0,1070.0
2013-11-21,6094.0,1418.0
2013-11-22,6929.0,1592.0
2013-11-23,6865.0,1723.0
2013-11-25,6385.0,1872.0
2013-11-26,4777.0,1028.0
2013-11-27,5686.0,1171.0
2013-11-28,6733.0,794.0
2013-11-29,7222.0,829.0
2013-11-30,6748.0,910.0
2013-12-02,5690.0,1426.0
2013-12-03,5000.0,880.0
2013-12-04,4587.0,1143.0
2013-12-05,4863.0,972.0
2013-12-06,5245.0,810.0
2013-12-07,4590.0,885.0
2013-12-09,4687.0,756.0
2013-12-10,4497.0,658.0
2013-12-11,4307.0,403.0
2013-12-12,4343.0,477.0
2013-12-13,4091.0,418.0
2013-12-14,3674.0,409.0
2013-12-16,4495.0,430.0
2013-12-17,4222.0,581.0
2013-12-18,4375.0,478.0
2013-12-19,4249.0,557.0
2013-12-20,4430.0,455.0
2013-12-21,4517.0,326.0
2013-12-23,4496.0,604.0
2013-12-24,4240.0,592.0
2013-12-25,4322.0,346.0
2013-12-26,4972.0,389.0
2013-12-27,4078.0,621.0
2013-12-28,4301.0,302.0
2013-12-30,4592.0,564.0
2013-12-31,4400.0,398.0
2014-01-03,4972.0,600.0
2014-01-04,4560.0,456.0
2014-01-06,4234.0,770.0
2014-01-07,4141.0,554.0
2014-01-08,4298.0,473.0
2014-01-09,4192.0,509.0
2014-01-10,3987.0,524.0
2014-01-11,3530.0,347.0
2014-01-13,4053.0,602.0
2014-01-14,3609.0,486.0
2014-01-15,3841.0,385.0
2014-01-16,4216.0,437.0
2014-01-17,3976.0,557.0
2014-01-18,3634.0,474.0
2014-01-20,3796.0,738.0
2014-01-21,3671.0,607.0
2014-01-22,3194.0,517.0
2014-01-23,3729.0,611.0
2014-01-24,3594.0,566.0
2014-01-25,3567.0,495.0
2014-01-27,3662.0,777.0
2014-01-28,3726.0,555.0
2014-01-29,3782.0,354.0
2014-01-30,3782.0,47.0
2014-02-03,4151.0,309.0
2014-02-04,3713.0,484.0
2014-02-05,3730.0,406.0
2014-02-06,3609.0,370.0
2014-02-07,3658.0,410.0
2014-02-08,3556.0,564.0
2014-02-10,3254.0,795.0
2014-02-11,2855.0,655.0
2014-02-12,2847.0,569.0
2014-02-13,2570.0,579.0
2014-02-14,2551.0,424.0
2014-02-15,2612.0,389.0
2014-02-17,2892.0,657.0
2014-02-18,3045.0,423.0
2014-02-19,3276.0,385.0
2014-02-20,3424.0,488.0
2014-02-21,3417.0,576.0
2014-02-22,3054.0,474.0
2014-02-24,2760.0,706.0
2014-02-25,3017.0,477.0
2014-02-26,2916.0,588.0
2014-02-27,3164.0,352.0
2014-02-28,3082.0,486.0
2014-03-01,2974.0,524.0
2014-03-03,3172.0,685.0
2014-03-04,2834.0,642.0
2014-03-05,2612.0,649.0
2014-03-06,2644.0,516.0
2014-03-07,2892.0,537.0
2014-03-08,2800.0,492.0
2014-03-10,2586.0,686.0
2014-03-11,2954.0,443.0
2014-03-12,2758.0,638.0
2014-03-13,2780.0,497.0
2014-03-14,2602.0,369.0
2014-03-15,2789.0,420.0
2014-03-17,2581.0,873.0
2014-03-18,2453.0,669.0
2014-03-19,2348.0,445.0
2014-03-20,2573.0,577.0
2014-03-21,2183.0,545.0
2014-03-22,2330.0,338.0
2014-03-24,3023.0,524.0
2014-03-25,2776.0,583.0
2014-03-26,2742.0,435.0
2014-03-27,2624.0,363.0
2014-03-28,2903.0,421.0
2014-03-29,2767.0,363.0
2014-03-31,2994.0,505.0
2014-04-01,2733.0,512.0
2014-04-02,2236.0,569.0
2014-04-03,2482.0,349.0
2014-04-04,2298.0,469.0
2014-04-05,2215.0,325.0
2014-04-07,2454.0,546.0
2014-04-08,2389.0,597.0
2014-04-09,2310.0,476.0
2014-04-10,2249.0,484.0
2014-04-11,2200.0,463.0
2014-04-12,2394.0,314.0
2014-04-14,2564.0,509.0
2014-04-15,2347.0,522.0
2014-04-16,2024.0,416.0
2014-04-17,2022.0,490.0
2014-04-18,1941.0,417.0
2014-04-19,2145.0,280.0
2014-04-21,2212.0,577.0
2014-04-22,2339.0,426.0
2014-04-23,2173.0,556.0
2014-04-24,2163.0,481.0
2014-04-25,2192.0,346.0
2014-04-26,2560.0,272.0
2014-04-28,2502.0,584.0
2014-04-29,2474.0,477.0
2014-04-30,2180.0,509.0
2014-05-01,2075.0,456.0
2014-05-02,2457.0,456.0
2014-05-03,3045.0,325.0
2014-05-05,3379.0,460.0
2014-05-06,3344.0,391.0
2014-05-07,2822.0,641.0
2014-05-08,2799.0,527.0
2014-05-09,2247.0,562.0
2014-05-10,2810.0,277.0
2014-05-12,2677.0,662.0
2014-05-13,2411.0,550.0
2014-05-14,2746.0,578.0
2014-05-15,2451.0,540.0
2014-05-16,2551.0,469.0
2014-05-17,2596.0,342.0
2014-05-19,2977.0,565.0
2014-05-20,2800.0,642.0
2014-05-21,2704.0,627.0
2014-05-22,2200.0,562.0
2014-05-23,2374.0,468.0
2014-05-24,2111.0,314.0
2014-05-26,2504.0,578.0
2014-05-27,2500.0,553.0
2014-05-28,2214.0,603.0
2014-05-29,2240.0,469.0
2014-05-30,2033.0,502.0
2014-05-31,2306.0,288.0
2014-06-02,2695.0,537.0
2014-06-03,2919.0,631.0
2014-06-04,2377.0,472.0
2014-06-05,2427.0,602.0
2014-06-06,2476.0,498.0
2014-06-07,2279.0,412.0
2014-06-09,2694.0,649.0
2014-06-10,3677.0,617.0
2014-06-11,3379.0,622.0
2014-06-12,3080.0,646.0
2014-06-13,2865.0,539.0
2014-06-14,3054.0,409.0
2014-06-16,3578.0,596.0
2014-06-17,4018.0,643.0
2014-06-18,4490.0,673.0
2014-06-19,4554.0,590.0
2014-06-20,4652.0,608.0
2014-06-21,4898.0,505.0
2014-06-23,4152.0,707.0
2014-06-24,4627.0,527.0
2014-06-25,4689.0,644.0
2014-06-26,5283.0,570.0
2014-06-27,4968.0,644.0
2014-06-28,4810.0,582.0
2014-06-30,5018.0,733.0
2014-07-01,4908.0,757.0
2014-07-02,4413.0,646.0
2014-07-03,5155.0,597.0
2014-07-04,5738.0,455.0
2014-07-05,4722.0,681.0
2014-07-07,5504.0,657.0
2014-07-08,4419.0,805.0
2014-07-09,4751.0,578.0
2014-07-10,4815.0,545.0
2014-07-11,4637.0,499.0
2014-07-12,4832.0,486.0
2014-07-14,5114.0,627.0
2014-07-15,4862.0,649.0
2014-07-16,5298.0,531.0
2014-07-17,6579.0,347.0
2014-07-18,7142.0,471.0
2014-07-19,8214.0,329.0
2014-07-21,6791.0,820.0
2014-07-22,6822.0,581.0
2014-07-23,7294.0,673.0
2014-07-24,7868.0,462.0
2014-07-25,6822.0,516.0
2014-07-26,8235.0,444.0
2014-07-28,6473.0,934.0
2014-07-29,5958.0,872.0
2014-07-30,6216.0,710.0
2014-07-31,5519.0,741.0
2014-08-01,5388.0,570.0
2014-08-04,9059.0,437.0
2014-08-05,7299.0,828.0
2014-08-06,5925.0,847.0
2014-08-07,4954.0,885.0
2014-08-08,7602.0,497.0
2014-08-09,5628.0,727.0
2014-08-11,6715.0,704.0
2014-08-12,5828.0,866.0
2014-08-13,4427.0,956.0
2014-08-14,4600.0,898.0
2014-08-15,5149.0,658.0
2014-08-16,6158.0,594.0
2014-08-18,6262.0,846.0
2014-08-19,6934.0,596.0
2014-08-20,6974.0,693.0
2014-08-21,5116.0,959.0
2014-08-22,6357.0,642.0
2014-08-23,5612.0,991.0
2014-08-25,6298.0,1130.0
2014-08-26,6015.0,908.0
2014-08-27,6648.0,963.0
2014-08-28,7503.0,1019.0
2014-08-29,7057.0,1398.0
2014-08-30,6749.0,1178.0
2014-09-01,6028.0,1510.0
2014-09-02,5448.0,686.0
2014-09-03,5531.0,635.0
2014-09-04,9878.0,825.0
2014-09-05,6555.0,1411.0
2014-09-06,8181.0,618.0
2014-09-11,9010.0,911.0
2014-09-12,7087.0,1054.0
2014-09-13,5432.0,1010.0
2014-09-15,5699.0,956.0
2014-09-16,6039.0,849.0
2014-09-17,5294.0,841.0
2014-09-18,5833.0,721.0
2014-09-19,5537.0,748.0
2014-09-22,5410.0,1057.0
2014-09-23,5139.0,1065.0
2014-09-24,5658.0,872.0
2014-09-25,6146.0,497.0
2014-09-26,5396.0,885.0
2014-09-27,4830.0,763.0
2014-09-29,5314.0,966.0
2014-10-01,4574.0,959.0
2014-10-02,3857.0,1105.0
2014-10-03,4660.0,848.0
2014-10-04,4271.0,490.0
2014-10-06,4344.0,987.0
2014-10-07,4074.0,955.0
2014-10-08,3714.0,876.0
2014-10-09,3360.0,903.0
2014-10-10,3220.0,790.0
2014-10-11,3499.0,546.0
2014-10-13,3008.0,1014.0
2014-10-14,3844.0,563.0
2014-10-15,3723.0,746.0
2014-10-16,4067.0,685.0
2014-10-17,4080.0,744.0
2014-10-18,3361.0,758.0
2014-10-20,3742.0,847.0
2014-10-21,4101.0,543.0
2014-10-22,3852.0,400.0
2014-10-23,3417.0,872.0
2014-10-24,2895.0,961.0
2014-10-25,2770.0,932.0
2014-10-27,2863.0,912.0
2014-10-28,2980.0,823.0
2014-10-29,3188.0,631.0
2014-10-30,3016.0,723.0
2014-10-31,3078.0,793.0
2014-11-01,3444.0,498.0
2014-11-03,3573.0,717.0
2014-11-04,3188.0,965.0
2014-11-05,2953.0,881.0
2014-11-06,3263.0,795.0
2014-11-07,3408.0,960.0
2014-11-08,3231.0,1003.0
2014-11-10,3214.0,1224.0
2014-11-11,3041.0,1159.0
2014-11-12,3092.0,948.0
2014-11-13,3392.0,1070.0
2014-11-14,3494.0,1533.0
2014-11-15,3651.0,1577.0
2014-11-17,3288.0,1839.0
2014-11-18,2669.0,1242.0
2014-11-19,2750.0,1473.0
2014-11-20,3416.0,1459.0
2014-11-21,3485.0,1872.0
2014-11-22,3242.0,1502.0
2014-11-24,2910.0,1629.0
2014-11-25,2842.0,1160.0
2014-11-26,3114.0,987.0
2014-11-27,2948.0,1495.0
2014-11-28,3380.0,1421.0
2014-11-29,4396.0,938.0
2014-12-01,3503.0,1670.0
2014-12-02,3034.0,706.0
2014-12-03,2853.0,684.0
2014-12-04,2981.0,626.0
2014-12-05,2845.0,896.0
2014-12-06,4325.0,424.0
2014-12-08,3269.0,1071.0
2014-12-09,2896.0,740.0
2014-12-10,2831.0,976.0
2014-12-11,2904.0,1120.0
2014-12-12,2784.0,995.0
2014-12-13,2726.0,649.0
2014-12-15,3267.0,615.0
2014-12-16,2878.0,818.0
2014-12-17,2498.0,503.0
2014-12-18,2414.0,268.0
2014-12-19,3416.0,258.0
2014-12-20,3840.0,330.0
2014-12-22,3099.0,866.0
2014-12-23,3203.0,422.0
2014-12-24,2765.0,757.0
2014-12-25,2338.0,474.0
2014-12-26,2074.0,618.0
2014-12-27,2388.0,383.0
2014-12-29,2907.0,647.0
2014-12-30,3214.0,594.0
2014-12-31,2926.0,555.0
2015-01-03,2821.0,370.0
2015-01-05,3216.0,834.0
2015-01-06,3143.0,774.0
2015-01-07,2674.0,686.0
2015-01-08,2424.0,479.0
2015-01-09,2342.0,518.0
2015-01-10,2342.0,337.0
2015-01-12,2747.0,531.0
2015-01-13,2548.0,608.0
2015-01-14,2627.0,527.0
2015-01-15,2772.0,462.0
2015-01-16,3236.0,397.0
2015-01-17,3130.0,391.0
2015-01-19,3140.0,599.0
2015-01-20,2785.0,566.0
2015-01-21,2936.0,533.0
2015-01-22,2725.0,509.0
2015-01-23,2804.0,523.0
2015-01-24,2898.0,382.0
2015-01-26,3049.0,694.0
2015-01-27,3141.0,348.0
2015-01-28,3065.0,550.0
2015-01-29,3316.0,471.0
2015-01-30,3612.0,414.0
2015-01-31,3416.0,368.0
2015-02-02,3129.0,725.0
2015-02-03,3222.0,516.0
2015-02-04,3165.0,702.0
2015-02-05,2971.0,607.0
2015-02-06,3203.0,518.0
2015-02-07,2806.0,625.0
2015-02-09,3186.0,678.0
2015-02-10,4229.0,333.0
2015-02-11,3878.0,636.0
2015-02-12,3915.0,722.0
2015-02-13,3589.0,836.0
2015-02-14,3605.0,609.0
2015-02-16,3680.0,855.0
2015-02-17,4197.0,296.0
2015-02-18,4197.0,69.0
2015-02-23,3703.0,704.0
2015-02-24,3794.0,560.0
2015-02-25,4525.0,439.0
2015-02-26,4548.0,587.0
2015-02-27,4017.0,643.0
2015-02-28,3897.0,347.0
2015-03-02,4150.0,672.0
2015-03-03,4523.0,449.0
2015-03-04,4810.0,497.0
2015-03-05,4620.0,499.0
2015-03-06,4698.0,557.0
2015-03-07,4408.0,478.0
2015-03-09,4543.0,754.0
2015-03-10,4453.0,462.0
2015-03-11,4808.0,467.0
2015-03-12,4696.0,583.0
2015-03-13,4779.0,589.0
2015-03-14,4956.0,363.0
2015-03-16,4813.0,745.0
2015-03-17,4663.0,753.0
2015-03-18,4978.0,515.0
2015-03-19,4607.0,493.0
2015-03-20,4939.0,524.0
2015-03-21,4770.0,328.0
2015-03-23,5255.0,650.0
2015-03-24,4867.0,626.0
2015-03-25,4883.0,472.0
2015-03-26,4820.0,481.0
2015-03-27,4817.0,439.0
2015-03-28,4956.0,314.0
2015-03-30,5052.0,605.0
2015-03-31,4423.0,613.0
2015-04-01,4480.0,414.0
2015-04-02,4578.0,416.0
2015-04-03,4407.0,373.0
2015-04-04,4416.0,340.0
2015-04-06,4751.0,639.0
2015-04-07,4483.0,521.0
2015-04-08,4235.0,514.0
2015-04-09,4294.0,464.0
2015-04-10,4642.0,444.0
2015-04-11,4897.0,316.0
2015-04-13,4754.0,533.0
2015-04-14,4553.0,521.0
2015-04-15,4839.0,503.0
2015-04-16,4910.0,457.0
2015-04-17,5089.0,521.0
2015-04-18,5376.0,313.0
2015-04-20,5062.0,585.0
2015-04-21,5318.0,603.0
2015-04-22,5063.0,587.0
2015-04-23,5659.0,457.0
2015-04-24,5281.0,635.0
2015-04-25,5591.0,325.0
2015-04-27,5553.0,499.0
2015-04-28,5538.0,571.0
2015-04-29,5945.0,437.0
2015-04-30,5893.0,469.0
2015-05-01,6625.0,449.0
2015-05-02,7151.0,202.0
2015-05-04,7240.0,563.0
2015-05-05,6719.0,568.0
2015-05-06,6596.0,545.0
2015-05-07,6853.0,528.0
2015-05-08,6615.0,529.0
2015-05-09,6371.0,381.0
2015-05-11,7475.0,491.0
2015-05-12,8326.0,411.0
2015-05-13,10052.0,452.0
2015-05-14,11513.0,422.0
2015-05-15,12538.0,484.0
2015-05-16,12585.0,370.0
2015-05-18,11431.0,757.0
2015-05-19,11764.0,562.0
2015-05-20,11087.0,646.0
2015-05-21,11292.0,545.0
2015-05-22,9760.0,598.0
2015-05-23,10844.0,253.0
2015-05-25,10485.0,477.0
2015-05-26,10063.0,604.0
2015-05-27,9196.0,600.0
2015-05-28,10231.0,525.0
2015-05-29,8387.0,618.0
2015-05-30,8161.0,374.0
2015-06-01,8334.0,556.0
2015-06-02,8211.0,654.0
2015-06-03,7214.0,668.0
2015-06-04,6327.0,615.0
2015-06-05,6288.0,566.0
2015-06-06,6625.0,488.0
2015-06-08,7178.0,565.0
2015-06-09,7849.0,584.0
2015-06-10,8933.0,526.0
2015-06-11,9518.0,497.0
2015-06-12,7991.0,762.0
2015-06-13,6324.0,630.0
2015-06-15,6549.0,872.0
2015-06-16,5741.0,852.0
2015-06-17,6406.0,652.0
2015-06-18,5554.0,764.0
2015-06-19,5297.0,707.0
2015-06-20,5921.0,483.0
2015-06-22,7074.0,651.0
2015-06-23,7762.0,543.0
2015-06-24,7375.0,653.0
2015-06-25,6868.0,674.0
2015-06-26,7425.0,652.0
2015-06-27,8295.0,306.0
2015-06-29,6922.0,885.0
2015-06-30,6870.0,700.0
2015-07-01,6775.0,559.0
2015-07-02,7291.0,458.0
2015-07-03,7063.0,614.0
2015-07-04,6936.0,446.0
2015-07-06,7398.0,669.0
2015-07-07,7673.0,590.0
2015-07-08,7213.0,594.0
2015-07-09,7427.0,478.0
2015-07-10,7738.0,444.0
2015-07-11,7544.0,458.0
2015-07-13,6495.0,693.0
2015-07-14,7245.0,518.0
2015-07-15,5783.0,744.0
2015-07-16,4594.0,703.0
2015-07-17,5679.0,546.0
2015-07-18,5181.0,453.0
2015-07-20,5599.0,672.0
2015-07-21,4749.0,749.0
2015-07-22,4809.0,570.0
2015-07-23,4513.0,658.0
2015-07-24,4425.0,592.0
2015-07-25,7884.0,183.0
2015-07-27,4120.0,1083.0
2015-07-28,4326.0,779.0
2015-07-29,4205.0,767.0
2015-07-30,4509.0,463.0
2015-07-31,5375.0,553.0
2015-08-03,4641.0,769.0
2015-08-04,5161.0,598.0
2015-08-05,5747.0,553.0
2015-08-06,6406.0,493.0
2015-08-07,7208.0,491.0
2015-08-08,7616.0,471.0
2015-08-10,7484.0,706.0
2015-08-11,7328.0,649.0
2015-08-12,6817.0,729.0
2015-08-13,7874.0,436.0
2015-08-14,6995.0,641.0
2015-08-15,10304.0,276.0
2015-08-17,7149.0,836.0
2015-08-18,6027.0,707.0
2015-08-19,5841.0,678.0
2015-08-20,6230.0,596.0
2015-08-21,6445.0,631.0
2015-08-22,6064.0,460.0
2015-08-24,6259.0,745.0
2015-08-25,6953.0,708.0
2015-08-26,13192.0,212.0
2015-08-27,6383.0,833.0
2015-08-28,5262.0,1029.0
2015-08-29,5419.0,694.0
2015-08-31,5240.0,990.0
2015-09-01,5858.0,914.0
2015-09-02,5550.0,729.0
2015-09-03,5559.0,648.0
2015-09-04,4648.0,968.0
2015-09-05,4983.0,763.0
2015-09-07,6637.0,651.0
2015-09-08,5738.0,961.0
2015-09-09,6142.0,990.0
2015-09-11,5686.0,937.0
2015-09-12,5111.0,970.0
2015-09-14,5075.0,1144.0
2015-09-15,5221.0,1188.0
2015-09-16,5618.0,1139.0
2015-09-17,5905.0,1117.0
2015-09-18,6112.0,1144.0
2015-09-19,5283.0,1185.0
2015-09-21,6059.0,1230.0
2015-09-22,6811.0,1210.0
2015-09-23,6669.0,1278.0
2015-09-24,6659.0,1073.0
2015-09-25,6007.0,1026.0
2015-10-01,5256.0,794.0
2015-10-02,6359.0,495.0
2015-10-03,4896.0,849.0
2015-10-05,4856.0,1042.0
2015-10-06,4789.0,934.0
2015-10-07,4627.0,735.0
2015-10-08,3996.0,735.0
2015-10-09,4525.0,594.0
2015-10-10,4882.0,452.0
2015-10-12,4361.0,737.0
2015-10-13,3964.0,755.0
2015-10-14,4089.0,714.0
2015-10-15,3656.0,863.0
2015-10-16,3748.0,692.0
2015-10-17,3335.0,535.0
2015-10-19,3845.0,720.0
2015-10-20,3665.0,726.0
2015-10-21,3323.0,755.0
2015-10-22,3284.0,682.0
2015-10-23,3408.0,635.0
2015-10-24,3238.0,598.0
2015-10-26,3174.0,820.0
2015-10-27,3591.0,608.0
2015-10-28,4103.0,498.0
2015-10-29,3391.0,800.0
2015-10-30,2963.0,815.0
2015-10-31,3168.0,569.0
2015-11-02,3247.0,830.0
2015-11-03,3059.0,918.0
2015-11-04,3494.0,711.0
2015-11-05,3352.0,795.0
2015-11-06,3426.0,823.0
2015-11-07,3852.0,707.0
2015-11-09,4954.0,589.0
2015-11-10,3565.0,841.0
2015-11-11,3032.0,1040.0
2015-11-12,4089.0,982.0
2015-11-13,4756.0,1203.0
2015-11-14,6422.0,904.0
2015-11-16,4011.0,1650.0
2015-11-17,4352.0,1255.0
2015-11-18,3925.0,1374.0
2015-11-19,4653.0,1128.0
2015-11-20,5842.0,1364.0
2015-11-21,5946.0,1830.0
2015-11-23,5585.0,1933.0
2015-11-24,4413.0,1404.0
2015-11-25,5234.0,1390.0
2015-11-26,6291.0,1401.0
2015-11-27,6524.0,1284.0
2015-11-28,5981.0,1258.0
2015-11-30,4567.0,1555.0
2015-12-01,3353.0,1168.0
2015-12-02,4207.0,1143.0
2015-12-03,4093.0,1402.0
2015-12-04,4568.0,861.0
2015-12-05,3444.0,917.0
2015-12-07,3199.0,1132.0
2015-12-08,2964.0,857.0
2015-12-09,2798.0,750.0
2015-12-10,3903.0,604.0
2015-12-11,3382.0,824.0
2015-12-12,3341.0,654.0
2015-12-14,3291.0,803.0
2015-12-15,4003.0,508.0
2015-12-16,3325.0,659.0
2015-12-17,3255.0,613.0
2015-12-18,3047.0,461.0
2015-12-19,3785.0,313.0
2015-12-21,3821.0,722.0
2015-12-22,3574.0,691.0
2015-12-23,3251.0,556.0
2015-12-24,3192.0,433.0
2015-12-25,3621.0,361.0
2015-12-26,4091.0,252.0
2015-12-28,5488.0,546.0
2015-12-29,4392.0,709.0
2015-12-30,4600.0,573.0
2015-12-31,4517.0,355.0
2016-01-04,5163.0,828.0
2016-01-05,4683.0,625.0
2016-01-06,4722.0,543.0
2016-01-07,4634.0,530.0
2016-01-08,4586.0,539.0
2016-01-09,3917.0,372.0
2016-01-11,4412.0,623.0
2016-01-12,4409.0,435.0
2016-01-13,4860.0,444.0
2016-01-14,4936.0,424.0
2016-01-15,4782.0,517.0
2016-01-16,4365.0,310.0
2016-01-18,5102.0,603.0
2016-01-19,5976.0,304.0
2016-01-20,5247.0,366.0
2016-01-21,6123.0,258.0
2016-01-22,6841.0,413.0
2016-01-23,6898.0,382.0
2016-01-25,7102.0,432.0
2016-01-26,6671.0,411.0
2016-01-27,6722.0,459.0
2016-01-28,7015.0,535.0
2016-01-29,6920.0,593.0
2016-01-30,6996.0,425.0
2016-02-01,5889.0,1028.0
2016-02-02,5936.0,741.0
2016-02-03,6741.0,680.0
2016-02-04,6420.0,721.0
2016-02-05,6646.0,536.0
2016-02-06,6465.0,254.0
2016-02-11,7366.0,460.0
2016-02-12,7729.0,421.0
2016-02-13,9373.0,250.0
2016-02-15,8890.0,784.0
2016-02-16,8551.0,486.0
2016-02-17,7701.0,607.0
2016-02-18,7518.0,524.0
2016-02-19,8113.0,673.0
2016-02-20,8431.0,441.0
2016-02-22,9465.0,659.0
2016-02-23,8265.0,574.0
2016-02-24,8879.0,580.0
2016-02-25,8324.0,643.0
2016-02-26,9051.0,632.0
2016-02-27,9216.0,393.0
2016-02-29,9641.0,542.0
2016-03-01,9570.0,366.0
2016-03-02,10460.0,371.0
2016-03-03,10827.0,371.0
2016-03-04,11232.0,399.0
2016-03-05,11253.0,222.0
2016-03-07,11025.0,519.0
2016-03-08,10345.0,524.0
2016-03-09,8992.0,453.0
2016-03-10,10980.0,252.0
2016-03-11,10381.0,359.0
2016-03-12,10504.0,323.0
2016-03-14,10210.0,565.0
2016-03-15,10360.0,538.0
2016-03-16,10412.0,410.0
2016-03-17,10484.0,434.0
2016-03-18,10167.0,444.0
2016-03-19,10246.0,238.0
2016-03-21,10408.0,456.0
2016-03-22,10611.0,433.0
2016-03-23,10024.0,502.0
2016-03-24,10185.0,456.0
2016-03-25,10419.0,376.0
2016-03-26,10427.0,264.0
2016-03-28,11864.0,339.0
2016-03-29,11869.0,426.0
2016-03-30,12877.0,432.0
2016-03-31,12195.0,464.0
2016-04-01,11965.0,402.0
2016-04-02,12833.0,282.0
2016-04-04,13608.0,468.0
2016-04-05,13707.0,471.0
2016-04-06,13575.0,473.0
2016-04-07,13071.0,405.0
2016-04-08,12826.0,326.0
2016-04-09,13777.0,193.0
2016-04-11,14059.0,542.0
2016-04-12,14619.0,421.0
2016-04-13,15107.0,417.0
2016-04-14,16874.0,311.0
2016-04-15,16893.0,407.0
2016-04-16,16614.0,286.0
2016-04-18,16399.0,512.0
2016-04-19,16304.0,424.0
2016-04-20,17276.0,330.0
2016-04-21,16505.0,410.0
2016-04-22,16633.0,331.0
2016-04-23,14943.0,303.0
2016-04-25,16004.0,463.0
2016-04-26,16077.0,557.0
2016-04-27,15478.0,596.0
2016-04-28,15343.0,523.0
2016-04-29,14259.0,459.0
2016-04-30,13028.0,309.0
2016-05-02,13220.0,567.0
2016-05-03,11881.0,683.0
2016-05-04,11282.0,390.0
2016-05-05,10070.0,486.0
2016-05-06,9630.0,386.0
2016-05-07,11250.0,165.0
2016-05-09,10202.0,691.0
2016-05-10,10221.0,626.0
2016-05-11,9797.0,573.0
2016-05-12,9477.0,638.0
2016-05-13,11236.0,431.0
2016-05-14,12063.0,325.0
2016-05-16,13086.0,505.0
2016-05-17,14104.0,460.0
2016-05-18,12596.0,617.0
2016-05-19,11918.0,559.0
2016-05-20,11413.0,544.0
2016-05-21,9635.0,480.0
2016-05-23,10480.0,630.0
2016-05-24,10352.0,513.0
2016-05-25,8973.0,563.0
2016-05-26,9584.0,493.0
2016-05-27,7630.0,673.0
2016-05-28,5967.0,448.0
2016-05-30,7150.0,576.0
2016-05-31,5872.0,682.0
2016-06-01,5652.0,534.0
2016-06-02,5685.0,494.0
2016-06-03,5767.0,498.0
2016-06-04,6593.0,306.0
2016-06-06,5751.0,641.0
2016-06-07,5349.0,593.0
2016-06-08,5099.0,628.0
2016-06-09,4952.0,592.0
2016-06-10,4545.0,557.0
2016-06-11,5230.0,306.0
2016-06-13,4991.0,626.0
2016-06-14,4520.0,658.0
2016-06-15,4336.0,702.0
2016-06-16,4398.0,544.0
2016-06-17,5696.0,366.0
2016-06-18,4926.0,643.0
2016-06-20,5073.0,636.0
2016-06-21,5572.0,584.0
2016-06-22,5491.0,753.0
2016-06-23,6575.0,487.0
2016-06-24,5658.0,616.0
2016-06-25,4491.0,444.0
2016-06-27,6099.0,569.0
2016-06-28,4914.0,710.0
2016-06-29,4941.0,577.0
2016-06-30,4489.0,487.0
2016-07-01,5288.0,447.0
2016-07-02,5836.0,414.0
2016-07-04,5232.0,718.0
2016-07-05,7588.0,288.0
2016-07-06,5537.0,519.0
2016-07-07,6597.0,404.0
2016-07-08,6223.0,479.0
2016-07-09,5944.0,500.0
2016-07-11,6140.0,591.0
2016-07-12,6341.0,609.0
2016-07-13,6551.0,395.0
2016-07-14,7964.0,485.0
2016-07-15,8086.0,506.0
2016-07-16,7463.0,547.0
2016-07-18,7862.0,554.0
2016-07-19,5679.0,776.0
2016-07-20,5230.0,633.0
2016-07-21,5502.0,499.0
2016-07-22,7792.0,395.0
2016-07-23,7468.0,399.0
2016-07-25,7664.0,556.0
2016-07-26,7299.0,700.0
2016-07-27,7800.0,627.0
2016-07-28,9450.0,453.0
2016-07-29,7572.0,499.0
2016-07-30,9467.0,409.0
2016-08-01,9408.0,595.0
2016-08-02,10127.0,453.0
2016-08-03,8680.0,522.0
2016-08-04,9896.0,508.0
2016-08-05,12136.0,422.0
2016-08-08,9313.0,730.0
2016-08-09,10706.0,506.0
2016-08-10,12163.0,487.0
2016-08-11,11685.0,463.0
2016-08-12,12188.0,457.0
2016-08-13,12230.0,441.0
2016-08-15,13917.0,476.0
2016-08-16,15190.0,379.0
2016-08-17,14690.0,506.0
2016-08-18,14198.0,488.0
2016-08-19,15384.0,417.0
2016-08-20,17259.0,308.0
2016-08-22,19245.0,470.0
2016-08-23,19238.0,604.0
2016-08-24,17304.0,652.0
2016-08-25,16924.0,579.0
2016-08-26,16870.0,552.0
2016-08-27,22864.0,289.0
2016-08-29,22315.0,707.0
2016-08-30,24060.0,529.0
2016-08-31,22592.0,746.0
2016-09-01,18384.0,987.0
2016-09-02,15891.0,672.0
2016-09-03,18557.0,728.0
2016-09-05,21020.0,1086.0
2016-09-06,20513.0,1024.0
2016-09-07,18398.0,1081.0
2016-09-08,19533.0,1007.0
2016-09-09,19697.0,900.0
2016-09-12,17480.0,1195.0
2016-09-13,23494.0,682.0
2016-09-14,16277.0,288.0
2016-09-19,14920.0,737.0
2016-09-21,16050.0,649.0
2016-09-22,16664.0,622.0
2016-09-23,16965.0,599.0
2016-09-24,18396.0,486.0
2016-09-26,18694.0,857.0
2016-09-27,21167.0,673.0
2016-09-28,21628.0,551.0
2016-09-29,18136.0,749.0
2016-10-01,13255.0,750.0
2016-10-03,13702.0,811.0
2016-10-04,14450.0,524.0
2016-10-05,10160.0,1057.0
2016-10-06,13128.0,530.0
2016-10-07,9681.0,1009.0
2016-10-08,7235.0,904.0
2016-10-10,7916.0,891.0
2016-10-11,7202.0,980.0
2016-10-12,8304.0,740.0
2016-10-13,8696.0,700.0
2016-10-14,9038.0,686.0
2016-10-15,9646.0,636.0
2016-10-17,7849.0,1098.0
2016-10-18,6926.0,866.0
2016-10-19,6891.0,853.0
2016-10-20,6525.0,912.0
2016-10-21,6046.0,913.0
2016-10-22,5788.0,701.0
2016-10-24,5731.0,846.0
2016-10-25,6011.0,813.0
2016-10-26,7305.0,390.0
2016-10-27,5749.0,1018.0
2016-10-28,5835.0,894.0
2016-10-29,5390.0,659.0
2016-10-31,5475.0,891.0
2016-11-01,5332.0,830.0
2016-11-02,5365.0,847.0
2016-11-03,6660.0,576.0
2016-11-04,6166.0,1074.0
2016-11-05,6531.0,949.0
2016-11-07,6486.0,1183.0
2016-11-08,6479.0,1132.0
2016-11-09,6462.0,1115.0
2016-11-10,7173.0,984.0
2016-11-11,9153.0,990.0
2016-11-12,9816.0,1272.0
2016-11-14,8363.0,1933.0
2016-11-15,8054.0,1476.0
2016-11-16,7559.0,1342.0
2016-11-17,9886.0,1110.0
2016-11-18,10985.0,1481.0
2016-11-19,9763.0,1558.0
2016-11-21,8444.0,1710.0
2016-11-22,7214.0,1651.0
2016-11-23,9136.0,1294.0
2016-11-24,9390.0,1489.0
2016-11-25,9827.0,1348.0
2016-11-26,7885.0,1503.0
2016-11-28,9042.0,1192.0
2016-11-29,8069.0,1330.0
2016-11-30,7758.0,1230.0
2016-12-01,8555.0,1153.0
2016-12-02,9810.0,1073.0
2016-12-03,8549.0,1099.0
2016-12-05,8097.0,1264.0
2016-12-06,7626.0,849.0
2016-12-07,7592.0,894.0
2016-12-08,8612.0,605.0
2016-12-09,8203.0,995.0
2016-12-10,8114.0,787.0
2016-12-12,8580.0,737.0
2016-12-13,7867.0,728.0
2016-12-14,8617.0,486.0
2016-12-15,8877.0,569.0
2016-12-16,9102.0,485.0
2016-12-17,9127.0,321.0
2016-12-19,9315.0,525.0
2016-12-20,9351.0,428.0
2016-12-21,9107.0,635.0
2016-12-22,9319.0,514.0
2016-12-23,8659.0,522.0
2016-12-24,8040.0,297.0
2016-12-26,9206.0,418.0
2016-12-27,9225.0,500.0
2016-12-28,8696.0,483.0
2016-12-29,8917.0,288.0
2016-12-30,9799.0,320.0
2016-12-31,9799.0,74.0
2017-01-03,9689.0,710.0
2017-01-04,9790.0,485.0
2017-01-05,9332.0,480.0
2017-01-06,8885.0,640.0
2017-01-07,8553.0,363.0
2017-01-09,9075.0,524.0
2017-01-10,9170.0,491.0
2017-01-11,8978.0,425.0
2017-01-12,9124.0,339.0
2017-01-13,9152.0,410.0
2017-01-14,8850.0,308.0
2017-01-16,9058.0,316.0
2017-01-17,9203.0,366.0
2017-01-18,9270.0,400.0
2017-01-19,9013.0,646.0
2017-01-20,9105.0,575.0
2017-01-21,8884.0,297.0
2017-01-23,8647.0,729.0
2017-01-24,7996.0,551.0
2017-01-25,8423.0,478.0
2017-01-26,8165.0,355.0
2017-01-27,7638.0,93.0
2017-02-01,9503.0,424.0
2017-02-02,9648.0,433.0
2017-02-03,9555.0,294.0
2017-02-04,9377.0,205.0
2017-02-06,9621.0,504.0
2017-02-07,9163.0,485.0
2017-02-08,9261.0,340.0
2017-02-09,9204.0,430.0
2017-02-10,8575.0,362.0
2017-02-11,8832.0,112.0
2017-02-13,9426.0,444.0
2017-02-14,9503.0,433.0
2017-02-15,9178.0,405.0
2017-02-16,9668.0,321.0
2017-02-17,9069.0,454.0
2017-02-18,9190.0,214.0
2017-02-20,9080.0,667.0
2017-02-21,8871.0,406.0
2017-02-22,8982.0,360.0
2017-02-23,9363.0,338.0
2017-02-24,9052.0,495.0
2017-02-25,8497.0,346.0
2017-02-27,8754.0,569.0
2017-02-28,8547.0,488.0
2017-03-01,8677.0,365.0
2017-03-02,8648.0,470.0
2017-03-03,8492.0,416.0
2017-03-04,9041.0,215.0
2017-03-06,8738.0,548.0
2017-03-07,8644.0,365.0
2017-03-08,8648.0,408.0
2017-03-09,8411.0,490.0
2017-03-10,8470.0,438.0
2017-03-11,8692.0,241.0
2017-03-13,8537.0,533.0
2017-03-14,8591.0,488.0
2017-03-15,7959.0,495.0
2017-03-16,7317.0,420.0
2017-03-17,8040.0,345.0
2017-03-18,7444.0,246.0
2017-03-20,8109.0,483.0
2017-03-21,7588.0,533.0
2017-03-22,6894.0,506.0
2017-03-23,6855.0,428.0
2017-03-24,6626.0,401.0
2017-03-25,6983.0,187.0
2017-03-27,7019.0,570.0
2017-03-28,6320.0,564.0
2017-03-29,6088.0,465.0
2017-03-30,6934.0,326.0
2017-03-31,6472.0,429.0
2017-04-01,7158.0,214.0
2017-04-03,6672.0,659.0
2017-04-04,6274.0,608.0
2017-04-05,5842.0,577.0
2017-04-06,5672.0,417.0
2017-04-07,6299.0,371.0
2017-04-08,6242.0,314.0
2017-04-10,5771.0,705.0
2017-04-11,5317.0,528.0
2017-04-12,4891.0,581.0
2017-04-13,4887.0,448.0
2017-04-14,5725.0,355.0
2017-04-15,5700.0,309.0
2017-04-17,6015.0,476.0
2017-04-18,6243.0,478.0
2017-04-19,6343.0,433.0
2017-04-20,5761.0,545.0
2017-04-21,6000.0,467.0
2017-04-22,6825.0,223.0
2017-04-24,7000.0,460.0
2017-04-25,7461.0,486.0
2017-04-26,7812.0,527.0
2017-04-27,7404.0,593.0
2017-04-28,6654.0,540.0
2017-04-29,5346.0,321.0
2017-05-01,4553.0,624.0
2017-05-02,4677.0,479.0
2017-05-03,4896.0,484.0
2017-05-04,4467.0,448.0
2017-05-05,4434.0,490.0
2017-05-06,4095.0,290.0
2017-05-08,4201.0,557.0
2017-05-09,3586.0,534.0
2017-05-10,4155.0,440.0
2017-05-11,3828.0,490.0
2017-05-12,3612.0,670.0
2017-05-13,2506.0,304.0
2017-05-15,3636.0,648.0
2017-05-16,3650.0,642.0
2017-05-17,3360.0,705.0
2017-05-18,2965.0,468.0
2017-05-19,3060.0,404.0
2017-05-20,3427.0,317.0
2017-05-22,3736.0,484.0
2017-05-23,4299.0,497.0
2017-05-24,3377.0,610.0
2017-05-25,3212.0,467.0
2017-05-26,3239.0,458.0
2017-05-27,3196.0,338.0
2017-05-29,2934.0,670.0
2017-05-30,2659.0,529.0
2017-05-31,2980.0,401.0
2017-06-01,2695.0,584.0
2017-06-02,3027.0,450.0
2017-06-03,2582.0,457.0
2017-06-05,4167.0,434.0
2017-06-06,4740.0,476.0
2017-06-07,5192.0,567.0
2017-06-08,5220.0,358.0
2017-06-09,3523.0,721.0
2017-06-10,2325.0,521.0
2017-06-12,3003.0,625.0
2017-06-13,3406.0,553.0
2017-06-14,3490.0,578.0
2017-06-15,2839.0,584.0
2017-06-16,3382.0,516.0
2017-06-17,3063.0,427.0
2017-06-19,3108.0,608.0
2017-06-20,3494.0,505.0
2017-06-21,3313.0,564.0
2017-06-22,3395.0,616.0
2017-06-23,3232.0,576.0
2017-06-24,3008.0,502.0
2017-06-26,4003.0,509.0
2017-06-27,3918.0,601.0
2017-06-28,3215.0,664.0
2017-06-29,3212.0,585.0
2017-06-30,3357.0,624.0
2017-07-01,3431.0,493.0
2017-07-03,4016.0,523.0
2017-07-04,4615.0,514.0
2017-07-05,4142.0,591.0
2017-07-06,3319.0,619.0
2017-07-07,3406.0,501.0
2017-07-08,4928.0,314.0
2017-07-10,4432.0,587.0
2017-07-11,6246.0,276.0
2017-07-12,10486.0,296.0
2017-07-13,6771.0,608.0
2017-07-14,6289.0,541.0
2017-07-15,7282.0,346.0
2017-07-17,8877.0,492.0
2017-07-18,9221.0,538.0
2017-07-19,9574.0,581.0
2017-07-20,10251.0,443.0
2017-07-21,11916.0,378.0
2017-07-22,16335.0,256.0
2017-07-24,15383.0,523.0
2017-07-25,11139.0,477.0
2017-07-26,14141.0,320.0
2017-07-27,11404.0,562.0
2017-07-28,10393.0,599.0
2017-07-29,11027.0,330.0
2017-07-31,11593.0,537.0
2017-08-01,11182.0,438.0
2017-08-02,11901.0,330.0
2017-08-03,10782.0,564.0
2017-08-04,10213.0,552.0
2017-08-07,11311.0,597.0
2017-08-08,11515.0,468.0
2017-08-09,12482.0,430.0
2017-08-10,14577.0,287.0
2017-08-11,16235.0,325.0
2017-08-12,14214.0,427.0
2017-08-14,15892.0,450.0
2017-08-15,13866.0,478.0
2017-08-16,14858.0,347.0
2017-08-17,13401.0,432.0
2017-08-18,13528.0,455.0
2017-08-19,15688.0,327.0
2017-08-21,15418.0,541.0
2017-08-22,14191.0,611.0
2017-08-23,11738.0,633.0
2017-08-24,10992.0,600.0
2017-08-25,16171.0,331.0
2017-08-26,15944.0,440.0
2017-08-28,16533.0,636.0
2017-08-29,14542.0,662.0
2017-08-30,17742.0,394.0
2017-08-31,17461.0,502.0
2017-09-01,18203.0,526.0
2017-09-02,13644.0,1007.0
2017-09-03,11432.0,1041.0
2017-09-04,16577.0,896.0
2017-09-05,15659.0,857.0
2017-09-06,15947.0,804.0
2017-09-07,16124.0,645.0
2017-09-08,14401.0,841.0
2017-09-09,14347.0,525.0
2017-09-11,15631.0,813.0
2017-09-12,16855.0,466.0
2017-09-13,15147.0,863.0
2017-09-14,13742.0,896.0
2017-09-15,13623.0,827.0
2017-09-16,11643.0,792.0
2017-09-18,15569.0,746.0
2017-09-19,13607.0,954.0
2017-09-21,12400.0,1009.0
2017-09-22,13776.0,917.0
2017-09-23,13010.0,892.0
2017-09-25,12925.0,1207.0
2017-09-26,12349.0,1048.0
2017-09-27,13207.0,927.0
2017-09-28,13299.0,665.0
2017-09-29,13598.0,884.0
2017-10-02,14941.0,824.0
2017-10-03,21451.0,180.0
2017-10-07,19234.0,97.0
2017-10-09,10105.0,1264.0
2017-10-10,7086.0,889.0
2017-10-11,6836.0,668.0
2017-10-12,5150.0,530.0
2017-10-13,4038.0,808.0
2017-10-14,3986.0,573.0
2017-10-16,3541.0,890.0
2017-10-17,3795.0,720.0
2017-10-18,3123.0,715.0
2017-10-19,3380.0,653.0
2017-10-20,3892.0,558.0
2017-10-21,3828.0,509.0
2017-10-23,3673.0,753.0
2017-10-24,3171.0,788.0
2017-10-25,3421.0,594.0
2017-10-26,3330.0,653.0
2017-10-27,3348.0,647.0
2017-10-28,3051.0,525.0
2017-10-30,3354.0,728.0
2017-10-31,3717.0,544.0
2017-11-01,3726.0,644.0
2017-11-02,4241.0,638.0
2017-11-03,4902.0,678.0
2017-11-04,4973.0,621.0
2017-11-06,3555.0,1031.0
2017-11-07,3581.0,950.0
2017-11-08,4004.0,840.0
2017-11-09,4084.0,1024.0
2017-11-10,5450.0,886.0
2017-11-11,5540.0,1186.0
2017-11-13,4917.0,1538.0
2017-11-14,4397.0,1199.0
2017-11-15,4623.0,1412.0
2017-11-16,5055.0,1460.0
2017-11-17,5636.0,1581.0
2017-11-18,5472.0,1535.0
2017-11-20,5038.0,1667.0
2017-11-21,4954.0,1063.0
2017-11-22,5448.0,1311.0
2017-11-23,6122.0,1499.0
2017-11-24,7235.0,1437.0
2017-11-25,5853.0,1525.0
2017-11-27,5025.0,1629.0
2017-11-28,4267.0,1022.0
2017-11-29,4723.0,1190.0
2017-11-30,5254.0,1041.0
2017-12-01,5030.0,1038.0
2017-12-02,5345.0,717.0
2017-12-04,5354.0,700.0
2017-12-05,4788.0,583.0
2017-12-06,5141.0,374.0
2017-12-07,5577.0,428.0
2017-12-08,5234.0,776.0
2017-12-09,5468.0,442.0
2017-12-11,5361.0,761.0
2017-12-12,5357.0,429.0
2017-12-13,5512.0,194.0
2017-12-14,5009.0,305.0
2017-12-15,5856.0,266.0
2017-12-16,6521.0,304.0
2017-12-18,5895.0,596.0
2017-12-19,5439.0,385.0
2017-12-20,5029.0,526.0
2017-12-21,4998.0,365.0
2017-12-22,5279.0,319.0
2017-12-23,5162.0,400.0
2017-12-25,5435.0,391.0
2017-12-26,5348.0,358.0
2017-12-27,5285.0,407.0
2017-12-28,5115.0,446.0
2017-12-29,5346.0,316.0
2017-12-30,5672.0,248.0
2018-01-03,6416.0,462.0
2018-01-04,5261.0,572.0
2018-01-05,5098.0,439.0
2018-01-06,4969.0,332.0
2018-01-08,5237.0,511.0
2018-01-09,5567.0,229.0
2018-01-10,5391.0,376.0
2018-01-11,5505.0,250.0
2018-01-12,5173.0,197.0
2018-01-13,5173.0,51.0
2018-01-15,5460.0,460.0
2018-01-16,5580.0,368.0
2018-01-17,5457.0,408.0
2018-01-18,5375.0,478.0
2018-01-19,5108.0,449.0
2018-01-20,5043.0,295.0
2018-01-22,5498.0,430.0
2018-01-23,5602.0,430.0
2018-01-24,5389.0,308.0
2018-01-25,5498.0,134.0
2018-01-26,5498.0,61.0
2018-01-27,7204.0,114.0
2018-01-29,8549.0,306.0
2018-01-30,8933.0,349.0
2018-01-31,8442.0,431.0
2018-02-01,8840.0,288.0
2018-02-02,9152.0,368.0
2018-02-03,9933.0,298.0
2018-02-05,9387.0,512.0
2018-02-06,9389.0,424.0
2018-02-07,8807.0,483.0
2018-02-08,8028.0,421.0
2018-02-09,8969.0,429.0
2018-02-10,7975.0,555.0
2018-02-12,7479.0,870.0
2018-02-13,6839.0,610.0
2018-02-14,7497.0,371.0
2018-02-15,7497.0,81.0
2018-02-19,7335.0,464.0
2018-02-20,6836.0,314.0
2018-02-21,7379.0,357.0
2018-02-22,7579.0,344.0
2018-02-23,7892.0,364.0
2018-02-24,7735.0,276.0
2018-02-26,7863.0,619.0
2018-02-27,8184.0,357.0
2018-02-28,8603.0,468.0
2018-03-01,9530.0,207.0
2018-03-02,8472.0,352.0
2018-03-03,7950.0,316.0
2018-03-05,8561.0,515.0
2018-03-06,7314.0,323.0
2018-03-07,7933.0,490.0
2018-03-08,8440.0,546.0
2018-03-09,7448.0,348.0
2018-03-10,7866.0,300.0
2018-03-12,8410.0,532.0
2018-03-13,7232.0,589.0
2018-03-14,6543.0,480.0
2018-03-15,6867.0,304.0
2018-03-16,8625.0,246.0
2018-03-17,8476.0,218.0
2018-03-19,8632.0,581.0
2018-03-20,7588.0,465.0
2018-03-21,8540.0,361.0
2018-03-22,8816.0,308.0
2018-03-23,7458.0,368.0
2018-03-24,6934.0,280.0
2018-03-26,8631.0,472.0
2018-03-27,8365.0,444.0
2018-03-28,7392.0,446.0
2018-03-29,8028.0,384.0
2018-03-30,7915.0,324.0
2018-03-31,7882.0,246.0
2018-04-02,8474.0,547.0
2018-04-03,7382.0,526.0
2018-04-04,7956.0,452.0
2018-04-05,8153.0,362.0
2018-04-06,7456.0,391.0
2018-04-07,5931.0,215.0
2018-04-09,7235.0,514.0
2018-04-10,7440.0,492.0
2018-04-11,7461.0,476.0
2018-04-12,6418.0,385.0
2018-04-13,6794.0,325.0
2018-04-14,8060.0,207.0
2018-04-16,7582.0,519.0
2018-04-17,7097.0,494.0
2018-04-18,6983.0,482.0
2018-04-19,6255.0,365.0
2018-04-20,7090.0,398.0
2018-04-21,6947.0,219.0
2018-04-23,7341.0,447.0
2018-04-24,6682.0,405.0
2018-04-25,6303.0,425.0
2018-04-26,6604.0,376.0
2018-04-27,6257.0,428.0
2018-04-28,6823.0,236.0
2018-04-30,6141.0,575.0
2018-05-01,5790.0,452.0
2018-05-02,5754.0,488.0
2018-05-03,5269.0,432.0
2018-05-04,5419.0,330.0
2018-05-05,5741.0,256.0
2018-05-07,5891.0,491.0
2018-05-08,5918.0,489.0
2018-05-09,5278.0,513.0
2018-05-10,5245.0,413.0
2018-05-11,5478.0,410.0
2018-05-12,5982.0,202.0
2018-05-14,5887.0,471.0
2018-05-15,5275.0,633.0
2018-05-16,4725.0,546.0
2018-05-17,4036.0,542.0
2018-05-18,2824.0,436.0
2018-05-19,3047.0,189.0
2018-05-21,3440.0,523.0
2018-05-22,3472.0,529.0
2018-05-23,3103.0,481.0
2018-05-24,3324.0,360.0
2018-05-25,4146.0,407.0
2018-05-26,4385.0,379.0
2018-05-28,4147.0,541.0
2018-05-29,4218.0,456.0
2018-05-30,3683.0,460.0
2018-05-31,3789.0,415.0
2018-06-01,3948.0,464.0
2018-06-02,3640.0,379.0
2018-06-04,3063.0,716.0
2018-06-05,3844.0,444.0
2018-06-06,3114.0,545.0
2018-06-07,2912.0,495.0
2018-06-08,3145.0,548.0
2018-06-09,3095.0,366.0
2018-06-11,3650.0,539.0
2018-06-12,3761.0,654.0
2018-06-13,3816.0,464.0
2018-06-14,4631.0,443.0
2018-06-15,4544.0,503.0
2018-06-16,4879.0,374.0
2018-06-18,3809.0,726.0
2018-06-19,3896.0,538.0
2018-06-20,3675.0,791.0
2018-06-21,3946.0,516.0
2018-06-22,4017.0,449.0
2018-06-23,4701.0,341.0
2018-06-25,5354.0,507.0
2018-06-26,6209.0,704.0
2018-06-27,6015.0,583.0
2018-06-28,4704.0,596.0
2018-06-29,3888.0,710.0
2018-06-30,3322.0,500.0
2018-07-02,5995.0,305.0
2018-07-03,5259.0,460.0
2018-07-04,4630.0,502.0
2018-07-05,3672.0,579.0
2018-07-06,4619.0,346.0
2018-07-07,6799.0,390.0
2018-07-09,6502.0,717.0
2018-07-10,6358.0,462.0
2018-07-11,8636.0,199.0
2018-07-12,7303.0,347.0
2018-07-13,5877.0,493.0
2018-07-14,8334.0,322.0
2018-07-16,7140.0,618.0
2018-07-17,7705.0,582.0
2018-07-18,8182.0,460.0
2018-07-19,7256.0,450.0
2018-07-20,11180.0,463.0
2018-07-21,10705.0,330.0
2018-07-23,8532.0,616.0
2018-07-24,8941.0,456.0
2018-07-25,12604.0,291.0
2018-07-26,11726.0,403.0
2018-07-27,12634.0,333.0
2018-07-28,11722.0,274.0
2018-07-30,11828.0,469.0
2018-07-31,12435.0,396.0
2018-08-01,11825.0,433.0
2018-08-02,10602.0,545.0
2018-08-03,8291.0,425.0
2018-08-06,10108.0,600.0
2018-08-07,10914.0,424.0
2018-08-08,11691.0,379.0
2018-08-09,12356.0,409.0
2018-08-10,10446.0,429.0
2018-08-11,11261.0,251.0
2018-08-13,13008.0,549.0
2018-08-14,15174.0,386.0
2018-08-15,16841.0,310.0
2018-08-16,17085.0,329.0
2018-08-17,18410.0,306.0
2018-08-18,20659.0,330.0
2018-08-20,17439.0,519.0
2018-08-21,19494.0,372.0
2018-08-22,20025.0,413.0
2018-08-23,22998.0,328.0
2018-08-24,22995.0,175.0
2018-08-25,20754.0,265.0
2018-08-27,15954.0,601.0
2018-08-28,16713.0,328.0
2018-08-29,13212.0,590.0
2018-08-30,10935.0,422.0
2018-08-31,12749.0,438.0
2018-09-01,11904.0,775.0
2018-09-02,8580.0,1112.0
2018-09-03,9237.0,872.0
2018-09-04,12054.0,518.0
2018-09-05,11422.0,584.0
2018-09-06,9666.0,795.0
2018-09-07,10736.0,848.0
2018-09-08,9138.0,658.0
2018-09-11,10557.0,804.0
2018-09-12,10634.0,854.0
2018-09-13,11801.0,885.0
2018-09-14,9760.0,1123.0
2018-09-15,10593.0,844.0
2018-09-17,8085.0,1370.0
2018-09-18,8933.0,1283.0
2018-09-19,9346.0,1169.0
2018-09-21,8402.0,650.0
2018-09-22,9565.0,278.0
2018-09-27,8122.0,1067.0
2018-09-28,4927.0,922.0
2018-09-29,5046.0,513.0
2018-10-01,5860.0,677.0
2018-10-02,5476.0,715.0
2018-10-03,5455.0,699.0
2018-10-04,5668.0,710.0
2018-10-05,6949.0,505.0
2018-10-06,11608.0,108.0
2018-10-08,6079.0,908.0
2018-10-09,4532.0,974.0
2018-10-10,4845.0,779.0
2018-10-11,5010.0,665.0
2018-10-12,4552.0,645.0
2018-10-13,4673.0,467.0
2018-10-15,5495.0,705.0
2018-10-16,5527.0,585.0
2018-10-17,6606.0,473.0
2018-10-18,5807.0,658.0
2018-10-19,6400.0,546.0
2018-10-20,4972.0,497.0
2018-10-22,5283.0,738.0
2018-10-23,4787.0,672.0
2018-10-24,4658.0,680.0
2018-10-25,5469.0,467.0
2018-10-26,5665.0,557.0
2018-10-27,5992.0,266.0
2018-10-29,5923.0,604.0
2018-10-30,5885.0,662.0
2018-10-31,5837.0,802.0
2018-11-01,5551.0,678.0
2018-11-02,5517.0,717.0
2018-11-03,5363.0,615.0
2018-11-05,5275.0,890.0
2018-11-06,5039.0,760.0
2018-11-07,4523.0,876.0
2018-11-08,6110.0,558.0
2018-11-09,6519.0,628.0
2018-11-10,5322.0,1076.0
2018-11-12,4976.0,1570.0
2018-11-13,4777.0,1164.0
2018-11-14,4825.0,1286.0
2018-11-15,5855.0,1131.0
2018-11-16,5385.0,1897.0
2018-11-17,5204.0,1598.0
2018-11-19,4438.0,1697.0
2018-11-20,3987.0,1168.0
2018-11-21,4858.0,1430.0
2018-11-22,5664.0,1495.0
2018-11-23,5721.0,1734.0
2018-11-24,4413.0,1390.0
2018-11-26,4501.0,1090.0
2018-11-27,3755.0,1108.0
2018-11-28,3954.0,1111.0
2018-11-29,4532.0,987.0
2018-11-30,5757.0,955.0
2018-12-01,4774.0,1115.0
2018-12-03,4571.0,1040.0
2018-12-04,4289.0,668.0
2018-12-05,4275.0,595.0
2018-12-06,3790.0,674.0
2018-12-07,4279.0,552.0
2018-12-08,3981.0,330.0
2018-12-10,4557.0,253.0
2018-12-11,4869.0,258.0
2018-12-12,4827.0,433.0
2018-12-13,4011.0,669.0
2018-12-14,3278.0,508.0
2018-12-15,2659.0,244.0
2018-12-17,3541.0,348.0
2018-12-18,3240.0,488.0
2018-12-19,2761.0,506.0
2018-12-20,2789.0,260.0
2018-12-21,2747.0,427.0
2018-12-22,3484.0,170.0
2018-12-24,3281.0,421.0
2018-12-25,2963.0,332.0
2018-12-26,2936.0,361.0
2018-12-27,2935.0,367.0
2018-12-28,3075.0,230.0
2018-12-29,3342.0,65.0
2018-12-31,4650.0,118.0
2019-01-03,3421.0,779.0
2019-01-04,2791.0,449.0
2019-01-05,3209.0,229.0
2019-01-07,2983.0,384.0
2019-01-08,2788.0,324.0
2019-01-09,2522.0,336.0
2019-01-10,2775.0,381.0
2019-01-11,2856.0,363.0
2019-01-12,2479.0,182.0
2019-01-14,2929.0,342.0
2019-01-15,3323.0,250.0
2019-01-16,3184.0,362.0
2019-01-17,2754.0,407.0
2019-01-18,2503.0,395.0
2019-01-19,2556.0,165.0
2019-01-21,2662.0,388.0
2019-01-22,2702.0,291.0
2019-01-23,2718.0,349.0
2019-01-24,2656.0,333.0
2019-01-25,2683.0,307.0
2019-01-26,3104.0,199.0
2019-01-28,3132.0,498.0
2019-01-29,3035.0,477.0
2019-01-30,2593.0,556.0
2019-01-31,2549.0,394.0
2019-02-01,2997.0,337.0
2019-02-02,3355.0,194.0
2019-02-04,3355.0,41.0
2019-02-08,3372.0,445.0
2019-02-09,3095.0,185.0
2019-02-11,3045.0,440.0
2019-02-12,2930.0,347.0
2019-02-13,2775.0,306.0
2019-02-14,2804.0,339.0
2019-02-15,2682.0,391.0
2019-02-16,2527.0,287.0
2019-02-18,2650.0,332.0
2019-02-19,2799.0,305.0
2019-02-20,2764.0,235.0
2019-02-21,2535.0,287.0
2019-02-22,2557.0,342.0
2019-02-23,2489.0,253.0
2019-02-25,2276.0,382.0
2019-02-26,2378.0,399.0
2019-02-27,2565.0,297.0
2019-02-28,2589.0,359.0
2019-03-01,2699.0,337.0
2019-03-02,2739.0,289.0
2019-03-04,2302.0,628.0
2019-03-05,2419.0,304.0
2019-03-06,2293.0,315.0
2019-03-07,2547.0,330.0
2019-03-08,2406.0,387.0
2019-03-09,2438.0,317.0
2019-03-11,2470.0,393.0
2019-03-12,2687.0,280.0
2019-03-13,2817.0,365.0
2019-03-14,2504.0,435.0
2019-03-15,2544.0,310.0
2019-03-16,2122.0,156.0
2019-03-18,2561.0,483.0
2019-03-19,2349.0,417.0
2019-03-20,2399.0,311.0
2019-03-21,2416.0,278.0
2019-03-22,2343.0,251.0
2019-03-23,2370.0,185.0
2019-03-25,2744.0,337.0
2019-03-26,2599.0,391.0
2019-03-27,2429.0,287.0
2019-03-28,2428.0,339.0
2019-03-29,2477.0,332.0
2019-03-30,2542.0,170.0
2019-04-01,2496.0,396.0
2019-04-02,2653.0,354.0
2019-04-03,2365.0,407.0
2019-04-04,2301.0,328.0
2019-04-05,2431.0,312.0
2019-04-06,2765.0,116.0
2019-04-08,2421.0,475.0
2019-04-09,2413.0,377.0
2019-04-10,2350.0,328.0
2019-04-11,2384.0,295.0
2019-04-12,2339.0,378.0
2019-04-13,2618.0,144.0
2019-04-15,3023.0,319.0
2019-04-16,2786.0,412.0
2019-04-17,2667.0,447.0
2019-04-18,2645.0,478.0
2019-04-19,2697.0,455.0
2019-04-20,2966.0,182.0
2019-04-22,2601.0,483.0
2019-04-23,2620.0,295.0
2019-04-24,2651.0,356.0
2019-04-25,2582.0,331.0
2019-04-26,2408.0,329.0
2019-04-27,2707.0,149.0
2019-04-29,2675.0,322.0
2019-04-30,2903.0,361.0
2019-05-01,2480.0,432.0
2019-05-02,2632.0,299.0
2019-05-03,2605.0,311.0
2019-05-04,2611.0,215.0
2019-05-06,2926.0,319.0
2019-05-07,3487.0,310.0
2019-05-08,3172.0,484.0
2019-05-09,3083.0,357.0
2019-05-10,3052.0,303.0
2019-05-11,3222.0,190.0
2019-05-13,3186.0,419.0
2019-05-14,3300.0,355.0
2019-05-15,3608.0,257.0
2019-05-16,3520.0,302.0
2019-05-17,3364.0,337.0
2019-05-18,3221.0,187.0
2019-05-20,3938.0,318.0
2019-05-21,3485.0,397.0
2019-05-22,3166.0,395.0
2019-05-23,3548.0,332.0
2019-05-24,3538.0,328.0
2019-05-25,2965.0,243.0
2019-05-27,4209.0,343.0
2019-05-28,4854.0,379.0
2019-05-29,4744.0,405.0
2019-05-30,3227.0,402.0
2019-05-31,3706.0,402.0
2019-06-01,3762.0,235.0
2019-06-03,4520.0,425.0
2019-06-04,4988.0,479.0
2019-06-05,5232.0,401.0
2019-06-06,4631.0,423.0
2019-06-07,5424.0,310.0
2019-06-08,5312.0,152.0
2019-06-10,5167.0,520.0
2019-06-11,6151.0,361.0
2019-06-12,6047.0,438.0
2019-06-13,4977.0,397.0
2019-06-14,5355.0,318.0
2019-06-15,5325.0,274.0
2019-06-17,6360.0,391.0
2019-06-18,7053.0,344.0
2019-06-19,5416.0,509.0
2019-06-20,5155.0,409.0
2019-06-21,5623.0,332.0
2019-06-22,5066.0,351.0
2019-06-24,5182.0,529.0
2019-06-25,5878.0,388.0
2019-06-26,6426.0,315.0
2019-06-27,6207.0,350.0
2019-06-28,8676.0,240.0
2019-06-29,5963.0,430.0
2019-07-01,5300.0,619.0
2019-07-02,5245.0,563.0
2019-07-03,4593.0,506.0
2019-07-04,5029.0,372.0
2019-07-05,5864.0,312.0
2019-07-06,5734.0,301.0
2019-07-08,5697.0,490.0
2019-07-09,5691.0,423.0
2019-07-10,6571.0,347.0
2019-07-11,8537.0,324.0
2019-07-12,7146.0,339.0
2019-07-13,7571.0,307.0
2019-07-15,5322.0,637.0
2019-07-16,5407.0,496.0
2019-07-17,7236.0,257.0
2019-07-18,4613.0,681.0
2019-07-19,4691.0,374.0
2019-07-20,4320.0,339.0
2019-07-22,8524.0,259.0
2019-07-23,4430.0,626.0
2019-07-24,3576.0,505.0
2019-07-25,5415.0,355.0
2019-07-26,5011.0,387.0
2019-07-27,9266.0,146.0
2019-07-29,5379.0,509.0
2019-07-31,5759.0,383.0
2019-08-01,6523.0,421.0
2019-08-02,5627.0,463.0
2019-08-05,6324.0,437.0
2019-08-06,6488.0,491.0
2019-08-07,7782.0,478.0
2019-08-08,6841.0,616.0
2019-08-09,7068.0,392.0
2019-08-10,6946.0,431.0
2019-08-12,7650.0,458.0
2019-08-13,5776.0,577.0
2019-08-14,6171.0,366.0
2019-08-15,6495.0,413.0
2019-08-16,6542.0,491.0
2019-08-17,8322.0,478.0
2019-08-19,6189.0,722.0
2019-08-20,5629.0,661.0
2019-08-21,5447.0,507.0
2019-08-22,6689.0,437.0
2019-08-23,7247.0,466.0
2019-08-24,6637.0,482.0
2019-08-26,8541.0,557.0
2019-08-27,8600.0,581.0
2019-08-28,8704.0,459.0
2019-08-29,8829.0,647.0
2019-08-30,8442.0,700.0
2019-08-31,7789.0,673.0
2019-09-01,13537.0,707.0
2019-09-02,14059.0,485.0
2019-09-03,19488.0,460.0
2019-09-04,15776.0,588.0
2019-09-05,12345.0,909.0
2019-09-06,10025.0,838.0
2019-09-07,11010.0,671.0
2019-09-09,11949.0,858.0
2019-09-11,11066.0,619.0
2019-09-12,9742.0,108.0
2019-09-16,12149.0,480.0
2019-09-17,12924.0,420.0
2019-09-18,15962.0,340.0
2019-09-19,16024.0,382.0
2019-09-21,16404.0,273.0
2019-09-23,24184.0,315.0
2019-09-24,13848.0,432.0
2019-09-25,15927.0,368.0
2019-09-26,19130.0,362.0
2019-09-27,17256.0,428.0
2019-09-28,19104.0,257.0
2019-10-01,20670.0,488.0
2019-10-02,21168.0,520.0
2019-10-03,22068.0,423.0
2019-10-04,19619.0,436.0
2019-10-05,12609.0,528.0
2019-10-07,13727.0,725.0
2019-10-08,11217.0,543.0
2019-10-09,12920.0,436.0
2019-10-10,13496.0,450.0
2019-10-11,13621.0,536.0
2019-10-12,12999.0,518.0
2019-10-14,13440.0,613.0
2019-10-15,14565.0,482.0
2019-10-16,14911.0,714.0
2019-10-17,13330.0,710.0
2019-10-18,11654.0,590.0
2019-10-19,11623.0,398.0
2019-10-21,10104.0,797.0
2019-10-22,10256.0,472.0
2019-10-23,10660.0,499.0
2019-10-24,9343.0,638.0
2019-10-25,10179.0,553.0
2019-10-26,8502.0,550.0
2019-10-28,9339.0,583.0
2019-10-29,8984.0,654.0
2019-10-30,9013.0,565.0
2019-10-31,9092.0,487.0
2019-11-01,9141.0,635.0
2019-11-02,8721.0,512.0
2019-11-04,8657.0,779.0
2019-11-05,8153.0,748.0
2019-11-06,7735.0,754.0
2019-11-07,7373.0,705.0
2019-11-08,7930.0,694.0
2019-11-09,9251.0,539.0
2019-11-11,9098.0,919.0
2019-11-12,8466.0,1008.0
2019-11-13,8279.0,930.0
2019-11-14,9025.0,815.0
2019-11-15,9156.0,1159.0
2019-11-16,9829.0,954.0
2019-11-18,9783.0,1113.0
2019-11-19,9196.0,896.0
2019-11-20,9755.0,875.0
2019-11-21,9728.0,1092.0
2019-11-22,11195.0,1083.0
2019-11-23,10299.0,1348.0
2019-11-25,9163.0,1431.0
2019-11-26,8174.0,926.0
2019-11-27,7319.0,1029.0
2019-11-28,8588.0,864.0
2019-11-29,9473.0,938.0
2019-11-30,8524.0,1042.0
2019-12-02,9158.0,747.0
2019-12-03,8078.0,448.0
2019-12-04,8103.0,592.0
2019-12-05,8716.0,613.0
2019-12-06,9263.0,614.0
2019-12-07,8678.0,478.0
2019-12-09,8754.0,605.0
2019-12-10,8820.0,403.0
2019-12-11,8765.0,524.0
2019-12-12,8578.0,467.0
2019-12-13,8522.0,447.0
2019-12-14,8725.0,269.0
2019-12-16,8863.0,474.0
2019-12-17,8653.0,394.0
2019-12-18,8578.0,296.0
2019-12-19,8664.0,390.0
2019-12-20,8052.0,420.0
2019-12-21,7991.0,294.0
2019-12-23,8569.0,376.0
2019-12-24,8570.0,386.0
2019-12-25,7938.0,417.0
2019-12-26,8154.0,186.0
2019-12-27,9036.0,263.0
2019-12-28,9300.0,254.0
2019-12-30,9846.0,440.0
2019-12-31,9979.0,142.0
2020-01-03,9494.0,708.0
2020-01-04,8902.0,465.0
2020-01-06,9078.0,452.0
2020-01-07,9958.0,340.0
2020-01-08,9258.0,390.0
2020-01-09,9051.0,316.0
2020-01-10,9168.0,431.0
2020-01-11,8736.0,297.0
2020-01-13,8432.0,552.0
2020-01-14,8408.0,370.0
2020-01-15,8564.0,338.0
2020-01-16,9036.0,329.0
2020-01-17,8885.0,414.0
2020-01-18,8612.0,381.0
2020-01-20,8940.0,428.0
2020-01-21,9030.0,398.0
2020-01-22,9269.0,327.0
2020-01-23,9290.0,293.0
2020-01-24,6482.0,135.0
2020-01-28,8549.0,412.0
2020-01-29,8689.0,229.0
2020-01-30,8258.0,315.0
2020-01-31,8609.0,238.0
2020-02-01,8311.0,188.0
2020-02-03,8500.0,397.0
2020-02-04,9449.0,213.0
2020-02-05,9022.0,228.0
2020-02-06,8819.0,289.0
2020-02-07,8819.0,144.0
2020-02-08,9186.0,185.0
2020-02-10,8790.0,407.0
2020-02-11,8998.0,268.0
2020-02-12,9360.0,238.0
2020-02-13,9558.0,167.0
2020-02-14,8909.0,456.0
2020-02-15,8753.0,322.0
2020-02-17,9194.0,312.0
2020-02-18,9456.0,194.0
2020-02-19,8916.0,287.0
2020-02-20,8658.0,253.0
2020-02-21,9015.0,182.0
2020-02-22,9076.0,195.0
2020-02-24,9107.0,361.0
2020-02-25,9137.0,224.0
2020-02-26,9193.0,165.0
2020-02-27,9205.0,209.0
2020-02-28,9122.0,285.0
2020-02-29,8757.0,161.0
2020-03-02,9054.0,303.0
2020-03-03,8919.0,285.0
2020-03-04,8535.0,336.0
2020-03-05,8669.0,229.0
2020-03-06,8311.0,318.0
2020-03-07,8821.0,154.0
2020-03-09,8480.0,328.0
2020-03-10,8464.0,232.0
2020-03-11,8633.0,238.0
2020-03-12,8234.0,284.0
2020-03-13,8291.0,305.0
2020-03-14,8850.0,117.0
2020-03-16,8335.0,345.0
2020-03-17,8269.0,277.0
2020-03-18,8015.0,352.0
2020-03-19,7974.0,321.0
2020-03-20,7991.0,239.0
2020-03-21,8214.0,165.0
2020-03-23,8291.0,323.0
2020-03-24,8595.0,298.0
2020-03-25,8070.0,353.0
2020-03-26,8178.0,307.0
2020-03-27,7942.0,296.0
2020-03-28,8059.0,158.0
2020-03-30,8177.0,321.0
2020-03-31,7887.0,320.0
2020-04-01,7870.0,327.0
2020-04-02,7720.0,308.0
2020-04-03,7811.0,289.0
2020-04-04,7652.0,212.0
2020-04-06,7435.0,353.0
2020-04-07,7371.0,330.0
2020-04-08,7702.0,265.0
2020-04-09,7396.0,330.0
2020-04-10,7353.0,328.0
2020-04-11,7216.0,177.0
2020-04-13,8271.0,328.0
2020-04-14,7889.0,320.0
2020-04-15,8209.0,294.0
2020-04-16,8925.0,226.0
2020-04-17,8880.0,321.0
2020-04-18,9209.0,197.0
2020-04-20,9429.0,309.0
2020-04-21,9743.0,259.0
2020-04-22,10129.0,276.0
2020-04-23,10181.0,307.0
2020-04-24,10460.0,296.0
2020-04-25,11052.0,214.0
2020-04-27,11562.0,365.0
2020-04-28,11999.0,303.0
2020-04-29,12466.0,368.0
2020-04-30,13613.0,329.0
2020-05-01,12385.0,269.0
2020-05-02,10886.0,199.0
2020-05-04,11370.0,347.0
2020-05-05,9771.0,289.0
2020-05-06,11019.0,305.0
2020-05-07,10003.0,325.0
2020-05-08,10359.0,318.0
2020-05-09,9437.0,275.0
2020-05-11,9420.0,407.0
2020-05-12,10205.0,322.0
2020-05-13,10150.0,341.0
2020-05-14,10213.0,391.0
2020-05-15,9620.0,461.0
2020-05-16,8570.0,289.0
2020-05-18,8836.0,407.0
2020-05-19,9566.0,446.0
2020-05-20,9719.0,348.0
2020-05-21,11446.0,311.0
2020-05-22,10027.0,411.0
2020-05-23,10040.0,265.0
2020-05-25,10407.0,395.0
2020-05-26,10280.0,455.0
2020-05-27,10592.0,299.0
2020-05-28,10875.0,368.0
2020-05-29,8941.0,443.0
2020-05-30,6940.0,397.0
2020-06-01,8352.0,391.0
2020-06-02,7864.0,494.0
2020-06-03,5901.0,565.0
2020-06-04,5173.0,464.0
2020-06-05,6326.0,433.0
2020-06-06,5834.0,335.0
2020-06-08,7711.0,374.0
2020-06-09,8816.0,325.0
2020-06-10,8598.0,376.0
2020-06-11,6838.0,457.0
2020-06-12,8287.0,286.0
2020-06-13,5331.0,468.0
2020-06-15,11538.0,249.0
2020-06-16,9575.0,405.0
2020-06-17,8084.0,468.0
2020-06-18,6644.0,480.0
2020-06-19,5577.0,489.0
2020-06-20,5521.0,410.0
2020-06-22,9328.0,347.0
2020-06-23,5857.0,489.0
2020-06-24,9545.0,399.0
2020-06-25,8785.0,484.0
2020-06-26,6668.0,287.0
2020-06-27,7293.0,260.0
2020-06-29,6344.0,619.0
2020-06-30,7064.0,522.0
2020-07-01,7968.0,239.0
2020-07-02,5627.0,517.0
2020-07-03,6025.0,401.0
2020-07-04,8443.0,297.0
2020-07-06,6819.0,575.0
2020-07-07,7721.0,497.0
2020-07-08,9472.0,400.0
2020-07-09,9354.0,396.0
2020-07-10,9648.0,356.0
2020-07-11,14321.0,145.0
2020-07-13,9946.0,581.0
2020-07-14,10800.0,288.0
2020-07-15,11830.0,352.0
2020-07-16,10500.0,503.0
2020-07-17,10012.0,366.0
2020-07-18,9265.0,336.0
2020-07-20,13943.0,332.0
2020-07-21,10277.0,336.0
2020-07-22,10149.0,483.0
2020-07-23,10225.0,360.0
2020-07-24,13307.0,374.0
2020-07-25,13388.0,222.0
2020-07-27,9636.0,624.0
2020-07-28,10520.0,498.0
2020-07-29,10512.0,386.0
2020-07-30,11432.0,320.0
2020-07-31,15331.0,305.0
2020-08-03,12378.0,512.0
2020-08-04,11589.0,330.0
2020-08-05,11911.0,444.0
2020-08-06,11004.0,426.0
2020-08-07,14016.0,293.0
2020-08-08,13169.0,462.0
2020-08-10,12304.0,618.0
2020-08-11,15499.0,442.0
2020-08-12,14744.0,455.0
2020-08-13,16148.0,419.0
2020-08-14,16960.0,394.0
2020-08-15,16909.0,367.0
2020-08-17,21613.0,337.0
2020-08-18,18256.0,324.0
2020-08-19,15857.0,449.0
2020-08-20,17953.0,379.0
2020-08-21,15390.0,424.0
2020-08-22,18277.0,269.0
2020-08-24,21538.0,419.0
2020-08-25,19340.0,459.0
2020-08-26,17650.0,405.0
2020-08-27,21565.0,332.0
2020-08-28,21647.0,347.0
2020-08-29,17533.0,342.0
2020-08-31,14626.0,703.0
2020-09-01,21610.0,463.0
2020-09-02,15842.0,447.0
2020-09-03,21288.0,858.0
2020-09-04,17438.0,391.0
2020-09-05,16649.0,441.0
2020-09-07,22090.0,443.0
2020-09-08,25900.0,301.0
2020-09-09,21144.0,492.0
2020-09-11,22062.0,459.0
2020-09-12,24079.0,395.0
2020-09-14,28891.0,482.0
2020-09-15,27773.0,593.0
2020-09-16,26632.0,750.0
2020-09-17,26957.0,676.0
2020-09-18,24427.0,758.0
2020-09-19,25748.0,587.0
2020-09-21,24596.0,998.0
2020-09-22,25638.0,761.0
2020-09-23,24802.0,1022.0
2020-09-24,25277.0,859.0
2020-09-25,24978.0,828.0
2020-09-26,24574.0,772.0
2020-09-28,24537.0,1119.0
2020-09-29,24254.0,1014.0
2020-10-05,21809.0,789.0
2020-10-06,19259.0,809.0
2020-10-07,19681.0,716.0
2020-10-08,16759.0,683.0
2020-10-09,13586.0,723.0
2020-10-10,10813.0,475.0
2020-10-12,11769.0,798.0
2020-10-13,8501.0,771.0
2020-10-14,7746.0,693.0
2020-10-15,8461.0,597.0
2020-10-16,7613.0,636.0
2020-10-17,7274.0,597.0
2020-10-19,7618.0,783.0
2020-10-20,7265.0,769.0
2020-10-21,6987.0,682.0
2020-10-22,6629.0,814.0
2020-10-23,6266.0,824.0
2020-10-26,6472.0,709.0
2020-10-27,6344.0,582.0
2020-10-28,5587.0,698.0
2020-10-29,5498.0,657.0
2020-10-30,5319.0,683.0
2020-10-31,4969.0,605.0
2020-11-02,5646.0,652.0
2020-11-03,5659.0,680.0
2020-11-04,5633.0,623.0
2020-11-05,6096.0,492.0
2020-11-06,6262.0,762.0
2020-11-07,5160.0,738.0
2020-11-09,5708.0,743.0
2020-11-10,6140.0,680.0
2020-11-11,6131.0,824.0
2020-11-12,6388.0,852.0
2020-11-13,7638.0,910.0
2020-11-14,6610.0,1143.0
2020-11-16,5698.0,1240.0
2020-11-17,5806.0,1168.0
2020-11-18,6206.0,1082.0
2020-11-19,7491.0,885.0
2020-11-20,8101.0,687.0
2020-11-21,6715.0,1426.0
2020-11-23,6127.0,1430.0
2020-11-24,5111.0,1093.0
2020-11-25,5126.0,1013.0
2020-11-26,5589.0,1191.0
2020-11-27,6333.0,1209.0
2020-11-28,5525.0,998.0
2020-11-30,3807.0,876.0
2020-12-01,3149.0,591.0
2020-12-02,3295.0,525.0
2020-12-03,5184.0,421.0
2020-12-04,5192.0,728.0
2020-12-05,4687.0,662.0
2020-12-07,4153.0,595.0
2020-12-08,3986.0,391.0
2020-12-09,2722.0,478.0
2020-12-10,3652.0,277.0
2020-12-11,3770.0,430.0
2020-12-12,4078.0,313.0
2020-12-14,4537.0,465.0
2020-12-15,3755.0,283.0
2020-12-16,3439.0,126.0
2020-12-17,3314.0,111.0
2020-12-18,3570.0,150.0
2020-12-19,3794.0,219.0
2020-12-21,3738.0,418.0
2020-12-22,3248.0,298.0
2020-12-23,2995.0,392.0
2020-12-24,3418.0,215.0
2020-12-25,3178.0,274.0
2020-12-26,3369.0,111.0
2020-12-28,3748.0,283.0
2020-12-29,3873.0,274.0
2020-12-30,3551.0,100.0
2020-12-31,2610.0,544.0
2021-01-04,4063.0,297.0
2021-01-05,3892.0,368.0
2021-01-06,3663.0,413.0
2021-01-07,3707.0,156.0
2021-01-08,2283.0,97.0
2021-01-09,2283.0,6.0
2021-01-11,4734.0,126.0
2021-01-12,4230.0,281.0
2021-01-13,5117.0,102.0
2021-01-14,4605.0,303.0
2021-01-15,5057.0,240.0
2021-01-16,5025.0,234.0
2021-01-18,5201.0,356.0
2021-01-19,5527.0,250.0
2021-01-20,4704.0,307.0
2021-01-21,4168.0,263.0
2021-01-22,4080.0,332.0
2021-01-23,4852.0,146.0
2021-01-25,5792.0,219.0
2021-01-26,5967.0,378.0
2021-01-27,6924.0,226.0
2021-01-28,6846.0,440.0
2021-01-29,6131.0,430.0
2021-01-30,6012.0,131.0
2021-02-01,6813.0,412.0
2021-02-02,5120.0,370.0
2021-02-03,6038.0,360.0
2021-02-04,5925.0,346.0
2021-02-05,6123.0,293.0
2021-02-06,5969.0,217.0
2021-02-08,6675.0,420.0
2021-02-09,7444.0,256.0
2021-02-10,6569.0,309.0
2021-02-11,6569.0,133.7855
2021-02-15,6922.0,226.0
2021-02-16,7700.0,219.0
2021-02-17,8483.0,208.0
2021-02-18,9394.0,121.0
2021-02-19,10337.0,161.0
2021-02-20,9539.0,208.0
2021-02-22,8555.0,447.0
2021-02-23,8954.0,290.0
2021-02-24,8835.0,375.0
2021-02-25,8799.0,327.0
2021-02-26,9526.0,268.0
2021-02-27,8697.0,203.0
2021-03-01,9096.0,331.0
2021-03-02,7961.0,356.0
2021-03-03,9403.0,172.0
2021-03-04,9182.0,230.0
2021-03-05,8879.0,226.0
2021-03-06,10200.0,78.0
2021-03-08,9504.0,519.0
2021-03-09,9569.0,304.0
2021-03-10,10004.0,259.0
2021-03-11,8900.0,321.0
2021-03-12,9655.0,336.0
2021-03-13,9655.0,45.0
2021-03-15,9737.0,390.0
2021-03-16,9497.0,299.0
2021-03-17,9404.0,306.0
2021-03-18,8558.0,287.0
2021-03-19,8653.0,148.0
2021-03-20,10049.0,72.0
2021-03-22,9878.0,436.0
2021-03-23,8740.0,339.0
2021-03-24,9938.0,277.0
2021-03-25,8979.0,331.0
2021-03-26,9682.0,245.0
2021-03-27,8992.0,129.0
2021-03-29,9774.0,424.0
2021-03-30,9028.0,321.0
2021-03-31,9522.0,247.0
2021-04-01,9725.0,232.0
2021-04-02,9750.0,280.0
2021-04-03,10132.0,134.0
2021-04-05,9681.0,450.0
2021-04-06,9776.0,333.0
2021-04-07,8844.0,334.0
2021-04-08,8422.0,231.0
2021-04-09,9537.0,271.0
2021-04-10,10230.0,184.0
2021-04-12,8920.0,515.0
2021-04-13,10269.0,231.0
2021-04-14,8827.0,441.0
2021-04-15,9573.0,374.0
2021-04-16,9132.0,303.0
2021-04-17,9573.0,91.0
2021-04-19,10075.0,399.0
2021-04-20,8707.0,374.0
2021-04-21,9136.0,485.0
2021-04-22,9047.0,215.0
2021-04-23,9252.0,284.0
2021-04-24,9576.0,198.0
2021-04-26,9381.0,377.0
2021-04-27,9561.0,330.0
2021-04-28,9383.0,344.0
2021-04-29,7767.0,420.0
2021-04-30,7868.0,331.0
2021-05-01,6816.0,217.0
2021-05-03,7342.0,400.0
2021-05-04,6606.0,414.0
2021-05-05,6010.0,382.0
2021-05-06,5967.0,329.0
2021-05-07,6546.0,292.0
2021-05-08,6713.0,214.0
2021-05-10,6057.0,528.0
2021-05-11,5138.0,501.0
2021-05-12,4308.0,439.0
2021-05-13,3409.0,353.0
2021-05-14,3456.0,418.0
2021-05-15,4976.0,210.0
2021-05-17,5819.0,312.0
2021-05-18,4109.0,425.0
2021-05-19,4606.0,283.0
2021-05-20,5497.0,298.0
2021-05-21,7185.0,256.0
2021-05-22,5079.0,335.0
2021-05-24,5420.0,472.0
2021-05-25,5121.0,396.0
2021-05-26,4564.0,339.0
2021-05-27,5786.0,293.0
2021-05-28,6294.0,306.0
2021-05-29,5079.0,304.0
2021-05-31,6887.0,370.0
2021-06-01,6075.0,468.0
2021-06-02,5634.0,339.0
2021-06-03,6383.0,333.0
2021-06-04,7782.0,238.0
2021-06-05,4918.0,372.0
2021-06-07,7322.0,359.0
2021-06-08,5559.0,340.0
2021-06-09,5392.0,401.0
2021-06-10,6968.0,230.0
2021-06-11,5963.0,372.0
2021-06-12,7248.0,125.0
2021-06-14,5005.0,606.0
2021-06-15,5343.0,406.0
2021-06-16,4293.0,554.0
2021-06-17,4484.0,387.0
2021-06-18,5315.0,346.0
2021-06-19,5696.0,265.0
2021-06-21,6041.0,454.0
2021-06-22,5494.0,426.0
2021-06-23,4851.0,441.0
2021-06-24,4963.0,479.0
2021-06-25,4147.0,424.0
2021-06-26,4963.0,315.0
2021-06-28,5541.0,495.0
2021-06-29,5528.0,512.0
2021-06-30,4714.0,505.0
2021-07-01,4342.0,518.0
2021-07-02,3902.0,621.0
2021-07-03,4430.0,514.0
2021-07-05,8278.0,353.0
2021-07-06,3952.0,734.0
2021-07-07,4673.0,581.0
2021-07-08,4289.0,490.0
2021-07-09,4089.0,478.0
2021-07-10,4090.0,348.0
2021-07-12,4672.0,427.0
2021-07-13,3194.0,497.0
2021-07-14,3624.0,599.0
2021-07-15,3505.0,349.0
2021-07-16,4404.0,335.0
2021-07-17,7279.0,182.0
2021-07-19,5039.0,460.0
2021-07-20,6541.0,349.0
2021-07-21,3361.0,439.0
2021-07-22,4612.0,403.0
2021-07-23,3801.0,403.0
2021-07-24,4295.0,281.0
2021-07-26,7668.0,339.0
2021-07-27,7901.0,317.0
2021-07-28,8175.0,299.0
2021-07-29,8548.0,274.0
2021-07-30,8797.0,284.0
2021-07-31,11035.0,226.0
2021-08-02,10011.0,401.0
2021-08-03,12399.0,265.0
2021-08-04,9072.0,407.0
2021-08-05,9881.0,314.0
2021-08-06,10079.0,398.0
2021-08-09,10889.0,475.0
2021-08-10,9740.0,381.0
2021-08-11,7638.0,503.0
2021-08-12,6887.0,461.0
2021-08-13,8231.0,348.0
2021-08-14,8420.0,314.0
2021-08-16,8586.0,464.0
2021-08-17,6592.0,541.0
2021-08-18,10555.0,321.0
2021-08-19,8554.0,408.0
2021-08-20,6703.0,565.0
2021-08-21,7690.0,448.0
2021-08-23,9029.0,552.0
2021-08-24,9357.0,533.0
2021-08-25,12798.0,195.0
2021-08-26,8331.0,522.0
2021-08-27,9302.0,551.0
2021-08-28,8087.0,575.0
2021-08-30,7796.0,638.0
2021-08-31,8671.0,700.0
2021-09-01,10941.0,412.0
2021-09-02,10941.0,288.0
2021-09-03,9578.0,657.0
2021-09-04,10254.0,656.0
2021-09-06,11338.0,674.0
2021-09-07,12818.0,714.0
2021-09-08,11178.0,451.0
2021-09-09,11823.0,663.0
2021-09-10,12080.0,1064.652
2021-09-11,12866.0,810.0
2021-09-13,13396.0,899.0
2021-09-14,14096.0,843.0
2021-09-15,12890.0,756.0
2021-09-16,13106.0,760.0
2021-09-17,12154.0,748.0
2021-09-18,17849.0,366.0
2021-09-24,10473.0,336.0
2021-09-25,10277.0,836.0
2021-09-27,9345.0,675.0
2021-09-28,7653.0,664.0
2021-09-29,7645.0,481.0
2021-09-30,9456.0,510.476
2021-10-01,9194.0,489.0
2021-10-02,7351.0,570.0
2021-10-04,6463.0,823.0
2021-10-05,7478.0,555.0
2021-10-06,6058.0,646.0
2021-10-07,5608.0,628.0
2021-10-08,3802.0,717.0
2021-10-09,4856.0,410.0
2021-10-11,4332.0,641.0
2021-10-12,3943.0,619.0
2021-10-13,4148.0,498.0
2021-10-14,3356.0,705.0
2021-10-15,4149.0,507.0
2021-10-16,4851.0,431.0
2021-10-18,6506.0,455.0
2021-10-19,6045.0,570.0
2021-10-20,5021.0,664.0
2021-10-21,4664.0,661.0
2021-10-22,6466.0,526.0
2021-10-23,7462.0,459.0
2021-10-25,6574.0,708.0
2021-10-26,5982.0,750.0
2021-10-27,6155.0,603.0
2021-10-28,6435.0,683.0
2021-10-29,7002.0,661.0
2021-10-30,7457.0,648.0
2021-11-01,7622.0,696.0
2021-11-02,7502.0,723.0
2021-11-03,8655.0,584.0
2021-11-04,8786.0,789.0
2021-11-05,11185.0,679.0
2021-11-06,10921.0,1020.0
2021-11-08,10319.0,1254.0
2021-11-09,9834.0,822.0
2021-11-10,10693.0,858.0
2021-11-11,12181.0,927.0
2021-11-12,12513.0,1391.0
2021-11-13,12810.0,1177.0
2021-11-15,10020.0,1616.0
2021-11-16,7797.0,1167.0
2021-11-17,8257.0,1269.0
2021-11-18,10806.0,1163.0
2021-11-19,10758.0,1477.0
2021-11-20,10500.0,1293.0
2021-11-22,9639.0,1172.0
2021-11-23,8775.0,875.0
2021-11-24,10136.0,579.0
2021-11-25,9161.0,1120.0
2021-11-26,9244.0,1136.0
2021-11-27,9097.0,991.0
2021-11-29,9736.0,828.0
2021-11-30,8398.0,775.0
2021-12-01,8465.0,537.0
2021-12-02,9597.0,394.0
2021-12-03,8277.0,682.0
2021-12-04,8277.0,673.0
2021-12-06,7952.0,564.0
2021-12-07,8292.0,422.0
2021-12-08,8256.0,353.0
2021-12-09,7847.0,510.0
2021-12-10,7224.0,514.0
2021-12-11,7360.0,409.0
2021-12-13,8497.0,261.0
2021-12-14,7879.0,338.0
2021-12-15,7580.0,339.0
2021-12-16,7188.0,329.0
2021-12-17,7471.0,257.0
2021-12-18,7771.0,131.0
2021-12-20,7593.0,324.0
2021-12-21,7360.0,362.0
2021-12-22,6932.0,363.0
2021-12-23,7095.0,245.0
2021-12-24,7706.0,212.0
2021-12-25,7957.0,163.0
2021-12-27,7957.0,66.0
2021-12-28,8113.0,325.0
2021-12-29,8332.0,274.0
2021-12-30,8641.0,323.0
2021-12-31,7539.0,257.0
2022-01-03,9051.0,177.0
2022-01-04,8410.0,282.0
2022-01-05,8168.0,412.0
2022-01-06,6689.0,372.0
2022-01-07,7129.0,247.0
2022-01-08,7719.0,131.0
2022-01-10,7403.0,332.0
2022-01-11,7463.0,242.0
2022-01-12,7926.0,222.0
2022-01-13,7980.0,251.0
2022-01-14,7513.0,290.0
2022-01-15,8454.0,203.0
2022-01-17,7477.0,581.0
2022-01-18,7199.0,299.0
2022-01-19,7744.0,304.0
2022-01-20,7468.0,325.0
2022-01-21,7426.0,247.0
2022-01-22,8643.0,134.0
2022-01-24,7640.0,564.0
2022-01-25,7801.0,395.0
2022-01-26,7313.0,516.0
2022-01-27,7168.0,346.0
2022-01-28,7224.0,347.0
2022-01-29,8263.0,187.0
2022-02-04,8148.0,419.0
2022-02-05,8612.0,173.0
2022-02-07,7860.0,367.0
2022-02-08,8447.0,215.0
2022-02-09,8726.0,208.0
2022-02-10,8337.0,381.0
2022-02-11,8111.0,308.0
2022-02-12,8201.0,175.0
2022-02-14,8426.0,317.0
2022-02-15,8069.0,300.0
2022-02-16,8653.0,267.0
2022-02-17,8188.0,269.0
2022-02-18,8197.0,242.0
2022-02-19,9225.0,141.0
2022-02-21,8279.0,480.0
2022-02-22,8800.0,194.0
2022-02-23,8373.0,374.0
2022-02-24,8511.0,272.0
2022-02-25,8904.0,250.0
2022-02-26,8995.0,261.0
2022-02-28,8108.0,407.0
2022-03-01,8904.0,241.0
2022-03-02,9195.0,185.0
2022-03-03,8738.0,442.0
2022-03-04,8985.0,318.0
2022-03-05,8461.0,313.0
2022-03-07,7755.0,443.0
2022-03-08,8236.0,335.0
2022-03-09,8280.0,361.0
2022-03-10,8979.0,201.0
2022-03-11,9513.0,243.0
2022-03-12,9450.0,270.0
2022-03-14,9671.0,326.0
2022-03-15,8702.0,340.0
2022-03-16,8881.0,292.0
2022-03-17,9032.0,279.0
2022-03-18,9298.0,351.0
2022-03-19,8863.0,228.0
2022-03-21,9688.0,285.0
2022-03-22,9377.0,279.0
2022-03-23,9301.0,393.0
2022-03-24,9078.0,293.0
2022-03-25,9500.0,276.0
2022-03-26,9707.0,220.0
2022-03-28,9746.0,358.0
2022-03-29,9951.0,335.0
2022-03-30,10443.0,289.0
2022-03-31,10248.0,308.0
2022-04-01,10009.0,309.0
2022-04-02,10826.0,205.0
2022-04-04,10719.0,385.0
2022-04-05,10827.0,360.0
2022-04-06,9848.0,485.0
2022-04-07,10675.0,304.0
2022-04-08,10029.0,398.0
2022-04-09,9588.0,232.0
2022-04-11,10286.0,387.0
2022-04-12,10054.0,428.0
2022-04-13,10236.0,386.0
2022-04-14,9816.0,386.0
2022-04-15,10826.0,257.0
2022-04-16,10554.0,208.0
2022-04-18,10300.0,454.0
2022-04-19,10780.0,328.0
2022-04-20,11013.0,352.0
2022-04-21,10571.0,431.0
2022-04-22,10680.0,370.0
2022-04-23,10566.0,209.0
2022-04-25,11003.0,402.0
2022-04-26,10262.0,417.0
2022-04-27,10937.0,378.0
2022-04-28,9747.0,470.0
2022-04-29,10171.0,338.0
2022-04-30,10381.0,238.0
2022-05-02,10346.0,400.0
2022-05-03,9905.0,410.0
2022-05-04,8638.0,443.0
2022-05-05,10175.0,301.0
2022-05-06,10824.0,337.0
2022-05-07,10098.0,295.0
2022-05-09,9183.0,411.0
2022-05-10,9374.0,442.0
2022-05-11,8921.0,395.0
2022-05-12,8647.0,322.0
2022-05-13,8991.0,325.0
2022-05-14,9581.0,227.0
2022-05-16,8539.0,555.0
2022-05-17,8330.0,450.0
2022-05-18,9016.0,361.0
2022-05-19,8634.0,411.0
2022-05-20,8255.0,474.0
2022-05-21,6973.0,373.0
2022-05-23,7183.0,551.0
2022-05-24,7840.0,404.0
2022-05-25,7525.0,357.0
2022-05-26,7278.0,397.0
2022-05-27,7640.0,319.0
2022-05-28,7533.0,277.0
2022-05-30,7879.0,427.0
2022-05-31,9392.0,311.0
2022-06-01,8665.0,428.0
2022-06-02,8889.0,340.0
2022-06-03,9735.0,328.0
2022-06-04,10704.0,305.0
2022-06-06,8992.0,509.0
2022-06-07,9315.0,242.0
2022-06-08,8924.0,474.0
2022-06-09,7796.0,495.0
2022-06-10,7094.0,462.0
2022-06-11,6041.0,356.0
2022-06-13,8264.0,353.0
2022-06-14,9377.0,404.0
2022-06-15,8336.0,461.0
2022-06-16,8692.0,322.0
2022-06-17,7558.0,473.0
2022-06-18,6999.0,406.0
2022-06-20,8837.0,397.0
2022-06-21,8962.0,509.0
2022-06-22,9592.0,462.0
2022-06-23,9807.0,428.0
2022-06-24,9079.0,572.0
2022-06-25,9755.0,274.0
2022-06-27,7652.0,674.0
2022-06-28,8053.0,502.0
2022-06-29,7442.0,494.0
2022-06-30,11243.0,200.0
2022-07-01,10018.0,283.0
2022-07-02,8986.0,357.0
2022-07-04,8250.0,552.0
2022-07-05,9924.0,390.0
2022-07-06,9644.0,431.0
2022-07-07,11840.0,404.0
2022-07-08,8863.0,451.0
2022-07-09,11716.0,260.0
2022-07-11,10415.0,571.0
2022-07-12,14218.0,325.0
2022-07-13,11238.0,493.0
2022-07-14,15539.0,292.0
2022-07-15,13552.0,435.0
2022-07-16,15591.0,390.0
2022-07-18,18141.0,446.0
2022-07-19,16001.0,423.0
2022-07-20,18227.0,405.0
2022-07-21,15963.0,465.0
2022-07-22,20930.0,237.0
2022-07-23,25015.0,243.0
2022-07-25,16617.0,494.0
2022-07-26,19868.0,435.0
2022-07-27,15155.0,436.0
2022-07-28,15696.0,346.0
2022-07-29,14328.0,444.0
2022-07-30,12399.0,407.0
2022-08-01,15696.0,464.0
2022-08-02,15447.0,460.0
2022-08-03,12257.0,469.0
2022-08-04,13953.0,414.0
2022-08-05,14913.0,501.0
2022-08-08,11763.0,737.0
2022-08-09,11259.0,604.0
2022-08-10,16181.0,280.0
2022-08-11,15444.0,524.0
2022-08-12,11386.0,469.0
2022-08-13,13838.0,467.0
2022-08-15,11961.0,717.0
2022-08-16,12558.0,580.0
2022-08-17,13892.0,462.0
2022-08-18,11656.0,657.0
2022-08-19,14426.0,504.0
2022-08-20,15467.0,430.0
2022-08-22,13248.0,718.0
2022-08-23,16832.0,539.0
2022-08-24,14280.0,680.0
2022-08-25,14303.0,722.0
2022-08-26,16428.0,667.0
2022-08-27,15701.0,661.0
2022-08-29,21083.0,689.0
2022-08-30,17402.0,962.0
2022-08-31,19184.0,597.0
2022-09-01,21728.0,621.0
2022-09-02,21070.0,1065.0
2022-09-03,21018.0,912.0
2022-09-05,22853.0,897.0
2022-09-06,23337.0,803.0
2022-09-07,20587.0,761.0
2022-09-08,22326.0,828.0
2022-09-09,15294.0,199.0
2022-09-13,27438.0,478.0
2022-09-14,26905.0,530.0
2022-09-15,24383.0,547.0
2022-09-16,26042.0,556.0
2022-09-17,27100.0,423.0
2022-09-19,29988.0,486.0
2022-09-20,30337.0,721.875
2022-09-21,26170.0,703.0
2022-09-22,25602.0,540.0
2022-09-23,23635.0,554.0
2022-09-24,21941.0,552.0
2022-09-26,22773.0,551.0
2022-09-27,19630.0,646.0
2022-09-28,19068.0,503.0
2022-09-29,18705.0,535.0
2022-09-30,17335.0,839.793
2022-10-01,16630.0,431.0
2022-10-03,24334.0,353.0
2022-10-04,23144.0,260.0
2022-10-05,19842.0,532.0
2022-10-06,12647.0,949.0
2022-10-07,14644.0,608.0
2022-10-08,12389.0,646.0
2022-10-10,13110.0,654.0
2022-10-11,11965.0,453.0
2022-10-12,10189.0,681.0
2022-10-13,10161.0,603.0
2022-10-14,9354.0,570.0
2022-10-15,11166.0,338.0
2022-10-17,8111.0,787.0
2022-10-18,7844.0,635.0
2022-10-19,7982.0,560.0
2022-10-20,7862.0,578.0
2022-10-21,7534.0,644.0
2022-10-22,8362.0,559.0
2022-10-24,8173.0,806.0
2022-10-25,8035.0,553.0
2022-10-26,7837.0,568.0
2022-10-27,7644.0,501.0
2022-10-28,7393.0,473.0
2022-10-29,6833.0,538.0
2022-10-31,6599.0,653.0
2022-11-01,6027.0,759.0
2022-11-02,5509.0,744.0
2022-11-03,6179.0,569.0
2022-11-04,6165.0,674.0
2022-11-05,6369.0,534.0
2022-11-07,6272.0,857.0
2022-11-08,5342.0,955.0
2022-11-09,5420.0,847.0
2022-11-10,5774.0,890.0
2022-11-11,6243.0,1061.0
2022-11-12,6519.0,1066.0
2022-11-14,6042.0,1082.0
2022-11-15,5151.0,917.0
2022-11-16,4886.0,976.0
2022-11-17,5306.0,1031.0
2022-11-18,6588.0,1107.0
2022-11-19,5715.0,1261.0
2022-11-21,4618.0,1079.0
2022-11-22,3787.0,749.0
2022-11-23,4846.0,912.0
2022-11-24,5175.0,713.0
2022-11-25,5968.0,1020.0
2022-11-26,5945.0,1112.0
2022-11-28,4759.0,1043.0
2022-11-29,4829.0,665.0
2022-11-30,5084.0,458.0
2022-12-01,4540.0,407.0
2022-12-02,4967.0,349.0
2022-12-03,5513.0,522.0
2022-12-05,4523.0,729.0
2022-12-06,3921.0,433.0
2022-12-07,3748.0,344.0
2022-12-08,4039.0,364.0
2022-12-09,4479.0,402.0
2022-12-10,4337.0,386.0
2022-12-12,4651.0,433.0
2022-12-13,4281.0,377.0
2022-12-14,3845.0,395.0
2022-12-15,3154.0,191.0
2022-12-16,3959.0,170.0
2022-12-17,4823.0,153.0
2022-12-19,6352.0,187.0
2022-12-20,4838.0,318.0
2022-12-21,5183.0,281.0
2022-12-22,4711.0,314.0
2022-12-23,4586.0,208.0
2022-12-24,4730.0,91.0
2022-12-26,6206.0,189.0
2022-12-27,5163.0,333.0
2022-12-28,4660.0,298.0
2022-12-29,4389.0,361.0
2022-12-30,3717.0,402.0
2022-12-31,3814.0,161.0
2023-01-03,4382.0,342.0
2023-01-04,4200.0,272.0
2023-01-05,4199.0,281.0
2023-01-06,4120.0,304.0
2023-01-07,3934.0,202.0
2023-01-09,3673.0,427.0
2023-01-10,3753.0,196.0
2023-01-11,3889.0,242.0
2023-01-12,4094.0,294.0
2023-01-13,4240.0,354.0
2023-01-14,4103.0,122.0
2023-01-16,4219.0,382.0
2023-01-17,3985.0,390.0
2023-01-18,4031.0,281.0
2023-01-19,3839.0,309.0
2023-01-20,3936.0,198.0
2023-01-21,3936.0,22.0
2023-01-25,5014.0,137.0
2023-01-26,5014.0,43.0
2023-01-27,5924.0,190.0
2023-01-28,5913.0,172.0
2023-01-30,6347.0,212.0
2023-01-31,6388.0,250.0
2023-02-01,5321.0,338.0
2023-02-02,4759.0,330.0
2023-02-03,4270.0,342.0
2023-02-04,4388.0,256.0
2023-02-06,4768.0,268.0
2023-02-07,5049.0,206.0
2023-02-08,4714.0,290.0
2023-02-09,5039.0,293.0
2023-02-10,5376.0,246.0
2023-02-11,6315.0,135.0
2023-02-13,5520.0,417.0
2023-02-14,6182.0,175.0
2023-02-15,6994.0,188.0
2023-02-16,6201.0,373.0
2023-02-17,5743.0,309.0
2023-02-18,5836.0,188.0
2023-02-20,6399.0,303.0
2023-02-21,5686.0,358.0
2023-02-22,6020.0,234.0
2023-02-23,5919.0,254.0
2023-02-24,5550.0,279.0
2023-02-25,6072.0,182.346
2023-02-27,6532.0,307.634
2023-02-28,6070.0,318.649
2023-03-01,6167.0,280.0
2023-03-02,6963.0,208.0
2023-03-03,7037.0,341.0
2023-03-04,7351.0,236.0
2023-03-06,7334.0,346.0
2023-03-07,8905.0,220.0
2023-03-08,7878.0,337.0
2023-03-09,6879.0,432.0
2023-03-10,6544.0,303.0
2023-03-11,7122.0,108.126
2023-03-13,7024.0,303.0
2023-03-14,6673.0,345.0
2023-03-15,6691.0,307.0
2023-03-16,6507.0,324.0
2023-03-17,6892.0,267.0
2023-03-18,7707.0,151.102
2023-03-20,6617.0,370.0
2023-03-21,6881.0,252.0
2023-03-22,7507.0,276.0
2023-03-23,6802.0,325.0
2023-03-24,6812.0,357.0
2023-03-25,5829.0,176.0
2023-03-27,6986.0,338.0
2023-03-28,7056.0,299.0
2023-03-29,6471.0,319.0
2023-03-30,6098.0,347.0
2023-03-31,6700.0,239.0
2023-04-01,7619.0,150.0
2023-04-03,9082.0,166.0
2023-04-04,10055.0,178.0
2023-04-05,8842.0,301.0
2023-04-06,9689.0,213.0
2023-04-07,10624.0,180.0
2023-04-08,9157.0,255.0
2023-04-10,8090.0,435.0
2023-04-11,8510.0,264.0
2023-04-12,8830.0,332.0
2023-04-13,8426.0,255.0
2023-04-14,8273.0,271.0
2023-04-15,8805.0,118.0
2023-04-17,8589.0,341.0
2023-04-18,8262.0,306.0
2023-04-19,7907.0,329.0
2023-04-20,8210.0,296.0
2023-04-21,8263.0,255.0
2023-04-22,6882.0,216.0
2023-04-24,7918.0,296.0
2023-04-25,8554.0,235.0
2023-04-26,9356.0,223.0
2023-04-27,10882.0,240.0
2023-04-28,9198.0,299.0
2023-04-29,8753.0,238.0
2023-05-01,8557.0,296.0
2023-05-02,9926.0,255.0
2023-05-03,11301.0,261.0
2023-05-04,10297.0,334.0
2023-05-05,9959.0,328.0
2023-05-06,15195.0,127.0
2023-05-08,8816.0,516.0
2023-05-09,8170.0,427.0
2023-05-10,7578.0,358.0
2023-05-11,7699.0,357.0
2023-05-12,7382.0,365.0
2023-05-13,7332.0,205.0
2023-05-15,11695.0,239.0
2023-05-16,11627.0,247.0
2023-05-17,8881.0,351.0
2023-05-18,9244.0,273.0
2023-05-19,8860.0,313.0
2023-05-20,9122.0,240.0
2023-05-22,6473.0,519.0
2023-05-23,6415.0,398.0
2023-05-24,5976.0,393.0
2023-05-25,5503.0,447.0
2023-05-26,6129.0,338.0
2023-05-27,8146.0,209.0
2023-05-29,10236.0,276.0
2023-05-30,6606.0,358.0
2023-05-31,8783.0,257.0
2023-06-01,10186.0,290.0
2023-06-02,8002.0,368.0
2023-06-03,5846.0,391.0
2023-06-05,9082.0,326.0
2023-06-06,9666.0,312.0
2023-06-07,7927.0,335.0
2023-06-08,8980.0,295.0
2023-06-09,8680.0,288.0
2023-06-10,9796.0,214.0
2023-06-12,8683.0,328.0
2023-06-13,6225.0,388.0
2023-06-14,6334.0,314.0
2023-06-15,9604.0,249.0
2023-06-16,9774.0,235.0
2023-06-17,7238.0,307.0
2023-06-19,7311.0,368.0
2023-06-20,6831.0,366.0
2023-06-21,9906.0,278.0
2023-06-22,7157.0,282.0
2023-06-23,5173.0,504.0
2023-06-24,10032.0,245.0
2023-06-26,8717.0,418.0
2023-06-27,11311.0,280.0
2023-06-28,6544.0,508.0
2023-06-29,6324.0,477.0
2023-06-30,7199.0,327.0
2023-07-01,7671.0,263.0
2023-07-03,5392.0,519.0
2023-07-04,4769.0,431.0
2023-07-05,5934.0,388.0
2023-07-06,10165.0,230.0
2023-07-07,4403.0,493.0
2023-07-08,3233.0,353.0
2023-07-10,8496.0,365.0
2023-07-11,6291.0,402.0
2023-07-12,5201.0,451.0
2023-07-13,8213.0,254.0
2023-07-14,7078.0,254.0
2023-07-15,14811.0,133.0
2023-07-17,4326.0,636.0
2023-07-18,5099.0,428.0
2023-07-19,12456.0,245.0
2023-07-20,6202.0,390.0
2023-07-21,7095.0,491.0
2023-07-22,8239.0,329.0
2023-07-24,11711.0,375.0
2023-07-25,6471.0,417.0
2023-07-26,7311.0,420.0
2023-07-27,9667.0,310.0
2023-07-28,13992.0,243.0
2023-07-29,12175.0,239.0
2023-07-31,14246.0,374.0
2023-08-01,16695.0,296.0
2023-08-02,16504.0,272.0
2023-08-03,14797.0,420.0
2023-08-04,18615.0,368.0
2023-08-07,14354.0,576.0
2023-08-08,11678.0,565.0
2023-08-09,17640.0,353.0
2023-08-10,20633.0,400.0
2023-08-11,9878.0,396.0
2023-08-12,7559.0,544.0
2023-08-14,11586.0,526.0
2023-08-15,11186.0,478.0
2023-08-16,8851.0,525.0
2023-08-17,10283.0,491.0
2023-08-18,15234.0,389.0
2023-08-19,16731.0,349.0
2023-08-21,15189.0,554.0
2023-08-22,12647.0,552.0
2023-08-23,12984.0,537.0
2023-08-24,13714.0,472.0
2023-08-25,16660.0,297.0
2023-08-26,16343.0,366.0
2023-08-28,10405.0,733.0
2023-08-29,10229.0,450.0
2023-08-30,8953.0,488.0
2023-08-31,9083.0,410.0
2023-09-01,9967.0,488.0
2023-09-02,10492.0,551.0
2023-09-04,12580.0,573.0
2023-09-05,11150.0,536.0
2023-09-06,11613.0,643.0
2023-09-07,11540.0,644.0
2023-09-08,10114.0,684.0
2023-09-09,13722.0,501.0
2023-09-11,15174.0,614.0
2023-09-12,12827.0,662.0
2023-09-13,11576.0,730.0
2023-09-14,13372.0,602.0
2023-09-15,16326.0,481.0
2023-09-16,16966.0,465.0
2023-09-18,11759.0,912.0
2023-09-19,12318.0,934.0
2023-09-21,12556.0,655.0
2023-09-22,15747.0,594.0
2023-09-23,12755.0,945.0
2023-09-25,13016.0,1070.0
2023-09-26,14855.0,940.0
2023-09-27,15696.0,662.0
2023-09-28,14715.0,118.0
2023-10-02,17844.0,496.0
2023-10-03,10322.0,653.0
2023-10-04,10557.0,677.0
2023-10-05,10682.0,669.0
2023-10-06,11904.0,569.0
2023-10-07,11722.0,533.0
2023-10-09,13811.0,649.0
2023-10-10,13567.0,594.0
2023-10-11,13807.0,561.0
2023-10-12,14589.0,485.0
2023-10-13,14296.0,568.0
2023-10-14,12238.0,549.0
2023-10-16,9165.0,935.0
2023-10-17,9785.0,624.0
2023-10-18,9072.0,570.0
2023-10-19,9666.0,495.0
2023-10-20,12836.0,360.0
2023-10-21,9937.0,433.0
2023-10-23,10961.0,534.0
2023-10-24,9352.0,623.0
2023-10-25,8472.0,595.0
2023-10-26,8518.0,583.0
2023-10-27,7805.0,550.0
2023-10-28,6773.0,568.0
2023-10-30,7391.0,528.0
2023-10-31,6790.0,512.0
2023-11-01,6490.0,530.0
2023-11-02,8482.0,375.0
2023-11-03,7374.0,681.0
2023-11-06,7143.0,749.0
2023-11-07,7477.0,520.0
2023-11-08,5711.0,1044.0
2023-11-09,5712.0,982.0
2023-11-10,7152.0,1054.0
2023-11-11,6018.0,983.0
2023-11-13,5111.0,1070.0
2023-11-14,5485.0,898.0
2023-11-15,6105.0,844.0
2023-11-16,7400.0,939.0
2023-11-17,9424.0,972.0
2023-11-18,9555.0,1002.0
2023-11-20,6345.0,1358.0
2023-11-21,5563.0,1202.0
2023-11-22,6532.0,1027.0
2023-11-23,6637.0,1316.0
2023-11-24,6042.0,1420.0
2023-11-25,4085.0,1171.0
2023-11-27,5152.0,751.0
2023-11-28,5218.0,569.0
2023-11-29,5385.0,560.0
2023-11-30,5725.0,736.0
2023-12-01,6541.0,756.0
2023-12-02,6541.0,33.55
2023-12-04,5746.0,846.0
2023-12-05,5721.0,668.0
2023-12-06,5970.0,539.0
2023-12-07,5590.0,548.0
2023-12-08,5546.0,538.0
2023-12-09,5403.0,446.0
2023-12-11,7007.0,278.0
2023-12-12,7037.0,279.0
2023-12-13,5376.0,345.0
2023-12-14,6818.0,214.0
2023-12-15,6177.0,329.0
2023-12-16,8459.0,102.0
2023-12-18,6918.0,354.0
2023-12-19,5952.0,269.0
2023-12-20,8455.0,128.0
2023-12-21,6643.0,378.0
2023-12-22,6217.0,288.0
2023-12-23,6902.0,124.0
2023-12-25,6416.0,346.0
2023-12-26,6243.0,269.0
2023-12-27,6266.0,266.0
2023-12-28,5426.0,435.0
2023-12-29,6695.0,301.0
2023-12-30,5627.0,390.0
2024-01-03,6400.0,415.0
2024-01-04,5710.0,404.0
2024-01-05,5542.0,381.0
2024-01-06,5092.0,317.0
2024-01-08,6175.0,221.0
2024-01-09,6560.0,224.0
2024-01-10,6138.0,248.0
2024-01-11,5398.0,382.0
2024-01-12,5605.0,244.0
2024-01-13,5488.0,244.0
2024-01-15,5372.0,363.0
2024-01-16,5281.0,266.0
2024-01-17,5336.0,243.0
2024-01-18,6172.0,231.0
2024-01-19,7207.0,208.0
2024-01-20,7468.0,208.0
2024-01-22,7138.0,396.0
2024-01-23,5990.0,422.0
2024-01-24,5414.0,234.0
2024-01-25,6580.0,158.0
2024-01-26,6632.0,262.0
2024-01-27,7201.0,216.0
2024-01-29,6529.0,417.0
2024-01-30,6963.0,333.0
2024-01-31,7176.0,416.0
2024-02-01,6531.0,450.0
2024-02-02,6569.0,411.0
2024-02-03,6156.0,396.0
2024-02-05,6748.0,443.0
2024-02-06,7232.0,346.0
2024-02-07,6849.0,368.0
2024-02-08,6661.0,355.0
2024-02-09,4355.0,87.0
2024-02-13,8519.0,177.0
2024-02-14,8308.0,223.0
2024-02-15,9112.0,267.0
2024-02-16,8389.0,328.0
2024-02-17,8164.0,177.0
2024-02-19,9187.0,381.0
2024-02-20,8081.0,317.0
2024-02-21,8637.0,261.0
2024-02-22,8405.0,275.0
2024-02-23,8687.0,381.0
2024-02-24,9319.0,185.0
2024-02-26,9055.0,290.0
2024-02-27,9167.0,320.0
2024-02-28,8980.0,349.0
2024-02-29,10452.6,364.0
2024-03-01,9532.0,302.0
2024-03-04,10110.0,386.0
2024-03-05,10167.0,350.0
2024-03-06,10293.0,323.0
2024-03-07,11317.0,240.0
2024-03-08,10287.0,367.0
2024-03-09,10765.0,270.0
2024-03-11,10479.0,438.0
2024-03-12,10134.0,320.0
2024-03-13,11099.0,264.0
2024-03-14,10576.0,384.0
2024-03-15,11421.0,283.0
2024-03-16,12058.0,274.0
2024-03-18,12148.0,345.0
2024-03-19,11271.0,388.0
2024-03-20,11405.0,362.0
2024-03-21,10996.0,395.0
2024-03-22,11331.0,385.0
2024-03-23,10789.0,297.0
2024-03-25,11410.0,434.0
2024-03-26,11305.0,389.0
2024-03-27,11479.0,376.0
2024-03-28,11348.0,355.0
2024-03-29,12048.0,293.0
2024-03-30,12353.0,238.0
2024-04-01,12350.0,418.0
2024-04-02,12472.0,382.0
2024-04-03,13614.0,359.0
2024-04-04,13508.0,359.0
2024-04-05,13162.0,356.0
2024-04-06,13025.0,276.0
2024-04-08,14522.0,321.0
2024-04-09,16122.0,354.0
2024-04-10,15833.0,366.0
2024-04-11,15252.0,357.0
2024-04-12,15450.0,335.0
2024-04-13,17126.0,250.0
2024-04-15,17378.0,416.0
2024-04-16,16020.0,402.0
2024-04-17,16339.0,368.0
2024-04-18,16355.0,310.0
2024-04-19,14787.0,377.0
2024-04-20,14259.0,297.0
2024-04-22,15302.0,336.0
2024-04-23,14531.0,374.0
2024-04-24,14542.0,379.0
2024-04-25,13787.0,426.0
2024-04-26,14776.0,376.0
2024-04-27,14261.0,313.0
2024-04-29,13880.0,412.0
2024-04-30,12483.0,399.0
2024-05-01,13688.0,305.0
2024-05-02,15566.0,324.0
2024-05-03,14264.0,404.0
2024-05-04,13585.0,429.0
2024-05-06,12966.0,397.0
2024-05-07,11904.0,438.0
2024-05-08,12133.0,342.0
2024-05-09,11975.0,408.0
2024-05-10,13539.0,335.0
2024-05-11,13824.0,210.0
2024-05-13,13776.0,457.0
2024-05-14,13012.0,456.0
2024-05-15,12229.0,446.0
2024-05-16,10641.0,412.0
2024-05-17,10520.0,433.0
2024-05-18,10448.0,284.0
2024-05-20,6143.0,662.0
2024-05-21,5923.0,492.0
2024-05-22,5981.0,390.0
2024-05-23,5953.0,422.0
2024-05-24,6905.0,334.0
2024-05-25,6153.0,338.0
2024-05-27,6312.0,471.0
2024-05-28,6730.0,343.0
2024-05-29,7732.0,307.0
2024-05-30,7510.0,339.0
2024-05-31,6435.0,452.0
2024-06-01,6168.0,313.0
2024-06-03,6656.0,410.0
2024-06-04,6028.0,492.0
2024-06-05,6056.0,408.0
2024-06-06,6663.0,318.0
2024-06-07,7270.0,310.0
2024-06-08,6936.0,275.0
2024-06-10,7159.0,364.0
2024-06-11,5794.0,536.0
2024-06-12,7031.0,329.0
2024-06-13,7553.0,346.0
2024-06-14,8020.0,310.0
2024-06-15,5617.0,428.0
2024-06-17,7108.0,382.0
2024-06-18,5936.0,513.0
2024-06-19,6137.0,454.0
2024-06-20,5631.0,524.0
2024-06-21,6947.0,338.0
2024-06-22,7328.0,318.0
2024-06-24,6982.0,416.0
2024-06-25,7253.0,404.0
2024-06-26,6614.0,491.0
2024-06-27,6915.0,466.0
2024-06-28,8633.0,377.0
2024-06-29,9344.0,389.0
2024-07-01,10058.0,393.0
2024-07-02,9470.0,464.0
2024-07-03,8037.0,571.0
2024-07-04,9949.0,347.0
2024-07-05,7492.0,645.0
2024-07-06,8669.0,375.0
2024-07-08,8557.0,452.0
2024-07-09,10221.0,311.0
2024-07-10,8578.0,501.0
2024-07-11,12150.0,288.0
2024-07-12,10642.0,441.0
2024-07-13,9751.0,428.0
2024-07-15,9394.0,519.0
2024-07-16,8330.0,547.0
2024-07-17,11181.0,361.0
2024-07-18,10717.0,339.0
2024-07-19,13641.0,326.0
2024-07-20,12380.0,365.0
2024-07-22,11984.0,509.0
2024-07-23,11757.0,499.0
2024-07-24,12700.0,358.0
2024-07-25,9658.0,571.0
2024-07-26,10032.0,492.0
2024-07-27,13421.0,318.0
2024-07-29,11911.0,506.0
2024-07-30,10864.0,579.0
2024-07-31,11547.0,425.0
2024-08-01,12791.0,406.0
2024-08-02,14172.0,433.0
2024-08-05,12988.0,536.0
2024-08-06,12430.0,487.0
2024-08-07,16855.0,375.0
2024-08-08,17435.0,381.0
2024-08-09,17708.0,447.0
2024-08-10,17825.0,425.0
2024-08-12,16866.0,553.0
2024-08-13,16265.0,483.0
2024-08-14,19262.0,370.0
2024-08-15,17259.0,435.0
2024-08-16,18359.0,367.0
2024-08-17,18176.0,359.0
2024-08-19,15890.0,571.0
2024-08-20,15875.0,465.0
2024-08-21,16156.0,462.0
2024-08-22,17161.0,412.0
2024-08-23,18371.0,511.0
2024-08-24,19505.0,451.0
2024-08-26,17616.0,782.0
2024-08-27,15783.0,664.0
2024-08-28,19714.0,508.0
2024-08-29,18212.0,572.0
2024-08-30,20115.0,448.0
2024-08-31,21388.0,438.0
2024-09-01,21359.0,714.0
2024-09-02,20901.0,641.0
2024-09-03,20771.0,714.0
2024-09-04,25007.0,636.0
2024-09-05,25733.0,679.0
2024-09-06,22691.0,759.0
2024-09-07,20785.0,644.0
2024-09-09,20724.0,943.0
2024-09-10,21359.0,1442.03253
2024-09-11,23295.0,847.0
2024-09-12,24291.0,783.0
2024-09-13,26069.0,488.0
2024-09-14,41483.0,422.0
2024-09-16,29964.0,163.0
2024-09-21,28933.0,448.0
2024-09-23,35686.0,464.0
2024-09-24,25141.0,531.0
2024-09-25,24551.0,537.0
2024-09-26,19921.0,653.0
2024-09-27,21139.0,625.0
2024-09-28,19198.0,474.0
2024-09-30,23019.0,851.68732
2024-10-01,25313.0,376.0
2024-10-02,27088.0,354.0
2024-10-03,27600.0,400.0
2024-10-04,25797.0,470.0
2024-10-05,27657.0,370.0
2024-10-07,23270.0,678.0
2024-10-08,23978.0,515.0
2024-10-09,23251.0,555.0
2024-10-10,20129.0,623.0
2024-10-11,21761.0,502.0
2024-10-12,23196.0,416.0
2024-10-14,26759.0,464.0
2024-10-15,23515.0,543.0
2024-10-16,24031.0,468.0
2024-10-17,20866.0,619.0
2024-10-18,18809.0,654.0
2024-10-19,12803.0,461.0
2024-10-21,16681.0,493.0
2024-10-22,15928.0,568.0
2024-10-23,15589.0,395.0
2024-10-24,12599.0,516.0
2024-10-25,10665.0,693.0
2024-10-26,10784.0,563.0
2024-10-28,9706.0,673.0
2024-10-29,11021.0,543.0
2024-10-30,8753.0,599.0
2024-10-31,8692.0,656.0
2024-11-01,9045.0,581.0
2024-11-02,9241.0,485.0
2024-11-04,8709.0,662.0
2024-11-05,8499.0,686.0
2024-11-06,8533.0,636.0
2024-11-07,8515.0,644.0
2024-11-08,8562.0,699.0
2024-11-09,7627.0,799.0
2024-11-11,8270.0,767.0
2024-11-12,6972.0,856.0
2024-11-13,7597.0,729.0
2024-11-14,8426.0,779.0
2024-11-15,8842.0,940.0
2024-11-16,8143.0,1058.0
2024-11-18,6806.0,1073.0
2024-11-19,7130.0,853.0
2024-11-20,7489.0,919.0
2024-11-21,8656.0,903.0
2024-11-22,9430.0,1079.0
2024-11-23,8031.0,1156.0
2024-11-25,9170.0,870.0
2024-11-26,9920.0,865.0
2024-11-27,10067.0,745.0
2024-11-28,13956.0,632.0
2024-11-29,9361.0,1129.0
2024-11-30,7313.0,903.0
2024-12-02,7313.0,966.0
2024-12-03,8498.0,688.0
2024-12-04,9416.0,590.0
2024-12-05,10342.0,646.0
2024-12-06,9195.0,804.0
2024-12-07,9233.0,535.0
2024-12-09,8834.0,557.0
2024-12-10,8842.0,354.0
2024-12-11,9656.0,343.0
2024-12-12,9477.0,454.0
2024-12-13,9397.0,508.0
2024-12-14,9397.0,448.0
2024-12-16,11615.0,348.0
2024-12-17,9363.0,471.0
2024-12-18,12517.0,207.0
2024-12-19,9730.0,393.0
2024-12-20,11843.0,269.0
2024-12-21,12148.0,260.0
2024-12-23,11596.0,384.0
2024-12-24,11229.0,321.0
2024-12-25,10511.0,351.0
2024-12-26,11464.0,238.0
2024-12-27,11163.0,289.0
2024-12-28,11376.0,246.0
2024-12-30,12237.0,384.0
2024-12-31,17295.0,155.0
2025-01-03,17471.0,328.0
2025-01-04,15956.0,331.0
2025-01-06,15386.0,481.0
2025-01-07,15198.0,432.0
2025-01-08,15849.0,387.0
2025-01-09,14715.0,460.0
2025-01-10,14097.0,333.0
2025-01-11,14728.0,194.0
2025-01-13,14402.0,388.0
2025-01-14,14701.0,314.0
2025-01-15,14609.0,408.0
2025-01-16,14751.0,353.0
2025-01-17,13506.0,479.0
2025-01-18,13411.0,276.0
2025-01-20,12695.0,560.0
2025-01-21,12726.0,545.0
2025-01-22,12929.0,498.0
2025-01-23,12568.0,491.0
2025-01-24,13200.0,443.0
2025-01-25,13630.0,352.0
2025-01-27,14861.0,244.0
2025-01-28,12634.0,78.0
2025-02-01,15951.0,196.0
2025-02-03,15437.0,286.0
2025-02-04,15041.0,336.0
2025-02-05,13944.0,393.0
2025-02-06,13938.0,298.0
2025-02-07,14980.0,243.0
2025-02-08,14577.0,208.0
2025-02-10,15136.0,410.0
2025-02-11,15132.0,435.0
2025-02-13,15440.0,405.0
2025-02-14,14342.0,420.0
2025-02-15,13722.0,400.0
2025-02-17,13959.0,437.0
2025-02-18,13595.0,450.0
2025-02-19,13224.0,392.0
2025-02-20,13891.0,324.0
2025-02-21,14063.0,318.0
2025-02-22,14831.0,243.0
2025-02-24,15532.0,302.0
2025-02-25,15213.0,363.0
2025-02-26,15488.0,336.0
2025-02-27,15119.0,351.0
2025-02-28,15837.0,326.0
2025-03-01,15875.0,241.0
2025-03-03,16434.0,389.0
2025-03-04,16803.0,377.0
2025-03-06,15538.0,655.0
2025-03-07,14679.0,661.0
2025-03-08,13358.0,466.0
2025-03-10,13867.0,549.0
2025-03-11,13160.0,484.0
2025-03-12,13194.0,516.0
2025-03-13,13844.0,450.0
2025-03-14,12902.0,495.0
2025-03-15,14452.0,284.0
2025-03-17,14341.0,498.0
2025-03-18,15782.0,387.0
2025-03-19,14373.0,508.0
2025-03-20,12157.0,637.0
2025-03-21,12304.0,537.0
2025-03-22,12838.0,430.0
2025-03-24,13914.0,531.0
2025-03-25,13020.0,523.0
2025-03-26,12523.0,447.0
2025-03-27,11601.0,493.0
2025-03-28,11124.0,414.0
2025-03-29,11024.0,289.0
2025-03-31,14063.0,379.0
2025-04-01,13460.0,393.0
2025-04-02,14170.0,365.0
2025-04-03,14291.0,486.0
2025-04-04,13254.0,484.0
2025-04-05,12279.0,383.0
2025-04-07,11858.0,624.0
2025-04-08,11194.0,508.0
2025-04-09,11624.0,423.0
2025-04-10,11062.0,518.0
2025-04-11,9440.0,507.0
2025-04-12,9363.0,327.0
2025-04-14,11019.0,428.0
2025-04-15,10468.0,450.0
2025-04-16,9458.0,423.0
2025-04-17,8667.0,396.0
2025-04-18,9823.0,354.0
2025-04-19,9644.0,302.0
2025-04-21,9113.0,496.0
2025-04-22,8702.0,486.0
2025-04-23,8698.0,394.0
2025-04-24,8233.0,442.0
2025-04-25,7805.0,440.0
2025-04-26,8579.0,265.0
2025-04-28,8427.0,420.0
2025-04-29,7827.0,466.0
2025-04-30,9288.0,460.0
2025-05-01,8648.0,411.0
2025-05-02,6971.0,467.0
2025-05-03,7633.0,312.0
2025-05-05,6410.0,571.0
2025-05-06,7193.0,496.0
2025-05-07,7063.0,473.0
2025-05-08,7749.0,405.0
2025-05-09,7863.0,392.0
2025-05-10,5825.0,323.0
2025-05-12,6455.0,472.0
2025-05-13,5926.0,395.0
2025-05-14,10219.8,498.0
2025-05-15,4767.0,572.0
2025-05-16,4887.0,473.0
2025-05-17,4326.0,315.0
2025-05-19,8000.0,458.0
2025-05-20,5434.0,374.0
2025-05-21,7256.6,421.0
2025-05-22,4156.0,495.0
2025-05-23,4216.0,388.0
2025-05-24,4648.0,270.0
2025-05-26,5253.0,356.0
2025-05-27,5288.0,427.0
2025-05-28,5797.0,359.0
2025-05-29,5786.0,347.0
2025-05-30,6380.0,324.0
2025-05-31,5250.0,305.0
2025-06-02,7400.0,381.0
2025-06-03,6409.0,404.0
2025-06-04,5250.0,314.0
2025-06-05,6829.0,405.0
2025-06-06,6647.0,382.0
2025-06-07,7175.0,331.0
2025-06-09,7035.0,353.0
2025-06-10,4651.0,387.0
2025-06-11,6412.0,317.0
2025-06-12,4934.0,280.0
2025-06-13,7733.0,297.0
2025-06-14,9104.0,281.0
2025-06-16,7399.4,754.0
2025-06-17,7437.0,327.0
2025-06-18,6685.2,533.0
2025-06-19,5000.0,400.0
2025-06-20,7470.0,334.0
2025-06-21,10386.0,282.0
2025-06-23,6378.0,551.0
2025-06-24,8610.0,507.0
2025-06-25,7857.0,542.0
2025-06-26,7454.0,269.0
2025-06-27,9620.2,505.0
2025-06-28,5807.0,378.0
2025-06-30,8487.0,409.0
2025-07-01,5410.0,545.0
2025-07-02,7076.0,335.0
2025-07-03,4749.0,541.0
2025-07-04,6850.0,373.0
2025-07-05,10022.0,219.0
2025-07-07,8503.0,447.0
2025-07-08,7736.2,562.0
2025-07-09,7984.0,324.0
2025-07-10,9130.8,328.0
2025-07-11,12396.0,292.0
2025-07-12,13291.0,337.0
2025-07-14,11967.0,558.0
2025-07-15,13021.0,405.0
2025-07-16,12046.0,448.0
2025-07-17,12939.0,461.0
2025-07-18,12610.0,394.0
2025-07-19,13394.0,387.0
2025-07-21,11319.0,537.0
2025-07-22,7801.0,695.0
2025-07-23,9099.0,564.0
2025-07-24,11502.8,585.0
2025-07-25,7944.0,454.0
2025-07-26,10566.0,396.0
2025-07-28,12236.0,443.0
2025-07-29,13021.0,421.0
2025-07-30,7989.0,352.0
2025-07-31,14881.0,604.0
2025-08-01,17461.0,451.0
2025-08-04,19074.0,484.0
2025-08-05,17471.0,375.0
2025-08-06,10448.0,470.0
2025-08-07,14970.4,459.0
2025-08-08,14594.8,482.0
2025-08-09,15849.0,405.0
2025-08-11,13611.6,568.0
2025-08-12,11321.0,627.0
2025-08-13,9697.0,502.0
2025-08-14,13178.0,377.0
2025-08-15,14732.0,398.0
2025-08-16,9449.0,352.0
2025-08-18,9449.0,588.0
2025-08-19,11728.0,543.0
2025-08-20,11660.0,443.0
2025-08-21,13349.0,475.0
2025-08-22,13234.0,417.0
2025-08-23,12676.0,428.0
2025-08-25,10222.0,488.0
2025-08-26,9700.0,505.0
2025-08-27,13376.0,392.0
2025-08-28,18735.0,307.0
2025-08-29,10989.0,509.0
2025-08-30,13435.0,478.0
2025-09-01,15589.0,493.0
2025-09-02,15359.0,500.0
2025-09-03,21181.0,351.0
2025-09-04,16068.4,491.0
2025-09-05,12500.0,625.0
2025-09-06,14081.6,506.0
2025-09-08,14705.0,537.0
2025-09-09,8833.0,788.0
2025-09-11,9841.0,621.0
2025-09-12,12799.0,706.0
2025-09-13,17543.0,407.0
2025-09-15,14368.0,623.0
2025-09-16,14541.0,826.0
2025-09-17,8567.0,643.0
2025-09-18,13655.6,401.0
2025-09-19,15187.0,531.0
2025-09-20,12001.0,1150.32924
2025-09-22,7424.0,667.0
2025-09-23,14711.4,561.0
2025-09-24,7828.0,768.0
2025-09-25,15317.2,743.0
2025-09-26,13189.2,731.0
2025-09-27,11619.0,1060.0
2025-09-29,7634.0,763.0
2025-10-01,7665.0,814.0
2025-10-02,7978.0,1040.0
2025-10-03,12647.0,1321.75511
2025-10-04,25152.0,587.34794
2025-10-09,13172.4,1172.0
2025-10-10,6655.0,1085.0
2025-10-11,9587.4,697.0
2025-10-13,7659.0,554.0
2025-10-14,5761.0,500.0
2025-10-15,8160.0,469.0
2025-10-16,6483.0,833.0
2025-10-17,6172.0,721.0
2025-10-18,8562.8,899.0
2025-10-20,5072.0,781.0
2025-10-21,5506.0,709.0
2025-10-22,6093.0,643.0
2025-10-23,6132.0,704.0
2025-10-24,5973.0,672.0
2025-10-25,9210.8,448.0
2025-10-27,8154.0,575.0
2025-10-28,7969.0,643.0
2025-10-29,7897.0,594.0
2025-10-30,9833.0,473.0
2025-10-31,10710.0,527.0
2025-11-03,9003.0,949.0
2025-11-04,8808.0,737.0
2025-11-05,9271.0,630.0
2025-11-06,9095.0,759.0
2025-11-07,10353.0,659.0
2025-11-08,8969.4,696.0
2025-11-10,11026.0,878.0
2025-11-11,9285.0,1105.0
2025-11-12,10537.0,969.0
2025-11-13,11673.0,918.0
2025-11-14,12687.0,1112.0
2025-11-15,11421.0,1143.0
2025-11-17,12891.0,992.0
2025-11-18,6000.0,1152.0
2025-11-19,11768.0,942.0
2025-11-20,12375.0,1080.0
2025-11-21,14748.0,1019.0
2025-11-22,8735.6,1165.0
2025-11-24,11907.0,1139.0
2025-11-25,11673.0,922.0
2025-11-26,12131.0,984.0
2025-11-27,11985.8,1038.0
2025-11-28,13230.0,1133.0
2025-11-29,7153.0,962.0
2025-12-01,11336.0,1011.0
2025-12-02,9656.4,828.0
2025-12-03,11468.0,783.0
2025-12-04,7774.0,656.0
2025-12-05,11693.0,711.0
2025-12-06,10334.0,909.0
2025-12-08,7535.0,797.0
2025-12-09,7708.0,589.0
2025-12-10,10363.0,438.0
2025-12-11,10154.4,623.0
2025-12-12,10913.0,654.0
2025-12-15,9472.4,477.0
2025-12-16,9387.0,468.0
2025-12-17,8311.0,443.0
2025-12-18,9359.0,329.0
2025-12-19,9929.0,362.0
2025-12-20,10557.4,369.0
2025-12-22,10545.2,413.0
2025-12-23,8728.0,394.0
2025-12-24,10274.0,420.0
2025-12-25,8758.0,279.0
2025-12-26,10049.8,312.0
2025-12-27,8488.0,151.0
2025-12-29,10578.0,204.0
2025-12-30,6826.0,330.0
2025-12-31,10023.0,452.0
2026-01-03,9347.0,335.0
2026-01-05,11786.0,334.0
2026-01-06,8703.0,448.0
2026-01-07,8958.0,422.0
2026-01-08,8551.0,371.0
2026-01-09,8300.0,311.0
2026-01-10,8783.0,175.0
2026-01-12,10000.0,322.0
2026-01-13,9250.0,429.0
2026-01-14,8869.0,381.0
2026-01-15,8571.0,421.0
2026-01-16,9167.0,346.0
2026-01-17,8250.0,272.0
2026-01-19,11629.4,387.0
2026-01-20,10544.8,346.0
2026-01-21,9680.0,247.0
2026-01-22,11526.8,176.0
2026-01-23,9376.0,353.0
2026-01-24,11118.0,91.0
2026-01-26,9653.0,430.0
2026-01-27,9627.0,383.0
2026-01-28,9220.0,378.0
2026-01-29,12604.0,505.0
2026-01-30,9047.0,282.0
2026-01-31,8848.0,225.0
2026-02-02,9110.0,358.0
2026-02-03,9158.0,381.0
2026-02-04,9394.0,438.0
2026-02-05,9394.0,365.0
2026-02-06,8524.0,486.0
2026-02-07,8895.0,358.0
2026-02-09,9299.0,308.0
2026-02-10,8908.0,392.0
2026-02-11,9415.0,364.0
2026-02-12,8383.0,565.0
2026-02-13,7760.0,628.0
2026-02-14,8127.0,294.0
2026-02-16,9597.0,72.0
2026-02-20,8675.0,438.0
2026-02-21,8947.0,384.0
2026-02-23,9673.0,393.0
2026-02-24,9853.0,374.0
2026-02-25,9593.0,279.0
2026-02-26,9853.0,360.0
2026-02-27,9383.0,381.0
2026-02-28,9053.0,295.0
2026-03-02,8664.0,538.0
2026-03-03,8269.0,368.0
2026-03-04,8572.0,276.0
2026-03-05,8087.0,390.0
2026-03-06,8014.0,433.0
2026-03-09,8071.0,417.0
2026-03-10,8130.0,350.0
2026-03-11,8238.0,339.0
2026-03-12,8615.0,324.0
2026-03-13,7662.0,277.0
2026-03-14,8891.2,285.0
2026-03-16,7671.2,398.0
2026-03-17,8388.0,364.0
2026-03-18,8611.0,378.644
2026-03-19,8275.0,395.0
2026-03-20,6975.0,377.0
2026-03-21,6975.0,245.0
2026-03-23,7000.0,489.0
2026-03-24,7530.0,508.0
2026-03-25,6880.0,355.0
2026-03-26,7972.0,309.0
2026-03-27,7007.0,422.0
2026-03-28,8309.0,183.0
2026-03-30,9268.0,352.0
2026-03-31,9357.8,423.0
2026-04-01,7628.0,394.0
2026-04-02,7960.0,368.0
2026-04-03,6825.0,343.0
2026-04-06,7168.0,556.0
2026-04-07,6845.0,405.0
2026-04-08,6625.0,353.0
2026-04-09,6409.0,381.0
2026-04-10,6657.0,288.0
2026-04-11,8023.0,147.0
2026-04-13,7050.0,398.0
2026-04-14,8167.4,367.0
2026-04-15,8235.2,389.0
2026-04-16,7530.4,419.0
2026-04-17,6603.0,375.0
2026-04-18,8037.0,190.0
2026-04-20,7401.4,410.0
2026-04-21,7542.0,440.0
2026-04-22,6774.0,355.0
2026-04-23,6542.0,365.0
2026-04-24,6895.0,345.0
2026-04-25,6000.0,259.0
2026-04-27,6000.0,450.0
2026-04-28,6473.0,343.0
2026-04-29,7221.0,256.0
2026-04-30,7484.4,324.0
2026-05-01,7769.4,258.0
2026-05-02,11006.0,148.0
2026-05-04,7444.0,452.0
2026-05-05,5625.0,506.0
2026-05-06,5713.0,467.0
2026-05-07,5087.0,481.0
2026-05-08,4986.0,437.0
2026-05-09,4193.0,306.0
2026-05-11,4543.0,409.0
2026-05-12,3776.0,420.0
2026-05-13,4640.0,374.0
2026-05-14,6230.0,286.0
2026-05-15,5553.0,344.0
2026-05-16,4008.0,321.0
2026-05-19,5200.0,378.509
2026-05-20,5140.0,326.2
2026-05-21,5444.0,310.278
2026-05-22,4340.0,361.343
2026-05-23,5693.0,214.859
2026-05-25,5693.0,348.784
2026-05-26,6322.0,322.524
2026-05-27,7796.0,270.389
2026-05-28,4627.0,321.638
2026-05-29,5373.0,365.365
2026-05-30,4233.0,340.74
2026-06-02,7307.0,373.418
2026-06-04,7299.0,438.021
