date,price_special,price_high,price_mid,price_low,total_inflow
2005-01-03,,1700.0,1350.0,1000.0,
2005-01-04,,1350.0,1100.0,785.0,
2005-01-05,,1550.0,1325.0,960.0,
2005-01-06,,2250.0,1530.0,1045.0,
2005-01-07,,2075.0,1575.0,1065.0,
2005-01-08,,1625.0,1225.0,880.0,
2005-01-10,,1800.0,1450.0,1070.0,
2005-01-11,,2000.0,1600.0,1110.0,
2005-01-12,,1900.0,1550.0,1045.0,
2005-01-13,,1900.0,1450.0,1000.0,
2005-01-14,,1775.0,1475.0,975.0,
2005-01-15,,1800.0,1150.0,750.0,
2005-01-17,,2050.0,1550.0,1050.0,
2005-01-18,,2400.0,1775.0,1000.0,
2005-01-19,,2600.0,1950.0,1250.0,
2005-01-20,,2450.0,1975.0,1450.0,
2005-01-21,,2425.0,1525.0,1100.0,
2005-01-22,,1975.0,1450.0,900.0,
2005-01-24,,1875.0,1375.0,850.0,
2005-01-25,,2000.0,1550.0,1170.0,
2005-01-26,,2075.0,1550.0,1100.0,
2005-01-27,,2225.0,1700.0,1060.0,
2005-01-28,,2350.0,1750.0,1100.0,
2005-01-29,,2400.0,1900.0,1355.0,
2005-01-31,,2250.0,1650.0,1050.0,
2005-02-01,,2225.0,1750.0,1100.0,
2005-02-02,,2650.0,2200.0,1450.0,
2005-02-03,,2800.0,2300.0,1650.0,
2005-02-04,,3000.0,2450.0,1450.0,
2005-02-05,,3100.0,2400.0,1550.0,
2005-02-07,,2925.0,2115.0,1290.0,
2005-02-08,,2925.0,2115.0,1290.0,
2005-02-12,,2975.0,2400.0,1290.0,
2005-02-14,,2915.0,2260.0,1575.0,
2005-02-15,,3025.0,2250.0,1450.0,
2005-02-16,,2960.0,2475.0,1570.0,
2005-02-17,,2700.0,2300.0,1600.0,
2005-02-18,,2700.0,1950.0,1250.0,
2005-02-19,,2700.0,2010.0,1310.0,
2005-02-21,,2725.0,1975.0,1300.0,
2005-02-22,,3000.0,2100.0,1400.0,
2005-02-23,,3125.0,2525.0,1760.0,
2005-02-24,,3000.0,2275.0,1675.0,
2005-02-25,,2925.0,2000.0,1250.0,
2005-02-26,,2925.0,2000.0,1250.0,
2005-02-28,,2675.0,1875.0,1175.0,
2005-03-01,3175.0,2575.0,2075.0,1375.0,
2005-03-02,3325.0,2900.0,2000.0,1100.0,
2005-03-03,3350.0,2875.0,2000.0,1250.0,
2005-03-04,3460.0,2660.0,1600.0,950.0,
2005-03-05,3500.0,3000.0,2275.0,1550.0,
2005-03-07,3525.0,3000.0,2145.0,1320.0,
2005-03-08,3550.0,2900.0,2350.0,1940.0,
2005-03-09,3400.0,2875.0,2125.0,1350.0,
2005-03-10,3350.0,2560.0,1560.0,950.0,
2005-03-11,3475.0,2575.0,1650.0,1050.0,
2005-03-12,2950.0,2615.0,2015.0,1350.0,
2005-03-14,3650.0,2900.0,1850.0,1100.0,
2005-03-15,3450.0,2750.0,1875.0,1300.0,
2005-03-16,3675.0,2855.0,1705.0,950.0,
2005-03-17,3675.0,3250.0,2375.0,1555.0,
2005-03-18,4050.0,3350.0,2475.0,1825.0,
2005-03-19,3675.0,3200.0,2550.0,1930.0,
2005-03-21,3825.0,3100.0,2375.0,1700.0,
2005-03-22,3850.0,2825.0,1900.0,1250.0,
2005-03-23,4600.0,3800.0,2550.0,1550.0,
2005-03-24,4400.0,3350.0,2100.0,1430.0,
2005-03-25,4575.0,3700.0,2350.0,1300.0,
2005-03-26,4625.0,3925.0,2775.0,1450.0,
2005-03-28,4675.0,3650.0,2325.0,1500.0,
2005-03-29,4690.0,3915.0,2575.0,1475.0,
2005-03-30,4825.0,4125.0,2950.0,1925.0,
2005-03-31,4525.0,3650.0,2500.0,1450.0,
2005-04-01,4500.0,3975.0,3050.0,2050.0,
2005-04-02,4575.0,4050.0,3110.0,1910.0,
2005-04-04,4465.0,3765.0,2650.0,1400.0,
2005-04-05,4625.0,4050.0,3125.0,1850.0,
2005-04-06,4550.0,3825.0,2725.0,1450.0,
2005-04-07,4475.0,3775.0,2700.0,1400.0,
2005-04-08,4525.0,3775.0,2600.0,1300.0,
2005-04-09,4025.0,3400.0,2575.0,1660.0,
2005-04-11,4350.0,3525.0,2550.0,1350.0,
2005-04-12,4350.0,3300.0,2200.0,1150.0,
2005-04-13,4200.0,3225.0,2325.0,1480.0,
2005-04-14,4175.0,3100.0,2050.0,1198.0,
2005-04-15,3725.0,3075.0,2125.0,1150.0,
2005-04-16,3750.0,3025.0,2125.0,1325.0,
2005-04-18,4125.0,3150.0,2300.0,1175.0,
2005-04-19,4240.0,3165.0,2150.0,1230.0,
2005-04-20,4200.0,3075.0,2000.0,1150.0,
2005-04-21,4180.0,3205.0,2114.0,1132.0,
2005-04-22,4000.0,3025.0,2100.0,1075.0,
2005-04-23,3800.0,2825.0,1800.0,1050.0,
2005-04-25,3525.0,2825.0,1900.0,1050.0,
2005-04-26,3325.0,2750.0,1875.0,1000.0,
2005-04-27,3800.0,2700.0,1850.0,1000.0,
2005-04-28,3500.0,2575.0,1675.0,900.0,
2005-04-29,3400.0,2450.0,1700.0,955.0,
2005-04-30,2925.0,2275.0,1500.0,930.0,
2005-05-02,3050.0,2575.0,1650.0,850.0,
2005-05-03,3500.0,2800.0,1825.0,1035.0,
2005-05-04,3300.0,2575.0,1725.0,910.0,
2005-05-05,,2650.0,1725.0,1050.0,
2005-05-06,3300.0,2775.0,1925.0,1100.0,
2005-05-07,3675.0,3100.0,2000.0,940.0,
2005-05-09,3860.0,3000.0,2050.0,1065.0,
2005-05-10,3550.0,2975.0,2140.0,1190.0,
2005-05-11,3775.0,3025.0,1925.0,1100.0,
2005-05-12,3850.0,2975.0,1725.0,870.0,
2005-05-13,3550.0,2675.0,1525.0,710.0,
2005-05-14,3525.0,3025.0,2050.0,1105.0,
2005-05-16,3675.0,2900.0,1800.0,905.0,
2005-05-17,3625.0,2825.0,1900.0,1025.0,
2005-05-18,3500.0,2925.0,2000.0,1100.0,
2005-05-19,3850.0,3150.0,2125.0,1175.0,
2005-05-20,4200.0,3350.0,2300.0,1225.0,
2005-05-21,4150.0,3275.0,2175.0,1255.0,
2005-05-23,3875.0,3275.0,2175.0,1075.0,
2005-05-24,4675.0,3850.0,2725.0,1400.0,
2005-05-25,4450.0,3650.0,2460.0,1360.0,
2005-05-26,5000.0,4200.0,2900.0,1475.0,
2005-05-27,4750.0,4175.0,2975.0,1490.0,
2005-05-28,4850.0,4175.0,2525.0,1400.0,
2005-05-30,4975.0,4150.0,2300.0,925.0,
2005-05-31,4600.0,3650.0,2300.0,1200.0,
2006-01-03,8060.0,6560.0,5350.0,4080.0,
2006-01-04,7400.0,6475.0,5325.0,3695.0,
2006-01-05,7175.0,6125.0,5025.0,3235.0,
2006-01-06,5900.0,5125.0,4200.0,3100.0,
2006-01-07,6000.0,5100.0,3950.0,2400.0,
2006-01-09,6425.0,5675.0,4400.0,3100.0,
2006-01-10,6040.0,5275.0,4175.0,3100.0,
2006-01-11,6000.0,5240.0,4115.0,3100.0,
2006-01-12,5900.0,5050.0,4125.0,2680.0,
2006-01-13,6200.0,5450.0,4275.0,3050.0,
2006-01-14,5500.0,4850.0,3925.0,2755.0,
2006-01-16,5450.0,4700.0,3600.0,2075.0,
2006-01-17,5725.0,4975.0,3850.0,2600.0,
2006-01-18,6650.0,5550.0,3900.0,2090.0,
2006-01-19,6550.0,5400.0,4075.0,2775.0,
2006-01-20,6825.0,5625.0,4155.0,2205.0,
2006-01-21,6225.0,4925.0,3775.0,2490.0,
2006-01-23,5975.0,5025.0,3800.0,2350.0,
2006-01-24,5450.0,4550.0,3250.0,1425.0,
2006-01-25,5875.0,4800.0,3400.0,1900.0,
2006-01-26,6950.0,6100.0,4330.0,2280.0,
2006-01-27,6650.0,5950.0,5175.0,3645.0,
2006-02-01,6575.0,5925.0,4550.0,2700.0,
2006-02-02,6850.0,6125.0,4750.0,3305.0,
2006-02-03,6950.0,6125.0,4650.0,2650.0,
2006-02-04,6325.0,5325.0,4150.0,3055.0,
2006-02-06,7750.0,6680.0,4730.0,2515.0,
2006-02-07,8900.0,8125.0,6150.0,3400.0,
2006-02-08,8850.0,7325.0,5625.0,3850.0,
2006-02-09,8050.0,6700.0,4800.0,2900.0,
2006-02-10,8300.0,7150.0,5450.0,3780.0,
2006-02-11,7725.0,6100.0,4375.0,3035.0,
2006-02-13,7000.0,5540.0,3690.0,1950.0,
2006-02-14,6675.0,5475.0,3650.0,2295.0,
2006-02-15,7275.0,6000.0,4200.0,2850.0,
2006-02-16,8300.0,7400.0,5750.0,3850.0,
2006-02-18,7300.0,5850.0,4300.0,2630.0,
2006-02-20,7750.0,6550.0,4550.0,2875.0,
2006-02-21,8150.0,6400.0,4250.0,2800.0,
2006-02-22,8350.0,6650.0,4325.0,2555.0,
2006-02-23,8450.0,6850.0,4350.0,2370.0,
2006-02-24,8450.0,6800.0,4400.0,3000.0,
2006-02-25,8150.0,6425.0,4325.0,2626.0,
2006-02-27,8725.0,7250.0,4700.0,2200.0,
2006-02-28,8500.0,7300.0,4900.0,2800.0,
2006-03-01,8750.0,6750.0,4275.0,2725.0,
2006-03-02,9450.0,7350.0,4400.0,2550.0,
2006-03-03,9425.0,8100.0,5375.0,2765.0,
2006-03-04,9150.0,7900.0,5550.0,3350.0,
2006-03-06,9250.0,7625.0,5200.0,3015.0,
2006-03-07,9850.0,8100.0,5250.0,2845.0,
2006-03-08,10100.0,8450.0,5850.0,3300.0,
2006-03-09,10850.0,8775.0,5775.0,3150.0,
2006-03-10,9900.0,8150.0,5500.0,3030.0,
2006-03-11,9000.0,7850.0,6175.0,3340.0,
2006-03-13,9650.0,7950.0,5100.0,2520.0,
2006-03-14,10100.0,8425.0,5575.0,3000.0,
2006-03-15,10400.0,9075.0,6475.0,4090.0,
2006-03-16,10410.0,8760.0,6200.0,4050.0,
2006-03-17,10750.0,8850.0,6625.0,3795.0,
2006-03-18,9950.0,8600.0,6450.0,4110.0,
2006-03-20,11025.0,9250.0,6650.0,3850.0,
2006-03-21,10225.0,8575.0,6175.0,3850.0,
2006-03-22,10000.0,8250.0,5800.0,3650.0,
2006-03-23,11050.0,8575.0,5825.0,3650.0,
2006-03-24,9950.0,8175.0,5725.0,3300.0,
2006-03-25,10300.0,9000.0,6300.0,3950.0,
2006-03-27,10250.0,9025.0,6500.0,3540.0,
2006-03-28,10250.0,8800.0,6200.0,3775.0,
2006-03-29,9875.0,8225.0,6125.0,3755.0,
2006-03-30,9350.0,8200.0,5900.0,3390.0,
2006-03-31,9925.0,8575.0,6400.0,3850.0,
2006-04-01,9750.0,8675.0,6700.0,4275.0,
2006-04-03,9950.0,8425.0,6025.0,3275.0,
2006-04-04,9925.0,8650.0,6400.0,3630.0,
2006-04-05,10025.0,8775.0,6600.0,3563.0,
2006-04-06,10025.0,8750.0,6250.0,3300.0,
2006-04-07,10100.0,8575.0,6125.0,3550.0,
2006-04-08,9875.0,7925.0,5350.0,3550.0,
2006-04-10,10250.0,8625.0,5825.0,2875.0,
2006-04-11,10475.0,8975.0,6150.0,3750.0,
2006-04-12,9950.0,8350.0,5850.0,3680.0,
2006-04-13,9825.0,8325.0,5850.0,3340.0,
2006-04-14,9575.0,7600.0,5050.0,3125.0,
2006-04-15,9475.0,7150.0,4575.0,2850.0,
2006-04-17,9775.0,7325.0,4425.0,2525.0,
2006-04-18,10225.0,7675.0,5000.0,3440.0,
2006-04-19,10950.0,8200.0,5000.0,3300.0,
2006-04-20,10550.0,8200.0,5000.0,3350.0,
2006-04-21,10575.0,7675.0,4400.0,2880.0,
2006-04-22,9535.0,6675.0,3575.0,2130.0,
2006-04-24,10175.0,7075.0,4050.0,2760.0,
2006-04-25,11075.0,7475.0,4050.0,2980.0,
2006-04-26,10900.0,8000.0,4550.0,2805.0,
2006-04-27,11100.0,7500.0,4000.0,2550.0,
2006-04-28,10325.0,6700.0,3875.0,2810.0,
2006-04-29,9775.0,6775.0,4050.0,3050.0,
2006-05-01,10250.0,6775.0,4225.0,2840.0,
2006-05-02,10700.0,7050.0,4100.0,2950.0,
2006-05-03,10650.0,7450.0,4450.0,3000.0,
2006-05-04,11100.0,7500.0,4250.0,2725.0,
2006-05-05,7725.0,5100.0,4100.0,2925.0,
2006-05-06,6425.0,5450.0,4450.0,3275.0,
2006-05-08,9650.0,6825.0,4925.0,3550.0,
2006-05-09,6950.0,5825.0,4825.0,3395.0,
2006-05-10,6425.0,5875.0,4925.0,3550.0,
2006-05-11,6325.0,5725.0,4550.0,2700.0,
2006-05-12,6200.0,5525.0,4500.0,3150.0,
2006-05-13,6025.0,5100.0,3900.0,2500.0,
2006-05-15,6225.0,5800.0,4600.0,3040.0,
2006-05-16,6925.0,6200.0,4775.0,3145.0,
2006-05-17,7150.0,6075.0,4575.0,3100.0,
2006-05-18,6650.0,5925.0,4600.0,3075.0,
2006-05-19,6275.0,5525.0,4450.0,2880.0,
2006-05-20,6275.0,5525.0,4450.0,2880.0,
2006-05-22,5875.0,4975.0,3975.0,2400.0,
2006-05-23,4750.0,4275.0,3345.0,1995.0,
2006-05-24,4525.0,3825.0,2575.0,1600.0,
2006-05-25,4625.0,3575.0,2500.0,1750.0,
2006-05-26,4025.0,3275.0,2400.0,1550.0,
2006-05-27,4175.0,3550.0,2750.0,2050.0,
2006-05-29,4400.0,3700.0,2825.0,1925.0,
2006-05-30,4000.0,3325.0,2450.0,1820.0,
2006-05-31,3525.0,2750.0,2025.0,1575.0,
2006-06-01,3300.0,2725.0,1950.0,1500.0,
2006-06-02,3000.0,2325.0,1675.0,1200.0,
2006-06-03,3025.0,2300.0,1700.0,1250.0,
2006-06-05,3525.0,3000.0,2350.0,1950.0,
2006-06-06,3575.0,2925.0,2075.0,1400.0,
2006-06-07,3800.0,3175.0,2350.0,1715.0,
2006-06-08,3950.0,3100.0,2300.0,1750.0,
2006-06-09,3450.0,2900.0,2200.0,1700.0,
2006-06-10,3525.0,2925.0,2125.0,1550.0,
2006-06-12,3325.0,2650.0,1950.0,1250.0,
2006-06-13,3100.0,2500.0,1750.0,1275.0,
2006-06-14,3100.0,2525.0,1800.0,1300.0,
2006-06-15,3625.0,3075.0,2325.0,1600.0,
2006-06-16,4475.0,4050.0,3300.0,2100.0,
2006-06-17,3875.0,3000.0,2550.0,1650.0,
2006-06-19,3500.0,2600.0,1675.0,1250.0,
2006-06-20,3125.0,2475.0,1775.0,1250.0,
2006-06-21,3200.0,2500.0,1850.0,1300.0,
2006-06-22,3300.0,2675.0,1950.0,1240.0,
2006-06-23,2950.0,2450.0,1850.0,1250.0,
2006-06-24,2125.0,1750.0,1200.0,925.0,
2006-06-26,2550.0,2150.0,1600.0,1165.0,
2006-06-27,2400.0,1925.0,1350.0,1075.0,
2006-06-28,2275.0,1950.0,1450.0,1100.0,
2006-06-29,1955.0,1730.0,1400.0,950.0,
2006-06-30,2300.0,2005.0,1655.0,1275.0,
2006-07-01,3025.0,2675.0,2325.0,1850.0,
2006-07-03,2700.0,2275.0,1700.0,1250.0,
2006-07-04,2925.0,2350.0,1625.0,975.0,
2006-07-05,2300.0,1950.0,1450.0,900.0,
2006-07-06,2225.0,1625.0,1100.0,720.0,
2006-07-07,1975.0,1675.0,1250.0,850.0,
2006-07-08,1875.0,1650.0,1350.0,975.0,
2006-07-10,2550.0,2275.0,1850.0,1130.0,
2006-07-11,2925.0,2500.0,1850.0,910.0,
2006-07-12,3435.0,2825.0,1825.0,885.0,
2006-07-13,2825.0,2025.0,1025.0,575.0,
2006-07-14,4050.0,3650.0,2800.0,1550.0,
2006-07-15,3975.0,3125.0,1950.0,915.0,
2006-07-17,6400.0,5900.0,5050.0,3680.0,
2006-07-18,3875.0,2850.0,1825.0,1125.0,
2006-07-19,4700.0,3350.0,1950.0,1150.0,
2006-07-20,5050.0,3675.0,2425.0,1550.0,
2006-07-21,4150.0,3150.0,1850.0,950.0,
2006-07-22,4100.0,3350.0,2225.0,1175.0,
2006-07-24,4700.0,3850.0,2750.0,1450.0,
2006-07-25,4625.0,3950.0,2925.0,1805.0,
2006-07-26,4825.0,4125.0,3250.0,2115.0,
2006-07-27,6975.0,6175.0,5225.0,3715.0,
2006-07-28,6605.0,5975.0,4300.0,2400.0,
2006-07-29,6225.0,5250.0,3625.0,2200.0,
2006-07-31,6925.0,5175.0,3150.0,1800.0,
2006-08-01,6825.0,4925.0,3225.0,1605.0,
2006-08-02,8450.0,6200.0,3850.0,2050.0,
2006-08-03,9425.0,7400.0,5250.0,3850.0,
2006-08-04,9760.0,7875.0,5875.0,3900.0,
2006-08-05,9210.0,7650.0,5400.0,3650.0,
2006-08-07,9375.0,7900.0,5750.0,4000.0,
2006-08-08,9575.0,7925.0,5125.0,2775.0,
2006-08-09,8915.0,7400.0,5200.0,2800.0,
2006-08-10,9350.0,7450.0,4900.0,2700.0,
2006-08-11,8900.0,7575.0,5475.0,2950.0,
2006-08-12,9400.0,8175.0,5875.0,3800.0,
2006-08-14,9725.0,7925.0,5500.0,3155.0,
2006-08-15,10250.0,8325.0,5950.0,4025.0,
2006-08-16,9650.0,8150.0,5700.0,3425.0,
2006-08-17,10375.0,8950.0,6600.0,4375.0,
2006-08-18,10375.0,8850.0,7380.0,4630.0,
2006-08-19,10850.0,9325.0,6930.0,4555.0,
2006-08-21,12775.0,11175.0,8800.0,6450.0,
2006-08-22,13850.0,12100.0,9600.0,7125.0,
2006-08-23,14775.0,12850.0,9900.0,5000.0,
2006-08-24,12825.0,10475.0,7425.0,4925.0,
2006-08-25,11325.0,9025.0,5900.0,3605.0,
2006-08-26,10975.0,9500.0,7350.0,4750.0,
2006-08-28,10975.0,8910.0,6510.0,4150.0,
2006-08-29,10725.0,8675.0,6700.0,4710.0,
2006-08-30,11700.0,10050.0,7350.0,3750.0,
2006-08-31,11350.0,9425.0,7175.0,4705.0,
2006-09-01,11900.0,9900.0,7950.0,5540.0,
2006-09-02,10650.0,8750.0,6625.0,4025.0,
2006-09-03,7100.0,4900.0,3300.0,2125.0,
2006-09-04,11275.0,9600.0,7475.0,4700.0,
2006-09-05,11175.0,9675.0,7500.0,5125.0,
2006-09-06,11600.0,10475.0,8450.0,5810.0,
2006-09-07,11100.0,10100.0,8100.0,5480.0,
2006-09-08,10750.0,9050.0,6950.0,4710.0,
2006-09-09,11400.0,9925.0,7875.0,4640.0,
2006-09-11,11600.0,10150.0,8050.0,5300.0,
2006-09-12,11350.0,9800.0,7500.0,4750.0,
2006-09-13,11450.0,9950.0,7925.0,5480.0,
2006-09-14,11350.0,9900.0,8325.0,5435.0,
2006-09-15,11925.0,10225.0,7965.0,5065.0,
2006-09-16,12025.0,10075.0,7750.0,5655.0,
2006-09-18,12450.0,10400.0,8050.0,5400.0,
2006-09-19,11550.0,10050.0,7800.0,5350.0,
2006-09-21,9925.0,8100.0,6190.0,3840.0,
2006-09-22,9600.0,7750.0,5750.0,3700.0,
2006-09-23,9400.0,7875.0,5790.0,3490.0,
2006-09-25,8630.0,7350.0,5575.0,3375.0,
2006-09-26,8350.0,6600.0,5000.0,3460.0,
2006-09-27,7850.0,6125.0,4700.0,3100.0,
2006-09-28,7550.0,6350.0,4825.0,3100.0,
2006-09-29,6950.0,5200.0,3700.0,2600.0,
2006-10-02,6850.0,4750.0,3175.0,2325.0,
2006-10-03,7225.0,5850.0,4475.0,3050.0,
2006-10-04,7700.0,6550.0,4800.0,2900.0,
2006-10-05,8700.0,7575.0,5625.0,3900.0,
2006-10-09,5300.0,3850.0,2400.0,1710.0,
2006-10-10,3125.0,2500.0,1825.0,1225.0,
2006-10-11,3010.0,2310.0,1650.0,1030.0,
2006-10-12,3275.0,2525.0,1850.0,1145.0,
2006-10-13,2700.0,2175.0,1675.0,1065.0,
2006-10-14,2525.0,2175.0,1675.0,1160.0,
2006-10-16,2640.0,1990.0,1550.0,1000.0,
2006-10-17,2830.0,2030.0,1475.0,835.0,
2006-10-18,2500.0,1950.0,1525.0,990.0,
2006-10-19,2500.0,1925.0,1500.0,890.0,
2006-10-20,2750.0,1750.0,1350.0,960.0,
2006-10-21,2050.0,1625.0,1255.0,825.0,
2006-10-23,2250.0,1850.0,1425.0,940.0,
2006-10-24,3150.0,2775.0,2275.0,1740.0,
2006-10-25,2305.0,2000.0,1600.0,1375.0,
2006-10-26,2300.0,1700.0,1350.0,900.0,
2006-10-27,1950.0,1500.0,1200.0,850.0,
2006-10-28,1925.0,1475.0,1095.0,705.0,
2006-10-30,2525.0,2075.0,1650.0,1155.0,
2006-10-31,2400.0,1900.0,1450.0,1085.0,
2006-11-01,2400.0,1800.0,1375.0,1075.0,
2006-11-02,2400.0,1775.0,1425.0,1040.0,
2006-11-03,2075.0,1675.0,1350.0,945.0,
2006-11-04,2350.0,1950.0,1500.0,1000.0,
2006-11-06,2655.0,2105.0,1650.0,1105.0,
2006-11-07,3050.0,2500.0,1925.0,1400.0,
2006-11-08,3425.0,3075.0,2500.0,1910.0,
2006-11-09,3500.0,2750.0,1925.0,1320.0,
2006-11-10,3075.0,2525.0,1925.0,1200.0,
2006-11-11,3375.0,2675.0,1925.0,1325.0,
2006-11-13,3450.0,2650.0,1875.0,1245.0,
2006-11-14,3500.0,2625.0,1875.0,1000.0,
2006-11-15,3550.0,2550.0,1700.0,1000.0,
2006-11-16,3625.0,2375.0,1750.0,1155.0,
2006-11-17,3925.0,3175.0,2550.0,1840.0,
2006-11-18,5300.0,4600.0,3650.0,2000.0,
2006-11-20,5575.0,4175.0,3150.0,2000.0,
2006-11-21,4100.0,3025.0,1975.0,1190.0,
2006-11-22,3825.0,2800.0,1775.0,1030.0,
2006-11-23,3800.0,3000.0,2250.0,1355.0,
2006-11-24,4350.0,3550.0,2825.0,1825.0,
2006-11-25,4250.0,3500.0,2550.0,1500.0,
2006-11-27,4200.0,3375.0,2425.0,1390.0,
2006-11-28,4500.0,3500.0,2445.0,1545.0,
2006-11-29,4525.0,3550.0,2350.0,1200.0,
2006-11-30,4425.0,3675.0,2700.0,1540.0,
2006-12-01,4350.0,3550.0,2480.0,1280.0,
2006-12-02,4225.0,3300.0,2400.0,1500.0,
2006-12-04,4285.0,3210.0,2300.0,1340.0,
2006-12-05,3425.0,2825.0,2025.0,1285.0,
2006-12-06,3500.0,2975.0,2200.0,1200.0,
2006-12-07,3600.0,3150.0,2425.0,1595.0,
2006-12-08,4700.0,4100.0,3425.0,2175.0,
2006-12-09,4525.0,3725.0,2750.0,1700.0,
2006-12-11,4300.0,3925.0,3150.0,1860.0,
2006-12-12,3725.0,3200.0,2475.0,1550.0,
2006-12-13,3475.0,2975.0,2170.0,1260.0,
2006-12-14,3150.0,2600.0,1825.0,1110.0,
2006-12-15,3625.0,3000.0,2000.0,1080.0,
2006-12-16,3250.0,2550.0,1700.0,1075.0,
2006-12-18,4185.0,3575.0,2825.0,1890.0,
2006-12-19,3300.0,2600.0,1975.0,1505.0,
2006-12-20,3180.0,2735.0,2055.0,1350.0,
2006-12-21,3425.0,2850.0,2200.0,1615.0,
2006-12-22,2975.0,2600.0,2050.0,1475.0,
2006-12-23,3025.0,2650.0,2080.0,1155.0,
2006-12-25,3350.0,2855.0,1830.0,830.0,
2006-12-26,3925.0,3485.0,2685.0,1745.0,
2006-12-27,4425.0,3625.0,2525.0,1605.0,
2006-12-28,3785.0,3375.0,2750.0,2015.0,
2006-12-29,3375.0,2925.0,2250.0,1510.0,
2006-12-30,3500.0,3300.0,2700.0,1990.0,
2007-01-02,3500.0,3300.0,2700.0,1990.0,
2007-01-03,3350.0,2900.0,2250.0,1400.0,
2007-01-04,3300.0,2900.0,2250.0,1450.0,
2007-01-05,3065.0,2750.0,2225.0,1555.0,
2007-01-06,2850.0,2500.0,1950.0,1240.0,
2007-01-08,2950.0,2600.0,1900.0,1140.0,
2007-01-09,2300.0,2150.0,1750.0,1200.0,
2007-01-10,2400.0,2200.0,1750.0,1170.0,
2007-01-11,2700.0,2450.0,2050.0,1450.0,
2007-01-12,2675.0,2435.0,1910.0,1310.0,
2007-01-13,2475.0,2275.0,1950.0,1410.0,
2007-01-15,2775.0,2475.0,2050.0,1410.0,
2007-01-16,2475.0,2200.0,1800.0,1265.0,
2007-01-17,2475.0,2050.0,1600.0,1090.0,
2007-01-18,2500.0,2250.0,1950.0,1440.0,
2007-01-19,2400.0,2300.0,1900.0,1280.0,
2007-01-20,2550.0,2250.0,1700.0,1195.0,
2007-01-22,2350.0,2100.0,1775.0,1155.0,
2007-01-23,2300.0,2100.0,1675.0,1220.0,
2007-01-24,2375.0,2075.0,1600.0,1015.0,
2007-01-25,2350.0,2125.0,1725.0,1085.0,
2007-01-26,2505.0,2275.0,1875.0,1420.0,
2007-01-27,2575.0,2375.0,2000.0,1550.0,
2007-01-29,2575.0,2300.0,1900.0,1275.0,
2007-01-30,2450.0,2200.0,1700.0,1090.0,
2007-01-31,2450.0,2150.0,1750.0,1250.0,
2007-02-01,2075.0,1925.0,1550.0,980.0,
2007-02-02,2050.0,1750.0,1300.0,880.0,
2007-02-03,2400.0,2050.0,1550.0,1030.0,
2007-02-05,2340.0,2115.0,1700.0,1140.0,
2007-02-06,2585.0,2210.0,1725.0,1285.0,
2007-02-07,2490.0,2225.0,1700.0,1060.0,
2007-02-08,2475.0,2175.0,1725.0,1250.0,
2007-02-09,2675.0,2425.0,1950.0,1200.0,
2007-02-10,2430.0,2180.0,1850.0,1320.0,
2007-02-12,2300.0,1850.0,1400.0,950.0,
2007-02-13,2375.0,2010.0,1460.0,900.0,
2007-02-14,2425.0,2075.0,1600.0,1100.0,
2007-02-15,2275.0,2000.0,1550.0,1040.0,
2007-02-16,2650.0,2375.0,1900.0,1480.0,
2007-02-17,2650.0,2375.0,1900.0,1480.0,
2007-02-21,3150.0,2750.0,2130.0,1430.0,
2007-02-22,3025.0,2775.0,2275.0,1700.0,
2007-02-23,2825.0,2375.0,1850.0,1180.0,
2007-02-24,2355.0,1975.0,1550.0,1060.0,
2007-02-26,2175.0,1900.0,1475.0,980.0,
2007-02-27,2350.0,1875.0,1425.0,1050.0,
2007-02-28,2275.0,2000.0,1600.0,1090.0,
2007-03-01,2350.0,1900.0,1475.0,1125.0,
2007-03-02,2075.0,1875.0,1550.0,1090.0,
2007-03-03,2350.0,2125.0,1675.0,1160.0,
2007-03-05,2525.0,2150.0,1635.0,1125.0,
2007-03-06,2450.0,2125.0,1700.0,1150.0,
2007-03-07,3000.0,2675.0,2125.0,1310.0,
2007-03-08,2550.0,2150.0,1700.0,1110.0,
2007-03-09,2325.0,1975.0,1525.0,1140.0,
2007-03-10,2150.0,1800.0,1375.0,925.0,
2007-03-12,2625.0,2175.0,1600.0,950.0,
2007-03-13,2500.0,2075.0,1625.0,1145.0,
2007-03-14,2675.0,2200.0,1575.0,885.0,
2007-03-15,2675.0,2175.0,1700.0,1165.0,
2007-03-16,3100.0,2650.0,2075.0,1540.0,
2007-03-17,2875.0,2475.0,2150.0,1600.0,
2007-03-19,3150.0,2660.0,1960.0,1390.0,
2007-03-20,3000.0,2525.0,1965.0,1245.0,
2007-03-21,3350.0,2900.0,2105.0,1485.0,
2007-03-22,3575.0,3125.0,2475.0,1725.0,
2007-03-23,3525.0,3075.0,2280.0,1530.0,
2007-03-24,3950.0,3275.0,2325.0,1570.0,
2007-03-26,4450.0,4000.0,3050.0,1910.0,
2007-03-27,4325.0,3725.0,2700.0,1750.0,
2007-03-28,4165.0,3555.0,2505.0,1495.0,
2007-03-29,3875.0,3300.0,2225.0,1180.0,
2007-03-30,3650.0,3000.0,2000.0,1150.0,
2007-03-31,3300.0,2875.0,1975.0,1260.0,
2007-04-02,4178.0,3464.0,2498.0,1655.0,
2007-04-03,4065.0,3333.0,2370.0,1424.0,
2007-04-04,3966.0,3181.0,2359.0,1499.0,
2007-04-05,4068.0,3141.0,2366.0,1700.0,
2007-04-06,3885.0,3055.0,2173.0,1363.0,
2007-04-07,3453.0,2731.0,2009.0,1276.0,
2007-04-09,3776.0,2984.0,2421.0,1708.0,
2007-04-10,3560.0,2985.0,2330.0,1574.0,
2007-04-11,3789.0,3071.0,2391.0,1476.0,
2007-04-12,4073.0,3216.0,2577.0,1824.0,
2007-04-13,3759.0,3056.0,2359.0,1576.0,
2007-04-14,3792.0,2932.0,2400.0,1613.0,
2007-04-16,3907.0,3293.0,2704.0,1942.0,
2007-04-17,4387.0,3603.0,3083.0,2545.0,
2007-04-18,4098.0,3366.0,2721.0,2061.0,
2007-04-19,4040.0,3141.0,2423.0,1489.0,
2007-04-20,3919.0,2945.0,2302.0,1634.0,
2007-04-21,3405.0,2907.0,2030.0,1218.0,
2007-04-23,3887.0,2983.0,2284.0,1500.0,
2007-04-24,4146.0,3272.0,2261.0,1446.0,
2007-04-25,4884.0,4013.0,3052.0,2037.0,
2007-04-26,5425.0,3912.0,2707.0,1889.0,
2007-04-27,5553.0,4196.0,2653.0,2059.0,
2007-04-28,4358.0,3119.0,2000.0,1286.0,
2007-04-30,4822.0,2880.0,1963.0,1400.0,
2007-05-01,4463.0,3000.0,2028.0,1593.0,
2007-05-02,3863.0,2843.0,1922.0,1505.0,
2007-05-03,3473.0,2689.0,1891.0,1424.0,
2007-05-04,3730.0,2756.0,1762.0,1241.0,
2007-05-05,4720.0,2966.0,1787.0,1368.0,
2007-05-07,4640.0,3264.0,2216.0,1609.0,
2007-05-08,4881.0,3191.0,1966.0,1504.0,
2007-05-09,4104.0,2719.0,1827.0,1419.0,
2007-05-10,3998.0,2749.0,1782.0,1297.0,
2007-05-11,3763.0,2806.0,1943.0,1333.0,
2007-05-12,3762.0,2453.0,1724.0,1346.0,
2007-05-14,4293.0,2928.0,2313.0,1659.0,
2007-05-15,4376.0,2863.0,2069.0,1304.0,
2007-05-16,4919.0,3231.0,2347.0,1471.0,
2007-05-17,4751.0,2779.0,2003.0,1319.0,
2007-05-18,4045.0,2883.0,2023.0,1494.0,
2007-05-19,4648.0,2987.0,2019.0,1202.0,
2007-05-21,4220.0,2622.0,1929.0,1396.0,
2007-05-22,4977.0,2491.0,1706.0,1492.0,
2007-05-23,4831.0,2365.0,1596.0,1194.0,
2007-05-24,4606.0,2524.0,1737.0,1384.0,
2007-05-25,2592.0,2021.0,1497.0,1292.0,
2007-05-26,2769.0,2363.0,1790.0,1308.0,
2007-05-28,2913.0,2151.0,1617.0,1328.0,
2007-05-29,3031.0,1866.0,1383.0,1016.0,
2007-05-30,2476.0,1950.0,1487.0,1166.0,
2007-05-31,3696.0,2010.0,1405.0,1003.0,
2007-06-01,2664.0,1961.0,1500.0,1225.0,
2007-06-02,2316.0,2028.0,1584.0,1245.0,
2007-06-04,3725.0,2533.0,1990.0,1566.0,
2007-06-05,3568.0,2801.0,2174.0,1570.0,
2007-06-06,3431.0,2860.0,2372.0,1973.0,
2007-06-07,3804.0,3122.0,2181.0,1486.0,
2007-06-08,3873.0,3100.0,2100.0,1411.0,
2007-06-09,4016.0,3436.0,2201.0,1524.0,
2007-06-11,3237.0,2622.0,1868.0,1416.0,
2007-06-12,3790.0,3196.0,2378.0,1606.0,
2007-06-13,3529.0,2863.0,2156.0,1295.0,
2007-06-14,3669.0,3077.0,2152.0,1399.0,
2007-06-15,4430.0,3745.0,2524.0,1832.0,
2007-06-16,4338.0,3496.0,2582.0,1451.0,
2007-06-18,4105.0,3502.0,2748.0,1880.0,
2007-06-19,4358.0,3785.0,2905.0,1800.0,
2007-06-20,5075.0,4430.0,3523.0,2141.0,
2007-06-21,6070.0,5254.0,4263.0,3166.0,
2007-06-22,7564.0,6363.0,5271.0,3889.0,
2007-06-23,9300.0,7306.0,5900.0,3668.0,
2007-06-25,7457.0,5421.0,4056.0,2569.0,
2007-06-26,5643.0,4065.0,2525.0,1696.0,
2007-06-27,5200.0,3708.0,2722.0,1863.0,
2007-06-28,6544.0,4493.0,3484.0,2395.0,
2007-06-29,6640.0,4966.0,3647.0,2473.0,
2007-06-30,5476.0,4747.0,3245.0,1891.0,
2007-07-02,6094.0,5009.0,4068.0,2899.0,
2007-07-03,5486.0,4024.0,2622.0,1759.0,
2007-07-04,5843.0,4896.0,3593.0,2641.0,
2007-07-05,6123.0,4843.0,3633.0,2503.0,
2007-07-06,5790.0,4439.0,3165.0,2374.0,
2007-07-07,5890.0,4872.0,3993.0,2837.0,
2007-07-09,5606.0,4774.0,3543.0,2517.0,
2007-07-10,5923.0,5191.0,4045.0,2934.0,
2007-07-11,6497.0,5373.0,4432.0,3450.0,
2007-07-12,6820.0,5232.0,4097.0,3048.0,
2007-07-13,6358.0,5320.0,4306.0,3163.0,
2007-07-14,6467.0,5556.0,4654.0,3793.0,
2007-07-16,6700.0,6017.0,5057.0,3289.0,
2007-07-17,6850.0,6585.0,5228.0,3786.0,
2007-07-18,7083.0,5823.0,4147.0,3066.0,
2007-07-19,6462.0,5740.0,4127.0,3000.0,
2007-07-20,6544.0,5689.0,3763.0,2723.0,
2007-07-21,7530.0,6805.0,5082.0,3270.0,
2007-07-23,7489.0,6125.0,4943.0,3766.0,
2007-07-24,7091.0,5245.0,4004.0,3095.0,
2007-07-25,7426.0,6165.0,4704.0,3085.0,
2007-07-26,7017.0,5609.0,4217.0,3190.0,
2007-07-27,6588.0,5506.0,4116.0,2886.0,
2007-07-28,6616.0,5327.0,3667.0,2653.0,
2007-07-30,6855.0,6058.0,4923.0,3647.0,
2007-07-31,6463.0,5253.0,3865.0,2757.0,
2007-08-01,6397.0,5074.0,3611.0,2723.0,
2007-08-02,6411.0,5015.0,3791.0,2707.0,
2007-08-03,6316.0,5180.0,3719.0,2482.0,
2007-08-04,6571.0,5831.0,4426.0,3210.0,
2007-08-06,6675.0,5452.0,4597.0,3548.0,
2007-08-07,6435.0,4875.0,3601.0,2714.0,
2007-08-08,5909.0,4320.0,3333.0,2600.0,
2007-08-09,6307.0,5045.0,3490.0,2245.0,
2007-08-10,6049.0,4523.0,3353.0,2668.0,
2007-08-11,5953.0,4511.0,3163.0,2437.0,
2007-08-13,6109.0,4658.0,3137.0,2215.0,
2007-08-14,6053.0,4933.0,3008.0,2069.0,
2007-08-15,6056.0,4773.0,3180.0,2157.0,
2007-08-16,5754.0,4142.0,2586.0,1723.0,
2007-08-17,6264.0,5484.0,3997.0,2487.0,
2007-08-18,6614.0,5870.0,4888.0,3854.0,
2007-08-20,6786.0,5277.0,3808.0,2784.0,
2007-08-21,7076.0,5900.0,3979.0,2796.0,
2007-08-22,7543.0,6239.0,4296.0,2865.0,
2007-08-23,8400.0,7000.0,5411.0,3830.0,
2007-08-24,7717.0,5928.0,3806.0,2707.0,
2007-08-25,7308.0,5728.0,3523.0,2221.0,
2007-08-27,7459.0,6298.0,4663.0,3236.0,
2007-08-28,8506.0,6349.0,4546.0,2886.0,
2007-08-29,7731.0,6303.0,4664.0,2926.0,
2007-08-30,8778.0,6284.0,4027.0,2609.0,
2007-08-31,8990.0,6205.0,4178.0,2804.0,
2007-09-01,11639.0,8686.0,6410.0,4634.0,
2007-09-02,11301.0,8509.0,5886.0,4041.0,
2007-09-03,9116.0,7627.0,5758.0,3801.0,
2007-09-04,8078.0,6672.0,4871.0,3419.0,
2007-09-05,8607.0,6792.0,4789.0,3105.0,
2007-09-06,9895.0,7809.0,5998.0,4319.0,
2007-09-07,9565.0,7915.0,6383.0,4654.0,
2007-09-08,10143.0,7892.0,5640.0,3562.0,
2007-09-11,12091.0,9527.0,6909.0,5172.0,
2007-09-12,11861.0,9025.0,6566.0,4937.0,
2007-09-13,11804.0,8833.0,6227.0,4420.0,
2007-09-14,11767.0,8454.0,5609.0,3711.0,
2007-09-15,12531.0,10042.0,6696.0,4579.0,
2007-09-17,13796.0,11011.0,7711.0,5557.0,
2007-09-18,12499.0,9993.0,6513.0,4528.0,
2007-09-19,12818.0,9247.0,6538.0,4761.0,
2007-09-21,10741.0,7904.0,4858.0,3413.0,
2007-09-22,12373.0,10126.0,6963.0,4517.0,
2007-09-23,12373.0,10126.0,6963.0,4517.0,
2007-09-24,16391.0,14320.0,10386.0,8080.0,
2007-09-28,13216.0,8551.0,5693.0,3757.0,
2007-09-29,9755.0,7619.0,5309.0,3965.0,
2007-10-01,10828.0,6872.0,4615.0,3640.0,
2007-10-02,10295.0,6578.0,4280.0,3392.0,
2007-10-04,8136.0,5347.0,3662.0,2485.0,
2007-10-05,9294.0,6570.0,4895.0,3534.0,
2007-10-06,11967.0,7845.0,5984.0,4219.0,
2007-10-08,10443.0,7899.0,5855.0,4322.0,
2007-10-09,11921.0,8955.0,6965.0,5099.0,
2007-10-10,10118.0,8102.0,5795.0,4408.0,
2007-10-11,9388.0,7775.0,6125.0,4464.0,
2007-10-12,9377.0,7616.0,5662.0,4165.0,
2007-10-13,9201.0,7633.0,5856.0,4228.0,
2007-10-15,10278.0,8505.0,6837.0,5078.0,
2007-10-16,9914.0,7962.0,6049.0,4099.0,
2007-10-17,10184.0,8300.0,6512.0,4491.0,
2007-10-18,10179.0,8828.0,7244.0,4923.0,
2007-10-19,9973.0,8678.0,7263.0,5264.0,
2007-10-20,10360.0,9117.0,7709.0,5567.0,
2007-10-22,11657.0,9414.0,7650.0,5874.0,
2007-10-23,11864.0,9788.0,8063.0,5465.0,
2007-10-24,11966.0,9837.0,7950.0,5696.0,
2007-10-25,11823.0,9869.0,8180.0,6251.0,
2007-10-27,11698.0,9176.0,7026.0,5239.0,
2007-10-29,10457.0,8497.0,6488.0,4883.0,
2007-10-30,10757.0,7761.0,5658.0,3760.0,
2007-10-31,9967.0,7603.0,5823.0,3937.0,
2007-11-01,8100.0,6748.0,5270.0,4074.0,
2007-11-02,9970.0,8132.0,5944.0,4036.0,
2007-11-03,9851.0,8566.0,7309.0,4930.0,
2007-11-05,10180.0,8645.0,7322.0,5343.0,
2007-11-06,10277.0,9037.0,7493.0,5627.0,
2007-11-07,8649.0,7503.0,5932.0,4291.0,
2007-11-09,7586.0,6593.0,5104.0,3751.0,
2007-11-10,7661.0,6522.0,4859.0,3606.0,
2007-11-12,8406.0,6664.0,5332.0,3702.0,
2007-11-13,8250.0,6826.0,5562.0,4095.0,
2007-11-14,9106.0,7374.0,5809.0,4229.0,
2007-11-15,8372.0,7274.0,5764.0,3948.0,
2007-11-16,9021.0,7909.0,6382.0,4716.0,
2007-11-17,10357.0,8478.0,6786.0,4837.0,
2007-11-19,10396.0,8264.0,6332.0,4304.0,
2007-11-20,10638.0,8639.0,6581.0,4515.0,
2007-11-22,9517.0,8289.0,6921.0,5420.0,
2007-11-23,11130.0,9446.0,8061.0,5836.0,
2007-11-24,11200.0,9220.0,7592.0,5747.0,
2007-11-26,10032.0,7975.0,6229.0,4226.0,
2007-11-27,9359.0,6631.0,4597.0,3320.0,
2007-11-28,8452.0,6210.0,4607.0,3032.0,
2007-11-29,8985.0,6684.0,4929.0,3542.0,
2007-11-30,9235.0,6868.0,4687.0,3278.0,
2007-12-01,9499.0,6645.0,4347.0,2904.0,
2007-12-03,9685.0,7089.0,4811.0,3102.0,
2007-12-04,8231.0,6120.0,4055.0,2637.0,
2007-12-05,7801.0,5863.0,3719.0,2333.0,
2007-12-06,6958.0,5367.0,3375.0,2309.0,
2007-12-07,7809.0,6495.0,4677.0,3281.0,
2007-12-08,8050.0,6436.0,4334.0,2994.0,
2007-12-10,7131.0,6041.0,4338.0,3244.0,
2007-12-11,6730.0,5028.0,3610.0,2506.0,
2007-12-12,6548.0,4830.0,3528.0,2349.0,
2007-12-14,6611.0,4975.0,3537.0,2588.0,
2007-12-15,6670.0,4995.0,3289.0,2348.0,
2007-12-17,7519.0,6243.0,4334.0,2819.0,
2007-12-18,6000.0,4789.0,3515.0,2317.0,
2007-12-19,5591.0,4466.0,3181.0,2200.0,
2007-12-20,6300.0,5169.0,3307.0,2223.0,
2007-12-21,6154.0,5001.0,3466.0,2394.0,
2007-12-22,5977.0,4718.0,3416.0,2373.0,
2007-12-24,6131.0,4976.0,3986.0,2876.0,
2007-12-25,6425.0,5424.0,4207.0,2827.0,
2007-12-26,5726.0,4760.0,3493.0,2583.0,
2007-12-27,6378.0,5154.0,3765.0,2622.0,
2007-12-28,6396.0,5584.0,3845.0,2768.0,
2007-12-29,6447.0,5640.0,4795.0,3507.0,
2007-12-31,6372.0,5455.0,4412.0,3035.0,
2008-01-02,6372.0,5455.0,4412.0,3035.0,
2008-01-03,5992.0,5082.0,3725.0,2567.0,
2008-01-04,5726.0,4913.0,3976.0,2920.0,
2008-01-05,5526.0,4638.0,3412.0,2212.0,
2008-01-07,5141.0,4337.0,3272.0,2396.0,
2008-01-08,4659.0,4132.0,3384.0,2465.0,
2008-01-09,4715.0,3905.0,3062.0,2507.0,
2008-01-10,5259.0,4277.0,3481.0,2507.0,
2008-01-11,4664.0,4099.0,3347.0,2413.0,
2008-01-12,4634.0,3726.0,3102.0,2146.0,
2008-01-14,4981.0,4198.0,3296.0,2284.0,
2008-01-15,5225.0,4397.0,3470.0,2608.0,
2008-01-16,5108.0,4160.0,3217.0,2180.0,
2008-01-17,4732.0,3632.0,2733.0,2080.0,
2008-01-18,5200.0,4594.0,3734.0,2926.0,
2008-01-19,5700.0,5182.0,4699.0,3998.0,
2008-01-21,5604.0,4698.0,3740.0,2567.0,
2008-01-22,5433.0,4549.0,3651.0,2525.0,
2008-01-23,5200.0,4229.0,3512.0,2448.0,
2008-01-24,5055.0,3806.0,3102.0,2505.0,
2008-01-25,4132.0,3421.0,2708.0,2128.0,
2008-01-26,3590.0,3213.0,2520.0,1977.0,
2008-01-28,4548.0,3824.0,2894.0,2187.0,
2008-01-29,4625.0,4033.0,3094.0,2379.0,
2008-01-30,4728.0,4002.0,3009.0,2182.0,
2008-01-31,4763.0,4154.0,3143.0,2361.0,
2008-02-01,4768.0,3942.0,2975.0,2287.0,
2008-02-02,4658.0,3590.0,2641.0,2005.0,
2008-02-04,4653.0,3755.0,2842.0,2211.0,
2008-02-05,5073.0,4136.0,3354.0,2532.0,
2008-02-11,5152.0,4487.0,3459.0,2532.0,
2008-02-12,5268.0,4575.0,3430.0,2629.0,
2008-02-13,5169.0,4015.0,2722.0,2165.0,
2008-02-14,4800.0,4182.0,3378.0,2512.0,
2008-02-15,5450.0,4859.0,3636.0,2241.0,
2008-02-16,4971.0,3823.0,2704.0,2130.0,
2008-02-18,5065.0,3843.0,2564.0,1927.0,
2008-02-19,4898.0,3931.0,2608.0,2026.0,
2008-02-20,4819.0,3925.0,2866.0,1839.0,
2008-02-21,5235.0,3811.0,2715.0,2120.0,
2008-02-22,4710.0,3757.0,2765.0,2052.0,
2008-02-23,4289.0,3668.0,2499.0,1876.0,
2008-02-25,4699.0,3553.0,2560.0,1890.0,
2008-02-26,5032.0,3876.0,2599.0,2015.0,
2008-02-27,5183.0,4023.0,2717.0,1839.0,
2008-02-28,4802.0,3740.0,2628.0,2054.0,
2008-02-29,4409.0,3679.0,2667.0,1901.0,
2008-03-01,4565.0,3563.0,2560.0,1998.0,
2008-03-03,4749.0,3626.0,2687.0,2016.0,
2008-03-04,4832.0,3737.0,2618.0,1863.0,
2008-03-05,4821.0,3843.0,2489.0,1665.0,
2008-03-06,4830.0,3522.0,2646.0,1845.0,
2008-03-07,4982.0,3759.0,2730.0,2084.0,
2008-03-08,4234.0,3665.0,2579.0,2019.0,
2008-03-10,5265.0,3803.0,2874.0,2003.0,
2008-03-12,5320.0,3829.0,2501.0,1884.0,
2008-03-13,5076.0,3822.0,2603.0,2006.0,
2008-03-14,5263.0,4143.0,2832.0,2099.0,
2008-03-15,4883.0,3766.0,2838.0,1903.0,
2008-03-17,5148.0,3899.0,2648.0,1933.0,
2008-03-18,5379.0,4157.0,2956.0,1940.0,
2008-03-19,6008.0,4531.0,3322.0,2238.0,
2008-03-20,6465.0,4807.0,3285.0,2208.0,
2008-03-21,6515.0,5171.0,3438.0,2437.0,
2008-03-22,5945.0,4572.0,3243.0,2217.0,
2008-03-24,6510.0,5574.0,3867.0,2564.0,
2008-03-25,6650.0,6087.0,4904.0,3040.0,
2008-03-26,6486.0,5734.0,4540.0,3048.0,
2008-03-27,6895.0,5872.0,4828.0,3353.0,
2008-03-28,6979.0,6271.0,5459.0,3922.0,
2008-03-29,7331.0,6761.0,6099.0,5014.0,
2008-03-31,7139.0,6158.0,5201.0,4032.0,
2008-04-01,6885.0,5755.0,4520.0,3318.0,
2008-04-02,6600.0,5527.0,4413.0,3424.0,
2008-04-03,7298.0,6062.0,4485.0,3458.0,
2008-04-04,6902.0,5734.0,4209.0,3152.0,
2008-04-05,6451.0,5673.0,4404.0,3190.0,
2008-04-07,6615.0,5932.0,4810.0,3088.0,
2008-04-08,7015.0,5858.0,4250.0,2933.0,
2008-04-09,6816.0,5902.0,4633.0,3422.0,
2008-04-10,6450.0,5518.0,4259.0,3110.0,
2008-04-11,6416.0,5305.0,3961.0,2908.0,
2008-04-12,6123.0,5033.0,3757.0,2967.0,
2008-04-14,7829.0,6786.0,5053.0,3157.0,
2008-04-15,7708.0,7080.0,5082.0,2510.0,
2008-04-16,7739.0,6711.0,5373.0,3444.0,
2008-04-17,6532.0,5533.0,4225.0,2978.0,
2008-04-18,5829.0,4700.0,3222.0,2448.0,
2008-04-19,5336.0,4398.0,3083.0,2014.0,
2008-04-21,5474.0,4333.0,3293.0,2434.0,
2008-04-22,5720.0,4855.0,3244.0,2478.0,
2008-04-23,5362.0,4203.0,2998.0,2386.0,
2008-04-24,5538.0,4262.0,2863.0,2055.0,
2008-04-25,5868.0,4574.0,2978.0,2012.0,
2008-04-26,5175.0,4163.0,2895.0,1884.0,
2008-04-28,6091.0,4470.0,2437.0,1688.0,
2008-04-29,6441.0,4691.0,2335.0,1695.0,
2008-04-30,6719.0,5036.0,2734.0,1942.0,
2008-05-01,5891.0,4183.0,2363.0,1780.0,
2008-05-02,6278.0,4223.0,2765.0,2252.0,
2008-05-05,5562.0,3303.0,2514.0,1703.0,
2008-05-06,6128.0,3374.0,2182.0,1581.0,
2008-05-07,5550.0,3295.0,2224.0,1640.0,
2008-05-08,5789.0,3336.0,2282.0,1778.0,
2008-05-09,5028.0,3099.0,2137.0,1592.0,
2008-05-10,5511.0,3614.0,2675.0,1817.0,
2008-05-12,5923.0,3872.0,2679.0,1931.0,
2008-05-13,5990.0,3713.0,2670.0,1682.0,
2008-05-14,6100.0,4125.0,2935.0,2164.0,
2008-05-15,5707.0,3676.0,2814.0,2164.0,
2008-05-16,5676.0,3701.0,2566.0,1736.0,
2008-05-17,5211.0,3461.0,2527.0,1855.0,
2008-05-19,5340.0,3563.0,2951.0,1916.0,
2008-05-20,4948.0,3690.0,2926.0,2086.0,
2008-05-21,5333.0,3397.0,2478.0,1810.0,
2008-05-22,5490.0,3681.0,2940.0,2207.0,
2008-05-23,4185.0,3042.0,2461.0,1801.0,
2008-05-24,4353.0,2791.0,2062.0,1607.0,
2008-05-26,4587.0,2978.0,2272.0,1683.0,
2008-05-27,4737.0,2810.0,2307.0,1726.0,
2008-05-28,5716.0,2726.0,2163.0,1645.0,
2008-05-29,4828.0,3069.0,2325.0,1731.0,
2008-05-30,3454.0,2693.0,2185.0,1754.0,
2008-05-31,3540.0,2718.0,2269.0,1676.0,
2008-06-02,4793.0,2832.0,2097.0,1506.0,
2008-06-03,4531.0,2945.0,2079.0,1481.0,
2008-06-04,4600.0,2982.0,2185.0,1426.0,
2008-06-05,4325.0,3103.0,2357.0,1558.0,
2008-06-06,4320.0,2962.0,2115.0,1546.0,
2008-06-07,3968.0,2939.0,2072.0,1568.0,
2008-06-09,4414.0,3469.0,2577.0,1730.0,
2008-06-10,4530.0,3587.0,2654.0,1761.0,
2008-06-11,4540.0,3593.0,2712.0,1691.0,
2008-06-12,4240.0,3313.0,2377.0,1458.0,
2008-06-13,4261.0,3178.0,2243.0,1462.0,
2008-06-14,3984.0,3007.0,2449.0,1735.0,
2008-06-16,3851.0,2859.0,2089.0,1466.0,
2008-06-17,4129.0,2935.0,2036.0,1482.0,
2008-06-18,4809.0,3798.0,2971.0,2161.0,
2008-06-19,6217.0,4847.0,3749.0,2674.0,
2008-06-20,4912.0,3727.0,2652.0,1792.0,
2008-06-21,4028.0,2889.0,2029.0,1389.0,
2008-06-23,3376.0,2519.0,1918.0,1353.0,
2008-06-24,3101.0,2371.0,1698.0,1262.0,
2008-06-25,2731.0,2136.0,1604.0,1199.0,
2008-06-26,2738.0,2267.0,1634.0,1325.0,
2008-06-27,3288.0,2741.0,1968.0,1457.0,
2008-06-28,3803.0,3471.0,2824.0,2219.0,
2008-06-30,3448.0,2782.0,2081.0,1402.0,
2008-07-01,3066.0,2502.0,1819.0,1403.0,
2008-07-02,3434.0,2859.0,2347.0,1595.0,
2008-07-03,3080.0,2463.0,1780.0,1395.0,
2008-07-04,2780.0,1911.0,1500.0,1152.0,
2008-07-05,2698.0,2122.0,1552.0,1198.0,
2008-07-07,3004.0,2359.0,1716.0,1337.0,
2008-07-08,3246.0,2392.0,1724.0,1248.0,
2008-07-09,2908.0,2323.0,1739.0,1156.0,
2008-07-10,2680.0,2063.0,1575.0,1194.0,
2008-07-11,3258.0,2855.0,2300.0,1567.0,
2008-07-12,3139.0,2582.0,1935.0,1510.0,
2008-07-14,4013.0,3504.0,2940.0,1935.0,
2008-07-15,3473.0,2568.0,1777.0,1346.0,
2008-07-16,3667.0,2708.0,1804.0,1095.0,
2008-07-17,4114.0,2656.0,1644.0,976.0,
2008-07-18,4000.0,3061.0,2455.0,1428.0,
2008-07-19,3347.0,2751.0,1886.0,1306.0,
2008-07-21,2964.0,2379.0,1789.0,1295.0,
2008-07-22,3350.0,2478.0,1804.0,1328.0,
2008-07-23,3553.0,2598.0,1896.0,1419.0,
2008-07-24,4109.0,3452.0,2535.0,1753.0,
2008-07-25,4396.0,3421.0,2472.0,1820.0,
2008-07-26,4492.0,3605.0,2684.0,1883.0,
2008-07-28,4566.0,3637.0,2646.0,1711.0,
2008-07-29,4579.0,3712.0,2400.0,1660.0,
2008-07-30,5231.0,3820.0,2495.0,1575.0,
2008-07-31,5156.0,3653.0,2496.0,1445.0,
2008-08-01,5075.0,3679.0,2282.0,1483.0,
2008-08-02,5713.0,4432.0,2828.0,1768.0,
2008-08-04,7499.0,5923.0,4025.0,2929.0,
2008-08-05,7750.0,6257.0,4353.0,2949.0,
2008-08-06,7062.0,5909.0,3811.0,2579.0,
2008-08-07,6633.0,5290.0,3699.0,2126.0,
2008-08-08,7070.0,5198.0,3763.0,2556.0,
2008-08-09,7355.0,6286.0,4889.0,2985.0,
2008-08-11,6913.0,4544.0,2920.0,2026.0,
2008-08-12,7581.0,5528.0,3260.0,2006.0,
2008-08-13,6700.0,5628.0,2879.0,1544.0,
2008-08-14,7300.0,5515.0,3573.0,1829.0,
2008-08-15,7220.0,5332.0,2740.0,1626.0,
2008-08-16,8192.0,5740.0,3393.0,2120.0,
2008-08-18,7492.0,5156.0,2862.0,1861.0,
2008-08-19,6987.0,4668.0,2569.0,1513.0,
2008-08-20,7307.0,4949.0,2907.0,2108.0,
2008-08-21,7077.0,4952.0,3142.0,2119.0,
2008-08-22,6991.0,5179.0,3527.0,2313.0,
2008-08-23,6838.0,5207.0,3317.0,2028.0,
2008-08-25,6431.0,4629.0,2900.0,2054.0,
2008-08-26,6627.0,4950.0,3311.0,2091.0,
2008-08-27,7410.0,5541.0,3942.0,2748.0,
2008-08-28,6636.0,5333.0,3939.0,2951.0,
2008-08-30,6913.0,5101.0,3508.0,2370.0,
2008-09-01,6345.0,4351.0,2582.0,1750.0,
2008-09-02,4160.0,2456.0,1628.0,1325.0,
2008-09-03,3440.0,2489.0,1671.0,1178.0,
2008-09-04,7225.0,4844.0,3151.0,2179.0,
2008-09-05,7225.0,5071.0,3578.0,2463.0,
2008-09-06,7349.0,4865.0,3197.0,2086.0,
2008-09-08,6845.0,5003.0,3348.0,2197.0,
2008-09-09,7111.0,5449.0,3684.0,2422.0,
2008-09-11,5558.0,3660.0,2209.0,1519.0,
2008-09-12,5790.0,4099.0,2660.0,2005.0,
2008-09-13,5790.0,4099.0,2660.0,2005.0,
2008-09-17,7199.0,4952.0,3440.0,2207.0,
2008-09-18,5873.0,4172.0,2663.0,1588.0,
2008-09-19,5340.0,3473.0,2204.0,1451.0,
2008-09-22,5097.0,3455.0,2188.0,1367.0,
2008-09-23,3717.0,2678.0,1764.0,1263.0,
2008-09-24,4289.0,2657.0,1831.0,1230.0,
2008-09-25,2995.0,2377.0,1679.0,1292.0,
2008-09-26,2913.0,2278.0,1617.0,1067.0,
2008-09-27,3074.0,2408.0,1722.0,1288.0,
2008-09-29,3552.0,2910.0,2119.0,1475.0,
2008-10-01,3216.0,2280.0,1690.0,1214.0,
2008-10-02,2841.0,2224.0,1651.0,1053.0,
2008-10-04,3999.0,2924.0,2149.0,1609.0,
2008-10-06,4129.0,3400.0,2667.0,1862.0,
2008-10-07,4138.0,3052.0,2126.0,1263.0,
2008-10-08,4126.0,3088.0,2211.0,1613.0,
2008-10-09,4053.0,2872.0,2033.0,1322.0,
2008-10-10,4352.0,2929.0,2022.0,1530.0,
2008-10-11,3699.0,2920.0,1988.0,1373.0,
2008-10-13,3872.0,3147.0,2249.0,1408.0,
2008-10-14,4680.0,3330.0,2541.0,1753.0,
2008-10-15,4318.0,3456.0,2632.0,1891.0,
2008-10-16,4141.0,3099.0,2346.0,1497.0,
2008-10-17,4186.0,2997.0,2136.0,1322.0,
2008-10-18,4163.0,2937.0,2103.0,1428.0,
2008-10-20,4355.0,3400.0,2513.0,1637.0,
2008-10-21,4950.0,3820.0,2787.0,1890.0,
2008-10-22,4109.0,3367.0,2552.0,1702.0,
2008-10-23,4618.0,3474.0,2577.0,1738.0,
2008-10-24,3825.0,2960.0,2293.0,1611.0,
2008-10-25,4000.0,3174.0,2321.0,1590.0,
2008-10-27,4500.0,3271.0,2522.0,1729.0,
2008-10-28,3724.0,3107.0,2239.0,1555.0,
2008-10-29,3529.0,2868.0,2126.0,1449.0,
2008-10-30,3154.0,2606.0,1974.0,1291.0,
2008-10-31,3231.0,2527.0,1823.0,1177.0,
2008-11-01,2700.0,2155.0,1541.0,1022.0,
2008-11-03,3601.0,2909.0,2186.0,1428.0,
2008-11-04,3695.0,3027.0,2231.0,1481.0,
2008-11-05,3862.0,3096.0,2257.0,1471.0,
2008-11-06,4412.0,3173.0,2231.0,1489.0,
2008-11-07,3922.0,2635.0,1834.0,1345.0,
2008-11-08,3676.0,2529.0,1751.0,1201.0,
2008-11-10,4775.0,3210.0,2366.0,1567.0,
2008-11-11,3916.0,2650.0,1886.0,1274.0,
2008-11-12,3944.0,2830.0,1987.0,1331.0,
2008-11-13,3944.0,2830.0,1987.0,1331.0,
2008-11-14,4125.0,3355.0,2417.0,1570.0,
2008-11-15,5127.0,4123.0,3504.0,2589.0,
2008-11-17,4766.0,3448.0,2456.0,1750.0,
2008-11-18,4086.0,2872.0,2052.0,1374.0,
2008-11-19,4400.0,3075.0,2346.0,1557.0,
2008-11-20,5683.0,4398.0,3361.0,2183.0,
2008-11-21,6245.0,5342.0,4021.0,2644.0,
2008-11-22,6500.0,5482.0,4217.0,2807.0,
2008-11-24,5455.0,4084.0,2978.0,2180.0,
2008-11-25,4822.0,3274.0,2266.0,1446.0,
2008-11-26,4900.0,3310.0,2294.0,1454.0,
2008-11-27,4800.0,3358.0,2497.0,1581.0,
2008-11-28,5000.0,3495.0,2447.0,1513.0,
2008-11-29,4591.0,3512.0,2457.0,1603.0,
2008-12-01,3850.0,2711.0,1981.0,1289.0,
2008-12-02,3350.0,2630.0,1647.0,1007.0,
2008-12-03,3600.0,3250.0,2465.0,1546.0,
2008-12-04,4150.0,3289.0,2514.0,1601.0,
2008-12-05,3894.0,3303.0,2518.0,1639.0,
2008-12-06,5050.0,3930.0,2747.0,1783.0,
2008-12-08,5000.0,3833.0,2694.0,1669.0,
2008-12-09,4250.0,3500.0,2425.0,1661.0,
2008-12-10,3656.0,2838.0,2149.0,1339.0,
2008-12-11,3920.0,2872.0,2106.0,1450.0,
2008-12-12,3756.0,3309.0,2578.0,1695.0,
2008-12-13,3442.0,2919.0,2160.0,1444.0,
2008-12-15,4550.0,3822.0,3051.0,1824.0,
2008-12-16,3989.0,3077.0,2374.0,1541.0,
2008-12-17,3690.0,3172.0,2353.0,1560.0,
2008-12-18,3421.0,2906.0,2160.0,1423.0,
2008-12-19,3500.0,2845.0,2102.0,1377.0,
2008-12-20,4184.0,3593.0,2791.0,1760.0,
2008-12-22,4225.0,3698.0,2852.0,1915.0,
2008-12-23,3886.0,3309.0,2670.0,1737.0,
2008-12-24,3485.0,2930.0,2088.0,1386.0,
2008-12-25,2999.0,2518.0,1942.0,1315.0,
2008-12-26,3496.0,2914.0,2297.0,1562.0,
2008-12-27,3300.0,2915.0,2400.0,1588.0,
2008-12-29,3849.0,3460.0,2717.0,1839.0,
2008-12-30,3907.0,3182.0,2483.0,1673.0,
2008-12-31,4251.0,3504.0,2575.0,1839.0,
2009-01-02,4251.0,3504.0,2575.0,1839.0,
2009-01-03,4251.0,3504.0,2575.0,1839.0,
2009-01-05,4200.0,3192.0,2375.0,1561.0,
2009-01-06,4054.0,3108.0,2465.0,1642.0,
2009-01-07,3748.0,3115.0,2299.0,1590.0,
2009-01-08,3583.0,2897.0,2162.0,1431.0,
2009-01-09,3482.0,2900.0,2152.0,1386.0,
2009-01-10,3478.0,3003.0,2258.0,1518.0,
2009-01-12,3745.0,3255.0,2407.0,1671.0,
2009-01-13,3500.0,3271.0,2508.0,1755.0,
2009-01-14,3635.0,3116.0,2433.0,1687.0,
2009-01-15,3768.0,3243.0,2406.0,1660.0,
2009-01-16,3767.0,3227.0,2485.0,1657.0,
2009-01-17,3912.0,3221.0,2477.0,1631.0,
2009-01-19,3888.0,3228.0,2481.0,1671.0,
2009-01-20,3661.0,3096.0,2397.0,1602.0,
2009-01-21,3829.0,3238.0,2517.0,1703.0,
2009-01-22,3732.0,3227.0,2515.0,1679.0,
2009-01-23,3562.0,2995.0,2205.0,1511.0,
2009-01-24,3562.0,2995.0,2205.0,1511.0,
2009-01-25,3562.0,2995.0,2205.0,1511.0,
2009-01-29,3739.0,3184.0,2610.0,1770.0,
2009-01-30,3976.0,2988.0,2212.0,1455.0,
2009-01-31,3975.0,3151.0,2262.0,1518.0,
2009-02-02,3898.0,3269.0,2361.0,1599.0,
2009-02-03,3985.0,3430.0,2411.0,1604.0,
2009-02-04,4500.0,3760.0,2737.0,1809.0,
2009-02-06,3579.0,3167.0,2262.0,1516.0,
2009-02-07,3563.0,2759.0,2074.0,1349.0,
2009-02-09,3500.0,2747.0,1937.0,1332.0,
2009-02-10,3502.0,2688.0,2029.0,1365.0,
2009-02-11,3758.0,2952.0,2087.0,1405.0,
2009-02-12,3919.0,2923.0,2170.0,1412.0,
2009-02-13,4119.0,3330.0,2559.0,1642.0,
2009-02-14,3764.0,2965.0,2143.0,1517.0,
2009-02-16,3659.0,2952.0,2234.0,1451.0,
2009-02-17,3904.0,3116.0,2131.0,1441.0,
2009-02-18,4280.0,3362.0,2495.0,1676.0,
2009-02-19,4161.0,3463.0,2674.0,1786.0,
2009-02-20,4378.0,3558.0,2836.0,1922.0,
2009-02-21,4193.0,3713.0,2853.0,1888.0,
2009-02-23,5075.0,4054.0,3121.0,1999.0,
2009-02-24,5155.0,4547.0,3562.0,2456.0,
2009-02-25,5297.0,4713.0,3756.0,2547.0,
2009-02-26,5487.0,4661.0,3468.0,2228.0,
2009-02-27,5758.0,4906.0,3902.0,2403.0,
2009-02-28,5479.0,4332.0,3049.0,1950.0,
2009-03-02,5597.0,4862.0,3731.0,2093.0,
2009-03-03,5834.0,4850.0,3431.0,2109.0,
2009-03-04,6206.0,5405.0,4119.0,2861.0,
2009-03-05,6301.0,5556.0,4386.0,2981.0,
2009-03-06,6445.0,5442.0,4430.0,2915.0,
2009-03-07,6124.0,5499.0,4699.0,3073.0,
2009-03-09,6128.0,5397.0,4414.0,2984.0,
2009-03-10,5862.0,5104.0,3976.0,2664.0,
2009-03-11,6091.0,5204.0,4554.0,3122.0,
2009-03-12,6079.0,5276.0,4250.0,2883.0,
2009-03-13,5700.0,5387.0,4906.0,3300.0,
2009-03-14,6400.0,5414.0,4168.0,2673.0,
2009-03-16,6627.0,5977.0,4920.0,3217.0,
2009-03-17,6438.0,5594.0,4643.0,3083.0,
2009-03-18,6493.0,5663.0,4669.0,3106.0,
2009-03-19,6750.0,5914.0,4753.0,3217.0,
2009-03-20,6560.0,5992.0,4862.0,3243.0,
2009-03-21,6559.0,5945.0,4857.0,3214.0,
2009-03-23,6864.0,6437.0,5645.0,3734.0,
2009-03-24,6820.0,6143.0,5088.0,3383.0,
2009-03-25,7000.0,6132.0,5210.0,3417.0,
2009-03-26,7027.0,6030.0,4884.0,3197.0,
2009-03-27,6250.0,6062.0,5360.0,3544.0,
2009-03-28,6250.0,6062.0,5360.0,3544.0,
2009-03-30,7750.0,7135.0,5984.0,3977.0,
2009-03-31,8664.0,7520.0,6212.0,4254.0,
2009-04-01,8854.0,7986.0,6406.0,4320.0,
2009-04-02,10956.0,10180.0,8186.0,5168.0,
2009-04-03,9782.0,9178.0,7990.0,5319.0,
2009-04-04,10146.0,9539.0,8069.0,4954.0,
2009-04-06,10600.0,9904.0,8381.0,5476.0,
2009-04-07,10528.0,9955.0,8811.0,5699.0,
2009-04-08,10793.0,9903.0,8358.0,5463.0,
2009-04-09,10511.0,9284.0,7773.0,5170.0,
2009-04-10,10636.0,10007.0,8632.0,5692.0,
2009-04-11,11032.0,10188.0,8869.0,5860.0,
2009-04-13,12325.0,11318.0,9810.0,6334.0,
2009-04-14,13090.0,11397.0,9718.0,6340.0,
2009-04-15,14077.0,12702.0,10974.0,7158.0,
2009-04-16,13586.0,11898.0,10060.0,6739.0,
2009-04-17,13537.0,12263.0,10157.0,6805.0,
2009-04-18,13313.0,12057.0,9502.0,6155.0,
2009-04-20,14396.0,13005.0,9930.0,6860.0,
2009-04-21,14846.0,13670.0,11262.0,7695.0,
2009-04-22,14692.0,13846.0,11452.0,7734.0,
2009-04-23,14123.0,13080.0,9946.0,6774.0,
2009-04-24,15000.0,13104.0,9926.0,6388.0,
2009-04-25,14864.0,13319.0,10701.0,7299.0,
2009-04-27,16839.0,13599.0,10148.0,6714.0,
2009-04-28,17012.0,13873.0,11053.0,7203.0,
2009-04-29,16898.0,14080.0,11489.0,7226.0,
2009-04-30,17334.0,14406.0,11174.0,7182.0,
2009-05-01,16366.0,12729.0,10631.0,6981.0,
2009-05-02,14615.0,12584.0,10809.0,6993.0,
2009-05-04,16600.0,12875.0,10731.0,6789.0,
2009-05-05,17370.0,13352.0,11036.0,7162.0,
2009-05-06,17950.0,13648.0,11957.0,7822.0,
2009-05-07,17838.0,12942.0,10714.0,7132.0,
2009-05-08,16399.0,12456.0,9132.0,5702.0,
2009-05-09,14564.0,12981.0,10182.0,6673.0,
2009-05-11,16650.0,13644.0,11035.0,5155.0,
2009-05-12,14132.0,12615.0,10185.0,6508.0,
2009-05-13,12336.0,11016.0,8392.0,5700.0,
2009-05-14,12771.0,8744.0,6717.0,4399.0,
2009-05-15,11657.0,7477.0,5401.0,3553.0,
2009-05-16,7275.0,5951.0,4919.0,3205.0,
2009-05-18,9250.0,6571.0,4806.0,3060.0,
2009-05-20,9300.0,6162.0,4620.0,2957.0,
2009-05-21,7752.0,6065.0,4624.0,2877.0,
2009-05-22,7503.0,6741.0,5012.0,3410.0,
2009-05-23,8436.0,7074.0,5679.0,3761.0,
2009-05-25,7300.0,6505.0,5281.0,3551.0,
2009-05-26,6600.0,5963.0,4483.0,3028.0,
2009-05-27,6678.0,5368.0,3709.0,2463.0,
2009-05-28,7075.0,5456.0,4446.0,2811.0,
2009-05-29,6217.0,4916.0,3634.0,2411.0,
2009-05-30,5663.0,4134.0,2964.0,1908.0,
2009-06-01,5907.0,4579.0,3340.0,2163.0,
2009-06-02,6096.0,5068.0,3620.0,2286.0,
2009-06-03,5800.0,4620.0,3310.0,2210.0,
2009-06-04,5875.0,4403.0,3166.0,2081.0,
2009-06-05,4859.0,4053.0,2970.0,2006.0,
2009-06-06,5509.0,4330.0,3067.0,2021.0,
2009-06-08,5489.0,4410.0,3130.0,1990.0,
2009-06-09,5210.0,4372.0,2968.0,1913.0,
2009-06-10,5297.0,4301.0,3085.0,1772.0,
2009-06-11,4729.0,3719.0,2635.0,1671.0,
2009-06-12,4350.0,3577.0,2598.0,1774.0,
2009-06-13,4315.0,3352.0,2323.0,1518.0,
2009-06-15,3797.0,2816.0,2074.0,1321.0,
2009-06-16,3271.0,2462.0,1654.0,1035.0,
2009-06-17,3313.0,2702.0,1888.0,1261.0,
2009-06-18,3297.0,2625.0,1998.0,1283.0,
2009-06-19,3883.0,3169.0,2456.0,1615.0,
2009-06-20,4578.0,3988.0,3093.0,1949.0,
2009-06-22,4051.0,3423.0,2379.0,1488.0,
2009-06-23,4151.0,3029.0,2013.0,1326.0,
2009-06-24,3800.0,2863.0,1982.0,1271.0,
2009-06-25,3136.0,2415.0,1617.0,1084.0,
2009-06-26,3012.0,2418.0,1634.0,1092.0,
2009-06-27,4016.0,3284.0,2459.0,1639.0,
2009-06-29,3950.0,3150.0,2182.0,1396.0,
2009-06-30,4536.0,3447.0,2460.0,1609.0,
2009-07-01,4246.0,3179.0,2172.0,1363.0,
2009-07-02,3894.0,3109.0,2126.0,1367.0,
2009-07-03,3648.0,2721.0,1886.0,1222.0,
2009-07-04,3750.0,3183.0,2178.0,1391.0,
2009-07-06,4454.0,3511.0,2607.0,1685.0,
2009-07-07,4234.0,3554.0,2576.0,1574.0,
2009-07-08,4518.0,3619.0,2578.0,1709.0,
2009-07-09,4237.0,3343.0,2278.0,1451.0,
2009-07-10,4752.0,3856.0,2624.0,1626.0,
2009-07-11,4799.0,3442.0,2207.0,1416.0,
2009-07-13,5831.0,4338.0,2973.0,1921.0,
2009-07-14,4787.0,3354.0,2162.0,1426.0,
2009-07-15,4640.0,3137.0,2010.0,1211.0,
2009-07-16,5162.0,3695.0,2593.0,1691.0,
2009-07-17,4354.0,3406.0,2347.0,1489.0,
2009-07-18,4383.0,3055.0,2311.0,1540.0,
2009-07-20,5372.0,3871.0,2728.0,1742.0,
2009-07-21,5519.0,3554.0,2508.0,1575.0,
2009-07-22,5599.0,4167.0,3020.0,1749.0,
2009-07-23,5362.0,4019.0,3023.0,1965.0,
2009-07-24,5812.0,4881.0,3480.0,2237.0,
2009-07-25,6852.0,5765.0,4582.0,3034.0,
2009-07-27,6818.0,5400.0,3984.0,2522.0,
2009-07-28,6100.0,4492.0,3024.0,1964.0,
2009-07-29,6223.0,4693.0,3187.0,2105.0,
2009-07-31,6665.0,5470.0,3749.0,2386.0,
2009-08-01,6880.0,5340.0,3480.0,2078.0,
2009-08-03,6586.0,5200.0,3469.0,2171.0,
2009-08-04,6745.0,5589.0,4037.0,2550.0,
2009-08-05,6893.0,5512.0,4018.0,2564.0,
2009-08-06,7124.0,6136.0,4430.0,2811.0,
2009-08-07,8105.0,6720.0,5513.0,3551.0,
2009-08-10,8351.0,6359.0,4296.0,2677.0,
2009-08-11,9448.0,6191.0,4093.0,2665.0,
2009-08-12,7776.0,5578.0,3531.0,2137.0,
2009-08-13,7618.0,6293.0,4091.0,2250.0,
2009-08-14,8841.0,6481.0,4622.0,2998.0,
2009-08-15,8036.0,5809.0,3529.0,2191.0,
2009-08-17,7876.0,5770.0,4198.0,2695.0,
2009-08-18,8571.0,6842.0,5146.0,3305.0,
2009-08-19,7662.0,5888.0,3996.0,2553.0,
2009-08-20,8047.0,5645.0,3543.0,2097.0,
2009-08-21,8665.0,6404.0,4380.0,2775.0,
2009-08-22,8097.0,6457.0,4683.0,3207.0,
2009-08-24,7134.0,5255.0,3523.0,2206.0,
2009-08-25,6809.0,5506.0,3867.0,2598.0,
2009-08-26,7460.0,5422.0,3456.0,2195.0,
2009-08-27,8002.0,6504.0,4815.0,3127.0,
2009-08-28,8075.0,6418.0,4779.0,3264.0,
2009-08-29,7479.0,5018.0,3177.0,2006.0,
2009-08-31,7534.0,5394.0,3444.0,2327.0,
2009-09-01,7450.0,5132.0,3601.0,2330.0,
2009-09-02,7487.0,6067.0,4191.0,2756.0,
2009-09-03,7028.0,5086.0,3463.0,2236.0,
2009-09-04,7780.0,6265.0,4867.0,3258.0,
2009-09-05,7851.0,6838.0,5383.0,3489.0,
2009-09-07,7776.0,6292.0,4607.0,3104.0,
2009-09-08,7207.0,5700.0,4130.0,2728.0,
2009-09-09,7150.0,5508.0,3875.0,2459.0,
2009-09-11,7141.0,5343.0,3725.0,2403.0,
2009-09-12,6519.0,4992.0,3430.0,2248.0,
2009-09-14,7049.0,5793.0,4250.0,2847.0,
2009-09-15,6500.0,4826.0,3439.0,2231.0,
2009-09-16,6639.0,5156.0,3625.0,2371.0,
2009-09-17,6583.0,5311.0,3754.0,2457.0,
2009-09-18,6524.0,5098.0,3631.0,2354.0,
2009-09-19,6561.0,5001.0,3464.0,2244.0,
2009-09-21,6914.0,5093.0,3674.0,2421.0,
2009-09-22,7328.0,5503.0,4181.0,2814.0,
2009-09-23,6875.0,5191.0,3628.0,2348.0,
2009-09-24,7236.0,5703.0,4171.0,2742.0,
2009-09-25,7290.0,5278.0,3781.0,2506.0,
2009-09-26,6791.0,5286.0,3916.0,2517.0,
2009-09-28,7165.0,5393.0,3694.0,2329.0,
2009-09-29,7290.0,5840.0,4149.0,2647.0,
2009-10-01,6137.0,4587.0,2914.0,1852.0,
2009-10-02,5693.0,3733.0,2713.0,1676.0,
2009-10-06,6619.0,5014.0,3389.0,2162.0,
2009-10-07,5900.0,4073.0,2603.0,1667.0,
2009-10-08,5123.0,3838.0,2342.0,1361.0,
2009-10-09,4300.0,3224.0,1960.0,1233.0,
2009-10-10,4348.0,3041.0,1994.0,1259.0,
2009-10-12,4457.0,3347.0,2207.0,1454.0,
2009-10-13,4343.0,3138.0,1979.0,1231.0,
2009-10-14,4512.0,3156.0,2018.0,1299.0,
2009-10-15,4628.0,3174.0,2196.0,1401.0,
2009-10-16,3825.0,3003.0,2188.0,1363.0,
2009-10-17,3700.0,2771.0,1797.0,1178.0,
2009-10-19,3761.0,2730.0,1922.0,1270.0,
2009-10-21,3400.0,2516.0,1870.0,1221.0,
2009-10-22,3499.0,2516.0,1776.0,1163.0,
2009-10-23,4047.0,3136.0,2410.0,1653.0,
2009-10-24,4000.0,3161.0,2358.0,1591.0,
2009-10-26,3589.0,2688.0,1932.0,1268.0,
2009-10-27,3459.0,2656.0,1842.0,1196.0,
2009-10-28,3050.0,2216.0,1632.0,1122.0,
2009-10-29,2620.0,2459.0,1796.0,1363.0,
2009-10-30,2870.0,2165.0,1650.0,1104.0,
2009-10-31,2900.0,2134.0,1589.0,1074.0,
2009-11-02,3078.0,2471.0,1900.0,1266.0,
2009-11-03,2904.0,2327.0,1800.0,1239.0,
2009-11-04,3450.0,2687.0,2101.0,1412.0,
2009-11-05,3150.0,2474.0,1736.0,1173.0,
2009-11-06,3400.0,2598.0,1892.0,1242.0,
2009-11-07,2900.0,2324.0,1646.0,1112.0,
2009-11-09,3203.0,2357.0,1664.0,1108.0,
2009-11-10,3121.0,2201.0,1596.0,1023.0,
2009-11-11,4000.0,2589.0,1806.0,1215.0,
2009-11-13,4725.0,3568.0,2652.0,1681.0,
2009-11-14,5350.0,4273.0,3173.0,2048.0,
2009-11-16,4591.0,3446.0,2321.0,1550.0,
2009-11-17,3850.0,2753.0,1912.0,1273.0,
2009-11-18,3610.0,2538.0,1681.0,1097.0,
2009-11-19,4050.0,3426.0,2592.0,1695.0,
2009-11-20,4650.0,3878.0,3068.0,1996.0,
2009-11-21,4782.0,4192.0,3219.0,2114.0,
2009-11-23,4350.0,3503.0,2602.0,1717.0,
2009-11-24,3650.0,2619.0,1777.0,1208.0,
2009-11-25,4300.0,3134.0,2064.0,1347.0,
2009-11-26,4300.0,3183.0,2159.0,1385.0,
2009-11-27,4492.0,3210.0,2248.0,1470.0,
2009-11-28,4200.0,3049.0,2241.0,1400.0,
2009-11-30,3737.0,2972.0,2172.0,1387.0,
2009-12-01,3200.0,2477.0,1763.0,1129.0,
2009-12-02,3255.0,2488.0,1806.0,1152.0,
2009-12-03,3743.0,3351.0,2404.0,1536.0,
2009-12-04,3950.0,3227.0,2444.0,1590.0,
2009-12-05,3750.0,3040.0,2370.0,1563.0,
2009-12-07,3369.0,2863.0,2107.0,1432.0,
2009-12-08,3350.0,2699.0,2089.0,1380.0,
2009-12-09,3167.0,2568.0,1932.0,1303.0,
2009-12-10,4050.0,3419.0,2743.0,1855.0,
2009-12-11,3417.0,2900.0,2068.0,1380.0,
2009-12-12,3486.0,2885.0,1958.0,1336.0,
2009-12-14,3650.0,3076.0,2187.0,1461.0,
2009-12-15,3888.0,3138.0,2255.0,1479.0,
2009-12-16,3350.0,2900.0,2339.0,1521.0,
2009-12-17,3723.0,3293.0,2478.0,1708.0,
2009-12-18,3780.0,3420.0,2891.0,1934.0,
2009-12-19,3541.0,2878.0,2357.0,1546.0,
2009-12-21,5475.0,3144.0,2216.0,1511.0,
2009-12-22,3759.0,3249.0,2284.0,1465.0,
2009-12-23,3845.0,3247.0,2632.0,1719.0,
2009-12-24,3850.0,3127.0,2345.0,1605.0,
2009-12-25,4153.0,3411.0,2468.0,1585.0,
2009-12-26,3942.0,3291.0,2315.0,1516.0,
2009-12-28,5246.0,4594.0,3704.0,2431.0,
2009-12-29,4621.0,4222.0,3355.0,2293.0,
2009-12-30,5580.0,4809.0,3875.0,2667.0,
2009-12-31,4503.0,3882.0,3045.0,2099.0,
2010-01-04,4800.0,4558.0,3668.0,2502.0,465.63
2010-01-05,5326.0,4842.0,4045.0,2635.0,317.61
2010-01-07,4919.0,4409.0,3261.0,2207.0,444.87
2010-01-08,5080.0,4161.0,3082.0,2106.0,472.9
2010-01-09,4853.0,3845.0,2876.0,1879.0,315.0
2010-01-11,5490.0,4629.0,3444.0,2336.0,471.0
2010-01-12,5400.0,4793.0,3251.0,2068.0,483.62
2010-01-13,5510.0,5018.0,3697.0,2514.0,445.65
2010-01-14,5361.0,4754.0,3774.0,2506.0,394.63
2010-01-15,4745.0,4406.0,3311.0,2296.0,367.6
2010-01-16,5708.0,4696.0,3832.0,2558.0,337.0
2010-01-18,5632.0,4847.0,3779.0,2606.0,557.81
2010-01-19,5744.0,4819.0,3772.0,2549.0,554.05
2010-01-20,6082.0,5277.0,4175.0,2751.0,384.4
2010-01-21,6283.0,5487.0,4177.0,2924.0,337.95
2010-01-22,6050.0,5139.0,3673.0,2503.0,588.68
2010-01-23,5975.0,5057.0,3840.0,2613.0,346.38
2010-01-25,5746.0,5120.0,3786.0,2596.0,560.0
2010-01-26,6100.0,5326.0,3969.0,2669.0,399.34
2010-01-27,6314.0,5518.0,4315.0,2843.0,469.27
2010-01-28,6852.0,5829.0,4272.0,2690.0,308.07
2010-01-30,6616.0,5561.0,4242.0,2844.0,447.85
2010-02-01,6850.0,5799.0,4446.0,2918.0,503.43
2010-02-02,7913.0,6375.0,4817.0,3225.0,420.1
2010-02-03,7950.0,6636.0,5013.0,3470.0,441.86
2010-02-04,7599.0,6738.0,5174.0,3519.0,569.0
2010-02-05,8170.0,7074.0,5428.0,3685.0,527.75
2010-02-06,8198.0,6952.0,5253.0,3437.0,566.33
2010-02-08,8578.0,6895.0,4934.0,3307.0,818.08
2010-02-09,7961.0,7007.0,5483.0,3663.0,611.48
2010-02-10,8300.0,6784.0,4957.0,3374.0,767.15
2010-02-11,8228.0,6509.0,4690.0,3091.0,435.4
2010-02-12,7895.0,6992.0,5444.0,3414.0,237.32
2010-02-13,9000.0,8727.0,6751.0,4931.0,122.0
2010-02-18,9630.0,8331.0,6664.0,4411.0,405.0
2010-02-19,10185.0,8902.0,7017.0,4627.0,604.28
2010-02-20,8950.0,7850.0,5916.0,3995.0,517.31
2010-02-22,9125.0,7844.0,5408.0,3495.0,756.15
2010-02-23,10145.0,8186.0,5699.0,3498.0,527.0
2010-02-24,9600.0,7600.0,5713.0,3532.0,703.03
2010-02-25,10360.0,8692.0,6063.0,3553.0,511.39
2010-02-26,11037.0,9193.0,5970.0,3178.0,399.75
2010-02-27,11784.0,9200.0,6633.0,4269.0,316.58
2010-03-01,14023.0,10958.0,7465.0,4613.0,552.3
2010-03-02,11637.0,8199.0,5901.0,3949.0,616.35
2010-03-03,11208.0,8799.0,5321.0,3389.0,526.45
2010-03-04,11612.0,9033.0,5798.0,3492.0,660.72
2010-03-05,11743.0,8146.0,5278.0,3119.0,596.44
2010-03-06,11601.0,9498.0,5911.0,3639.0,361.0
2010-03-08,11867.0,9518.0,6881.0,4065.0,601.0
2010-03-09,11422.0,9650.0,6148.0,3434.0,637.2
2010-03-10,11472.0,9419.0,5948.0,3562.0,553.2
2010-03-11,10776.0,9154.0,6630.0,4367.0,271.7
2010-03-12,11875.0,9761.0,6422.0,3701.0,493.0
2010-03-13,11800.0,9747.0,6157.0,3630.0,385.65
2010-03-15,12250.0,10191.0,7022.0,4382.0,644.47
2010-03-16,11170.0,9387.0,6901.0,4191.0,373.8
2010-03-17,12739.0,9758.0,7342.0,4804.0,491.33
2010-03-18,11929.0,9442.0,6789.0,4368.0,562.2
2010-03-19,13213.0,10670.0,7182.0,4422.0,438.3
2010-03-20,14169.0,12087.0,8920.0,5782.0,238.7
2010-03-22,15116.0,13293.0,10375.0,6870.0,428.87
2010-03-23,14624.0,12033.0,8902.0,6177.0,525.84
2010-03-24,14717.0,12524.0,8937.0,6047.0,383.87
2010-03-25,14751.0,12160.0,8990.0,5888.0,428.0
2010-03-26,14210.0,11354.0,8154.0,5671.0,418.0
2010-03-27,14491.0,12105.0,8886.0,6061.0,306.0
2010-03-29,16283.0,14693.0,11085.0,7253.0,273.0
2010-03-30,16654.0,15115.0,12450.0,8112.0,291.8
2010-03-31,16863.0,15224.0,11519.0,7617.0,403.0
2010-04-01,16209.0,13895.0,10005.0,7028.0,313.0
2010-04-02,16077.0,13708.0,10721.0,7129.0,244.45
2010-04-03,16917.0,14658.0,12038.0,7829.0,233.1
2010-04-05,16951.0,14766.0,11865.0,7914.0,442.6
2010-04-06,16561.0,14874.0,11890.0,7820.0,459.58
2010-04-07,16000.0,13480.0,10269.0,6986.0,543.8
2010-04-08,16050.0,13750.0,10038.0,6826.0,368.0
2010-04-09,13800.0,12238.0,10089.0,6490.0,415.0
2010-04-10,14624.0,12416.0,9231.0,6205.0,369.3
2010-04-12,15421.0,13321.0,10312.0,6779.0,473.41
2010-04-13,14885.0,12424.0,9379.0,6151.0,504.8
2010-04-14,14408.0,12372.0,9662.0,6536.0,441.0
2010-04-15,14578.0,12374.0,8700.0,5776.0,410.45
2010-04-16,16130.0,13319.0,9573.0,6430.0,323.93
2010-04-17,14831.0,13219.0,10209.0,6779.0,321.58
2010-04-19,15330.0,13312.0,10027.0,6582.0,475.22
2010-04-20,14542.0,13348.0,10738.0,7038.0,472.03
2010-04-21,15405.0,12760.0,9895.0,6540.0,530.0
2010-04-22,15783.0,12986.0,8656.0,5724.0,448.25
2010-04-23,15190.0,12243.0,8062.0,5091.0,432.75
2010-04-24,14753.0,12200.0,7484.0,4720.0,348.0
2010-04-26,15504.0,12276.0,7851.0,5097.0,504.0
2010-04-27,14837.0,11322.0,7515.0,5080.0,606.05
2010-04-28,13438.0,9903.0,7416.0,4843.0,513.0
2010-04-29,14281.0,10477.0,7464.0,5018.0,453.93
2010-04-30,15477.0,10809.0,7928.0,5159.0,428.64
2010-05-01,17046.0,10060.0,7711.0,4890.0,482.0
2010-05-03,17326.0,11048.0,8360.0,5650.0,631.95
2010-05-04,15096.0,10615.0,8669.0,5734.0,621.2
2010-05-05,16037.0,10702.0,8484.0,5609.0,651.45
2010-05-06,12175.0,10043.0,7871.0,5255.0,612.4
2010-05-07,12084.0,9288.0,7294.0,4831.0,646.0
2010-05-08,10661.0,8280.0,6750.0,4390.0,583.3
2010-05-10,9953.0,8490.0,6837.0,4378.0,718.9
2010-05-11,9369.0,8515.0,7158.0,4548.0,662.4
2010-05-12,9605.0,8274.0,6808.0,4486.0,657.34
2010-05-13,9276.0,8273.0,6661.0,4137.0,644.0
2010-05-14,9840.0,8355.0,6654.0,4339.0,537.0
2010-05-15,10533.0,9274.0,7472.0,4772.0,441.0
2010-05-17,10557.0,9066.0,6821.0,4288.0,811.67
2010-05-18,10950.0,9237.0,7295.0,4557.0,743.78
2010-05-19,10571.0,8686.0,6525.0,3733.0,630.75
2010-05-20,9801.0,7960.0,5481.0,3548.0,702.0
2010-05-21,9503.0,7449.0,5113.0,3322.0,698.5
2010-05-22,9000.0,7349.0,4628.0,2551.0,499.47
2010-05-24,9214.0,7300.0,4691.0,2991.0,812.0
2010-05-25,10137.0,7392.0,4851.0,2899.0,740.16
2010-05-26,9368.0,7001.0,4584.0,2737.0,789.27
2010-05-27,9047.0,6953.0,4780.0,3025.0,607.92
2010-05-28,7300.0,5821.0,4584.0,3234.0,778.19
2010-05-29,8322.0,5750.0,3778.0,2264.0,754.83
2010-05-31,8051.0,5587.0,3655.0,2301.0,937.82
2010-06-01,7612.0,5033.0,3453.0,2202.0,816.87
2010-06-02,7933.0,4987.0,2959.0,1696.0,615.72
2010-06-03,6982.0,5033.0,3418.0,2058.0,661.95
2010-06-04,7130.0,5138.0,3615.0,2346.0,659.0
2010-06-05,7304.0,5780.0,3963.0,2513.0,522.03
2010-06-07,7401.0,5674.0,3679.0,2199.0,929.0
2010-06-08,7341.0,5480.0,3349.0,2139.0,872.15
2010-06-09,7061.0,5193.0,3028.0,1868.0,872.7
2010-06-10,7300.0,4722.0,2977.0,1999.0,825.19
2010-06-11,6784.0,4734.0,2887.0,1833.0,741.35
2010-06-12,7346.0,5386.0,3037.0,1789.0,721.45
2010-06-14,6401.0,4674.0,3141.0,1990.0,841.4
2010-06-15,5361.0,3852.0,2430.0,1567.0,892.95
2010-06-16,5612.0,4212.0,2701.0,1547.0,744.6
2010-06-17,7030.0,5489.0,3741.0,2308.0,772.75
2010-06-18,7263.0,5856.0,3921.0,2464.0,957.1
2010-06-19,6299.0,4473.0,2920.0,1912.0,851.55
2010-06-21,5541.0,3934.0,2645.0,1762.0,952.81
2010-06-22,6079.0,4098.0,2579.0,1421.0,738.37
2010-06-23,5904.0,3904.0,2516.0,1495.0,792.57
2010-06-24,5007.0,3682.0,2470.0,1539.0,732.99
2010-06-25,5098.0,3968.0,2839.0,1871.0,610.13
2010-06-26,6697.0,5762.0,4182.0,2656.0,479.27
2010-06-28,7208.0,6123.0,4769.0,3100.0,684.0
2010-06-29,7102.0,5306.0,3682.0,2264.0,696.07
2010-06-30,7212.0,5567.0,3938.0,2506.0,620.9
2010-07-01,7197.0,5499.0,3866.0,2447.0,611.2
2010-07-02,7116.0,5837.0,4289.0,2799.0,532.25
2010-07-03,7419.0,6213.0,4337.0,2903.0,470.85
2010-07-05,7854.0,6259.0,4669.0,3065.0,562.8
2010-07-06,8001.0,6182.0,4225.0,2890.0,693.15
2010-07-07,7577.0,6327.0,4567.0,3018.0,679.2
2010-07-08,7438.0,6020.0,4120.0,2781.0,657.65
2010-07-09,8140.0,7058.0,5576.0,3789.0,495.0
2010-07-10,8728.0,8076.0,6692.0,4291.0,479.4
2010-07-12,9266.0,7844.0,6026.0,4078.0,718.97
2010-07-13,9424.0,7995.0,5572.0,3557.0,758.15
2010-07-14,8994.0,7975.0,5511.0,3564.0,648.69
2010-07-15,9669.0,8832.0,6430.0,4154.0,472.5
2010-07-16,9604.0,8002.0,5671.0,3688.0,644.9
2010-07-17,10904.0,9622.0,8192.0,5249.0,622.54
2010-07-19,11689.0,10402.0,8419.0,5558.0,543.67
2010-07-20,12664.0,9087.0,6608.0,4303.0,663.0
2010-07-21,9666.0,8580.0,6293.0,4256.0,568.0
2010-07-22,9683.0,8006.0,5472.0,3388.0,519.15
2010-07-23,11248.0,9430.0,7308.0,4851.0,480.07
2010-07-24,11835.0,10048.0,7501.0,4933.0,445.55
2010-07-26,10381.0,7980.0,5530.0,3657.0,846.17
2010-07-27,10408.0,8008.0,5715.0,3808.0,735.38
2010-07-28,10769.0,8776.0,6714.0,4489.0,570.5
2010-07-29,10157.0,8169.0,5892.0,3667.0,782.21
2010-07-30,10772.0,8014.0,5587.0,3580.0,677.18
2010-07-31,8589.0,5642.0,4028.0,2622.0,642.3
2010-08-02,9979.0,7570.0,5328.0,3491.0,668.6
2010-08-03,9258.0,6627.0,4633.0,2980.0,649.96
2010-08-04,9677.0,7642.0,5255.0,2984.0,499.95
2010-08-05,9851.0,7595.0,5232.0,3485.0,615.15
2010-08-06,9557.0,6951.0,4815.0,3039.0,723.0
2010-08-07,10101.0,7204.0,4986.0,3151.0,601.3
2010-08-09,8597.0,6398.0,4257.0,2797.0,839.1
2010-08-10,9097.0,6141.0,4052.0,2524.0,811.0
2010-08-11,10088.0,6790.0,4562.0,2903.0,652.45
2010-08-12,9167.0,7012.0,4751.0,2780.0,586.4
2010-08-13,8421.0,6080.0,3971.0,2352.0,866.2
2010-08-14,8755.0,6911.0,4309.0,2659.0,590.8
2010-08-16,8468.0,6097.0,3818.0,2202.0,866.59
2010-08-17,7577.0,5444.0,3413.0,2038.0,1011.1
2010-08-18,8150.0,6443.0,4074.0,2135.0,748.27
2010-08-19,8352.0,6520.0,4023.0,2416.0,634.95
2010-08-20,8312.0,6140.0,3899.0,2219.0,747.35
2010-08-21,8617.0,6791.0,4181.0,2582.0,710.6
2010-08-23,9020.0,6412.0,4035.0,2337.0,967.75
2010-08-24,9768.0,6745.0,4448.0,2830.0,839.85
2010-08-25,9826.0,7271.0,4634.0,2854.0,768.9
2010-08-26,9973.0,6666.0,4246.0,2732.0,835.45
2010-08-27,10653.0,6182.0,3636.0,2190.0,842.45
2010-08-28,11393.0,6512.0,3790.0,2217.0,830.7
2010-08-30,11816.0,6943.0,4387.0,2779.0,1079.0
2010-08-31,11060.0,6129.0,3863.0,2409.0,908.4
2010-09-01,15276.0,12470.0,8860.0,5904.0,1045.8
2010-09-02,22739.0,19910.0,14886.0,9863.0,659.25
2010-09-03,33437.0,27232.0,19519.0,12102.0,305.16
2010-09-04,11366.0,8533.0,5653.0,3637.0,953.2
2010-09-06,13000.0,9516.0,6515.0,4116.0,1048.75
2010-09-07,13502.0,10010.0,6643.0,4225.0,888.05
2010-09-08,13603.0,11040.0,7608.0,4946.0,950.35
2010-09-09,14928.0,12339.0,8493.0,5567.0,1046.9
2010-09-11,17427.0,12618.0,8763.0,5668.0,958.42
2010-09-13,16069.0,13322.0,9745.0,6413.0,915.82
2010-09-14,17961.0,14337.0,10557.0,6998.0,1053.37
2010-09-15,18100.0,14911.0,10546.0,7040.0,1124.66
2010-09-16,18599.0,15053.0,11494.0,7360.0,909.13
2010-09-17,18521.0,15301.0,11108.0,6913.0,798.07
2010-09-18,18861.0,15793.0,11847.0,7185.0,850.08
2010-09-21,28850.0,23435.0,16812.0,11553.0,193.7
2010-09-25,31293.0,27543.0,20066.0,13745.0,341.2
2010-09-27,38812.0,36238.0,28419.0,18423.0,430.97
2010-09-28,35017.0,30591.0,19991.0,11841.0,482.0
2010-09-29,31869.0,24408.0,15472.0,9184.0,445.0
2010-10-01,28226.0,22424.0,15710.0,10231.0,398.03
2010-10-02,27559.0,18581.0,13034.0,8265.0,402.82
2010-10-04,35128.0,28692.0,17996.0,9212.0,304.9
2010-10-05,27185.0,19067.0,12750.0,7460.0,468.95
2010-10-06,26654.0,19840.0,12769.0,7512.0,417.0
2010-10-07,24782.0,20434.0,14246.0,9256.0,452.42
2010-10-08,24760.0,20055.0,13361.0,7493.0,436.6
2010-10-09,22437.0,18267.0,11887.0,6977.0,445.96
2010-10-11,20880.0,16144.0,11404.0,6989.0,657.45
2010-10-12,15776.0,11408.0,7605.0,4798.0,679.09
2010-10-13,14241.0,11170.0,7099.0,4051.0,748.98
2010-10-14,14457.0,11685.0,8077.0,4751.0,591.67
2010-10-15,13945.0,11610.0,8054.0,5258.0,593.76
2010-10-16,12893.0,11164.0,7638.0,5016.0,578.0
2010-10-18,13488.0,11284.0,8648.0,5470.0,704.58
2010-10-19,11456.0,9720.0,6736.0,3401.0,853.58
2010-10-20,12253.0,8768.0,6351.0,4156.0,902.7
2010-10-21,11136.0,8984.0,6501.0,4030.0,717.3
2010-10-22,10389.0,8605.0,6242.0,3789.0,771.97
2010-10-23,9546.0,8222.0,5798.0,3460.0,682.2
2010-10-25,8612.0,7162.0,5028.0,3147.0,963.26
2010-10-26,8269.0,6797.0,4484.0,2505.0,866.4
2010-10-27,8149.0,7185.0,5327.0,3393.0,781.95
2010-10-28,8000.0,6626.0,4656.0,2948.0,806.09
2010-10-29,7913.0,6727.0,4731.0,2948.0,750.55
2010-10-30,8337.0,6697.0,4651.0,2983.0,841.98
2010-11-01,8270.0,6943.0,4779.0,3059.0,1062.53
2010-11-02,8385.0,6748.0,4448.0,2704.0,1039.14
2010-11-03,8258.0,6592.0,4411.0,2646.0,1021.15
2010-11-04,8154.0,6794.0,4742.0,2886.0,844.83
2010-11-05,8352.0,6945.0,4501.0,2699.0,972.32
2010-11-06,8534.0,6915.0,4554.0,2672.0,959.06
2010-11-08,8568.0,7080.0,4721.0,2700.0,1203.23
2010-11-09,8450.0,6971.0,4606.0,2820.0,1118.63
2010-11-10,8633.0,7292.0,4917.0,2988.0,1079.4
2010-11-11,8667.0,7334.0,5188.0,3306.0,1054.8
2010-11-12,9950.0,8646.0,6397.0,4048.0,979.72
2010-11-13,11903.0,9974.0,7516.0,4795.0,1216.543
2010-11-15,13693.0,10743.0,7824.0,5116.0,1587.58
2010-11-16,11194.0,8967.0,6707.0,4152.0,1367.59
2010-11-17,11753.0,9585.0,6996.0,4394.0,1189.2
2010-11-18,12210.0,10396.0,7945.0,5038.0,1284.15
2010-11-19,14483.0,12476.0,9346.0,5667.0,1481.58
2010-11-20,13850.0,11210.0,7928.0,4798.0,1606.83
2010-11-22,12575.0,9963.0,7427.0,4759.0,1839.34
2010-11-23,11425.0,8703.0,6388.0,4154.0,1716.03
2010-11-24,11084.0,9616.0,7051.0,4077.0,1782.15
2010-11-25,12042.0,10168.0,7189.0,4320.0,1815.46
2010-11-26,12218.0,10697.0,7666.0,4782.0,1954.18
2010-11-27,11942.0,10009.0,7252.0,4345.0,1789.43
2010-11-29,11713.0,9029.0,6604.0,4103.0,1580.04
2010-11-30,9313.0,7603.0,5374.0,3100.0,1299.57
2010-12-01,11370.0,8466.0,5737.0,3453.0,1396.19
2010-12-02,11888.0,10434.0,7071.0,4009.0,1176.08
2010-12-03,13143.0,11478.0,8062.0,4660.0,1362.32
2010-12-04,13075.0,11756.0,8232.0,4699.0,1214.76
2010-12-06,12297.0,10636.0,8059.0,5147.0,1438.67
2010-12-07,10825.0,8891.0,6084.0,3473.0,1062.85
2010-12-08,11359.0,9922.0,6884.0,3744.0,934.8
2010-12-09,11825.0,10301.0,7526.0,4433.0,827.94
2010-12-10,11200.0,9557.0,6728.0,3869.0,1118.19
2010-12-11,10362.0,8734.0,5909.0,3296.0,786.75
2010-12-13,12040.0,10378.0,7357.0,3985.0,656.7
2010-12-14,13467.0,11942.0,7225.0,3835.0,363.2
2010-12-15,11860.0,9947.0,7611.0,4541.0,849.6
2010-12-16,13072.0,11102.0,7197.0,3778.0,394.6
2010-12-17,13066.0,12260.0,9193.0,6048.0,277.68
2010-12-18,10609.0,8974.0,6960.0,4348.0,740.8
2010-12-20,10371.0,8553.0,6074.0,3675.0,934.29
2010-12-21,10831.0,9235.0,6309.0,4114.0,628.35
2010-12-22,11817.0,10192.0,7343.0,4476.0,602.14
2010-12-23,11541.0,9910.0,7958.0,4849.0,675.89
2010-12-24,10877.0,9643.0,7741.0,4895.0,572.02
2010-12-25,9587.0,8614.0,4882.0,2327.0,209.0
2010-12-27,10386.0,9248.0,7575.0,3650.0,269.0
2010-12-28,11695.0,10773.0,8408.0,5805.0,196.34
2010-12-29,12650.0,11037.0,9130.0,5749.0,470.66
2010-12-30,10829.0,9465.0,7524.0,4663.0,792.29
2010-12-31,11103.0,9183.0,8040.0,4944.0,212.18
2011-01-03,11103.0,9183.0,8040.0,4944.0,78.0
2011-01-04,16100.0,14954.0,12904.0,8453.0,183.0
2011-01-05,17499.0,16160.0,13479.0,8877.0,263.0
2011-01-06,15313.0,13146.0,10172.0,6885.0,666.0
2011-01-07,14124.0,12118.0,9311.0,5960.0,587.0
2011-01-08,12568.0,10193.0,7948.0,4911.0,423.0
2011-01-10,10882.0,9664.0,8098.0,5202.0,514.0
2011-01-11,11346.0,9845.0,7091.0,4546.0,303.0
2011-01-12,13300.0,12687.0,9943.0,5788.0,206.0
2011-01-13,13155.0,11585.0,8079.0,5291.0,459.0
2011-01-14,13196.0,12476.0,9379.0,6083.0,360.0
2011-01-15,14490.0,13359.0,9193.0,5957.0,174.0
2011-01-17,16050.0,14677.0,11248.0,6685.0,210.0
2011-01-18,14672.0,13397.0,9849.0,6214.0,260.0
2011-01-19,14109.0,13816.0,9971.0,5891.0,345.0
2011-01-20,14000.0,12964.0,8311.0,5108.0,292.0
2011-01-21,14000.0,13619.0,10456.0,6346.0,305.0
2011-01-22,15232.0,13954.0,10206.0,6738.0,266.0
2011-01-24,16002.0,14032.0,11850.0,7223.0,498.0
2011-01-25,14000.0,13856.0,10426.0,6378.0,493.0
2011-01-26,15381.0,13588.0,9542.0,6041.0,562.0
2011-01-27,15069.0,12521.0,8612.0,5964.0,557.0
2011-01-28,14052.0,11585.0,7412.0,4397.0,506.0
2011-01-29,14305.0,11224.0,7376.0,4628.0,300.0
2011-01-31,13664.0,12098.0,7747.0,5136.0,502.0
2011-02-01,14000.0,10632.0,6572.0,4991.0,182.0
2011-02-02,14000.0,10632.0,6572.0,4991.0,9.0
2011-02-07,13893.0,9166.0,5244.0,3262.0,483.0
2011-02-08,12550.0,8339.0,4821.0,3088.0,613.0
2011-02-09,11166.0,9209.0,6090.0,3894.0,299.0
2011-02-10,12939.0,8539.0,4664.0,3049.0,622.0
2011-02-11,13441.0,9589.0,5484.0,3391.0,558.0
2011-02-12,13963.0,9138.0,4647.0,2960.0,443.0
2011-02-14,14224.0,9240.0,4892.0,2915.0,568.0
2011-02-15,15855.0,12985.0,6820.0,3822.0,453.0
2011-02-16,15616.0,11642.0,6264.0,3863.0,552.0
2011-02-17,15370.0,11131.0,6149.0,3800.0,557.0
2011-02-18,12182.0,8256.0,5471.0,3431.0,541.0
2011-02-19,12664.0,7705.0,4518.0,2806.0,439.0
2011-02-21,12998.0,8545.0,4862.0,2993.0,712.0
2011-02-22,12549.0,7958.0,4394.0,2887.0,605.0
2011-02-23,14923.0,9177.0,5339.0,3223.0,537.0
2011-02-24,16135.0,10854.0,5922.0,3567.0,506.0
2011-02-25,15401.0,9887.0,5380.0,3121.0,549.0
2011-02-26,14570.0,10542.0,6732.0,4166.0,416.0
2011-02-28,15238.0,11564.0,6240.0,3552.0,612.0
2011-03-01,14153.0,11106.0,6353.0,3618.0,405.0
2011-03-02,15192.0,11114.0,6224.0,3654.0,352.0
2011-03-03,14898.0,10488.0,6099.0,3560.0,635.0
2011-03-04,15996.0,10153.0,5736.0,3436.0,642.0
2011-03-05,14561.0,9396.0,5365.0,3327.0,548.0
2011-03-07,14257.0,9225.0,5342.0,3202.0,742.0
2011-03-08,14519.0,9840.0,5661.0,3415.0,519.0
2011-03-09,14046.0,10450.0,6287.0,3808.0,523.0
2011-03-10,13684.0,10535.0,5822.0,3416.0,494.0
2011-03-11,13789.0,11256.0,6224.0,3294.0,514.0
2011-03-12,13537.0,10979.0,6287.0,3942.0,320.0
2011-03-14,14963.0,11324.0,6518.0,3807.0,595.0
2011-03-15,14665.0,11143.0,6585.0,3761.0,605.0
2011-03-16,14171.0,10016.0,6356.0,3803.0,557.0
2011-03-17,13671.0,9687.0,6074.0,3441.0,567.0
2011-03-18,13576.0,9981.0,6169.0,3613.0,595.0
2011-03-19,12134.0,8807.0,5322.0,3161.0,418.0
2011-03-21,13731.0,10219.0,6327.0,3604.0,582.0
2011-03-22,12300.0,8224.0,4823.0,2919.0,590.0
2011-03-23,12250.0,8304.0,4839.0,2818.0,591.0
2011-03-24,11794.0,8378.0,5099.0,2972.0,563.0
2011-03-25,11873.0,8699.0,5323.0,3266.0,558.0
2011-03-26,10954.0,7837.0,4529.0,2875.0,292.0
2011-03-28,12408.0,8909.0,5124.0,3212.0,607.0
2011-03-29,11904.0,8543.0,4638.0,2808.0,588.0
2011-03-30,12492.0,8851.0,4654.0,2688.0,607.0
2011-03-31,12243.0,9312.0,5046.0,2864.0,564.0
2011-04-01,11970.0,8304.0,4670.0,2593.0,521.0
2011-04-02,11293.0,7877.0,5212.0,2907.0,500.0
2011-04-04,11556.0,8893.0,5019.0,2918.0,662.0
2011-04-05,11327.0,8049.0,4441.0,2443.0,680.0
2011-04-06,12000.0,7892.0,4197.0,2074.0,687.0
2011-04-07,10610.0,7732.0,4341.0,2183.0,606.0
2011-04-08,10623.0,7806.0,4241.0,2318.0,514.0
2011-04-09,9980.0,6600.0,3951.0,2522.0,413.0
2011-04-11,10282.0,7559.0,3771.0,2027.0,790.0
2011-04-12,9405.0,6289.0,3296.0,1971.0,745.0
2011-04-13,9221.0,6188.0,3278.0,1904.0,626.0
2011-04-14,8337.0,4810.0,2494.0,1421.0,710.0
2011-04-15,7981.0,4418.0,2430.0,1430.0,674.0
2011-04-16,6359.0,3948.0,2463.0,1664.0,346.0
2011-04-18,9910.0,5104.0,2995.0,1760.0,648.0
2011-04-19,9903.0,6101.0,3114.0,1787.0,637.0
2011-04-20,10404.0,6208.0,2694.0,1377.0,542.0
2011-04-21,9912.0,5992.0,2463.0,1287.0,581.0
2011-04-22,8272.0,5361.0,2517.0,1299.0,596.0
2011-04-23,8003.0,5258.0,2491.0,852.0,311.0
2011-04-25,8816.0,4809.0,2165.0,1257.0,929.0
2011-04-26,9001.0,4294.0,1829.0,1049.0,776.0
2011-04-27,8547.0,3887.0,1560.0,1014.0,638.0
2011-04-28,7116.0,3195.0,1562.0,976.0,562.0
2011-04-29,5682.0,2489.0,1374.0,909.0,726.0
2011-04-30,6899.0,2793.0,1423.0,963.0,482.0
2011-05-02,7619.0,3097.0,1445.0,962.0,726.0
2011-05-03,6592.0,2308.0,1281.0,853.0,795.0
2011-05-04,5031.0,2067.0,1345.0,879.0,845.0
2011-05-05,5367.0,1894.0,1190.0,785.0,719.0
2011-05-06,3867.0,1536.0,1165.0,802.0,695.0
2011-05-07,6056.0,1830.0,1237.0,850.0,449.0
2011-05-09,7760.0,2205.0,1418.0,881.0,792.0
2011-05-10,3032.0,1628.0,1225.0,834.0,673.0
2011-05-11,2885.0,1731.0,1174.0,774.0,469.0
2011-05-12,2434.0,1800.0,1314.0,897.0,423.0
2011-05-13,2575.0,1753.0,1326.0,856.0,653.0
2011-05-14,2692.0,1899.0,1280.0,867.0,523.0
2011-05-16,4175.0,2395.0,1597.0,1020.0,576.0
2011-05-17,3184.0,2476.0,1909.0,1293.0,602.0
2011-05-18,2819.0,1959.0,1457.0,980.0,819.0
2011-05-19,2415.0,1759.0,1301.0,894.0,656.0
2011-05-20,3206.0,1943.0,1362.0,948.0,540.0
2011-05-21,2806.0,2250.0,1736.0,1164.0,904.0
2011-05-23,3572.0,2898.0,2220.0,1460.0,521.0
2011-05-24,3462.0,2800.0,1988.0,1240.0,668.0
2011-05-25,2606.0,1781.0,1287.0,873.0,805.0
2011-05-26,2414.0,1764.0,1294.0,880.0,669.0
2011-05-27,3326.0,2611.0,1801.0,1048.0,380.0
2011-05-28,2352.0,2020.0,1378.0,898.0,629.0
2011-05-30,2722.0,2054.0,1439.0,940.0,753.0
2011-05-31,2634.0,1948.0,1270.0,855.0,770.0
2011-06-01,3035.0,2007.0,1408.0,900.0,649.0
2011-06-02,2882.0,2064.0,1322.0,862.0,493.0
2011-06-03,3093.0,2043.0,1374.0,889.0,605.0
2011-06-04,3349.0,2480.0,1583.0,927.0,493.0
2011-06-06,3379.0,2501.0,1627.0,994.0,800.0
2011-06-07,2785.0,2000.0,1356.0,892.0,710.0
2011-06-08,2809.0,1754.0,1202.0,842.0,772.0
2011-06-09,2810.0,1894.0,1187.0,735.0,723.0
2011-06-10,2900.0,1901.0,1279.0,900.0,706.0
2011-06-11,3521.0,2660.0,1950.0,1293.0,670.0
2011-06-13,3867.0,3151.0,2219.0,1502.0,804.0
2011-06-14,3900.0,2650.0,1748.0,1170.0,858.0
2011-06-15,3468.0,2627.0,1734.0,1072.0,712.0
2011-06-16,2800.0,2086.0,1424.0,954.0,867.0
2011-06-17,3163.0,2176.0,1522.0,991.0,758.0
2011-06-18,2587.0,1895.0,1282.0,774.0,667.0
2011-06-20,2300.0,2019.0,1493.0,987.0,877.0
2011-06-21,2493.0,1788.0,1283.0,878.0,946.0
2011-06-22,2730.0,2075.0,1474.0,1021.0,852.0
2011-06-23,3075.0,2471.0,1759.0,1163.0,896.0
2011-06-24,2421.0,1923.0,1346.0,884.0,634.0
2011-06-25,2976.0,2152.0,1505.0,989.0,277.0
2011-06-27,3401.0,2657.0,1854.0,1193.0,698.0
2011-06-28,3190.0,2180.0,1388.0,900.0,731.0
2011-06-29,3011.0,2171.0,1414.0,950.0,765.0
2011-06-30,2570.0,1757.0,1203.0,802.0,552.0
2011-07-01,5225.0,2738.0,1761.0,1144.0,343.0
2011-07-02,3594.0,2326.0,1453.0,910.0,522.0
2011-07-04,3621.0,2481.0,1502.0,932.0,517.0
2011-07-05,4532.0,3524.0,2460.0,1470.0,416.0
2011-07-06,5037.0,4054.0,2812.0,1757.0,587.0
2011-07-07,4811.0,3391.0,2370.0,1396.0,714.0
2011-07-08,4709.0,3609.0,2290.0,1284.0,466.0
2011-07-09,5256.0,4216.0,3298.0,1890.0,313.0
2011-07-11,6013.0,4430.0,2777.0,1308.0,524.0
2011-07-12,6500.0,4363.0,2649.0,1206.0,650.0
2011-07-13,6718.0,4342.0,2242.0,1224.0,559.0
2011-07-14,6846.0,5281.0,2920.0,1710.0,530.0
2011-07-15,7583.0,5333.0,3274.0,1683.0,532.0
2011-07-16,7863.0,5647.0,3136.0,1674.0,475.0
2011-07-18,8811.0,5603.0,3379.0,1709.0,706.0
2011-07-19,9682.0,5369.0,2924.0,1778.0,752.0
2011-07-20,10309.0,7853.0,5123.0,3109.0,477.0
2011-07-21,8900.0,6455.0,4400.0,2404.0,550.0
2011-07-22,8960.0,5881.0,3411.0,1825.0,698.0
2011-07-23,11658.0,9502.0,7102.0,4461.0,333.0
2011-07-25,12562.0,9872.0,6854.0,4240.0,571.0
2011-07-26,12716.0,8685.0,5234.0,3050.0,655.0
2011-07-27,11275.0,7796.0,4411.0,2706.0,655.0
2011-07-28,8233.0,5964.0,3732.0,2169.0,504.0
2011-07-29,10807.0,9007.0,6597.0,4325.0,378.0
2011-07-30,11568.0,9096.0,5157.0,3051.0,510.0
2011-08-01,11414.0,8618.0,5253.0,2908.0,739.0
2011-08-02,11590.0,7556.0,4379.0,2644.0,526.0
2011-08-03,10628.0,7759.0,4647.0,2651.0,599.0
2011-08-04,11450.0,7728.0,4659.0,2890.0,667.0
2011-08-05,12323.0,9861.0,7238.0,4874.0,517.0
2011-08-06,9459.0,6921.0,4169.0,2783.0,254.0
2011-08-08,12224.0,9382.0,6106.0,3860.0,675.0
2011-08-09,12259.0,8934.0,5734.0,3659.0,595.0
2011-08-10,12903.0,9094.0,5735.0,3485.0,662.0
2011-08-11,12399.0,8791.0,6086.0,3781.0,644.0
2011-08-12,10300.0,9903.0,7706.0,5251.0,499.0
2011-08-13,12245.0,10136.0,7384.0,4377.0,510.0
2011-08-15,12174.0,10068.0,7637.0,4859.0,636.0
2011-08-16,13040.0,9674.0,6756.0,4271.0,614.0
2011-08-17,13144.0,8936.0,6200.0,3966.0,685.0
2011-08-18,13384.0,11211.0,7854.0,4849.0,546.0
2011-08-19,12071.0,9876.0,6858.0,4652.0,750.0
2011-08-20,13294.0,10784.0,7576.0,4873.0,705.0
2011-08-22,13318.0,10058.0,7509.0,5002.0,920.0
2011-08-23,13126.0,10304.0,7880.0,5265.0,888.0
2011-08-24,13309.0,10821.0,7954.0,5346.0,835.0
2011-08-25,14141.0,11282.0,8493.0,5640.0,865.0
2011-08-26,14400.0,11205.0,8733.0,5812.0,998.0
2011-08-27,13048.0,11191.0,8442.0,5496.0,793.0
2011-08-29,14550.0,10949.0,8303.0,5497.0,1077.0
2011-08-30,13306.0,10551.0,8051.0,5224.0,1131.0
2011-08-31,12492.0,10509.0,7977.0,5347.0,1103.0
2011-09-01,10300.0,6637.0,4114.0,2515.0,979.0
2011-09-02,6595.0,4809.0,2979.0,1843.0,997.0
2011-09-03,5707.0,4558.0,3075.0,1979.0,667.0
2011-09-05,11643.0,8624.0,6409.0,4045.0,1458.0
2011-09-06,12521.0,9335.0,6890.0,4371.0,1409.0
2011-09-07,12650.0,9164.0,6669.0,4337.0,1424.0
2011-09-08,11851.0,9017.0,6565.0,4260.0,1267.0
2011-09-09,10888.0,7793.0,5538.0,3650.0,1348.0
2011-09-15,11643.0,8397.0,5963.0,3732.0,953.0
2011-09-16,8295.0,6123.0,4036.0,2507.0,1282.0
2011-09-17,6685.0,4319.0,2729.0,1662.0,1080.0
2011-09-19,7725.0,5080.0,2985.0,1646.0,991.0
2011-09-21,7446.0,4749.0,2940.0,1608.0,934.0
2011-09-22,6137.0,4174.0,2579.0,1636.0,950.0
2011-09-23,5703.0,4605.0,3293.0,2139.0,886.0
2011-09-24,5629.0,4278.0,2855.0,1801.0,813.0
2011-09-26,6128.0,4899.0,3441.0,2333.0,795.0
2011-09-27,6011.0,4914.0,3368.0,2229.0,766.0
2011-09-28,6229.0,4770.0,3270.0,2043.0,1022.0
2011-09-29,5864.0,4590.0,3129.0,2012.0,939.0
2011-10-01,5748.0,4416.0,3009.0,1862.0,696.0
2011-10-03,5847.0,4908.0,3333.0,2188.0,840.0
2011-10-04,6454.0,5193.0,3602.0,2290.0,889.0
2011-10-05,6685.0,4945.0,3583.0,2276.0,936.0
2011-10-06,6260.0,5166.0,3621.0,2297.0,999.0
2011-10-07,5702.0,4588.0,3258.0,2078.0,926.0
2011-10-08,6301.0,4765.0,3337.0,2080.0,642.0
2011-10-10,5853.0,4945.0,3497.0,2185.0,902.0
2011-10-11,5924.0,4661.0,3158.0,1924.0,883.0
2011-10-12,5994.0,5029.0,3595.0,2189.0,700.0
2011-10-13,5635.0,4819.0,3635.0,2422.0,677.0
2011-10-14,6400.0,5345.0,3793.0,2409.0,655.0
2011-10-15,6314.0,5273.0,3975.0,2641.0,492.0
2011-10-17,6008.0,4959.0,3763.0,2458.0,864.0
2011-10-18,5863.0,4764.0,3509.0,2242.0,880.0
2011-10-19,5782.0,4763.0,3450.0,2269.0,814.0
2011-10-20,5431.0,4560.0,3178.0,2070.0,943.0
2011-10-21,5366.0,4386.0,3221.0,2094.0,862.0
2011-10-22,4948.0,3778.0,2666.0,1644.0,688.0
2011-10-24,5529.0,4552.0,3375.0,2095.0,615.0
2011-10-25,5223.0,3615.0,2479.0,1596.0,975.0
2011-10-26,4333.0,3207.0,2155.0,1332.0,884.0
2011-10-27,4056.0,2869.0,2085.0,1262.0,825.0
2011-10-28,3886.0,3016.0,2160.0,1298.0,753.0
2011-10-29,3778.0,2590.0,1733.0,1012.0,216.0
2011-10-31,3844.0,3179.0,2272.0,1481.0,750.0
2011-11-01,3403.0,2521.0,1850.0,1193.0,822.0
2011-11-02,3602.0,2561.0,1783.0,1176.0,860.0
2011-11-03,3400.0,2599.0,1890.0,1173.0,845.0
2011-11-04,3012.0,2410.0,1849.0,1191.0,910.0
2011-11-05,3251.0,2572.0,1855.0,1193.0,855.0
2011-11-07,3531.0,3048.0,2417.0,1544.0,717.0
2011-11-08,3350.0,2044.0,1532.0,1003.0,1149.0
2011-11-09,2902.0,2053.0,1493.0,959.0,1110.0
2011-11-10,2768.0,2030.0,1404.0,932.0,1013.0
2011-11-11,3240.0,2463.0,1715.0,1143.0,1238.0
2011-11-12,4060.0,3317.0,2406.0,1585.0,1168.0
2011-11-14,3410.0,2385.0,1550.0,1028.0,1817.0
2011-11-15,3407.0,2472.0,1595.0,983.0,1132.0
2011-11-16,3071.0,2284.0,1521.0,1000.0,1333.0
2011-11-17,4300.0,3299.0,2360.0,1518.0,1104.0
2011-11-18,5259.0,4144.0,3036.0,1992.0,1550.0
2011-11-19,5427.0,3959.0,2972.0,1968.0,1542.0
2011-11-21,4141.0,2645.0,1813.0,1206.0,1693.0
2011-11-22,3493.0,2361.0,1556.0,1012.0,1066.0
2011-11-23,4238.0,2739.0,1808.0,1141.0,1249.0
2011-11-24,4342.0,2918.0,1885.0,1229.0,1360.0
2011-11-25,4556.0,3230.0,2323.0,1533.0,1048.0
2011-11-26,4073.0,2497.0,1652.0,1048.0,1319.0
2011-11-28,4180.0,2585.0,1700.0,1094.0,1377.0
2011-11-29,3250.0,1935.0,1235.0,849.0,925.0
2011-11-30,4000.0,2269.0,1451.0,916.0,853.0
2011-12-01,5652.0,2920.0,2095.0,1243.0,393.0
2011-12-02,4600.0,2859.0,1783.0,1092.0,685.0
2011-12-03,3964.0,3016.0,2098.0,1234.0,971.0
2011-12-05,5588.0,3053.0,2064.0,1266.0,870.0
2011-12-06,4025.0,2521.0,1804.0,1149.0,598.0
2011-12-07,3971.0,2473.0,1696.0,1094.0,751.0
2011-12-08,4000.0,2643.0,1844.0,1166.0,780.0
2011-12-09,4150.0,2374.0,1562.0,1044.0,606.0
2011-12-10,3271.0,2236.0,1302.0,837.0,418.0
2011-12-12,3047.0,2370.0,1682.0,1086.0,409.0
2011-12-13,2991.0,2296.0,1604.0,1087.0,475.0
2011-12-14,2882.0,2236.0,1622.0,1101.0,497.0
2011-12-15,2982.0,2342.0,1648.0,1044.0,460.0
2011-12-16,2848.0,2250.0,1620.0,1076.0,495.0
2011-12-17,3052.0,2155.0,1381.0,914.0,221.0
2011-12-19,3051.0,2261.0,1793.0,1137.0,406.0
2011-12-20,3152.0,2444.0,1994.0,1328.0,426.0
2011-12-21,3454.0,2652.0,2224.0,1477.0,513.0
2011-12-22,2849.0,2418.0,1926.0,1247.0,657.0
2011-12-23,2463.0,1968.0,1410.0,957.0,525.0
2011-12-24,2256.0,1851.0,1164.0,755.0,213.0
2011-12-26,2500.0,1586.0,1130.0,792.0,297.0
2011-12-27,3000.0,2461.0,1703.0,1193.0,213.0
2011-12-28,3284.0,2653.0,2059.0,1283.0,377.0
2011-12-29,3540.0,2962.0,2192.0,1339.0,540.0
2011-12-30,3463.0,2512.0,1655.0,1048.0,652.0
2011-12-31,3200.0,2323.0,1534.0,1011.0,314.0
2012-01-02,3200.0,2323.0,1534.0,1011.0,
2012-01-03,3235.0,2613.0,1809.0,1077.0,589.0
2012-01-04,3323.0,2921.0,2175.0,1414.0,443.0
2012-01-05,3420.0,2656.0,2097.0,1344.0,375.0
2012-01-06,3381.0,2623.0,1869.0,1245.0,466.0
2012-01-07,3087.0,2405.0,1691.0,1090.0,433.0
2012-01-09,3323.0,2445.0,1613.0,1090.0,620.0
2012-01-10,3349.0,2689.0,1815.0,1233.0,450.0
2012-01-11,3500.0,2843.0,1951.0,1158.0,523.0
2012-01-12,3375.0,2783.0,1906.0,1130.0,513.0
2012-01-13,3167.0,2492.0,1812.0,1188.0,524.0
2012-01-14,3050.0,2420.0,1653.0,985.0,420.0
2012-01-16,3175.0,2328.0,1531.0,1056.0,736.0
2012-01-17,3150.0,2566.0,1769.0,1072.0,594.0
2012-01-18,3313.0,2343.0,1553.0,1024.0,606.0
2012-01-19,3223.0,2530.0,1772.0,1075.0,453.0
2012-01-20,3286.0,2631.0,1784.0,1130.0,434.0
2012-01-21,3286.0,2631.0,1784.0,1130.0,80.0
2012-01-26,4500.0,3893.0,3290.0,2211.0,188.0
2012-01-27,4009.0,3372.0,2525.0,1659.0,372.0
2012-01-28,4500.0,3714.0,2658.0,1733.0,265.0
2012-01-30,4100.0,2987.0,2115.0,1391.0,793.0
2012-01-31,4482.0,3052.0,2170.0,1303.0,490.0
2012-02-01,3694.0,2833.0,2062.0,1367.0,413.0
2012-02-02,3471.0,2657.0,1897.0,1153.0,319.0
2012-02-03,3050.0,2540.0,1818.0,1112.0,215.0
2012-02-04,2300.0,2001.0,1681.0,1149.0,160.0
2012-02-06,3950.0,3062.0,2172.0,1380.0,382.0
2012-02-07,4400.0,3480.0,2534.0,1651.0,460.0
2012-02-08,4963.0,3437.0,2310.0,1336.0,413.0
2012-02-09,4890.0,3802.0,2375.0,1187.0,367.0
2012-02-10,5600.0,4490.0,2648.0,1425.0,315.0
2012-02-11,4845.0,3676.0,2394.0,1479.0,472.0
2012-02-13,5169.0,4029.0,2493.0,1392.0,511.0
2012-02-14,5345.0,3667.0,2239.0,1350.0,458.0
2012-02-15,6439.0,4598.0,2868.0,1452.0,292.0
2012-02-16,5742.0,4443.0,2911.0,1491.0,583.0
2012-02-17,5776.0,4062.0,2280.0,1270.0,493.0
2012-02-18,5787.0,3490.0,1887.0,1141.0,424.0
2012-02-20,7150.0,5868.0,3669.0,2003.0,331.0
2012-02-21,6612.0,5244.0,3774.0,2451.0,346.0
2012-02-22,6547.0,5294.0,3471.0,2158.0,490.0
2012-02-23,7647.0,5852.0,3707.0,1981.0,475.0
2012-02-24,7092.0,5455.0,3192.0,1710.0,579.0
2012-02-25,6633.0,4552.0,2314.0,1241.0,520.0
2012-02-27,7274.0,5703.0,3373.0,1720.0,547.0
2012-02-28,7713.0,6875.0,4352.0,2488.0,381.0
2012-02-29,7654.0,6310.0,4252.0,2728.0,555.0
2012-03-01,7360.0,5689.0,3399.0,1569.0,537.0
2012-03-02,8450.0,6311.0,3812.0,2089.0,586.0
2012-03-03,8444.0,6783.0,4420.0,2482.0,377.0
2012-03-05,9205.0,7097.0,4176.0,2181.0,637.0
2012-03-06,9359.0,7955.0,5076.0,3051.0,362.0
2012-03-07,9593.0,7659.0,4473.0,2376.0,512.0
2012-03-08,10283.0,8053.0,5228.0,2292.0,569.0
2012-03-09,9829.0,7219.0,4454.0,2848.0,572.0
2012-03-10,9556.0,6437.0,3784.0,2094.0,449.0
2012-03-12,9885.0,7887.0,4386.0,2044.0,565.0
2012-03-13,9736.0,8315.0,5411.0,2919.0,509.0
2012-03-14,10153.0,7861.0,5135.0,3196.0,476.0
2012-03-15,9798.0,7520.0,4411.0,2231.0,543.0
2012-03-16,9747.0,7592.0,4542.0,1715.0,488.0
2012-03-17,9650.0,8943.0,6253.0,4209.0,176.0
2012-03-19,10389.0,8291.0,5244.0,2058.0,594.0
2012-03-20,10010.0,7567.0,5235.0,3290.0,669.0
2012-03-21,10127.0,8161.0,5186.0,2895.0,547.0
2012-03-22,10100.0,7224.0,4406.0,2514.0,556.0
2012-03-23,10151.0,8129.0,4995.0,3071.0,503.0
2012-03-24,10000.0,9019.0,6176.0,3078.0,268.0
2012-03-26,10085.0,7367.0,4174.0,1447.0,627.0
2012-03-27,10700.0,8495.0,4590.0,2290.0,419.0
2012-03-28,10953.0,7787.0,4565.0,2591.0,568.0
2012-03-29,10397.0,8373.0,4278.0,1123.0,446.0
2012-03-30,11366.0,8751.0,4985.0,1897.0,373.0
2012-03-31,11696.0,9132.0,4753.0,1722.0,323.0
2012-04-02,12416.0,8943.0,4579.0,1796.0,547.0
2012-04-03,13039.0,9078.0,4725.0,1712.0,445.0
2012-04-04,12288.0,10130.0,5673.0,2563.0,394.0
2012-04-05,11512.0,8245.0,5340.0,3167.0,431.0
2012-04-06,12005.0,8271.0,5295.0,2910.0,392.0
2012-04-07,12658.0,9484.0,6197.0,3426.0,272.0
2012-04-09,13548.0,9606.0,4991.0,2275.0,565.0
2012-04-10,15654.0,11118.0,6023.0,2957.0,483.0
2012-04-11,16403.0,13150.0,8681.0,3426.0,415.0
2012-04-12,16414.0,10505.0,6153.0,3566.0,521.0
2012-04-13,15563.0,11303.0,6628.0,3788.0,401.0
2012-04-14,15060.0,10358.0,5590.0,3404.0,309.0
2012-04-16,15740.0,10655.0,6258.0,3726.0,621.0
2012-04-17,15942.0,9455.0,4922.0,3011.0,477.0
2012-04-18,16211.0,10200.0,5112.0,2139.0,594.0
2012-04-19,14553.0,9251.0,5597.0,2543.0,436.0
2012-04-20,14674.0,9484.0,6154.0,3429.0,355.0
2012-04-21,13579.0,9345.0,6466.0,3481.0,313.0
2012-04-23,17002.0,11287.0,6736.0,3892.0,448.0
2012-04-24,17419.0,12276.0,7291.0,4110.0,477.0
2012-04-25,16827.0,12059.0,8340.0,4776.0,550.0
2012-04-26,16858.0,11810.0,7933.0,5259.0,468.0
2012-04-27,14491.0,10032.0,7294.0,4994.0,400.0
2012-04-28,15338.0,9979.0,7494.0,5079.0,317.0
2012-04-30,15526.0,8452.0,6463.0,4108.0,828.0
2012-05-01,12705.0,7574.0,5914.0,3661.0,683.0
2012-05-02,9839.0,7273.0,5498.0,3667.0,658.0
2012-05-03,7628.0,5844.0,4160.0,2797.0,717.0
2012-05-04,6734.0,5908.0,4123.0,2744.0,683.0
2012-05-05,5965.0,4749.0,3299.0,2172.0,441.0
2012-05-07,6024.0,5126.0,3843.0,2468.0,680.0
2012-05-08,6806.0,5754.0,4156.0,2646.0,571.0
2012-05-09,6082.0,4852.0,3369.0,2182.0,810.0
2012-05-10,5705.0,4836.0,3370.0,2118.0,596.0
2012-05-11,5986.0,4917.0,3140.0,2085.0,613.0
2012-05-12,6624.0,5689.0,3966.0,2661.0,324.0
2012-05-14,6722.0,5611.0,4316.0,2765.0,651.0
2012-05-15,6790.0,5905.0,4208.0,2764.0,633.0
2012-05-16,6694.0,5617.0,4225.0,2740.0,683.0
2012-05-17,6351.0,4871.0,3326.0,2132.0,854.0
2012-05-18,6692.0,4951.0,3235.0,1971.0,760.0
2012-05-19,4915.0,3922.0,2659.0,1726.0,570.0
2012-05-21,5594.0,4463.0,3223.0,2038.0,715.0
2012-05-22,5008.0,3872.0,2511.0,1628.0,647.0
2012-05-23,5587.0,4785.0,3432.0,2352.0,470.0
2012-05-24,5640.0,4735.0,3503.0,2323.0,587.0
2012-05-25,5356.0,4244.0,2832.0,1654.0,725.0
2012-05-26,4550.0,3619.0,2450.0,1291.0,665.0
2012-05-28,5212.0,4255.0,2816.0,1834.0,518.0
2012-05-29,5042.0,3715.0,2472.0,1514.0,786.0
2012-05-30,4014.0,2829.0,1862.0,1158.0,884.0
2012-05-31,3725.0,2761.0,1852.0,1038.0,761.0
2012-06-01,4071.0,2955.0,1894.0,1161.0,588.0
2012-06-02,3475.0,2575.0,1822.0,1113.0,510.0
2012-06-04,4731.0,3567.0,2472.0,1426.0,671.0
2012-06-05,4623.0,3690.0,2494.0,1488.0,627.0
2012-06-06,4083.0,3192.0,1944.0,1093.0,721.0
2012-06-07,4394.0,3381.0,2182.0,1338.0,560.0
2012-06-08,4486.0,3713.0,2438.0,1364.0,502.0
2012-06-09,4735.0,3164.0,1979.0,1113.0,465.0
2012-06-11,4225.0,2766.0,1742.0,1089.0,900.0
2012-06-12,3955.0,2772.0,1827.0,1140.0,705.0
2012-06-13,4468.0,3115.0,1962.0,1153.0,610.0
2012-06-14,4027.0,2879.0,1897.0,1108.0,633.0
2012-06-15,4171.0,2899.0,1868.0,1125.0,597.0
2012-06-16,4173.0,3190.0,2276.0,1344.0,541.0
2012-06-18,3663.0,3000.0,2078.0,1347.0,807.0
2012-06-19,4322.0,3679.0,2751.0,1711.0,666.0
2012-06-20,4422.0,3425.0,2287.0,1457.0,751.0
2012-06-21,4933.0,4157.0,2936.0,1898.0,451.0
2012-06-22,4496.0,3594.0,2691.0,1645.0,624.0
2012-06-23,5152.0,4377.0,3368.0,2217.0,442.0
2012-06-25,6952.0,6161.0,4768.0,3173.0,524.0
2012-06-26,7758.0,6876.0,5065.0,3301.0,569.0
2012-06-27,7556.0,6599.0,4779.0,3015.0,629.0
2012-06-28,8774.0,8143.0,6725.0,4292.0,457.0
2012-06-29,8446.0,7604.0,5488.0,3569.0,626.0
2012-06-30,9214.0,8253.0,6262.0,3998.0,536.0
2012-07-02,10219.0,9262.0,6777.0,4297.0,540.0
2012-07-03,9322.0,7476.0,4772.0,2903.0,697.0
2012-07-04,8389.0,6050.0,4050.0,2450.0,771.0
2012-07-05,8019.0,6141.0,4250.0,2567.0,531.0
2012-07-06,8100.0,5693.0,3790.0,2465.0,591.0
2012-07-07,8737.0,6409.0,3508.0,2106.0,247.0
2012-07-09,7146.0,5967.0,3807.0,2069.0,861.0
2012-07-10,6948.0,5480.0,3748.0,2422.0,730.0
2012-07-11,7383.0,5823.0,4069.0,2520.0,622.0
2012-07-12,6081.0,4524.0,2928.0,1815.0,574.0
2012-07-13,7270.0,5062.0,3059.0,1619.0,664.0
2012-07-14,7494.0,5494.0,3269.0,1841.0,379.0
2012-07-16,8175.0,7106.0,4614.0,2115.0,397.0
2012-07-17,6472.0,4373.0,2653.0,1538.0,951.0
2012-07-18,7177.0,5550.0,3578.0,2150.0,641.0
2012-07-19,7096.0,5143.0,3274.0,1991.0,542.0
2012-07-20,6093.0,5129.0,3167.0,1916.0,441.0
2012-07-21,6834.0,5157.0,2959.0,1750.0,424.0
2012-07-23,6793.0,5306.0,3477.0,1651.0,698.0
2012-07-24,7486.0,5131.0,3301.0,2022.0,690.0
2012-07-25,7113.0,4653.0,2643.0,1473.0,655.0
2012-07-26,6511.0,3968.0,2548.0,1661.0,723.0
2012-07-27,6522.0,4477.0,2827.0,1729.0,511.0
2012-07-28,6985.0,5271.0,3349.0,1974.0,437.0
2012-07-30,6998.0,5115.0,3348.0,1905.0,639.0
2012-07-31,7496.0,5555.0,3316.0,1965.0,519.0
2012-08-01,6563.0,4147.0,2528.0,1537.0,553.0
2012-08-02,6590.0,4942.0,2947.0,1427.0,548.0
2012-08-03,8187.0,5683.0,3666.0,2046.0,502.0
2012-08-04,9432.0,7265.0,4874.0,3204.0,451.0
2012-08-06,8154.0,5859.0,3463.0,2115.0,690.0
2012-08-07,8262.0,6149.0,3285.0,1905.0,662.0
2012-08-08,8295.0,6167.0,3689.0,2380.0,570.0
2012-08-09,8150.0,6208.0,4005.0,2489.0,571.0
2012-08-10,9524.0,7523.0,4900.0,3140.0,552.0
2012-08-11,10595.0,8167.0,5583.0,3443.0,511.0
2012-08-13,11950.0,7913.0,4848.0,2933.0,878.0
2012-08-14,13100.0,9192.0,5637.0,3111.0,561.0
2012-08-15,11964.0,8349.0,4543.0,2643.0,802.0
2012-08-16,10826.0,7175.0,3799.0,2043.0,775.0
2012-08-17,10780.0,8039.0,5448.0,2788.0,515.0
2012-08-18,9700.0,6630.0,3766.0,1806.0,694.0
2012-08-20,10299.0,6123.0,3082.0,1689.0,849.0
2012-08-21,10663.0,5917.0,3477.0,1722.0,775.0
2012-08-22,10139.0,6274.0,3456.0,1832.0,617.0
2012-08-23,9708.0,5949.0,3581.0,2027.0,626.0
2012-08-24,11066.0,7861.0,5055.0,2955.0,578.0
2012-08-25,10524.0,6436.0,3645.0,2165.0,834.0
2012-08-27,10101.0,6894.0,3833.0,2109.0,1038.0
2012-08-28,12400.0,8761.0,4884.0,2812.0,912.0
2012-08-29,12774.0,9293.0,5957.0,3557.0,592.0
2012-08-30,10364.0,6836.0,4024.0,2513.0,1085.0
2012-08-31,10940.0,6940.0,3739.0,2160.0,671.0
2012-09-01,14131.0,10642.0,6541.0,4228.0,960.0
2012-09-02,16567.0,10709.0,7187.0,4350.0,1341.0
2012-09-03,12345.0,8617.0,4777.0,2865.0,1005.0
2012-09-04,11669.0,8461.0,5055.0,3121.0,897.0
2012-09-05,12290.0,9118.0,5393.0,3043.0,761.0
2012-09-06,13314.0,10157.0,6462.0,3524.0,702.0
2012-09-07,12624.0,9431.0,5540.0,1817.0,927.0
2012-09-08,13450.0,10691.0,7014.0,3725.0,866.0
2012-09-11,14198.0,8635.0,5108.0,3038.0,1288.0
2012-09-12,13988.0,9524.0,5890.0,2965.0,1141.0
2012-09-13,13277.0,9531.0,6098.0,3819.0,1063.0
2012-09-14,15054.0,11114.0,7610.0,4394.0,885.0
2012-09-15,14684.0,10777.0,6951.0,3828.0,940.0
2012-09-17,15862.0,12079.0,7943.0,4735.0,1219.0
2012-09-18,17840.0,12311.0,7553.0,4248.0,685.0
2012-09-19,17678.0,11646.0,7346.0,4574.0,1179.0
2012-09-21,17196.0,11592.0,8301.0,4960.0,1300.0
2012-09-22,16364.0,10847.0,6940.0,4207.0,1301.0
2012-09-24,13918.0,10370.0,6902.0,3967.0,1434.0
2012-09-25,14713.0,10231.0,6842.0,3882.0,1367.0
2012-09-26,15345.0,10048.0,6368.0,3836.0,1302.0
2012-09-27,15252.0,10297.0,6846.0,4467.0,933.0
2012-09-28,15484.0,11718.0,8086.0,5184.0,781.0
2012-09-29,,,,,212.0
2012-10-03,16478.0,12440.0,9122.0,5586.0,521.0
2012-10-04,16050.0,12602.0,9646.0,6282.0,611.0
2012-10-05,15307.0,11127.0,7960.0,5299.0,996.0
2012-10-06,13480.0,9016.0,6165.0,4086.0,975.0
2012-10-08,12201.0,9055.0,6489.0,4269.0,1045.0
2012-10-09,11692.0,8487.0,6006.0,3641.0,843.0
2012-10-10,11503.0,9062.0,6179.0,4036.0,868.0
2012-10-11,10471.0,7829.0,5323.0,3521.0,989.0
2012-10-12,10083.0,8093.0,5673.0,3604.0,856.0
2012-10-13,10977.0,7622.0,5066.0,3301.0,652.0
2012-10-15,10246.0,8064.0,5262.0,3482.0,933.0
2012-10-16,10572.0,7895.0,5147.0,3244.0,983.0
2012-10-17,10493.0,7205.0,4634.0,2826.0,1023.0
2012-10-18,9927.0,7037.0,4540.0,2746.0,852.0
2012-10-19,9846.0,7509.0,4801.0,2873.0,866.0
2012-10-20,8502.0,6253.0,4234.0,2782.0,928.0
2012-10-22,8868.0,7170.0,4808.0,2867.0,969.0
2012-10-23,8708.0,6690.0,4315.0,2590.0,874.0
2012-10-24,8474.0,6984.0,4795.0,2940.0,904.0
2012-10-25,8120.0,6530.0,4413.0,2725.0,1091.0
2012-10-26,7937.0,6479.0,4419.0,2899.0,932.0
2012-10-27,7701.0,6455.0,4317.0,2441.0,713.0
2012-10-29,8124.0,7076.0,5389.0,3470.0,763.0
2012-10-30,7734.0,5968.0,4382.0,2876.0,959.0
2012-10-31,7534.0,6277.0,4288.0,2868.0,774.0
2012-11-01,7553.0,6181.0,4385.0,2671.0,876.0
2012-11-02,7755.0,6349.0,4404.0,2951.0,756.0
2012-11-03,7580.0,6397.0,4270.0,2749.0,773.0
2012-11-05,7732.0,6946.0,4933.0,3266.0,881.0
2012-11-06,7712.0,6189.0,4475.0,2952.0,877.0
2012-11-07,7710.0,6422.0,4761.0,3083.0,737.0
2012-11-08,7648.0,6321.0,4444.0,2809.0,802.0
2012-11-09,8663.0,7355.0,5512.0,3698.0,770.0
2012-11-10,9211.0,7807.0,5668.0,3451.0,1014.0
2012-11-12,8891.0,7409.0,5451.0,3554.0,1222.0
2012-11-13,8632.0,6683.0,4959.0,3186.0,1051.0
2012-11-14,8413.0,6331.0,4750.0,3119.0,1166.0
2012-11-15,9736.0,7518.0,5579.0,3526.0,903.0
2012-11-16,9403.0,7545.0,5519.0,3574.0,1395.0
2012-11-17,10096.0,8225.0,6337.0,4050.0,1237.0
2012-11-19,9184.0,7151.0,4994.0,3286.0,1733.0
2012-11-20,8353.0,5663.0,4139.0,2755.0,1430.0
2012-11-21,9348.0,7252.0,5049.0,3203.0,1447.0
2012-11-22,10401.0,8264.0,6222.0,4012.0,442.0
2012-11-23,10846.0,7948.0,5785.0,3713.0,1758.0
2012-11-24,10698.0,7657.0,5516.0,3744.0,1844.0
2012-11-26,10301.0,7428.0,5348.0,3503.0,1603.0
2012-11-27,9474.0,6696.0,4454.0,2829.0,1213.0
2012-11-28,9669.0,6796.0,4423.0,2577.0,1377.0
2012-11-29,10098.0,7027.0,4483.0,2607.0,1681.0
2012-11-30,11312.0,8687.0,5523.0,3201.0,1445.0
2012-12-01,11650.0,7720.0,5041.0,3021.0,1641.0
2012-12-03,9670.0,7144.0,4788.0,2827.0,1457.0
2012-12-04,10383.0,7118.0,4581.0,2625.0,936.0
2012-12-05,10706.0,7579.0,4438.0,2543.0,877.0
2012-12-06,11723.0,9449.0,5936.0,3269.0,734.0
2012-12-07,11596.0,10290.0,6629.0,4092.0,531.0
2012-12-08,12641.0,10143.0,6966.0,4584.0,457.0
2012-12-10,12495.0,10390.0,6836.0,4401.0,522.0
2012-12-11,13001.0,10356.0,6990.0,4582.0,402.0
2012-12-12,11576.0,9222.0,5793.0,3628.0,839.0
2012-12-13,11202.0,8782.0,5890.0,3559.0,745.0
2012-12-14,12128.0,9727.0,6138.0,3500.0,704.0
2012-12-15,13071.0,10861.0,6642.0,4433.0,576.0
2012-12-17,12053.0,9166.0,6027.0,3882.0,1178.0
2012-12-18,12622.0,9548.0,5686.0,3122.0,963.0
2012-12-19,11981.0,9058.0,5635.0,3204.0,763.0
2012-12-20,11455.0,8162.0,5619.0,3427.0,607.0
2012-12-21,11580.0,8581.0,5894.0,3858.0,647.0
2012-12-22,11476.0,7684.0,4715.0,2895.0,525.0
2012-12-24,12979.0,9826.0,6654.0,4079.0,468.0
2012-12-25,12653.0,8843.0,5506.0,3602.0,436.0
2012-12-26,11154.0,8476.0,5514.0,3553.0,610.0
2012-12-27,12250.0,9744.0,7367.0,4832.0,326.0
2012-12-28,12875.0,9651.0,6353.0,3968.0,390.0
2012-12-29,13475.0,10955.0,7659.0,4842.0,424.0
2012-12-31,14074.0,11252.0,7761.0,5008.0,396.0
2013-01-03,13279.0,10515.0,7505.0,5039.0,805.0
2013-01-04,13324.0,10454.0,7438.0,4879.0,564.0
2013-01-05,11407.0,9250.0,6491.0,4290.0,474.0
2013-01-07,11607.0,9961.0,6964.0,4669.0,549.0
2013-01-08,13502.0,10962.0,7627.0,4940.0,434.0
2013-01-09,12866.0,10604.0,7175.0,4819.0,624.0
2013-01-10,12179.0,9645.0,6401.0,4208.0,551.0
2013-01-11,12896.0,10097.0,6887.0,4497.0,469.0
2013-01-12,12702.0,9460.0,6543.0,4208.0,312.0
2013-01-14,12240.0,9955.0,6832.0,4713.0,720.0
2013-01-15,12305.0,10254.0,7060.0,4536.0,407.0
2013-01-16,11801.0,8946.0,6048.0,4075.0,750.0
2013-01-17,12440.0,8810.0,5699.0,3885.0,632.0
2013-01-18,11764.0,8286.0,5397.0,3598.0,711.0
2013-01-19,12610.0,8364.0,4844.0,3127.0,391.0
2013-01-21,12282.0,10001.0,6083.0,3762.0,626.0
2013-01-22,12255.0,9481.0,6191.0,4119.0,581.0
2013-01-23,11615.0,8851.0,5872.0,3792.0,460.0
2013-01-24,12307.0,8423.0,5150.0,3263.0,620.0
2013-01-25,12108.0,9664.0,6409.0,4146.0,497.0
2013-01-26,12325.0,8189.0,4735.0,2857.0,427.0
2013-01-28,12537.0,8784.0,4754.0,2588.0,741.0
2013-01-29,11749.0,8507.0,4879.0,2863.0,554.0
2013-01-30,12347.0,9045.0,5281.0,3304.0,537.0
2013-01-31,12390.0,8936.0,5945.0,3317.0,587.0
2013-02-01,12822.0,8803.0,5243.0,3193.0,731.0
2013-02-02,12307.0,7809.0,4339.0,2640.0,386.0
2013-02-04,12942.0,9025.0,5674.0,3645.0,841.0
2013-02-05,13067.0,9866.0,5729.0,3399.0,715.0
2013-02-06,13242.0,9037.0,5425.0,3249.0,854.0
2013-02-07,13171.0,9147.0,5309.0,3415.0,630.0
2013-02-08,13116.0,10054.0,5422.0,3330.0,341.0
2013-02-09,13116.0,10054.0,5422.0,3330.0,24.0
2013-02-13,12075.0,8721.0,5940.0,3984.0,305.0
2013-02-14,13973.0,10462.0,6756.0,3974.0,584.0
2013-02-15,14523.0,10720.0,6098.0,3646.0,787.0
2013-02-16,13369.0,9443.0,5623.0,3523.0,538.0
2013-02-18,13727.0,10460.0,6587.0,3914.0,770.0
2013-02-19,12918.0,9316.0,6031.0,4014.0,587.0
2013-02-20,13218.0,9643.0,6196.0,3896.0,639.0
2013-02-21,12693.0,9018.0,5579.0,3561.0,808.0
2013-02-22,12933.0,8802.0,5674.0,3544.0,582.0
2013-02-23,12182.0,9667.0,6037.0,3945.0,462.0
2013-02-25,12201.0,8871.0,5754.0,3867.0,858.0
2013-02-26,12941.0,8796.0,5534.0,3557.0,696.0
2013-02-27,12300.0,9125.0,6422.0,3867.0,364.0
2013-02-28,13009.0,9449.0,6304.0,4120.0,542.0
2013-03-01,11616.0,8355.0,5861.0,3735.0,592.0
2013-03-02,12924.0,10689.0,7685.0,4946.0,272.0
2013-03-04,13745.0,9952.0,6038.0,3932.0,814.0
2013-03-05,13609.0,10309.0,6374.0,4196.0,677.0
2013-03-06,13384.0,9519.0,6197.0,3895.0,901.0
2013-03-07,12959.0,9069.0,5806.0,3871.0,716.0
2013-03-08,13588.0,9089.0,5574.0,3628.0,689.0
2013-03-09,12486.0,8311.0,5001.0,3057.0,540.0
2013-03-11,13559.0,8511.0,5279.0,3352.0,853.0
2013-03-12,13305.0,8361.0,4726.0,2882.0,803.0
2013-03-13,15402.0,9939.0,5426.0,3077.0,687.0
2013-03-14,14762.0,8970.0,4900.0,3075.0,763.0
2013-03-15,13946.0,9108.0,5677.0,3230.0,587.0
2013-03-16,10537.0,7010.0,4288.0,2662.0,642.0
2013-03-18,12970.0,8356.0,5118.0,3271.0,806.0
2013-03-19,13098.0,8485.0,5468.0,2899.0,591.0
2013-03-20,14147.0,9447.0,5832.0,2954.0,644.0
2013-03-21,12783.0,8681.0,5310.0,3529.0,691.0
2013-03-22,12249.0,8717.0,5933.0,3637.0,515.0
2013-03-23,12284.0,8443.0,5234.0,3280.0,464.0
2013-03-25,13098.0,8678.0,5518.0,3268.0,832.0
2013-03-26,13243.0,8712.0,5464.0,3501.0,725.0
2013-03-27,11638.0,8207.0,5104.0,3193.0,703.0
2013-03-28,11358.0,7942.0,5143.0,3507.0,624.0
2013-03-29,11791.0,8193.0,5169.0,3508.0,687.0
2013-03-30,11781.0,7781.0,4941.0,2830.0,530.0
2013-04-01,12318.0,8638.0,5137.0,3090.0,597.0
2013-04-02,12469.0,9240.0,5645.0,3398.0,644.0
2013-04-03,12747.0,8963.0,5445.0,3226.0,648.0
2013-04-04,12437.0,8691.0,5522.0,2966.0,551.0
2013-04-05,10690.0,8653.0,6112.0,3793.0,604.0
2013-04-06,11681.0,8445.0,5596.0,3034.0,442.0
2013-04-08,12477.0,8958.0,5988.0,3531.0,741.0
2013-04-09,12862.0,9040.0,5769.0,3600.0,623.0
2013-04-10,11431.0,8955.0,6270.0,4093.0,741.0
2013-04-11,12649.0,8629.0,5372.0,3407.0,842.0
2013-04-12,11273.0,8147.0,5636.0,3263.0,720.0
2013-04-13,12855.0,8106.0,4826.0,2895.0,471.0
2013-04-15,12230.0,8681.0,5598.0,3349.0,656.0
2013-04-16,11401.0,8837.0,6390.0,4130.0,544.0
2013-04-17,12368.0,8858.0,5649.0,3262.0,811.0
2013-04-18,10930.0,8270.0,5587.0,3578.0,808.0
2013-04-19,11870.0,8496.0,5506.0,3452.0,822.0
2013-04-20,10568.0,8538.0,5688.0,3729.0,520.0
2013-04-22,12633.0,9176.0,6053.0,3638.0,732.0
2013-04-23,12499.0,9959.0,7092.0,4460.0,650.0
2013-04-24,13217.0,8955.0,6015.0,3564.0,787.0
2013-04-25,10836.0,8210.0,5772.0,3779.0,756.0
2013-04-26,10491.0,7700.0,5057.0,3049.0,641.0
2013-04-27,11003.0,7359.0,4957.0,3190.0,544.0
2013-04-29,10177.0,7059.0,5049.0,3120.0,921.0
2013-04-30,10020.0,7070.0,4846.0,3171.0,771.0
2013-05-01,9313.0,6435.0,4452.0,2849.0,718.0
2013-05-02,8601.0,6452.0,4721.0,2982.0,648.0
2013-05-03,8326.0,6427.0,4793.0,2847.0,694.0
2013-05-04,8026.0,5945.0,4379.0,2889.0,639.0
2013-05-06,9663.0,6340.0,5169.0,3768.0,793.0
2013-05-07,7042.0,5675.0,4271.0,2912.0,734.0
2013-05-08,8145.0,6274.0,5051.0,3410.0,563.0
2013-05-09,7177.0,6323.0,5141.0,3361.0,538.0
2013-05-10,8469.0,7323.0,6062.0,4048.0,516.0
2013-05-11,8218.0,7456.0,5855.0,3990.0,490.0
2013-05-13,8900.0,7708.0,5944.0,3954.0,682.0
2013-05-14,9176.0,7429.0,5802.0,3894.0,660.0
2013-05-15,8276.0,6781.0,5123.0,3398.0,713.0
2013-05-16,8337.0,6417.0,4815.0,3176.0,659.0
2013-05-17,7797.0,5969.0,4016.0,2682.0,556.0
2013-05-18,8039.0,6910.0,4377.0,1943.0,246.0
2013-05-20,7486.0,6344.0,4603.0,2549.0,701.0
2013-05-21,7630.0,6454.0,4898.0,3041.0,680.0
2013-05-22,6213.0,4849.0,3455.0,1984.0,890.0
2013-05-23,6065.0,4868.0,3680.0,2265.0,
2013-05-24,5003.0,4319.0,3151.0,1604.0,624.0
2013-05-25,6184.0,4881.0,3461.0,2045.0,400.0
2013-05-27,6061.0,5123.0,3601.0,1937.0,717.0
2013-05-28,6476.0,5802.0,4581.0,3235.0,554.0
2013-05-29,5712.0,4405.0,3010.0,1760.0,389.0
2013-05-30,5761.0,4731.0,3517.0,2065.0,597.0
2013-05-31,5841.0,4223.0,2838.0,1707.0,817.0
2013-06-01,5429.0,3481.0,2333.0,1434.0,673.0
2013-06-03,5822.0,4490.0,3108.0,1631.0,705.0
2013-06-04,5940.0,4601.0,3245.0,2198.0,797.0
2013-06-05,5281.0,3886.0,2747.0,1667.0,796.0
2013-06-06,4892.0,3826.0,2687.0,1635.0,665.0
2013-06-07,5501.0,3854.0,2552.0,1554.0,775.0
2013-06-08,5735.0,4185.0,2637.0,1330.0,676.0
2013-06-10,5955.0,4626.0,3121.0,1719.0,892.0
2013-06-11,6447.0,4934.0,3486.0,2241.0,683.0
2013-06-12,7029.0,5604.0,3726.0,2394.0,574.0
2013-06-13,6121.0,4997.0,3233.0,1819.0,693.0
2013-06-14,6166.0,4762.0,3197.0,1948.0,844.0
2013-06-15,7230.0,5618.0,3763.0,2102.0,721.0
2013-06-17,6105.0,4751.0,3120.0,2200.0,1297.0
2013-06-18,7062.0,5481.0,4048.0,2582.0,1016.0
2013-06-19,6941.0,5880.0,3994.0,2277.0,661.0
2013-06-20,6463.0,4561.0,3165.0,1859.0,727.0
2013-06-21,5392.0,3641.0,2298.0,1299.0,902.0
2013-06-22,5182.0,3234.0,1963.0,1224.0,698.0
2013-06-24,5737.0,4626.0,3067.0,1732.0,616.0
2013-06-25,5885.0,4156.0,2683.0,1456.0,652.0
2013-06-26,4790.0,3517.0,2405.0,1416.0,684.0
2013-06-27,5084.0,3692.0,2217.0,1027.0,618.0
2013-06-28,5768.0,4302.0,2568.0,1420.0,563.0
2013-06-29,5543.0,4653.0,3011.0,1743.0,457.0
2013-07-01,5337.0,4350.0,2980.0,1881.0,814.0
2013-07-02,5822.0,4464.0,3006.0,1807.0,824.0
2013-07-03,5754.0,4131.0,2355.0,1222.0,797.0
2013-07-04,5256.0,4328.0,2889.0,1647.0,647.0
2013-07-05,4553.0,3282.0,1950.0,1185.0,645.0
2013-07-06,5826.0,5001.0,3453.0,1755.0,228.0
2013-07-08,5172.0,3867.0,2422.0,1213.0,699.0
2013-07-09,5131.0,4172.0,2706.0,1288.0,475.0
2013-07-10,5113.0,3637.0,2005.0,1042.0,529.0
2013-07-11,5118.0,3642.0,2140.0,1204.0,483.0
2013-07-12,5358.0,3959.0,2182.0,1009.0,521.0
2013-07-13,6702.0,5527.0,3912.0,2364.0,354.0
2013-07-15,5416.0,3969.0,2453.0,1078.0,588.0
2013-07-16,7711.0,6556.0,4888.0,3355.0,357.0
2013-07-17,5812.0,4083.0,2195.0,1221.0,828.0
2013-07-18,6820.0,5063.0,2846.0,1132.0,597.0
2013-07-19,6883.0,4476.0,2343.0,1002.0,665.0
2013-07-20,7722.0,5902.0,3704.0,1981.0,555.0
2013-07-22,7354.0,5407.0,2963.0,1553.0,863.0
2013-07-23,7429.0,4769.0,2384.0,959.0,482.0
2013-07-24,8613.0,6027.0,2970.0,1185.0,607.0
2013-07-25,10092.0,7192.0,4418.0,2424.0,560.0
2013-07-26,8305.0,5379.0,2835.0,1547.0,844.0
2013-07-27,9714.0,6355.0,3332.0,1652.0,557.0
2013-07-29,11640.0,7909.0,4849.0,2720.0,607.0
2013-07-30,10883.0,7475.0,4466.0,2467.0,750.0
2013-07-31,11115.0,6899.0,3732.0,1857.0,786.0
2013-08-01,11631.0,8740.0,5516.0,2621.0,574.0
2013-08-02,11116.0,7426.0,4197.0,2277.0,727.0
2013-08-03,7972.0,6034.0,3255.0,1597.0,295.0
2013-08-05,12206.0,9099.0,5646.0,3104.0,526.0
2013-08-06,12145.0,7991.0,4735.0,2465.0,743.0
2013-08-07,12587.0,8282.0,4844.0,2362.0,625.0
2013-08-08,12559.0,9143.0,5422.0,3019.0,533.0
2013-08-09,13670.0,10264.0,6977.0,3758.0,528.0
2013-08-10,12063.0,9674.0,6013.0,3499.0,483.0
2013-08-12,13320.0,10640.0,7463.0,4551.0,691.0
2013-08-13,13278.0,9618.0,6811.0,4148.0,642.0
2013-08-14,13503.0,10431.0,7352.0,4199.0,521.0
2013-08-15,11945.0,9096.0,6590.0,4096.0,598.0
2013-08-16,12996.0,9168.0,6349.0,3992.0,555.0
2013-08-17,13926.0,10970.0,7404.0,4757.0,402.0
2013-08-19,15790.0,11607.0,8436.0,5115.0,664.0
2013-08-20,15652.0,11741.0,8635.0,5757.0,672.0
2013-08-21,14808.0,12034.0,8147.0,4339.0,669.0
2013-08-22,15312.0,12720.0,8495.0,4438.0,647.0
2013-08-23,14647.0,12300.0,7925.0,4546.0,736.0
2013-08-24,16373.0,13856.0,9486.0,4870.0,467.0
2013-08-26,16294.0,13200.0,8036.0,4919.0,943.0
2013-08-27,17569.0,14357.0,9149.0,5158.0,747.0
2013-08-28,17068.0,14036.0,9024.0,5177.0,770.0
2013-08-29,16555.0,13601.0,8879.0,5569.0,827.0
2013-08-30,16013.0,13186.0,8546.0,5364.0,833.0
2013-08-31,13782.0,11203.0,7961.0,5288.0,612.0
2013-09-01,13812.0,10002.0,6495.0,3610.0,1547.0
2013-09-02,13895.0,8929.0,5417.0,3301.0,1328.0
2013-09-03,10155.0,7556.0,4753.0,2842.0,717.0
2013-09-04,14364.0,9466.0,6152.0,3732.0,1399.0
2013-09-05,14712.0,9847.0,6032.0,3633.0,1351.0
2013-09-06,13925.0,10510.0,6653.0,3765.0,1313.0
2013-09-07,14702.0,11057.0,6925.0,4022.0,1205.0
2013-09-09,13797.0,9452.0,6149.0,3345.0,1843.0
2013-09-11,14143.0,10407.0,6596.0,3762.0,1526.0
2013-09-12,13487.0,9276.0,6188.0,3759.0,1192.0
2013-09-13,12218.0,8945.0,5841.0,3372.0,1544.0
2013-09-14,12916.0,9347.0,5807.0,2963.0,1176.0
2013-09-16,13256.0,8759.0,5215.0,2538.0,1627.0
2013-09-17,15039.0,11093.0,7524.0,4453.0,1015.0
2013-09-18,13859.0,12472.0,9000.0,6238.0,228.0
2013-09-23,12920.0,9266.0,5688.0,3338.0,1410.0
2013-09-24,11498.0,7295.0,4430.0,2598.0,1141.0
2013-09-25,10026.0,6530.0,3892.0,1834.0,947.0
2013-09-26,10402.0,7440.0,4866.0,2645.0,533.0
2013-09-27,8965.0,6393.0,4196.0,2464.0,1077.0
2013-09-28,8317.0,4983.0,2938.0,1441.0,1175.0
2013-10-01,8813.0,6774.0,4497.0,2603.0,917.0
2013-10-02,8052.0,5753.0,3411.0,1744.0,1101.0
2013-10-03,7785.0,5547.0,3540.0,1902.0,989.0
2013-10-04,6923.0,4748.0,2860.0,1528.0,1090.0
2013-10-05,5849.0,4047.0,2292.0,1174.0,987.0
2013-10-07,6162.0,4707.0,3014.0,1633.0,1090.0
2013-10-08,6087.0,4890.0,3358.0,2109.0,854.0
2013-10-09,6720.0,4865.0,3236.0,1787.0,519.0
2013-10-10,6480.0,5053.0,3512.0,2299.0,736.0
2013-10-11,6050.0,3996.0,2495.0,1403.0,1022.0
2013-10-12,5493.0,3460.0,1945.0,1056.0,907.0
2013-10-14,4927.0,3547.0,2035.0,1176.0,1121.0
2013-10-15,5194.0,3381.0,1998.0,1115.0,1001.0
2013-10-16,4825.0,3544.0,2248.0,1301.0,934.0
2013-10-17,4373.0,2987.0,1948.0,1165.0,781.0
2013-10-18,4499.0,3483.0,2280.0,1440.0,723.0
2013-10-19,4398.0,3391.0,2215.0,1354.0,671.0
2013-10-21,4873.0,3871.0,2703.0,1767.0,895.0
2013-10-22,4743.0,3536.0,2372.0,1422.0,980.0
2013-10-23,4978.0,3705.0,2419.0,1671.0,764.0
2013-10-24,5340.0,4445.0,3223.0,2159.0,586.0
2013-10-25,5059.0,3918.0,2645.0,1570.0,844.0
2013-10-26,5229.0,3938.0,2412.0,1322.0,697.0
2013-10-28,4646.0,3915.0,2662.0,1707.0,881.0
2013-10-29,4692.0,3804.0,2637.0,1612.0,837.0
2013-10-30,4698.0,3730.0,2586.0,1738.0,819.0
2013-10-31,4337.0,3308.0,2316.0,1446.0,925.0
2013-11-01,4349.0,3256.0,2283.0,1507.0,878.0
2013-11-02,4496.0,3484.0,2398.0,1427.0,711.0
2013-11-04,5155.0,4153.0,2946.0,1901.0,794.0
2013-11-05,4705.0,3512.0,2366.0,1437.0,1026.0
2013-11-06,4676.0,3317.0,2150.0,1306.0,1091.0
2013-11-07,4872.0,3893.0,2701.0,1776.0,863.0
2013-11-08,6099.0,4855.0,3741.0,2474.0,909.0
2013-11-09,6650.0,5438.0,3750.0,2344.0,1200.0
2013-11-11,6550.0,5034.0,3366.0,1839.0,1691.0
2013-11-12,5788.0,4282.0,2937.0,1782.0,1240.0
2013-11-13,6008.0,4771.0,3608.0,2165.0,1176.0
2013-11-14,6453.0,5239.0,3978.0,2586.0,1367.0
2013-11-15,7539.0,6726.0,5296.0,3443.0,1497.0
2013-11-16,7502.0,5787.0,4049.0,2459.0,2074.0
2013-11-18,7296.0,5489.0,3849.0,2513.0,1527.0
2013-11-19,6101.0,4162.0,2855.0,1820.0,1465.0
2013-11-20,7590.0,5832.0,4283.0,2838.0,1070.0
2013-11-21,7538.0,6094.0,4410.0,2882.0,1418.0
2013-11-22,8396.0,6929.0,4965.0,3378.0,1592.0
2013-11-23,8650.0,6865.0,4673.0,2851.0,1723.0
2013-11-25,8019.0,6385.0,4390.0,2643.0,1872.0
2013-11-26,6690.0,4777.0,2979.0,1850.0,1028.0
2013-11-27,7593.0,5686.0,3501.0,2173.0,1171.0
2013-11-28,7755.0,6733.0,4847.0,3191.0,794.0
2013-11-29,8487.0,7222.0,5420.0,3549.0,829.0
2013-11-30,8595.0,6748.0,4653.0,2833.0,910.0
2013-12-02,7132.0,5690.0,4035.0,2638.0,1426.0
2013-12-03,6366.0,5000.0,3459.0,2116.0,880.0
2013-12-04,5804.0,4587.0,3017.0,1852.0,1143.0
2013-12-05,6213.0,4863.0,3490.0,1969.0,972.0
2013-12-06,6622.0,5245.0,3779.0,2301.0,810.0
2013-12-07,5816.0,4590.0,3204.0,2011.0,885.0
2013-12-09,6467.0,4687.0,3331.0,2122.0,756.0
2013-12-10,5425.0,4497.0,3384.0,2134.0,658.0
2013-12-11,5136.0,4307.0,3257.0,2172.0,403.0
2013-12-12,5117.0,4343.0,3390.0,2173.0,477.0
2013-12-13,5040.0,4091.0,2700.0,1715.0,418.0
2013-12-14,4520.0,3674.0,2596.0,1670.0,409.0
2013-12-16,5312.0,4495.0,3584.0,1836.0,430.0
2013-12-17,4806.0,4222.0,3272.0,1810.0,581.0
2013-12-18,5236.0,4375.0,3492.0,2339.0,478.0
2013-12-19,5012.0,4249.0,3370.0,2022.0,557.0
2013-12-20,5216.0,4430.0,3375.0,1925.0,455.0
2013-12-21,4996.0,4517.0,3224.0,1694.0,326.0
2013-12-23,5233.0,4496.0,3430.0,2057.0,604.0
2013-12-24,5108.0,4240.0,3315.0,1692.0,592.0
2013-12-25,5296.0,4322.0,3381.0,1880.0,346.0
2013-12-26,5700.0,4972.0,3868.0,2032.0,389.0
2013-12-27,4904.0,4078.0,3016.0,1888.0,621.0
2013-12-28,4682.0,4301.0,3248.0,2097.0,302.0
2013-12-30,5192.0,4592.0,3181.0,1337.0,564.0
2013-12-31,4500.0,4400.0,4057.0,2639.0,398.0
2014-01-02,5200.0,4690.0,3769.0,2500.0,
2014-01-03,5544.0,4972.0,4173.0,2729.0,600.0
2014-01-04,5130.0,4560.0,3456.0,2384.0,456.0
2014-01-06,5007.0,4234.0,3250.0,2075.0,770.0
2014-01-07,4615.0,4141.0,3198.0,2140.0,554.0
2014-01-08,5013.0,4298.0,3374.0,2318.0,473.0
2014-01-09,5107.0,4192.0,3349.0,2185.0,509.0
2014-01-10,4478.0,3987.0,2845.0,1899.0,524.0
2014-01-11,4348.0,3530.0,2216.0,1270.0,347.0
2014-01-13,4482.0,4053.0,3117.0,1938.0,602.0
2014-01-14,4315.0,3609.0,2537.0,1694.0,486.0
2014-01-15,4524.0,3841.0,2638.0,1732.0,385.0
2014-01-16,4966.0,4216.0,3122.0,2017.0,437.0
2014-01-17,4647.0,3976.0,2749.0,1766.0,557.0
2014-01-18,4103.0,3634.0,2614.0,1747.0,474.0
2014-01-20,4451.0,3796.0,2803.0,1816.0,738.0
2014-01-21,4269.0,3671.0,2467.0,1674.0,607.0
2014-01-22,4352.0,3194.0,2025.0,1251.0,517.0
2014-01-23,4511.0,3729.0,2042.0,1107.0,611.0
2014-01-24,4233.0,3594.0,2509.0,1511.0,566.0
2014-01-25,4443.0,3567.0,2383.0,1239.0,495.0
2014-01-27,4316.0,3662.0,2527.0,1584.0,777.0
2014-01-28,4285.0,3726.0,2570.0,1628.0,555.0
2014-01-29,4262.0,3782.0,2687.0,1521.0,354.0
2014-01-30,4262.0,3782.0,2687.0,1521.0,47.0
2014-02-03,4780.0,4151.0,2906.0,1935.0,309.0
2014-02-04,4291.0,3713.0,2572.0,1738.0,484.0
2014-02-05,4459.0,3730.0,2725.0,1743.0,406.0
2014-02-06,4241.0,3609.0,2571.0,1654.0,370.0
2014-02-07,4204.0,3658.0,2687.0,1921.0,410.0
2014-02-08,4284.0,3556.0,2405.0,1578.0,564.0
2014-02-10,4076.0,3254.0,2368.0,1566.0,795.0
2014-02-11,3686.0,2855.0,1934.0,1229.0,655.0
2014-02-12,3413.0,2847.0,2083.0,1308.0,569.0
2014-02-13,3188.0,2570.0,1958.0,1276.0,579.0
2014-02-14,3322.0,2551.0,1949.0,1305.0,424.0
2014-02-15,3265.0,2612.0,1656.0,1078.0,389.0
2014-02-17,3262.0,2892.0,2138.0,1346.0,657.0
2014-02-18,3499.0,3045.0,2107.0,1393.0,423.0
2014-02-19,3534.0,3276.0,2358.0,1616.0,385.0
2014-02-20,3742.0,3424.0,2429.0,1538.0,488.0
2014-02-21,3800.0,3417.0,2429.0,1478.0,576.0
2014-02-22,3355.0,3054.0,2319.0,1495.0,474.0
2014-02-24,3441.0,2760.0,1913.0,1233.0,706.0
2014-02-25,3548.0,3017.0,2199.0,1388.0,477.0
2014-02-26,3535.0,2916.0,2135.0,1405.0,588.0
2014-02-27,3565.0,3164.0,2184.0,1238.0,352.0
2014-02-28,3859.0,3082.0,2107.0,1377.0,486.0
2014-03-01,3463.0,2974.0,1939.0,1121.0,524.0
2014-03-03,3600.0,3172.0,2288.0,1439.0,685.0
2014-03-04,3503.0,2834.0,2055.0,1300.0,642.0
2014-03-05,3271.0,2612.0,1852.0,1157.0,649.0
2014-03-06,3530.0,2644.0,1876.0,1011.0,516.0
2014-03-07,3284.0,2892.0,2024.0,1074.0,537.0
2014-03-08,3356.0,2800.0,2153.0,1487.0,492.0
2014-03-10,3054.0,2586.0,1903.0,1268.0,686.0
2014-03-11,3976.0,2954.0,2084.0,1331.0,443.0
2014-03-12,3620.0,2758.0,1888.0,1207.0,638.0
2014-03-13,3552.0,2780.0,1982.0,1276.0,497.0
2014-03-14,3255.0,2602.0,1939.0,1216.0,369.0
2014-03-15,3170.0,2789.0,2023.0,1259.0,420.0
2014-03-17,3373.0,2581.0,1886.0,1231.0,873.0
2014-03-18,3078.0,2453.0,1776.0,1095.0,669.0
2014-03-19,3114.0,2348.0,1577.0,990.0,445.0
2014-03-20,3190.0,2573.0,1724.0,964.0,577.0
2014-03-21,2800.0,2183.0,1497.0,879.0,545.0
2014-03-22,3199.0,2330.0,1439.0,924.0,338.0
2014-03-24,3651.0,3023.0,2041.0,1289.0,524.0
2014-03-25,3411.0,2776.0,1941.0,1267.0,583.0
2014-03-26,3535.0,2742.0,1627.0,881.0,435.0
2014-03-27,3638.0,2624.0,1765.0,797.0,363.0
2014-03-28,3817.0,2903.0,1893.0,1151.0,421.0
2014-03-29,3623.0,2767.0,1679.0,758.0,363.0
2014-03-31,3770.0,2994.0,1979.0,1073.0,505.0
2014-04-01,3765.0,2733.0,1721.0,898.0,512.0
2014-04-02,3300.0,2236.0,1350.0,753.0,569.0
2014-04-03,3201.0,2482.0,1581.0,721.0,349.0
2014-04-04,2904.0,2298.0,1573.0,744.0,469.0
2014-04-05,2906.0,2215.0,1582.0,993.0,325.0
2014-04-07,3040.0,2454.0,1701.0,1063.0,546.0
2014-04-08,3174.0,2389.0,1487.0,841.0,597.0
2014-04-09,3007.0,2310.0,1526.0,911.0,476.0
2014-04-10,3200.0,2249.0,1472.0,840.0,484.0
2014-04-11,2940.0,2200.0,1346.0,760.0,463.0
2014-04-12,2832.0,2394.0,1553.0,1037.0,314.0
2014-04-14,3157.0,2564.0,1615.0,978.0,509.0
2014-04-15,3097.0,2347.0,1522.0,1008.0,522.0
2014-04-16,2934.0,2024.0,1237.0,749.0,416.0
2014-04-17,2774.0,2022.0,1312.0,840.0,490.0
2014-04-18,2611.0,1941.0,1275.0,893.0,417.0
2014-04-19,2600.0,2145.0,1449.0,976.0,280.0
2014-04-21,2930.0,2212.0,1341.0,870.0,577.0
2014-04-22,3324.0,2339.0,1462.0,962.0,426.0
2014-04-23,3254.0,2173.0,1312.0,815.0,556.0
2014-04-24,3219.0,2163.0,1295.0,826.0,481.0
2014-04-25,3060.0,2192.0,1423.0,946.0,346.0
2014-04-26,3070.0,2560.0,1455.0,869.0,272.0
2014-04-28,3504.0,2502.0,1371.0,843.0,584.0
2014-04-29,3511.0,2474.0,1380.0,778.0,477.0
2014-04-30,3229.0,2180.0,1359.0,875.0,509.0
2014-05-01,3327.0,2075.0,1354.0,890.0,456.0
2014-05-02,3646.0,2457.0,1455.0,855.0,456.0
2014-05-03,4000.0,3045.0,1627.0,1003.0,325.0
2014-05-05,4414.0,3379.0,1932.0,1164.0,460.0
2014-05-06,5319.0,3344.0,2141.0,1262.0,391.0
2014-05-07,4340.0,2822.0,1549.0,852.0,641.0
2014-05-08,4339.0,2799.0,1397.0,872.0,527.0
2014-05-09,4007.0,2247.0,1434.0,880.0,562.0
2014-05-10,4138.0,2810.0,1239.0,888.0,277.0
2014-05-12,3941.0,2677.0,1788.0,1155.0,662.0
2014-05-13,3696.0,2411.0,1456.0,933.0,550.0
2014-05-14,3784.0,2746.0,1539.0,999.0,578.0
2014-05-15,4068.0,2451.0,1458.0,946.0,540.0
2014-05-16,4078.0,2551.0,1661.0,1043.0,469.0
2014-05-17,3464.0,2596.0,1726.0,1065.0,342.0
2014-05-19,4674.0,2977.0,2064.0,1301.0,565.0
2014-05-20,4460.0,2800.0,1711.0,1042.0,642.0
2014-05-21,4206.0,2704.0,1816.0,1027.0,627.0
2014-05-22,3133.0,2200.0,1327.0,798.0,562.0
2014-05-23,3141.0,2374.0,1611.0,1029.0,468.0
2014-05-24,2583.0,2111.0,1274.0,693.0,314.0
2014-05-26,3757.0,2504.0,1716.0,1074.0,578.0
2014-05-27,3853.0,2500.0,1657.0,1043.0,553.0
2014-05-28,3623.0,2214.0,1474.0,983.0,603.0
2014-05-29,3402.0,2240.0,1467.0,951.0,469.0
2014-05-30,3014.0,2033.0,1462.0,959.0,502.0
2014-05-31,2700.0,2306.0,1731.0,1131.0,288.0
2014-06-02,3816.0,2695.0,2084.0,1373.0,537.0
2014-06-03,3831.0,2919.0,2142.0,1314.0,631.0
2014-06-04,3295.0,2377.0,1593.0,986.0,472.0
2014-06-05,3351.0,2427.0,1535.0,945.0,602.0
2014-06-06,3515.0,2476.0,1661.0,990.0,498.0
2014-06-07,3291.0,2279.0,1502.0,976.0,412.0
2014-06-09,3762.0,2694.0,1744.0,954.0,649.0
2014-06-10,4604.0,3677.0,2322.0,1344.0,617.0
2014-06-11,4521.0,3379.0,2221.0,1130.0,622.0
2014-06-12,3949.0,3080.0,2132.0,1226.0,646.0
2014-06-13,3857.0,2865.0,1856.0,1029.0,539.0
2014-06-14,3694.0,3054.0,2270.0,1517.0,409.0
2014-06-16,4220.0,3578.0,2691.0,1704.0,596.0
2014-06-17,4844.0,4018.0,2856.0,1761.0,643.0
2014-06-18,5265.0,4490.0,3506.0,2014.0,673.0
2014-06-19,5224.0,4554.0,3464.0,2296.0,590.0
2014-06-20,5708.0,4652.0,3002.0,1736.0,608.0
2014-06-21,5807.0,4898.0,3825.0,2504.0,505.0
2014-06-23,5241.0,4152.0,3054.0,1931.0,707.0
2014-06-24,5876.0,4627.0,3534.0,2165.0,527.0
2014-06-25,5796.0,4689.0,3502.0,2203.0,644.0
2014-06-26,5922.0,5283.0,3857.0,2609.0,570.0
2014-06-27,5757.0,4968.0,3775.0,2341.0,644.0
2014-06-28,5528.0,4810.0,3324.0,1848.0,582.0
2014-06-30,5627.0,5018.0,3695.0,2316.0,733.0
2014-07-01,5729.0,4908.0,3565.0,2134.0,757.0
2014-07-02,5641.0,4413.0,3204.0,1787.0,646.0
2014-07-03,5841.0,5155.0,3735.0,2479.0,597.0
2014-07-04,6488.0,5738.0,4669.0,2882.0,455.0
2014-07-05,5680.0,4722.0,3559.0,2232.0,681.0
2014-07-07,5960.0,5504.0,4435.0,2711.0,657.0
2014-07-08,5607.0,4419.0,3299.0,2109.0,805.0
2014-07-09,5699.0,4751.0,3968.0,2442.0,578.0
2014-07-10,5663.0,4815.0,3566.0,2119.0,545.0
2014-07-11,5403.0,4637.0,3554.0,2166.0,499.0
2014-07-12,5673.0,4832.0,3578.0,2170.0,486.0
2014-07-14,6125.0,5114.0,3800.0,2251.0,627.0
2014-07-15,5953.0,4862.0,3680.0,2401.0,649.0
2014-07-16,6343.0,5298.0,3841.0,2523.0,531.0
2014-07-17,7323.0,6579.0,5209.0,3572.0,347.0
2014-07-18,8046.0,7142.0,5654.0,3866.0,471.0
2014-07-19,9160.0,8214.0,6462.0,4445.0,329.0
2014-07-21,8439.0,6791.0,4732.0,2886.0,820.0
2014-07-22,8814.0,6822.0,4806.0,2912.0,581.0
2014-07-23,9448.0,7294.0,4857.0,2766.0,673.0
2014-07-24,9949.0,7868.0,5165.0,3233.0,462.0
2014-07-25,8959.0,6822.0,4005.0,2273.0,516.0
2014-07-26,9823.0,8235.0,4962.0,2574.0,444.0
2014-07-28,8941.0,6473.0,3869.0,2251.0,934.0
2014-07-29,8177.0,5958.0,3380.0,1558.0,872.0
2014-07-30,8195.0,6216.0,3419.0,1555.0,710.0
2014-07-31,7342.0,5519.0,3088.0,1685.0,741.0
2014-08-01,6926.0,5388.0,3178.0,1872.0,570.0
2014-08-04,10675.0,9059.0,6299.0,3432.0,437.0
2014-08-05,9713.0,7299.0,3914.0,2030.0,828.0
2014-08-06,9293.0,5925.0,2989.0,1059.0,847.0
2014-08-07,9123.0,4954.0,2528.0,1020.0,885.0
2014-08-08,9667.0,7602.0,4672.0,1639.0,497.0
2014-08-09,8402.0,5628.0,3147.0,1381.0,727.0
2014-08-11,9276.0,6715.0,3758.0,1676.0,704.0
2014-08-12,8288.0,5828.0,3099.0,1267.0,866.0
2014-08-13,6936.0,4427.0,2301.0,960.0,956.0
2014-08-14,7268.0,4600.0,2213.0,642.0,898.0
2014-08-15,7218.0,5149.0,2878.0,1190.0,658.0
2014-08-16,7848.0,6158.0,3414.0,1232.0,594.0
2014-08-18,8450.0,6262.0,3806.0,1962.0,846.0
2014-08-19,9022.0,6934.0,3630.0,1580.0,596.0
2014-08-20,9018.0,6974.0,3703.0,1662.0,693.0
2014-08-21,8108.0,5116.0,2405.0,1074.0,959.0
2014-08-22,8735.0,6357.0,3635.0,1250.0,642.0
2014-08-23,7992.0,5612.0,2972.0,1243.0,991.0
2014-08-25,9212.0,6298.0,3651.0,1671.0,1130.0
2014-08-26,8338.0,6015.0,3296.0,1310.0,908.0
2014-08-27,9898.0,6648.0,3797.0,1650.0,963.0
2014-08-28,9899.0,7503.0,4386.0,2062.0,1019.0
2014-08-29,9459.0,7057.0,3872.0,2162.0,1398.0
2014-08-30,9335.0,6749.0,4080.0,2263.0,1178.0
2014-09-01,8720.0,6028.0,3311.0,1617.0,1510.0
2014-09-02,6897.0,5448.0,3698.0,2369.0,686.0
2014-09-03,6311.0,5531.0,3865.0,2421.0,635.0
2014-09-04,12485.0,9878.0,6589.0,3894.0,825.0
2014-09-05,9640.0,6555.0,3504.0,1761.0,1411.0
2014-09-06,10596.0,8181.0,4828.0,2129.0,618.0
2014-09-11,10522.0,9010.0,5522.0,3140.0,911.0
2014-09-12,10090.0,7087.0,4005.0,2006.0,1054.0
2014-09-13,8361.0,5432.0,2812.0,1601.0,1010.0
2014-09-15,8455.0,5699.0,3017.0,1762.0,956.0
2014-09-16,7353.0,6039.0,3805.0,1971.0,849.0
2014-09-17,7315.0,5294.0,3480.0,2122.0,841.0
2014-09-18,7381.0,5833.0,3880.0,2461.0,721.0
2014-09-19,7123.0,5537.0,3987.0,2598.0,748.0
2014-09-22,6821.0,5410.0,3369.0,2074.0,1057.0
2014-09-23,6858.0,5139.0,3316.0,2028.0,1065.0
2014-09-24,6997.0,5658.0,3584.0,2329.0,872.0
2014-09-25,7779.0,6146.0,3989.0,2528.0,497.0
2014-09-26,7072.0,5396.0,3453.0,2086.0,885.0
2014-09-27,6450.0,4830.0,2936.0,1454.0,763.0
2014-09-29,6267.0,5314.0,3476.0,1899.0,966.0
2014-10-01,5738.0,4574.0,3017.0,1826.0,959.0
2014-10-02,5193.0,3857.0,2400.0,1428.0,1105.0
2014-10-03,5300.0,4660.0,3531.0,2135.0,848.0
2014-10-04,5473.0,4271.0,2517.0,1472.0,490.0
2014-10-06,5490.0,4344.0,2998.0,1836.0,987.0
2014-10-07,5543.0,4074.0,2764.0,1658.0,955.0
2014-10-08,4700.0,3714.0,2360.0,1493.0,876.0
2014-10-09,4845.0,3360.0,2187.0,1265.0,903.0
2014-10-10,4571.0,3220.0,2117.0,1339.0,790.0
2014-10-11,4618.0,3499.0,2282.0,1307.0,546.0
2014-10-13,4315.0,3008.0,2039.0,1241.0,1014.0
2014-10-14,4779.0,3844.0,2794.0,1679.0,563.0
2014-10-15,4674.0,3723.0,2446.0,1488.0,746.0
2014-10-16,4709.0,4067.0,3064.0,1983.0,685.0
2014-10-17,4667.0,4080.0,3036.0,1993.0,744.0
2014-10-18,4430.0,3361.0,2324.0,1451.0,758.0
2014-10-20,4560.0,3742.0,2733.0,1791.0,847.0
2014-10-21,4778.0,4101.0,3061.0,1811.0,543.0
2014-10-22,4653.0,3852.0,2799.0,1854.0,400.0
2014-10-23,4072.0,3417.0,2506.0,1661.0,872.0
2014-10-24,3918.0,2895.0,2055.0,1272.0,961.0
2014-10-25,3817.0,2770.0,1936.0,1094.0,932.0
2014-10-27,3762.0,2863.0,2075.0,1356.0,912.0
2014-10-28,3623.0,2980.0,2040.0,1298.0,823.0
2014-10-29,3752.0,3188.0,2380.0,1548.0,631.0
2014-10-30,3685.0,3016.0,2246.0,1483.0,723.0
2014-10-31,3621.0,3078.0,2295.0,1512.0,793.0
2014-11-01,3974.0,3444.0,2549.0,1740.0,498.0
2014-11-03,3903.0,3573.0,2813.0,1909.0,717.0
2014-11-04,3842.0,3188.0,2204.0,1458.0,965.0
2014-11-05,3710.0,2953.0,2083.0,1310.0,881.0
2014-11-06,3948.0,3263.0,2319.0,1393.0,795.0
2014-11-07,4019.0,3408.0,2541.0,1640.0,960.0
2014-11-08,3935.0,3231.0,2289.0,1545.0,1003.0
2014-11-10,4230.0,3214.0,2343.0,1524.0,1224.0
2014-11-11,3844.0,3041.0,2099.0,1422.0,1159.0
2014-11-12,4204.0,3092.0,2260.0,1450.0,948.0
2014-11-13,4276.0,3392.0,2403.0,1581.0,1070.0
2014-11-14,4256.0,3494.0,2566.0,1674.0,1533.0
2014-11-15,4554.0,3651.0,2698.0,1805.0,1577.0
2014-11-17,4374.0,3288.0,2409.0,1603.0,1839.0
2014-11-18,3777.0,2669.0,1871.0,1230.0,1242.0
2014-11-19,3892.0,2750.0,1927.0,1181.0,1473.0
2014-11-20,4231.0,3416.0,2529.0,1659.0,1459.0
2014-11-21,4158.0,3485.0,2482.0,1616.0,1872.0
2014-11-22,4229.0,3242.0,2122.0,1356.0,1502.0
2014-11-24,3851.0,2910.0,1952.0,1256.0,1629.0
2014-11-25,3974.0,2842.0,1834.0,1072.0,1160.0
2014-11-26,4111.0,3114.0,2128.0,1297.0,987.0
2014-11-27,4438.0,2948.0,2025.0,1249.0,1495.0
2014-11-28,4544.0,3380.0,2421.0,1504.0,1421.0
2014-11-29,5657.0,4396.0,2915.0,1878.0,938.0
2014-12-01,4847.0,3503.0,2596.0,1710.0,1670.0
2014-12-02,3948.0,3034.0,2253.0,1428.0,706.0
2014-12-03,3806.0,2853.0,2068.0,1331.0,684.0
2014-12-04,3810.0,2981.0,2357.0,1488.0,626.0
2014-12-05,3621.0,2845.0,2130.0,1390.0,896.0
2014-12-06,4988.0,4325.0,3016.0,1999.0,424.0
2014-12-08,4261.0,3269.0,2423.0,1589.0,1071.0
2014-12-09,3741.0,2896.0,2293.0,1526.0,740.0
2014-12-10,3336.0,2831.0,2193.0,1462.0,976.0
2014-12-11,3370.0,2904.0,2157.0,1424.0,1120.0
2014-12-12,3361.0,2784.0,2216.0,1444.0,995.0
2014-12-13,3126.0,2726.0,1977.0,1284.0,649.0
2014-12-15,3500.0,3267.0,2385.0,1497.0,615.0
2014-12-16,3372.0,2878.0,2269.0,1479.0,818.0
2014-12-17,3000.0,2498.0,1938.0,1312.0,503.0
2014-12-18,3256.0,2414.0,1700.0,1129.0,268.0
2014-12-19,4200.0,3416.0,2506.0,1767.0,258.0
2014-12-20,4363.0,3840.0,2680.0,1781.0,330.0
2014-12-22,3961.0,3099.0,2357.0,1530.0,866.0
2014-12-23,3700.0,3203.0,2294.0,1491.0,422.0
2014-12-24,3320.0,2765.0,2111.0,1391.0,757.0
2014-12-25,2800.0,2338.0,1931.0,1284.0,474.0
2014-12-26,2320.0,2074.0,1461.0,953.0,618.0
2014-12-27,2587.0,2388.0,1583.0,1006.0,383.0
2014-12-29,3315.0,2907.0,2206.0,1402.0,647.0
2014-12-30,3811.0,3214.0,2477.0,1657.0,594.0
2014-12-31,3334.0,2926.0,2043.0,1339.0,555.0
2015-01-01,3334.0,2926.0,2043.0,1339.0,
2015-01-02,3334.0,2926.0,2043.0,1339.0,
2015-01-03,3356.0,2821.0,2144.0,1491.0,370.0
2015-01-05,3595.0,3216.0,2324.0,1555.0,834.0
2015-01-06,3485.0,3143.0,2351.0,1609.0,774.0
2015-01-07,3138.0,2674.0,2030.0,1328.0,686.0
2015-01-08,2890.0,2424.0,1634.0,1137.0,479.0
2015-01-09,2800.0,2342.0,1663.0,1098.0,518.0
2015-01-10,2800.0,2342.0,1616.0,1034.0,337.0
2015-01-12,3111.0,2747.0,1931.0,1202.0,531.0
2015-01-13,3043.0,2548.0,1700.0,1116.0,608.0
2015-01-14,3300.0,2627.0,1763.0,1095.0,527.0
2015-01-15,3290.0,2772.0,1866.0,1230.0,462.0
2015-01-16,3512.0,3236.0,2587.0,1654.0,397.0
2015-01-17,3419.0,3130.0,2312.0,1600.0,391.0
2015-01-19,3691.0,3140.0,2309.0,1527.0,599.0
2015-01-20,3419.0,2785.0,1993.0,1337.0,566.0
2015-01-21,3659.0,2936.0,2035.0,1225.0,533.0
2015-01-22,3419.0,2725.0,1798.0,1156.0,509.0
2015-01-23,3480.0,2804.0,1881.0,1142.0,523.0
2015-01-24,3461.0,2898.0,1878.0,1217.0,382.0
2015-01-26,3705.0,3049.0,2132.0,1379.0,694.0
2015-01-27,3500.0,3141.0,2226.0,1427.0,348.0
2015-01-28,3646.0,3065.0,2340.0,1564.0,550.0
2015-01-29,3692.0,3316.0,2360.0,1562.0,471.0
2015-01-30,4157.0,3612.0,2789.0,1854.0,414.0
2015-01-31,4214.0,3416.0,2422.0,1555.0,368.0
2015-02-02,3842.0,3129.0,2371.0,1535.0,725.0
2015-02-03,4181.0,3222.0,2387.0,1568.0,516.0
2015-02-04,3808.0,3165.0,2336.0,1469.0,702.0
2015-02-05,3887.0,2971.0,2149.0,1423.0,607.0
2015-02-06,4236.0,3203.0,2496.0,1655.0,518.0
2015-02-07,3603.0,2806.0,2195.0,1452.0,625.0
2015-02-09,3734.0,3186.0,2409.0,1643.0,678.0
2015-02-10,5300.0,4229.0,2905.0,1605.0,333.0
2015-02-11,4620.0,3878.0,3110.0,2099.0,636.0
2015-02-12,4540.0,3915.0,2920.0,1932.0,722.0
2015-02-13,4415.0,3589.0,2722.0,1819.0,836.0
2015-02-14,4321.0,3605.0,2578.0,1731.0,609.0
2015-02-16,4421.0,3680.0,2643.0,1836.0,855.0
2015-02-17,5350.0,4197.0,2952.0,2052.0,296.0
2015-02-18,5350.0,4197.0,2952.0,2052.0,69.0
2015-02-23,4629.0,3703.0,2504.0,1622.0,704.0
2015-02-24,4432.0,3794.0,2513.0,1645.0,560.0
2015-02-25,4960.0,4525.0,3409.0,2326.0,439.0
2015-02-26,5373.0,4548.0,3610.0,2431.0,587.0
2015-02-27,5200.0,4017.0,3204.0,2155.0,643.0
2015-02-28,4664.0,3897.0,2882.0,2039.0,347.0
2015-03-02,4709.0,4150.0,3143.0,2182.0,672.0
2015-03-03,4789.0,4523.0,3657.0,2472.0,449.0
2015-03-04,5600.0,4810.0,3629.0,2542.0,497.0
2015-03-05,5063.0,4620.0,3536.0,2459.0,499.0
2015-03-06,5288.0,4698.0,3614.0,2483.0,557.0
2015-03-07,5182.0,4408.0,3403.0,2357.0,478.0
2015-03-09,5211.0,4543.0,3554.0,2394.0,754.0
2015-03-10,5218.0,4453.0,3465.0,2419.0,462.0
2015-03-11,5889.0,4808.0,3508.0,2463.0,467.0
2015-03-12,5699.0,4696.0,3661.0,2534.0,583.0
2015-03-13,5687.0,4779.0,3576.0,2426.0,589.0
2015-03-14,5783.0,4956.0,3742.0,2372.0,363.0
2015-03-16,5839.0,4813.0,3674.0,2518.0,745.0
2015-03-17,6122.0,4663.0,3392.0,2299.0,753.0
2015-03-18,6119.0,4978.0,3605.0,2098.0,515.0
2015-03-19,5911.0,4607.0,3415.0,2032.0,493.0
2015-03-20,6172.0,4939.0,3881.0,2642.0,524.0
2015-03-21,6157.0,4770.0,3738.0,2422.0,328.0
2015-03-23,6171.0,5255.0,3883.0,2485.0,650.0
2015-03-24,5736.0,4867.0,3407.0,2288.0,626.0
2015-03-25,6014.0,4883.0,3587.0,2474.0,472.0
2015-03-26,5930.0,4820.0,3654.0,2482.0,481.0
2015-03-27,5673.0,4817.0,3387.0,2210.0,439.0
2015-03-28,5682.0,4956.0,3557.0,1936.0,314.0
2015-03-30,5714.0,5052.0,3677.0,2327.0,605.0
2015-03-31,5480.0,4423.0,2788.0,1698.0,613.0
2015-04-01,5456.0,4480.0,3113.0,1971.0,414.0
2015-04-02,5527.0,4578.0,3110.0,1790.0,416.0
2015-04-03,5500.0,4407.0,2814.0,1615.0,373.0
2015-04-04,5716.0,4416.0,2765.0,1437.0,340.0
2015-04-06,6097.0,4751.0,2922.0,1491.0,639.0
2015-04-07,5920.0,4483.0,2973.0,1686.0,521.0
2015-04-08,5602.0,4235.0,3002.0,1819.0,514.0
2015-04-09,5470.0,4294.0,2748.0,1809.0,464.0
2015-04-10,5616.0,4642.0,2984.0,1812.0,444.0
2015-04-11,5635.0,4897.0,3170.0,2133.0,316.0
2015-04-13,5730.0,4754.0,3399.0,2242.0,533.0
2015-04-14,5690.0,4553.0,3106.0,1819.0,521.0
2015-04-15,5718.0,4839.0,3257.0,1968.0,503.0
2015-04-16,5880.0,4910.0,3478.0,1956.0,457.0
2015-04-17,5833.0,5089.0,3454.0,2142.0,521.0
2015-04-18,6120.0,5376.0,3750.0,2624.0,313.0
2015-04-20,6093.0,5062.0,3676.0,2050.0,585.0
2015-04-21,6224.0,5318.0,3564.0,2195.0,603.0
2015-04-22,6036.0,5063.0,3179.0,1754.0,587.0
2015-04-23,6345.0,5659.0,3749.0,1994.0,457.0
2015-04-24,6294.0,5281.0,3456.0,2068.0,635.0
2015-04-25,6358.0,5591.0,3797.0,2591.0,325.0
2015-04-27,6970.0,5553.0,3969.0,2531.0,499.0
2015-04-28,6970.0,5538.0,3831.0,2475.0,571.0
2015-04-29,7389.0,5945.0,4112.0,2641.0,437.0
2015-04-30,7354.0,5893.0,4045.0,2603.0,469.0
2015-05-01,7641.0,6625.0,4503.0,2693.0,449.0
2015-05-02,7800.0,7151.0,5228.0,3706.0,202.0
2015-05-04,8423.0,7240.0,5371.0,3326.0,563.0
2015-05-05,8508.0,6719.0,4497.0,2497.0,568.0
2015-05-06,8566.0,6596.0,4904.0,3167.0,545.0
2015-05-07,8744.0,6853.0,4717.0,3010.0,528.0
2015-05-08,8245.0,6615.0,4605.0,2875.0,529.0
2015-05-09,7939.0,6371.0,4403.0,2809.0,381.0
2015-05-11,9352.0,7475.0,5700.0,3912.0,491.0
2015-05-12,10317.0,8326.0,6876.0,4374.0,411.0
2015-05-13,11900.0,10052.0,8074.0,5084.0,452.0
2015-05-14,13439.0,11513.0,8817.0,5792.0,422.0
2015-05-15,16108.0,12538.0,7482.0,4258.0,484.0
2015-05-16,16898.0,12585.0,8827.0,6134.0,370.0
2015-05-18,15780.0,11431.0,7908.0,4473.0,757.0
2015-05-19,15099.0,11764.0,7964.0,4817.0,562.0
2015-05-20,13630.0,11087.0,7920.0,4878.0,646.0
2015-05-21,13518.0,11292.0,8056.0,5573.0,545.0
2015-05-22,12724.0,9760.0,7045.0,4154.0,598.0
2015-05-23,12520.0,10844.0,8512.0,5868.0,253.0
2015-05-25,12569.0,10485.0,8139.0,5512.0,477.0
2015-05-26,13522.0,10063.0,7349.0,4494.0,604.0
2015-05-27,13511.0,9196.0,6034.0,3648.0,600.0
2015-05-28,14629.0,10231.0,7575.0,4273.0,525.0
2015-05-29,13481.0,8387.0,5819.0,3713.0,618.0
2015-05-30,12951.0,8161.0,5632.0,3739.0,374.0
2015-06-01,9967.0,8334.0,6212.0,4150.0,556.0
2015-06-02,9228.0,8211.0,5960.0,3830.0,654.0
2015-06-03,8943.0,7214.0,5347.0,3406.0,668.0
2015-06-04,7551.0,6327.0,4669.0,3082.0,615.0
2015-06-05,7876.0,6288.0,4464.0,2777.0,566.0
2015-06-06,7545.0,6625.0,4952.0,3337.0,488.0
2015-06-08,7904.0,7178.0,5830.0,3799.0,565.0
2015-06-09,8813.0,7849.0,6094.0,3960.0,584.0
2015-06-10,9651.0,8933.0,7037.0,4398.0,526.0
2015-06-11,10920.0,9518.0,7532.0,5035.0,497.0
2015-06-12,9004.0,7991.0,5823.0,3705.0,762.0
2015-06-13,7413.0,6324.0,4813.0,2669.0,630.0
2015-06-15,7609.0,6549.0,4897.0,2856.0,872.0
2015-06-16,6928.0,5741.0,4150.0,2564.0,852.0
2015-06-17,7099.0,6406.0,4821.0,2935.0,652.0
2015-06-18,6748.0,5554.0,4066.0,2492.0,764.0
2015-06-19,6182.0,5297.0,3837.0,2384.0,707.0
2015-06-20,6645.0,5921.0,4420.0,2709.0,483.0
2015-06-22,7913.0,7074.0,5476.0,3583.0,651.0
2015-06-23,8301.0,7762.0,6216.0,4087.0,543.0
2015-06-24,8166.0,7375.0,5506.0,3698.0,653.0
2015-06-25,8097.0,6868.0,4981.0,3205.0,674.0
2015-06-26,8380.0,7425.0,5661.0,3667.0,652.0
2015-06-27,9157.0,8295.0,6224.0,4233.0,306.0
2015-06-29,7918.0,6922.0,5248.0,3377.0,885.0
2015-06-30,8168.0,6870.0,5158.0,3399.0,700.0
2015-07-01,8312.0,6775.0,5181.0,3324.0,559.0
2015-07-02,8523.0,7291.0,5551.0,3421.0,458.0
2015-07-03,8064.0,7063.0,5570.0,3758.0,614.0
2015-07-04,8138.0,6936.0,5073.0,3364.0,446.0
2015-07-06,8369.0,7398.0,5926.0,3913.0,669.0
2015-07-07,8506.0,7673.0,6081.0,3967.0,590.0
2015-07-08,8420.0,7213.0,5717.0,3672.0,594.0
2015-07-09,8058.0,7427.0,5835.0,3815.0,478.0
2015-07-10,8408.0,7738.0,6162.0,4171.0,444.0
2015-07-11,8204.0,7544.0,5939.0,3989.0,458.0
2015-07-13,7783.0,6495.0,4558.0,2624.0,693.0
2015-07-14,8299.0,7245.0,4831.0,2942.0,518.0
2015-07-15,7398.0,5783.0,4052.0,2540.0,744.0
2015-07-16,6289.0,4594.0,3126.0,1860.0,703.0
2015-07-17,6642.0,5679.0,3968.0,2579.0,546.0
2015-07-18,6185.0,5181.0,3849.0,2328.0,453.0
2015-07-20,6136.0,5599.0,4160.0,2475.0,672.0
2015-07-21,5729.0,4749.0,3314.0,1998.0,749.0
2015-07-22,6414.0,4809.0,3222.0,2027.0,570.0
2015-07-23,5504.0,4513.0,2993.0,1871.0,658.0
2015-07-24,5817.0,4425.0,2466.0,1076.0,592.0
2015-07-25,8531.0,7884.0,4830.0,2781.0,183.0
2015-07-27,6083.0,4120.0,2234.0,1144.0,1083.0
2015-07-28,5232.0,4326.0,2216.0,910.0,779.0
2015-07-29,5024.0,4205.0,2314.0,982.0,767.0
2015-07-30,5686.0,4509.0,2702.0,1264.0,463.0
2015-07-31,6459.0,5375.0,3475.0,1765.0,553.0
2015-08-03,6206.0,4641.0,2398.0,759.0,769.0
2015-08-04,6319.0,5161.0,2760.0,903.0,598.0
2015-08-05,7137.0,5747.0,3597.0,1732.0,553.0
2015-08-06,7508.0,6406.0,4002.0,2172.0,493.0
2015-08-07,8541.0,7208.0,4964.0,3094.0,491.0
2015-08-08,10030.0,7616.0,4632.0,2108.0,471.0
2015-08-10,10341.0,7484.0,4556.0,1780.0,706.0
2015-08-11,10615.0,7328.0,3800.0,1241.0,649.0
2015-08-12,10495.0,6817.0,3525.0,1582.0,729.0
2015-08-13,11058.0,7874.0,4922.0,2463.0,436.0
2015-08-14,10840.0,6995.0,3854.0,1975.0,641.0
2015-08-15,13573.0,10304.0,7087.0,4260.0,276.0
2015-08-17,10414.0,7149.0,3953.0,1963.0,836.0
2015-08-18,8775.0,6027.0,3821.0,2157.0,707.0
2015-08-19,9015.0,5841.0,3526.0,1787.0,678.0
2015-08-20,9198.0,6230.0,3915.0,2322.0,596.0
2015-08-21,9211.0,6445.0,3785.0,2064.0,631.0
2015-08-22,8557.0,6064.0,4090.0,2362.0,460.0
2015-08-24,9375.0,6259.0,3760.0,2225.0,745.0
2015-08-25,9895.0,6953.0,4481.0,2810.0,708.0
2015-08-26,15314.0,13192.0,9676.0,5175.0,212.0
2015-08-27,9649.0,6383.0,4211.0,2736.0,833.0
2015-08-28,8250.0,5262.0,3019.0,1466.0,1029.0
2015-08-29,7679.0,5419.0,3346.0,1685.0,694.0
2015-08-31,7398.0,5240.0,3349.0,1772.0,990.0
2015-09-01,7623.0,5858.0,4049.0,2498.0,914.0
2015-09-02,7063.0,5550.0,3329.0,1692.0,729.0
2015-09-03,7115.0,5559.0,4028.0,2690.0,648.0
2015-09-04,6773.0,4648.0,2617.0,1363.0,968.0
2015-09-05,6924.0,4983.0,2892.0,1228.0,763.0
2015-09-07,7836.0,6637.0,4625.0,2593.0,651.0
2015-09-08,7738.0,5738.0,3677.0,2056.0,961.0
2015-09-09,7606.0,6142.0,4255.0,2323.0,990.0
2015-09-11,7427.0,5686.0,3931.0,2520.0,937.0
2015-09-12,7189.0,5111.0,3385.0,1887.0,970.0
2015-09-14,6750.0,5075.0,3358.0,1980.0,1144.0
2015-09-15,7060.0,5221.0,3419.0,1896.0,1188.0
2015-09-16,7185.0,5618.0,3950.0,2446.0,1139.0
2015-09-17,7025.0,5905.0,4171.0,2661.0,1117.0
2015-09-18,7315.0,6112.0,4445.0,2846.0,1144.0
2015-09-19,6773.0,5283.0,3777.0,2264.0,1185.0
2015-09-21,7101.0,6059.0,4316.0,2671.0,1230.0
2015-09-22,8136.0,6811.0,4702.0,3103.0,1210.0
2015-09-23,8055.0,6669.0,4594.0,2856.0,1278.0
2015-09-24,8194.0,6659.0,4836.0,2926.0,1073.0
2015-09-25,7733.0,6007.0,3973.0,2406.0,1026.0
2015-09-26,5833.0,4565.0,2665.0,1261.0,
2015-10-01,6565.0,5256.0,3537.0,2241.0,794.0
2015-10-02,7819.0,6359.0,4304.0,2621.0,495.0
2015-10-03,6471.0,4896.0,2801.0,1484.0,849.0
2015-10-05,6652.0,4856.0,3228.0,1821.0,1042.0
2015-10-06,6554.0,4789.0,2954.0,1582.0,934.0
2015-10-07,6242.0,4627.0,2950.0,1613.0,735.0
2015-10-08,5146.0,3996.0,2503.0,1249.0,735.0
2015-10-09,5644.0,4525.0,2938.0,1541.0,594.0
2015-10-10,5851.0,4882.0,3209.0,1872.0,452.0
2015-10-12,5480.0,4361.0,2708.0,1774.0,737.0
2015-10-13,5122.0,3964.0,2472.0,1445.0,755.0
2015-10-14,5116.0,4089.0,2736.0,1742.0,714.0
2015-10-15,4696.0,3656.0,2304.0,1435.0,863.0
2015-10-16,4379.0,3748.0,2451.0,1424.0,692.0
2015-10-17,4172.0,3335.0,1947.0,1127.0,535.0
2015-10-19,4611.0,3845.0,2487.0,1325.0,720.0
2015-10-20,4468.0,3665.0,2639.0,1599.0,726.0
2015-10-21,4383.0,3323.0,2287.0,1491.0,755.0
2015-10-22,4148.0,3284.0,2234.0,1279.0,682.0
2015-10-23,3921.0,3408.0,2338.0,1232.0,635.0
2015-10-24,3757.0,3238.0,2277.0,1432.0,598.0
2015-10-26,3972.0,3174.0,2196.0,1276.0,820.0
2015-10-27,4290.0,3591.0,2579.0,1644.0,608.0
2015-10-28,4739.0,4103.0,2902.0,1769.0,498.0
2015-10-29,4162.0,3391.0,2390.0,1498.0,800.0
2015-10-30,3706.0,2963.0,2135.0,1382.0,815.0
2015-10-31,3693.0,3168.0,2138.0,1389.0,569.0
2015-11-02,3746.0,3247.0,2401.0,1596.0,830.0
2015-11-03,3639.0,3059.0,2221.0,1311.0,918.0
2015-11-04,3874.0,3494.0,2736.0,1728.0,711.0
2015-11-05,3975.0,3352.0,2550.0,1579.0,795.0
2015-11-06,4062.0,3426.0,2673.0,1705.0,823.0
2015-11-07,4369.0,3852.0,3011.0,1986.0,707.0
2015-11-09,5888.0,4954.0,4076.0,2591.0,589.0
2015-11-10,4453.0,3565.0,2747.0,1855.0,841.0
2015-11-11,3772.0,3032.0,2373.0,1602.0,1040.0
2015-11-12,4572.0,4089.0,3179.0,2123.0,982.0
2015-11-13,5528.0,4756.0,3816.0,2552.0,1203.0
2015-11-14,7160.0,6422.0,5496.0,3579.0,904.0
2015-11-16,5049.0,4011.0,3250.0,2167.0,1650.0
2015-11-17,5651.0,4352.0,3310.0,2214.0,1255.0
2015-11-18,5217.0,3925.0,2811.0,1807.0,1374.0
2015-11-19,5595.0,4653.0,3435.0,2281.0,1128.0
2015-11-20,6962.0,5842.0,4318.0,2551.0,1364.0
2015-11-21,7157.0,5946.0,4307.0,2696.0,1830.0
2015-11-23,6479.0,5585.0,4108.0,2666.0,1933.0
2015-11-24,5830.0,4413.0,3041.0,1930.0,1404.0
2015-11-25,6207.0,5234.0,3399.0,2047.0,1390.0
2015-11-26,7106.0,6291.0,4506.0,2864.0,1401.0
2015-11-27,7612.0,6524.0,4858.0,3055.0,1284.0
2015-11-28,6915.0,5981.0,4186.0,2635.0,1258.0
2015-11-30,6085.0,4567.0,3104.0,1987.0,1555.0
2015-12-01,4630.0,3353.0,2184.0,1304.0,1168.0
2015-12-02,5557.0,4207.0,2547.0,1361.0,1143.0
2015-12-03,5073.0,4093.0,2898.0,1710.0,1402.0
2015-12-04,5749.0,4568.0,3152.0,1917.0,861.0
2015-12-05,4696.0,3444.0,2308.0,1405.0,917.0
2015-12-07,4111.0,3199.0,2230.0,1377.0,1132.0
2015-12-08,4171.0,2964.0,1947.0,1070.0,857.0
2015-12-09,3579.0,2798.0,2061.0,1299.0,750.0
2015-12-10,4530.0,3903.0,2704.0,1479.0,604.0
2015-12-11,4385.0,3382.0,2272.0,1306.0,824.0
2015-12-12,4000.0,3341.0,2290.0,1445.0,654.0
2015-12-14,3933.0,3291.0,2416.0,1505.0,803.0
2015-12-15,4527.0,4003.0,3097.0,1906.0,508.0
2015-12-16,3811.0,3325.0,2416.0,1470.0,659.0
2015-12-17,3785.0,3255.0,2414.0,1643.0,613.0
2015-12-18,3802.0,3047.0,2152.0,1290.0,461.0
2015-12-19,4300.0,3785.0,2738.0,1792.0,313.0
2015-12-21,4327.0,3821.0,3034.0,1957.0,722.0
2015-12-22,4231.0,3574.0,2772.0,1866.0,691.0
2015-12-23,3806.0,3251.0,2589.0,1756.0,556.0
2015-12-24,3656.0,3192.0,2410.0,1667.0,433.0
2015-12-25,3985.0,3621.0,2899.0,2012.0,361.0
2015-12-26,4685.0,4091.0,3340.0,2196.0,252.0
2015-12-28,5898.0,5488.0,4525.0,2995.0,546.0
2015-12-29,4855.0,4392.0,3571.0,2331.0,709.0
2015-12-30,5324.0,4600.0,3567.0,2421.0,573.0
2015-12-31,4749.0,4517.0,3533.0,2344.0,355.0
2016-01-04,5716.0,5163.0,4014.0,2588.0,828.0
2016-01-05,5180.0,4683.0,3652.0,2492.0,625.0
2016-01-06,5233.0,4722.0,3733.0,2534.0,543.0
2016-01-07,5099.0,4634.0,3641.0,2434.0,530.0
2016-01-08,4893.0,4586.0,3530.0,2379.0,539.0
2016-01-09,4618.0,3917.0,2639.0,1726.0,372.0
2016-01-11,4972.0,4412.0,3354.0,2121.0,623.0
2016-01-12,5200.0,4409.0,3060.0,1985.0,435.0
2016-01-13,5500.0,4860.0,3386.0,2185.0,444.0
2016-01-14,5417.0,4936.0,3602.0,2580.0,424.0
2016-01-15,5456.0,4782.0,3320.0,2309.0,517.0
2016-01-16,5561.0,4365.0,2906.0,1885.0,310.0
2016-01-18,5600.0,5102.0,3834.0,2549.0,603.0
2016-01-19,7265.0,5976.0,4835.0,3085.0,304.0
2016-01-20,6000.0,5247.0,3491.0,2325.0,366.0
2016-01-21,7087.0,6123.0,4883.0,3294.0,258.0
2016-01-22,7200.0,6841.0,5603.0,3585.0,413.0
2016-01-23,8100.0,6898.0,5208.0,3327.0,382.0
2016-01-25,7549.0,7102.0,5312.0,3359.0,432.0
2016-01-26,7246.0,6671.0,4896.0,3428.0,411.0
2016-01-27,7342.0,6722.0,5457.0,3729.0,459.0
2016-01-28,7780.0,7015.0,5645.0,3823.0,535.0
2016-01-29,7643.0,6920.0,5376.0,3510.0,593.0
2016-01-30,7453.0,6996.0,5717.0,3849.0,425.0
2016-02-01,6942.0,5889.0,4289.0,2907.0,1028.0
2016-02-02,6700.0,5936.0,4431.0,2999.0,741.0
2016-02-03,7413.0,6741.0,5388.0,3674.0,680.0
2016-02-04,7271.0,6420.0,4519.0,3032.0,721.0
2016-02-05,7277.0,6646.0,4625.0,2829.0,536.0
2016-02-06,6800.0,6465.0,4338.0,2707.0,254.0
2016-02-11,8053.0,7366.0,4985.0,3436.0,460.0
2016-02-12,8555.0,7729.0,5253.0,3362.0,421.0
2016-02-13,10000.0,9373.0,6037.0,3391.0,250.0
2016-02-15,10247.0,8890.0,6394.0,4235.0,784.0
2016-02-16,10000.0,8551.0,6386.0,3780.0,486.0
2016-02-17,9187.0,7701.0,5326.0,3327.0,607.0
2016-02-18,9000.0,7518.0,4964.0,3085.0,524.0
2016-02-19,10154.0,8113.0,4700.0,2480.0,673.0
2016-02-20,10386.0,8431.0,6452.0,3976.0,441.0
2016-02-22,10502.0,9465.0,6095.0,3865.0,659.0
2016-02-23,10313.0,8265.0,5257.0,3388.0,574.0
2016-02-24,10500.0,8879.0,5414.0,3224.0,580.0
2016-02-25,11535.0,8324.0,4837.0,2950.0,643.0
2016-02-26,11000.0,9051.0,5351.0,2748.0,632.0
2016-02-27,10627.0,9216.0,5846.0,4004.0,393.0
2016-02-29,12037.0,9641.0,6187.0,3856.0,542.0
2016-03-01,12525.0,9570.0,6456.0,3949.0,366.0
2016-03-02,12809.0,10460.0,6479.0,3984.0,371.0
2016-03-03,13057.0,10827.0,6706.0,3938.0,371.0
2016-03-04,12987.0,11232.0,7952.0,4447.0,399.0
2016-03-05,12877.0,11253.0,8143.0,4186.0,222.0
2016-03-07,12889.0,11025.0,7767.0,4839.0,519.0
2016-03-08,12451.0,10345.0,6831.0,3835.0,524.0
2016-03-09,11220.0,8992.0,6289.0,3938.0,453.0
2016-03-10,12172.0,10980.0,7291.0,3065.0,252.0
2016-03-11,12451.0,10381.0,7640.0,4886.0,359.0
2016-03-12,12249.0,10504.0,7266.0,4753.0,323.0
2016-03-14,12806.0,10210.0,7136.0,4528.0,565.0
2016-03-15,12478.0,10360.0,7503.0,4653.0,538.0
2016-03-16,12316.0,10412.0,7257.0,4418.0,410.0
2016-03-17,12540.0,10484.0,7665.0,4647.0,434.0
2016-03-18,12305.0,10167.0,7406.0,5136.0,444.0
2016-03-19,12565.0,10246.0,7429.0,5109.0,238.0
2016-03-21,12565.0,10408.0,8129.0,5440.0,456.0
2016-03-22,12486.0,10611.0,8270.0,5604.0,433.0
2016-03-23,11971.0,10024.0,7710.0,4884.0,502.0
2016-03-24,12170.0,10185.0,7131.0,4540.0,456.0
2016-03-25,12402.0,10419.0,7729.0,5093.0,376.0
2016-03-26,11689.0,10427.0,8083.0,5626.0,264.0
2016-03-28,12845.0,11864.0,9105.0,6057.0,339.0
2016-03-29,13355.0,11869.0,8426.0,5159.0,426.0
2016-03-30,14139.0,12877.0,10059.0,6611.0,432.0
2016-03-31,14025.0,12195.0,8587.0,5720.0,464.0
2016-04-01,14180.0,11965.0,7890.0,5580.0,402.0
2016-04-02,15373.0,12833.0,8673.0,5439.0,282.0
2016-04-04,14641.0,13608.0,9945.0,6698.0,468.0
2016-04-05,15068.0,13707.0,10026.0,6256.0,471.0
2016-04-06,15035.0,13575.0,10186.0,6181.0,473.0
2016-04-07,14761.0,13071.0,9731.0,6669.0,405.0
2016-04-08,15000.0,12826.0,8966.0,6266.0,326.0
2016-04-09,15900.0,13777.0,9810.0,5065.0,193.0
2016-04-11,16521.0,14059.0,9902.0,5751.0,542.0
2016-04-12,17225.0,14619.0,9957.0,6936.0,421.0
2016-04-13,17675.0,15107.0,10141.0,6154.0,417.0
2016-04-14,18570.0,16874.0,12838.0,8716.0,311.0
2016-04-15,19009.0,16893.0,12691.0,8762.0,407.0
2016-04-16,17942.0,16614.0,13595.0,9271.0,286.0
2016-04-18,17842.0,16399.0,11432.0,5966.0,512.0
2016-04-19,17857.0,16304.0,12409.0,6204.0,424.0
2016-04-20,18440.0,17276.0,14293.0,9357.0,330.0
2016-04-21,18099.0,16505.0,12460.0,7887.0,410.0
2016-04-22,18164.0,16633.0,12890.0,9012.0,331.0
2016-04-23,18000.0,14943.0,12072.0,7135.0,303.0
2016-04-25,19387.0,16004.0,13510.0,8759.0,463.0
2016-04-26,19997.0,16077.0,11584.0,7312.0,557.0
2016-04-27,21069.0,15478.0,10491.0,6247.0,596.0
2016-04-28,21889.0,15343.0,10487.0,5334.0,523.0
2016-04-29,17800.0,14259.0,10263.0,6274.0,459.0
2016-04-30,21421.0,13028.0,9354.0,5813.0,309.0
2016-05-02,21159.0,13220.0,9725.0,5083.0,567.0
2016-05-03,19524.0,11881.0,8457.0,4716.0,683.0
2016-05-04,14505.0,11282.0,8808.0,5669.0,390.0
2016-05-05,13627.0,10070.0,7971.0,5282.0,486.0
2016-05-06,10800.0,9630.0,7309.0,4541.0,386.0
2016-05-07,12700.0,11250.0,8201.0,5733.0,165.0
2016-05-09,13811.0,10202.0,8389.0,5553.0,691.0
2016-05-10,11163.0,10221.0,7879.0,5228.0,626.0
2016-05-11,10797.0,9797.0,8190.0,5395.0,573.0
2016-05-12,10749.0,9477.0,7178.0,4512.0,638.0
2016-05-13,12587.0,11236.0,7041.0,3923.0,431.0
2016-05-14,12953.0,12063.0,9593.0,5746.0,325.0
2016-05-16,14227.0,13086.0,10338.0,6504.0,505.0
2016-05-17,15344.0,14104.0,10148.0,5864.0,460.0
2016-05-18,14180.0,12596.0,9223.0,6284.0,617.0
2016-05-19,13930.0,11918.0,8192.0,5276.0,559.0
2016-05-20,13449.0,11413.0,7861.0,5088.0,544.0
2016-05-21,12207.0,9635.0,6355.0,3667.0,480.0
2016-05-23,12225.0,10480.0,7071.0,4392.0,630.0
2016-05-24,12520.0,10352.0,7159.0,4309.0,513.0
2016-05-25,10754.0,8973.0,6114.0,3770.0,563.0
2016-05-26,11113.0,9584.0,6834.0,4121.0,493.0
2016-05-27,9371.0,7630.0,5133.0,2864.0,673.0
2016-05-28,7332.0,5967.0,3409.0,1862.0,448.0
2016-05-30,8419.0,7150.0,5065.0,2867.0,576.0
2016-05-31,7065.0,5872.0,3935.0,2204.0,682.0
2016-06-01,6847.0,5652.0,3801.0,2208.0,534.0
2016-06-02,6735.0,5685.0,4086.0,2633.0,494.0
2016-06-03,6765.0,5767.0,4185.0,2770.0,498.0
2016-06-04,7893.0,6593.0,4918.0,2910.0,306.0
2016-06-06,6574.0,5751.0,4189.0,2467.0,641.0
2016-06-07,6545.0,5349.0,4056.0,2521.0,593.0
2016-06-08,5806.0,5099.0,3513.0,2047.0,628.0
2016-06-09,5785.0,4952.0,3786.0,2569.0,592.0
2016-06-10,5719.0,4545.0,3309.0,1888.0,557.0
2016-06-11,6266.0,5230.0,3989.0,2104.0,306.0
2016-06-13,5677.0,4991.0,3675.0,2239.0,626.0
2016-06-14,5408.0,4520.0,3284.0,2070.0,658.0
2016-06-15,5574.0,4336.0,3134.0,1635.0,702.0
2016-06-16,5111.0,4398.0,3202.0,1935.0,544.0
2016-06-17,6477.0,5696.0,4245.0,2702.0,366.0
2016-06-18,6006.0,4926.0,3656.0,2218.0,643.0
2016-06-20,5960.0,5073.0,4042.0,2528.0,636.0
2016-06-21,6066.0,5572.0,4365.0,2917.0,584.0
2016-06-22,6258.0,5491.0,4319.0,2889.0,753.0
2016-06-23,7204.0,6575.0,5274.0,3482.0,487.0
2016-06-24,6641.0,5658.0,4149.0,2460.0,616.0
2016-06-25,6040.0,4491.0,2482.0,1375.0,444.0
2016-06-27,6784.0,6099.0,4500.0,2829.0,569.0
2016-06-28,6128.0,4914.0,3370.0,2097.0,710.0
2016-06-29,5746.0,4941.0,3567.0,2158.0,577.0
2016-06-30,5825.0,4489.0,3067.0,1984.0,487.0
2016-07-01,6108.0,5288.0,3931.0,2582.0,447.0
2016-07-02,6653.0,5836.0,3988.0,2592.0,414.0
2016-07-04,5953.0,5232.0,3795.0,2421.0,718.0
2016-07-05,8572.0,7588.0,5514.0,3289.0,288.0
2016-07-06,6579.0,5537.0,3542.0,1901.0,519.0
2016-07-07,7600.0,6597.0,4890.0,2978.0,404.0
2016-07-08,6994.0,6223.0,4541.0,3156.0,479.0
2016-07-09,6927.0,5944.0,4333.0,2581.0,500.0
2016-07-11,7070.0,6140.0,4407.0,2599.0,591.0
2016-07-12,7574.0,6341.0,4316.0,2390.0,609.0
2016-07-13,8523.0,6551.0,4155.0,2333.0,395.0
2016-07-14,9266.0,7964.0,5752.0,3532.0,485.0
2016-07-15,9747.0,8086.0,5371.0,3387.0,506.0
2016-07-16,9073.0,7463.0,4819.0,2694.0,547.0
2016-07-18,9977.0,7862.0,5346.0,3464.0,554.0
2016-07-19,7907.0,5679.0,3320.0,1993.0,776.0
2016-07-20,7270.0,5230.0,3321.0,2157.0,633.0
2016-07-21,7617.0,5502.0,3641.0,2295.0,499.0
2016-07-22,9530.0,7792.0,5637.0,3717.0,395.0
2016-07-23,9897.0,7468.0,4965.0,3129.0,399.0
2016-07-25,10228.0,7664.0,5076.0,2864.0,556.0
2016-07-26,10269.0,7299.0,3824.0,1869.0,700.0
2016-07-27,10231.0,7800.0,4537.0,2323.0,627.0
2016-07-28,11209.0,9450.0,5991.0,3078.0,453.0
2016-07-29,10354.0,7572.0,4518.0,2489.0,499.0
2016-07-30,11606.0,9467.0,5367.0,2036.0,409.0
2016-08-01,11687.0,9408.0,5464.0,2687.0,595.0
2016-08-02,11824.0,10127.0,7470.0,4561.0,453.0
2016-08-03,11062.0,8680.0,5617.0,3530.0,522.0
2016-08-04,11995.0,9896.0,6170.0,3460.0,508.0
2016-08-05,13714.0,12136.0,8994.0,5756.0,422.0
2016-08-08,11654.0,9313.0,6128.0,3669.0,730.0
2016-08-09,12548.0,10706.0,7114.0,3941.0,506.0
2016-08-10,14133.0,12163.0,9004.0,5057.0,487.0
2016-08-11,13839.0,11685.0,8528.0,5519.0,463.0
2016-08-12,14508.0,12188.0,8556.0,5411.0,457.0
2016-08-13,13979.0,12230.0,8160.0,4797.0,441.0
2016-08-15,15301.0,13917.0,10056.0,6153.0,476.0
2016-08-16,16976.0,15190.0,11244.0,7155.0,379.0
2016-08-17,17246.0,14690.0,9378.0,5173.0,506.0
2016-08-18,17193.0,14198.0,10448.0,7189.0,488.0
2016-08-19,18121.0,15384.0,12217.0,8428.0,417.0
2016-08-20,20155.0,17259.0,13107.0,8532.0,308.0
2016-08-22,23073.0,19245.0,13754.0,8592.0,470.0
2016-08-23,23184.0,19238.0,13340.0,8183.0,604.0
2016-08-24,21593.0,17304.0,12393.0,7285.0,652.0
2016-08-25,21000.0,16924.0,12381.0,7541.0,579.0
2016-08-26,21474.0,16870.0,11791.0,7431.0,552.0
2016-08-27,26744.0,22864.0,17458.0,11432.0,289.0
2016-08-29,25598.0,22315.0,14989.0,9341.0,707.0
2016-08-30,28454.0,24060.0,16992.0,9701.0,529.0
2016-08-31,26262.0,22592.0,16899.0,9961.0,746.0
2016-09-01,24589.0,18384.0,11400.0,6860.0,987.0
2016-09-02,19555.0,15891.0,11171.0,7121.0,672.0
2016-09-03,25182.0,18557.0,11677.0,6709.0,728.0
2016-09-05,26299.0,21020.0,13320.0,7574.0,1086.0
2016-09-06,25530.0,20513.0,13314.0,7647.0,1024.0
2016-09-07,24058.0,18398.0,11823.0,6738.0,1081.0
2016-09-08,25035.0,19533.0,12373.0,7407.0,1007.0
2016-09-09,24306.0,19697.0,13611.0,8084.0,900.0
2016-09-12,25247.0,17480.0,9934.0,5323.0,1195.0
2016-09-13,27675.0,23494.0,15960.0,8922.0,682.0
2016-09-14,21701.0,16277.0,9568.0,5590.0,288.0
2016-09-19,20013.0,14920.0,10279.0,6475.0,737.0
2016-09-21,20093.0,16050.0,10888.0,6561.0,649.0
2016-09-22,20952.0,16664.0,11876.0,7612.0,622.0
2016-09-23,21148.0,16965.0,10683.0,6108.0,599.0
2016-09-24,23318.0,18396.0,12533.0,7023.0,486.0
2016-09-26,23888.0,18694.0,11066.0,6155.0,857.0
2016-09-27,26386.0,21167.0,13041.0,7174.0,673.0
2016-09-28,26518.0,21628.0,13812.0,7734.0,551.0
2016-09-29,25183.0,18136.0,11492.0,7283.0,749.0
2016-10-01,19061.0,13255.0,7337.0,4069.0,750.0
2016-10-03,20495.0,13702.0,7940.0,4077.0,811.0
2016-10-04,19142.0,14450.0,9070.0,3990.0,524.0
2016-10-05,14110.0,10160.0,6371.0,3493.0,1057.0
2016-10-06,16459.0,13128.0,8332.0,4307.0,530.0
2016-10-07,13230.0,9681.0,5556.0,3274.0,1009.0
2016-10-08,10202.0,7235.0,4211.0,2271.0,904.0
2016-10-10,10438.0,7916.0,4848.0,2672.0,891.0
2016-10-11,9374.0,7202.0,4211.0,2488.0,980.0
2016-10-12,9873.0,8304.0,5687.0,2805.0,740.0
2016-10-13,10218.0,8696.0,6573.0,4236.0,700.0
2016-10-14,11268.0,9038.0,6617.0,4131.0,686.0
2016-10-15,11609.0,9646.0,6206.0,3575.0,636.0
2016-10-17,9509.0,7849.0,5323.0,3324.0,1098.0
2016-10-18,8438.0,6926.0,4865.0,3365.0,866.0
2016-10-19,8310.0,6891.0,4748.0,3095.0,853.0
2016-10-20,8149.0,6525.0,4387.0,2864.0,912.0
2016-10-21,7496.0,6046.0,3984.0,2554.0,913.0
2016-10-22,6943.0,5788.0,3888.0,2498.0,701.0
2016-10-24,7381.0,5731.0,4005.0,2550.0,846.0
2016-10-25,7206.0,6011.0,3979.0,2529.0,813.0
2016-10-26,7940.0,7305.0,4559.0,2882.0,390.0
2016-10-27,7321.0,5749.0,3973.0,2555.0,1018.0
2016-10-28,7057.0,5835.0,3906.0,2572.0,894.0
2016-10-29,6642.0,5390.0,3615.0,2423.0,659.0
2016-10-31,6424.0,5475.0,3887.0,2523.0,891.0
2016-11-01,6384.0,5332.0,3865.0,2541.0,830.0
2016-11-02,6568.0,5365.0,3992.0,2716.0,847.0
2016-11-03,8077.0,6660.0,4588.0,3025.0,576.0
2016-11-04,7271.0,6166.0,4070.0,2674.0,1074.0
2016-11-05,8316.0,6531.0,4222.0,2795.0,949.0
2016-11-07,7685.0,6486.0,5005.0,3285.0,1183.0
2016-11-08,7702.0,6479.0,4661.0,3062.0,1132.0
2016-11-09,7788.0,6462.0,4751.0,3044.0,1115.0
2016-11-10,8410.0,7173.0,5412.0,3619.0,984.0
2016-11-11,11403.0,9153.0,6890.0,4521.0,990.0
2016-11-12,11074.0,9816.0,7249.0,4728.0,1272.0
2016-11-14,10436.0,8363.0,5939.0,3936.0,1933.0
2016-11-15,9839.0,8054.0,6335.0,4195.0,1476.0
2016-11-16,9318.0,7559.0,5706.0,3686.0,1342.0
2016-11-17,11687.0,9886.0,7670.0,5014.0,1110.0
2016-11-18,12729.0,10985.0,8456.0,5623.0,1481.0
2016-11-19,11537.0,9763.0,6847.0,4499.0,1558.0
2016-11-21,10925.0,8444.0,5919.0,3742.0,1710.0
2016-11-22,9523.0,7214.0,5701.0,3686.0,1651.0
2016-11-23,11400.0,9136.0,6995.0,4410.0,1294.0
2016-11-24,11197.0,9390.0,7355.0,4715.0,1489.0
2016-11-25,11753.0,9827.0,7697.0,5124.0,1348.0
2016-11-26,9827.0,7885.0,5955.0,3907.0,1503.0
2016-11-28,11048.0,9042.0,7032.0,4444.0,1192.0
2016-11-29,9835.0,8069.0,6075.0,3969.0,1330.0
2016-11-30,10078.0,7758.0,6005.0,3984.0,1230.0
2016-12-01,11142.0,8555.0,6542.0,4315.0,1153.0
2016-12-02,11808.0,9810.0,7282.0,4785.0,1073.0
2016-12-03,10089.0,8549.0,6894.0,4484.0,1099.0
2016-12-05,9426.0,8097.0,6290.0,4218.0,1264.0
2016-12-06,8795.0,7626.0,5799.0,3782.0,849.0
2016-12-07,8945.0,7592.0,6002.0,3951.0,894.0
2016-12-08,9638.0,8612.0,6471.0,4236.0,605.0
2016-12-09,9299.0,8203.0,5827.0,3655.0,995.0
2016-12-10,9379.0,8114.0,5299.0,3409.0,787.0
2016-12-12,9542.0,8580.0,6043.0,3604.0,737.0
2016-12-13,8841.0,7867.0,6004.0,3491.0,728.0
2016-12-14,9541.0,8617.0,6485.0,4181.0,486.0
2016-12-15,10439.0,8877.0,6202.0,3919.0,569.0
2016-12-16,10215.0,9102.0,6385.0,4267.0,485.0
2016-12-17,9800.0,9127.0,7238.0,4795.0,321.0
2016-12-19,9861.0,9315.0,7435.0,4935.0,525.0
2016-12-20,10263.0,9351.0,7620.0,5182.0,428.0
2016-12-21,10085.0,9107.0,7285.0,4764.0,635.0
2016-12-22,10089.0,9319.0,6990.0,4488.0,514.0
2016-12-23,9533.0,8659.0,6316.0,4070.0,522.0
2016-12-24,8760.0,8040.0,5950.0,4278.0,297.0
2016-12-26,10314.0,9206.0,7090.0,4787.0,418.0
2016-12-27,10169.0,9225.0,7043.0,4770.0,500.0
2016-12-28,9410.0,8696.0,6546.0,4534.0,483.0
2016-12-29,9759.0,8917.0,7908.0,5133.0,288.0
2016-12-30,10500.0,9799.0,8259.0,5525.0,320.0
2016-12-31,10500.0,9799.0,8259.0,5525.0,74.0
2017-01-03,10545.0,9689.0,7394.0,4950.0,710.0
2017-01-04,10670.0,9790.0,8027.0,5358.0,485.0
2017-01-05,9800.0,9332.0,7640.0,5084.0,480.0
2017-01-06,9693.0,8885.0,7429.0,4935.0,640.0
2017-01-07,9704.0,8553.0,6585.0,4497.0,363.0
2017-01-09,10185.0,9075.0,6829.0,4740.0,524.0
2017-01-10,9800.0,9170.0,7220.0,4828.0,491.0
2017-01-11,9764.0,8978.0,6803.0,4227.0,425.0
2017-01-12,9805.0,9124.0,6604.0,4348.0,339.0
2017-01-13,10088.0,9152.0,7082.0,4721.0,410.0
2017-01-14,9458.0,8850.0,6457.0,4244.0,308.0
2017-01-16,10457.0,9058.0,5757.0,4148.0,316.0
2017-01-17,9800.0,9203.0,7344.0,4916.0,366.0
2017-01-18,10074.0,9270.0,7615.0,5138.0,400.0
2017-01-19,9974.0,9013.0,7314.0,4762.0,646.0
2017-01-20,10456.0,9105.0,6536.0,4499.0,575.0
2017-01-21,10431.0,8884.0,6206.0,4397.0,297.0
2017-01-23,10367.0,8647.0,5950.0,3971.0,729.0
2017-01-24,10481.0,7996.0,5178.0,3504.0,551.0
2017-01-25,10178.0,8423.0,5718.0,3947.0,478.0
2017-01-26,9751.0,8165.0,5470.0,3854.0,355.0
2017-01-27,8000.0,7638.0,5130.0,3710.0,93.0
2017-02-01,10626.0,9503.0,7570.0,5118.0,424.0
2017-02-02,10785.0,9648.0,7293.0,4968.0,433.0
2017-02-03,10663.0,9555.0,7450.0,5212.0,294.0
2017-02-04,10600.0,9377.0,7522.0,4963.0,205.0
2017-02-06,11085.0,9621.0,7163.0,4883.0,504.0
2017-02-07,10241.0,9163.0,7437.0,4977.0,485.0
2017-02-08,10269.0,9261.0,7511.0,4989.0,340.0
2017-02-09,10833.0,9204.0,7444.0,4953.0,430.0
2017-02-10,10252.0,8575.0,6794.0,4130.0,362.0
2017-02-11,9200.0,8832.0,7698.0,5084.0,112.0
2017-02-13,10756.0,9426.0,7630.0,5067.0,444.0
2017-02-14,10831.0,9503.0,7254.0,4869.0,433.0
2017-02-15,10394.0,9178.0,7288.0,4989.0,405.0
2017-02-16,10558.0,9668.0,7838.0,5331.0,321.0
2017-02-17,11087.0,9069.0,7162.0,4704.0,454.0
2017-02-18,10336.0,9190.0,7586.0,4855.0,214.0
2017-02-20,10066.0,9080.0,6588.0,4399.0,667.0
2017-02-21,10039.0,8871.0,6886.0,4560.0,406.0
2017-02-22,9982.0,8982.0,6855.0,4533.0,360.0
2017-02-23,10600.0,9363.0,6925.0,4616.0,338.0
2017-02-24,10037.0,9052.0,7002.0,4680.0,495.0
2017-02-25,9100.0,8497.0,6445.0,4190.0,346.0
2017-02-27,9553.0,8754.0,6759.0,4647.0,569.0
2017-02-28,9921.0,8547.0,7228.0,4701.0,488.0
2017-03-01,9512.0,8677.0,7060.0,4801.0,365.0
2017-03-02,9233.0,8648.0,6942.0,4401.0,470.0
2017-03-03,9284.0,8492.0,6903.0,4652.0,416.0
2017-03-04,9395.0,9041.0,7612.0,4970.0,215.0
2017-03-06,9649.0,8738.0,6947.0,4574.0,548.0
2017-03-07,9496.0,8644.0,7122.0,4720.0,365.0
2017-03-08,9911.0,8648.0,6686.0,4473.0,408.0
2017-03-09,9896.0,8411.0,6056.0,3867.0,490.0
2017-03-10,9730.0,8470.0,6322.0,4149.0,438.0
2017-03-11,9237.0,8692.0,6610.0,4425.0,241.0
2017-03-13,9462.0,8537.0,6579.0,4445.0,533.0
2017-03-14,9300.0,8591.0,6363.0,4377.0,488.0
2017-03-15,8968.0,7959.0,5968.0,3949.0,495.0
2017-03-16,8446.0,7317.0,5383.0,3251.0,420.0
2017-03-17,9348.0,8040.0,5939.0,4018.0,345.0
2017-03-18,8545.0,7444.0,5657.0,3592.0,246.0
2017-03-20,9108.0,8109.0,6158.0,4274.0,483.0
2017-03-21,8741.0,7588.0,5909.0,3969.0,533.0
2017-03-22,7995.0,6894.0,5423.0,3705.0,506.0
2017-03-23,8135.0,6855.0,4978.0,3152.0,428.0
2017-03-24,8227.0,6626.0,5002.0,3385.0,401.0
2017-03-25,8155.0,6983.0,5472.0,3924.0,187.0
2017-03-27,8743.0,7019.0,5402.0,3727.0,570.0
2017-03-28,8156.0,6320.0,4666.0,3177.0,564.0
2017-03-29,8197.0,6088.0,4390.0,3022.0,465.0
2017-03-30,8053.0,6934.0,5080.0,3178.0,326.0
2017-03-31,8391.0,6472.0,5161.0,3434.0,429.0
2017-04-01,8481.0,7158.0,5367.0,3165.0,214.0
2017-04-03,7884.0,6672.0,5292.0,3340.0,659.0
2017-04-04,7745.0,6274.0,4497.0,3089.0,608.0
2017-04-05,7716.0,5842.0,4320.0,2961.0,577.0
2017-04-06,7427.0,5672.0,4203.0,2929.0,417.0
2017-04-07,7590.0,6299.0,4299.0,2473.0,371.0
2017-04-08,7700.0,6242.0,4471.0,3069.0,314.0
2017-04-10,7272.0,5771.0,4014.0,2273.0,705.0
2017-04-11,6951.0,5317.0,3959.0,2797.0,528.0
2017-04-12,6214.0,4891.0,3489.0,2264.0,581.0
2017-04-13,6631.0,4887.0,3522.0,2098.0,448.0
2017-04-14,7100.0,5725.0,3998.0,2394.0,355.0
2017-04-15,6900.0,5700.0,4208.0,2978.0,309.0
2017-04-17,7406.0,6015.0,4053.0,2287.0,476.0
2017-04-18,7336.0,6243.0,4622.0,2937.0,478.0
2017-04-19,7810.0,6343.0,4839.0,2998.0,433.0
2017-04-20,7057.0,5761.0,4203.0,2037.0,545.0
2017-04-21,7299.0,6000.0,4331.0,2149.0,467.0
2017-04-22,7747.0,6825.0,5503.0,3702.0,223.0
2017-04-24,7680.0,7000.0,5089.0,1991.0,460.0
2017-04-25,8755.0,7461.0,4785.0,2845.0,486.0
2017-04-26,9391.0,7812.0,4091.0,2380.0,527.0
2017-04-27,9252.0,7404.0,3740.0,1918.0,593.0
2017-04-28,8864.0,6654.0,3326.0,1738.0,540.0
2017-04-29,8126.0,5346.0,2608.0,1606.0,321.0
2017-05-01,8641.0,4553.0,2056.0,1109.0,624.0
2017-05-02,8762.0,4677.0,2366.0,1248.0,479.0
2017-05-03,8785.0,4896.0,1884.0,1091.0,484.0
2017-05-04,9831.0,4467.0,1615.0,942.0,448.0
2017-05-05,8502.0,4434.0,1781.0,1047.0,490.0
2017-05-06,8300.0,4095.0,2062.0,1183.0,290.0
2017-05-08,10558.0,4201.0,2163.0,1311.0,557.0
2017-05-09,8620.0,3586.0,2057.0,1274.0,534.0
2017-05-10,10062.0,4155.0,2413.0,1677.0,440.0
2017-05-11,7621.0,3828.0,2327.0,1494.0,490.0
2017-05-12,8345.0,3612.0,1894.0,1157.0,670.0
2017-05-13,7008.0,2506.0,1473.0,981.0,304.0
2017-05-15,8117.0,3636.0,2677.0,1750.0,648.0
2017-05-16,7382.0,3650.0,2540.0,1432.0,642.0
2017-05-17,6975.0,3360.0,2123.0,1266.0,705.0
2017-05-18,4721.0,2965.0,1880.0,1143.0,468.0
2017-05-19,4740.0,3060.0,2113.0,1294.0,404.0
2017-05-20,6029.0,3427.0,2380.0,1198.0,317.0
2017-05-22,4503.0,3736.0,2757.0,1756.0,484.0
2017-05-23,7041.0,4299.0,3062.0,1591.0,497.0
2017-05-24,5247.0,3377.0,2416.0,1440.0,610.0
2017-05-25,4696.0,3212.0,2164.0,1271.0,467.0
2017-05-26,5149.0,3239.0,2165.0,1445.0,458.0
2017-05-27,3942.0,3196.0,2053.0,997.0,338.0
2017-05-29,4010.0,2934.0,2011.0,1114.0,670.0
2017-05-30,3482.0,2659.0,1589.0,991.0,529.0
2017-05-31,4657.0,2980.0,1926.0,1000.0,401.0
2017-06-01,3619.0,2695.0,1665.0,994.0,584.0
2017-06-02,4212.0,3027.0,1762.0,977.0,450.0
2017-06-03,4016.0,2582.0,1616.0,864.0,457.0
2017-06-05,5255.0,4167.0,3269.0,2157.0,434.0
2017-06-06,5662.0,4740.0,3628.0,2008.0,476.0
2017-06-07,6163.0,5192.0,3924.0,2520.0,567.0
2017-06-08,6033.0,5220.0,3317.0,2004.0,358.0
2017-06-09,4809.0,3523.0,2257.0,1252.0,721.0
2017-06-10,3243.0,2325.0,1446.0,850.0,521.0
2017-06-12,3672.0,3003.0,2083.0,1054.0,625.0
2017-06-13,4136.0,3406.0,2313.0,1315.0,553.0
2017-06-14,4001.0,3490.0,2668.0,1694.0,578.0
2017-06-15,3437.0,2839.0,2287.0,1546.0,584.0
2017-06-16,4066.0,3382.0,2418.0,1620.0,516.0
2017-06-17,3541.0,3063.0,2373.0,1584.0,427.0
2017-06-19,3635.0,3108.0,2395.0,1503.0,608.0
2017-06-20,4163.0,3494.0,2788.0,1847.0,505.0
2017-06-21,3892.0,3313.0,2531.0,1539.0,564.0
2017-06-22,3800.0,3395.0,2552.0,1555.0,616.0
2017-06-23,3944.0,3232.0,2603.0,1652.0,576.0
2017-06-24,3507.0,3008.0,2079.0,1364.0,502.0
2017-06-26,4731.0,4003.0,2614.0,1517.0,509.0
2017-06-27,4923.0,3918.0,2818.0,1564.0,601.0
2017-06-28,4201.0,3215.0,2213.0,1269.0,664.0
2017-06-29,4402.0,3212.0,2126.0,1127.0,585.0
2017-06-30,4544.0,3357.0,2197.0,1350.0,624.0
2017-07-01,4560.0,3431.0,2100.0,1041.0,493.0
2017-07-03,5167.0,4016.0,2728.0,1527.0,523.0
2017-07-04,5644.0,4615.0,3236.0,1727.0,514.0
2017-07-05,5046.0,4142.0,2687.0,1648.0,591.0
2017-07-06,4476.0,3319.0,2103.0,1238.0,619.0
2017-07-07,4535.0,3406.0,2363.0,1360.0,501.0
2017-07-08,5967.0,4928.0,3319.0,2158.0,314.0
2017-07-10,5777.0,4432.0,3147.0,1721.0,587.0
2017-07-11,7839.0,6246.0,3996.0,1470.0,276.0
2017-07-12,11800.0,10486.0,8087.0,2874.0,296.0
2017-07-13,8919.0,6771.0,3889.0,1685.0,608.0
2017-07-14,8867.0,6289.0,2983.0,1241.0,541.0
2017-07-15,10423.0,7282.0,4587.0,2555.0,346.0
2017-07-17,12858.0,8877.0,5456.0,1569.0,492.0
2017-07-18,13470.0,9221.0,4081.0,983.0,538.0
2017-07-19,12332.0,9574.0,4112.0,942.0,581.0
2017-07-20,13118.0,10251.0,5613.0,1466.0,443.0
2017-07-21,14044.0,11916.0,7379.0,3134.0,378.0
2017-07-22,18853.0,16335.0,10374.0,5077.0,256.0
2017-07-24,18505.0,15383.0,9296.0,3627.0,523.0
2017-07-25,14664.0,11139.0,5335.0,2159.0,477.0
2017-07-26,18443.0,14141.0,6928.0,2457.0,320.0
2017-07-27,14890.0,11404.0,5700.0,2341.0,562.0
2017-07-28,14654.0,10393.0,4296.0,1672.0,599.0
2017-07-29,14598.0,11027.0,6428.0,3069.0,330.0
2017-07-31,13685.0,11593.0,7038.0,3241.0,537.0
2017-08-01,13657.0,11182.0,6603.0,2730.0,438.0
2017-08-02,14013.0,11901.0,9487.0,5880.0,330.0
2017-08-03,12942.0,10782.0,6495.0,2724.0,564.0
2017-08-04,13137.0,10213.0,5951.0,2601.0,552.0
2017-08-07,13487.0,11311.0,7977.0,4683.0,597.0
2017-08-08,13910.0,11515.0,6926.0,3290.0,468.0
2017-08-09,14752.0,12482.0,7969.0,4659.0,430.0
2017-08-10,17209.0,14577.0,9239.0,5230.0,287.0
2017-08-11,18500.0,16235.0,11210.0,6428.0,325.0
2017-08-12,17231.0,14214.0,9214.0,5412.0,427.0
2017-08-14,19009.0,15892.0,10236.0,6721.0,450.0
2017-08-15,17802.0,13866.0,9576.0,6292.0,478.0
2017-08-16,17393.0,14858.0,9207.0,5023.0,347.0
2017-08-17,16472.0,13401.0,9744.0,5187.0,432.0
2017-08-18,17290.0,13528.0,8856.0,3156.0,455.0
2017-08-19,19953.0,15688.0,10036.0,4579.0,327.0
2017-08-21,19800.0,15418.0,9140.0,4550.0,541.0
2017-08-22,18942.0,14191.0,8544.0,3112.0,611.0
2017-08-23,16853.0,11738.0,6864.0,2944.0,633.0
2017-08-24,16583.0,10992.0,6255.0,2711.0,600.0
2017-08-25,21044.0,16171.0,10176.0,5819.0,331.0
2017-08-26,21043.0,15944.0,8375.0,3505.0,440.0
2017-08-28,19168.0,16533.0,9930.0,4652.0,636.0
2017-08-29,18852.0,14542.0,8227.0,4184.0,662.0
2017-08-30,19746.0,17742.0,11572.0,6619.0,394.0
2017-08-31,19729.0,17461.0,12412.0,7581.0,502.0
2017-09-01,20514.0,18203.0,12535.0,7968.0,526.0
2017-09-02,16491.0,13644.0,9235.0,6658.0,1007.0
2017-09-03,15618.0,11432.0,7235.0,3884.0,1041.0
2017-09-04,20762.0,16577.0,11416.0,7239.0,896.0
2017-09-05,21323.0,15659.0,11287.0,7556.0,857.0
2017-09-06,19532.0,15947.0,11381.0,7766.0,804.0
2017-09-07,18541.0,16124.0,11912.0,7727.0,645.0
2017-09-08,17571.0,14401.0,9997.0,6832.0,841.0
2017-09-09,17668.0,14347.0,9685.0,6684.0,525.0
2017-09-11,17984.0,15631.0,10185.0,7244.0,813.0
2017-09-12,19665.0,16855.0,11747.0,8091.0,466.0
2017-09-13,17985.0,15147.0,10337.0,6821.0,863.0
2017-09-14,16776.0,13742.0,9724.0,5882.0,896.0
2017-09-15,15895.0,13623.0,9566.0,6084.0,827.0
2017-09-16,14639.0,11643.0,8234.0,5459.0,792.0
2017-09-18,18194.0,15569.0,9659.0,8387.0,746.0
2017-09-19,16595.0,13607.0,9141.0,5614.0,954.0
2017-09-21,15487.0,12400.0,8841.0,5947.0,1009.0
2017-09-22,15908.0,13776.0,9199.0,6114.0,917.0
2017-09-23,16076.0,13010.0,9032.0,5813.0,892.0
2017-09-25,15475.0,12925.0,8970.0,5512.0,1207.0
2017-09-26,14510.0,12349.0,8452.0,4933.0,1048.0
2017-09-27,15268.0,13207.0,8803.0,5190.0,927.0
2017-09-28,14997.0,13299.0,9457.0,5819.0,665.0
2017-09-29,15993.0,13598.0,8574.0,4470.0,884.0
2017-10-02,18437.0,14941.0,9727.0,7625.0,824.0
2017-10-03,26093.0,21451.0,14059.0,9004.0,180.0
2017-10-07,22000.0,19234.0,9835.0,6462.0,97.0
2017-10-09,14039.0,10105.0,6363.0,3508.0,1264.0
2017-10-10,9833.0,7086.0,4384.0,2632.0,889.0
2017-10-11,8194.0,6836.0,4768.0,2494.0,668.0
2017-10-12,6712.0,5150.0,3397.0,1682.0,530.0
2017-10-13,5865.0,4038.0,2657.0,1554.0,808.0
2017-10-14,5110.0,3986.0,2395.0,1356.0,573.0
2017-10-16,4798.0,3541.0,2272.0,1319.0,890.0
2017-10-17,4811.0,3795.0,2556.0,1483.0,720.0
2017-10-18,4289.0,3123.0,2188.0,1300.0,715.0
2017-10-19,4665.0,3380.0,2446.0,1589.0,653.0
2017-10-20,4494.0,3892.0,2813.0,1834.0,558.0
2017-10-21,4535.0,3828.0,2753.0,1824.0,509.0
2017-10-23,5024.0,3673.0,2702.0,1585.0,753.0
2017-10-24,4150.0,3171.0,2411.0,1430.0,788.0
2017-10-25,4322.0,3421.0,2535.0,1640.0,594.0
2017-10-26,4358.0,3330.0,2406.0,1507.0,653.0
2017-10-27,4158.0,3348.0,2442.0,1559.0,647.0
2017-10-28,4118.0,3051.0,2106.0,1201.0,525.0
2017-10-30,4492.0,3354.0,2509.0,1666.0,728.0
2017-10-31,4675.0,3717.0,2539.0,1693.0,544.0
2017-11-01,4475.0,3726.0,2713.0,1811.0,644.0
2017-11-02,4953.0,4241.0,2950.0,1962.0,638.0
2017-11-03,5820.0,4902.0,3414.0,1998.0,678.0
2017-11-04,5779.0,4973.0,3668.0,2356.0,621.0
2017-11-06,4332.0,3555.0,2498.0,1595.0,1031.0
2017-11-07,4530.0,3581.0,2567.0,1491.0,950.0
2017-11-08,5011.0,4004.0,2726.0,1590.0,840.0
2017-11-09,5056.0,4084.0,2993.0,1751.0,1024.0
2017-11-10,6442.0,5450.0,4070.0,2645.0,886.0
2017-11-11,6432.0,5540.0,4143.0,2751.0,1186.0
2017-11-13,6255.0,4917.0,3615.0,2229.0,1538.0
2017-11-14,6145.0,4397.0,2994.0,1886.0,1199.0
2017-11-15,6076.0,4623.0,3042.0,1932.0,1412.0
2017-11-16,6764.0,5055.0,3567.0,2238.0,1460.0
2017-11-17,7362.0,5636.0,4239.0,2765.0,1581.0
2017-11-18,7071.0,5472.0,3713.0,2360.0,1535.0
2017-11-20,7113.0,5038.0,3469.0,2146.0,1667.0
2017-11-21,6709.0,4954.0,3338.0,2156.0,1063.0
2017-11-22,7295.0,5448.0,3356.0,1958.0,1311.0
2017-11-23,7614.0,6122.0,4117.0,2451.0,1499.0
2017-11-24,8461.0,7235.0,5099.0,3191.0,1437.0
2017-11-25,7667.0,5853.0,3743.0,2292.0,1525.0
2017-11-27,6841.0,5025.0,3176.0,1795.0,1629.0
2017-11-28,6220.0,4267.0,2553.0,1507.0,1022.0
2017-11-29,5798.0,4723.0,2714.0,1436.0,1190.0
2017-11-30,6310.0,5254.0,3409.0,1636.0,1041.0
2017-12-01,6031.0,5030.0,3173.0,1590.0,1038.0
2017-12-02,6487.0,5345.0,3643.0,2213.0,717.0
2017-12-04,6121.0,5354.0,3793.0,2344.0,700.0
2017-12-05,5513.0,4788.0,3476.0,2052.0,583.0
2017-12-06,5800.0,5141.0,3559.0,2401.0,374.0
2017-12-07,6465.0,5577.0,4013.0,2720.0,428.0
2017-12-08,5864.0,5234.0,3698.0,2288.0,776.0
2017-12-09,6442.0,5468.0,4130.0,2633.0,442.0
2017-12-11,6114.0,5361.0,3703.0,2072.0,761.0
2017-12-12,5781.0,5357.0,3997.0,2018.0,429.0
2017-12-13,5992.0,5512.0,4279.0,2746.0,194.0
2017-12-14,6124.0,5009.0,3323.0,2150.0,305.0
2017-12-15,7113.0,5856.0,4074.0,2559.0,266.0
2017-12-16,7400.0,6521.0,5058.0,3324.0,304.0
2017-12-18,6953.0,5895.0,4754.0,2987.0,596.0
2017-12-19,5800.0,5439.0,4383.0,2790.0,385.0
2017-12-20,5740.0,5029.0,3773.0,2491.0,526.0
2017-12-21,5792.0,4998.0,3942.0,2675.0,365.0
2017-12-22,6307.0,5279.0,4096.0,2756.0,319.0
2017-12-23,5636.0,5162.0,4110.0,2774.0,400.0
2017-12-25,6038.0,5435.0,4162.0,2794.0,391.0
2017-12-26,5927.0,5348.0,3992.0,2729.0,358.0
2017-12-27,5684.0,5285.0,4101.0,2793.0,407.0
2017-12-28,5526.0,5115.0,3856.0,2677.0,446.0
2017-12-29,5700.0,5346.0,4276.0,2081.0,316.0
2017-12-30,6000.0,5672.0,3960.0,2765.0,248.0
2018-01-03,6955.0,6416.0,5142.0,3463.0,462.0
2018-01-04,5759.0,5261.0,4545.0,2938.0,572.0
2018-01-05,5464.0,5098.0,4149.0,2817.0,439.0
2018-01-06,5500.0,4969.0,3812.0,2436.0,332.0
2018-01-08,5669.0,5237.0,4133.0,2507.0,511.0
2018-01-09,6161.0,5567.0,4352.0,2938.0,229.0
2018-01-10,5700.0,5391.0,4313.0,2816.0,376.0
2018-01-11,6300.0,5505.0,4401.0,2805.0,250.0
2018-01-12,5300.0,5173.0,3908.0,2596.0,197.0
2018-01-13,5300.0,5173.0,3908.0,2596.0,51.0
2018-01-15,5982.0,5460.0,4215.0,2805.0,460.0
2018-01-16,6289.0,5580.0,4533.0,3037.0,368.0
2018-01-17,6000.0,5457.0,4334.0,2905.0,408.0
2018-01-18,5994.0,5375.0,3864.0,2980.0,478.0
2018-01-19,5892.0,5108.0,3924.0,2712.0,449.0
2018-01-20,5829.0,5043.0,3981.0,2721.0,295.0
2018-01-22,6374.0,5498.0,4130.0,2809.0,430.0
2018-01-23,6213.0,5602.0,4073.0,2749.0,430.0
2018-01-24,6156.0,5389.0,4137.0,2723.0,308.0
2018-01-25,6000.0,5498.0,3772.0,2507.0,134.0
2018-01-26,6000.0,5498.0,3772.0,2507.0,61.0
2018-01-27,7500.0,7204.0,5813.0,3510.0,114.0
2018-01-29,9480.0,8549.0,6576.0,4252.0,306.0
2018-01-30,9653.0,8933.0,6217.0,4130.0,349.0
2018-01-31,9323.0,8442.0,6209.0,3849.0,431.0
2018-02-01,9694.0,8840.0,6997.0,4859.0,288.0
2018-02-02,10442.0,9152.0,6804.0,4749.0,368.0
2018-02-03,10600.0,9933.0,7686.0,5109.0,298.0
2018-02-05,10668.0,9387.0,7287.0,4747.0,512.0
2018-02-06,10485.0,9389.0,6918.0,4976.0,424.0
2018-02-07,9841.0,8807.0,6364.0,4515.0,483.0
2018-02-08,9742.0,8028.0,5192.0,3675.0,421.0
2018-02-09,9946.0,8969.0,6335.0,4156.0,429.0
2018-02-10,9491.0,7975.0,5711.0,3402.0,555.0
2018-02-12,9449.0,7479.0,4713.0,2644.0,870.0
2018-02-13,9542.0,6839.0,4145.0,2309.0,610.0
2018-02-14,9458.0,7497.0,4220.0,2192.0,371.0
2018-02-15,9458.0,7497.0,4220.0,2192.0,81.0
2018-02-19,9071.0,7335.0,4471.0,2627.0,464.0
2018-02-20,9025.0,6836.0,3744.0,2393.0,314.0
2018-02-21,9191.0,7379.0,4156.0,2354.0,357.0
2018-02-22,9600.0,7579.0,4529.0,2946.0,344.0
2018-02-23,9849.0,7892.0,4637.0,3076.0,364.0
2018-02-24,10632.0,7735.0,4786.0,3357.0,276.0
2018-02-26,10311.0,7863.0,4832.0,3147.0,619.0
2018-02-27,10354.0,8184.0,4730.0,2725.0,357.0
2018-02-28,10232.0,8603.0,5093.0,2857.0,468.0
2018-03-01,10494.0,9530.0,6196.0,3598.0,207.0
2018-03-02,9461.0,8472.0,5992.0,3848.0,352.0
2018-03-03,9700.0,7950.0,5429.0,3837.0,316.0
2018-03-05,10360.0,8561.0,5351.0,3354.0,515.0
2018-03-06,9759.0,7314.0,4578.0,3155.0,323.0
2018-03-07,10127.0,7933.0,4583.0,2814.0,490.0
2018-03-08,10438.0,8440.0,4767.0,2689.0,546.0
2018-03-09,10197.0,7448.0,4366.0,2627.0,348.0
2018-03-10,10000.0,7866.0,4662.0,2726.0,300.0
2018-03-12,10072.0,8410.0,5327.0,3086.0,532.0
2018-03-13,9075.0,7232.0,4160.0,2456.0,589.0
2018-03-14,8738.0,6543.0,3762.0,2268.0,480.0
2018-03-15,8861.0,6867.0,3700.0,2482.0,304.0
2018-03-16,9994.0,8625.0,5371.0,3261.0,246.0
2018-03-17,9600.0,8476.0,5295.0,3409.0,218.0
2018-03-19,10581.0,8632.0,5290.0,3072.0,581.0
2018-03-20,9847.0,7588.0,4507.0,2788.0,465.0
2018-03-21,10374.0,8540.0,5330.0,2412.0,361.0
2018-03-22,10883.0,8816.0,6566.0,4048.0,308.0
2018-03-23,9762.0,7458.0,5216.0,3542.0,368.0
2018-03-24,10844.0,6934.0,4088.0,2606.0,280.0
2018-03-26,10453.0,8631.0,5759.0,3626.0,472.0
2018-03-27,10565.0,8365.0,5731.0,3512.0,444.0
2018-03-28,9779.0,7392.0,4909.0,3049.0,446.0
2018-03-29,10245.0,8028.0,4751.0,2966.0,384.0
2018-03-30,10118.0,7915.0,4919.0,3207.0,324.0
2018-03-31,10752.0,7882.0,5729.0,3216.0,246.0
2018-04-02,10723.0,8474.0,5297.0,3211.0,547.0
2018-04-03,10056.0,7382.0,4554.0,2750.0,526.0
2018-04-04,10001.0,7956.0,4948.0,2718.0,452.0
2018-04-05,9637.0,8153.0,4713.0,2781.0,362.0
2018-04-06,9357.0,7456.0,4538.0,2546.0,391.0
2018-04-07,8156.0,5931.0,3909.0,2696.0,215.0
2018-04-09,9384.0,7235.0,4636.0,2610.0,514.0
2018-04-10,9476.0,7440.0,4014.0,2383.0,492.0
2018-04-11,9657.0,7461.0,4621.0,2703.0,476.0
2018-04-12,8792.0,6418.0,4231.0,2510.0,385.0
2018-04-13,9000.0,6794.0,4398.0,2754.0,325.0
2018-04-14,9622.0,8060.0,5262.0,3515.0,207.0
2018-04-16,9031.0,7582.0,4665.0,2416.0,519.0
2018-04-17,9229.0,7097.0,4489.0,2308.0,494.0
2018-04-18,8775.0,6983.0,4217.0,2364.0,482.0
2018-04-19,8581.0,6255.0,4034.0,2365.0,365.0
2018-04-20,8546.0,7090.0,4603.0,2663.0,398.0
2018-04-21,8447.0,6947.0,4779.0,3215.0,219.0
2018-04-23,8572.0,7341.0,4838.0,2879.0,447.0
2018-04-24,8461.0,6682.0,4558.0,2823.0,405.0
2018-04-25,,6303.0,3903.0,2247.0,425.0
2018-04-26,7683.0,6604.0,4246.0,2554.0,376.0
2018-04-27,8198.0,6257.0,3991.0,2088.0,428.0
2018-04-28,8366.0,6823.0,4175.0,2077.0,236.0
2018-04-30,8000.0,6141.0,4028.0,2294.0,575.0
2018-05-01,8712.0,5790.0,3389.0,1982.0,452.0
2018-05-02,8422.0,5754.0,3412.0,2039.0,488.0
2018-05-03,7500.0,5269.0,3227.0,1627.0,432.0
2018-05-04,7331.0,5419.0,3989.0,2227.0,330.0
2018-05-05,7428.0,5741.0,4403.0,3114.0,256.0
2018-05-07,8532.0,5891.0,4161.0,2431.0,491.0
2018-05-08,7858.0,5918.0,4161.0,2409.0,489.0
2018-05-09,7411.0,5278.0,3281.0,1813.0,513.0
2018-05-10,7173.0,5245.0,3681.0,2154.0,413.0
2018-05-11,6486.0,5478.0,3877.0,1976.0,410.0
2018-05-12,6781.0,5982.0,4643.0,2641.0,202.0
2018-05-14,7769.0,5887.0,4124.0,2440.0,471.0
2018-05-15,7128.0,5275.0,3762.0,2231.0,633.0
2018-05-16,6894.0,4725.0,3352.0,2004.0,546.0
2018-05-17,5844.0,4036.0,2869.0,1834.0,542.0
2018-05-18,4982.0,2824.0,1746.0,1157.0,436.0
2018-05-19,4396.0,3047.0,1733.0,953.0,189.0
2018-05-21,5002.0,3440.0,2545.0,1628.0,523.0
2018-05-22,6062.0,3472.0,2175.0,1187.0,529.0
2018-05-23,4358.0,3103.0,2040.0,1264.0,481.0
2018-05-24,5924.0,3324.0,1796.0,979.0,360.0
2018-05-25,5269.0,4146.0,2366.0,1108.0,407.0
2018-05-26,5338.0,4385.0,2754.0,1486.0,379.0
2018-05-28,6371.0,4147.0,2694.0,1407.0,541.0
2018-05-29,5786.0,4218.0,2871.0,1878.0,456.0
2018-05-30,5176.0,3683.0,2344.0,1269.0,460.0
2018-05-31,5349.0,3789.0,2155.0,1218.0,415.0
2018-06-01,6205.0,3948.0,2243.0,1253.0,464.0
2018-06-02,5607.0,3640.0,2061.0,1086.0,379.0
2018-06-04,4305.0,3063.0,1755.0,1002.0,716.0
2018-06-05,5379.0,3844.0,2532.0,1362.0,444.0
2018-06-06,4669.0,3114.0,1940.0,1218.0,545.0
2018-06-07,4081.0,2912.0,1658.0,1031.0,495.0
2018-06-08,4135.0,3145.0,1653.0,821.0,548.0
2018-06-09,3786.0,3095.0,1689.0,875.0,366.0
2018-06-11,4575.0,3650.0,1888.0,826.0,539.0
2018-06-12,5104.0,3761.0,2188.0,1005.0,654.0
2018-06-13,4671.0,3816.0,2276.0,847.0,464.0
2018-06-14,5381.0,4631.0,3081.0,1112.0,443.0
2018-06-15,5164.0,4544.0,3114.0,1707.0,503.0
2018-06-16,5288.0,4879.0,3572.0,1813.0,374.0
2018-06-18,4870.0,3809.0,2645.0,1383.0,726.0
2018-06-19,5036.0,3896.0,2412.0,1294.0,538.0
2018-06-20,4435.0,3675.0,2627.0,1513.0,791.0
2018-06-21,4662.0,3946.0,2880.0,1728.0,516.0
2018-06-22,4535.0,4017.0,3073.0,1582.0,449.0
2018-06-23,5395.0,4701.0,3881.0,2560.0,341.0
2018-06-25,5855.0,5354.0,3887.0,2626.0,507.0
2018-06-26,6781.0,6209.0,4766.0,3245.0,704.0
2018-06-27,7022.0,6015.0,4190.0,2741.0,583.0
2018-06-28,6347.0,4704.0,3090.0,1856.0,596.0
2018-06-29,5076.0,3888.0,2531.0,1453.0,710.0
2018-06-30,4214.0,3322.0,2140.0,1253.0,500.0
2018-07-02,6930.0,5995.0,4545.0,2894.0,305.0
2018-07-03,6364.0,5259.0,3301.0,1788.0,460.0
2018-07-04,5965.0,4630.0,3064.0,1881.0,502.0
2018-07-05,5136.0,3672.0,2487.0,1606.0,579.0
2018-07-06,6217.0,4619.0,3140.0,1861.0,346.0
2018-07-07,7967.0,6799.0,4075.0,2449.0,390.0
2018-07-09,7778.0,6502.0,4814.0,2760.0,717.0
2018-07-10,7547.0,6358.0,4157.0,2589.0,462.0
2018-07-11,10174.0,8636.0,6344.0,4293.0,199.0
2018-07-12,9702.0,7303.0,4660.0,2621.0,347.0
2018-07-13,8413.0,5877.0,3359.0,1982.0,493.0
2018-07-14,9948.0,8334.0,5618.0,2532.0,322.0
2018-07-16,9923.0,7140.0,3955.0,2297.0,618.0
2018-07-17,10641.0,7705.0,3879.0,2173.0,582.0
2018-07-18,10568.0,8182.0,3934.0,2321.0,460.0
2018-07-19,11025.0,7256.0,4157.0,2393.0,450.0
2018-07-20,14228.0,11180.0,6597.0,3627.0,463.0
2018-07-21,14464.0,10705.0,7321.0,4412.0,330.0
2018-07-23,12692.0,8532.0,5513.0,3558.0,616.0
2018-07-24,11756.0,8941.0,4937.0,2769.0,456.0
2018-07-25,15300.0,12604.0,7650.0,4308.0,291.0
2018-07-26,15235.0,11726.0,7646.0,4265.0,403.0
2018-07-27,13845.0,12634.0,8723.0,5820.0,333.0
2018-07-28,14800.0,11722.0,8062.0,5008.0,274.0
2018-07-30,16701.0,11828.0,7227.0,4681.0,469.0
2018-07-31,16361.0,12435.0,7543.0,3756.0,396.0
2018-08-01,15627.0,11825.0,7833.0,4424.0,433.0
2018-08-02,14356.0,10602.0,5499.0,2570.0,545.0
2018-08-03,12729.0,8291.0,4318.0,2404.0,425.0
2018-08-06,14279.0,10108.0,5206.0,2478.0,600.0
2018-08-07,15116.0,10914.0,5359.0,2767.0,424.0
2018-08-08,16256.0,11691.0,7294.0,4105.0,379.0
2018-08-09,14873.0,12356.0,7767.0,3703.0,409.0
2018-08-10,13616.0,10446.0,6727.0,4157.0,429.0
2018-08-11,13102.0,11261.0,6967.0,4038.0,251.0
2018-08-13,15947.0,13008.0,7203.0,3348.0,549.0
2018-08-14,18482.0,15174.0,8139.0,3996.0,386.0
2018-08-15,21318.0,16841.0,11652.0,6998.0,310.0
2018-08-16,20945.0,17085.0,11361.0,6934.0,329.0
2018-08-17,23515.0,18410.0,10332.0,4041.0,306.0
2018-08-18,25142.0,20659.0,12778.0,6989.0,330.0
2018-08-20,22082.0,17439.0,10037.0,4595.0,519.0
2018-08-21,24676.0,19494.0,13792.0,8066.0,372.0
2018-08-22,24741.0,20025.0,13548.0,7451.0,413.0
2018-08-23,26972.0,22998.0,15072.0,8199.0,328.0
2018-08-24,24464.0,22995.0,16710.0,10544.0,175.0
2018-08-25,27882.0,20754.0,13549.0,8693.0,265.0
2018-08-27,22090.0,15954.0,10610.0,6629.0,601.0
2018-08-28,23136.0,16713.0,10796.0,6676.0,328.0
2018-08-29,21179.0,13212.0,8812.0,5540.0,590.0
2018-08-30,19774.0,10935.0,6690.0,4303.0,422.0
2018-08-31,18690.0,12749.0,7329.0,3848.0,438.0
2018-09-01,13975.0,11904.0,7850.0,4514.0,775.0
2018-09-02,12945.0,8580.0,4972.0,2713.0,1112.0
2018-09-03,12053.0,9237.0,5779.0,3114.0,872.0
2018-09-04,14636.0,12054.0,7389.0,4173.0,518.0
2018-09-05,15467.0,11422.0,7188.0,3907.0,584.0
2018-09-06,13439.0,9666.0,5894.0,3374.0,795.0
2018-09-07,13807.0,10736.0,6010.0,3141.0,848.0
2018-09-08,12131.0,9138.0,5484.0,2997.0,658.0
2018-09-11,13045.0,10557.0,7248.0,4432.0,804.0
2018-09-12,13409.0,10634.0,7243.0,4552.0,854.0
2018-09-13,14557.0,11801.0,8151.0,5384.0,885.0
2018-09-14,13387.0,9760.0,6244.0,3940.0,1123.0
2018-09-15,14099.0,10593.0,6776.0,4262.0,844.0
2018-09-17,12146.0,8085.0,4983.0,2788.0,1370.0
2018-09-18,13341.0,8933.0,4742.0,2095.0,1283.0
2018-09-19,12937.0,9346.0,5387.0,2691.0,1169.0
2018-09-21,12339.0,8402.0,4874.0,2034.0,650.0
2018-09-22,13155.0,9565.0,5659.0,2202.0,278.0
2018-09-27,11627.0,8122.0,5103.0,2360.0,1067.0
2018-09-28,7948.0,4927.0,2828.0,1559.0,922.0
2018-09-29,8059.0,5046.0,3000.0,1552.0,513.0
2018-10-01,7397.0,5860.0,4157.0,2384.0,677.0
2018-10-02,6945.0,5476.0,3750.0,2279.0,715.0
2018-10-03,6862.0,5455.0,3648.0,2036.0,699.0
2018-10-04,6969.0,5668.0,3389.0,1869.0,710.0
2018-10-05,8076.0,6949.0,4779.0,3134.0,505.0
2018-10-06,12975.0,11608.0,8382.0,4563.0,108.0
2018-10-08,7798.0,6079.0,3879.0,2003.0,908.0
2018-10-09,6856.0,4532.0,2740.0,1476.0,974.0
2018-10-10,6594.0,4845.0,3122.0,1633.0,779.0
2018-10-11,6285.0,5010.0,3049.0,1776.0,665.0
2018-10-12,6715.0,4552.0,2735.0,1710.0,645.0
2018-10-13,6540.0,4673.0,3030.0,1878.0,467.0
2018-10-15,7177.0,5495.0,3456.0,2031.0,705.0
2018-10-16,6786.0,5527.0,3545.0,2054.0,585.0
2018-10-17,7967.0,6606.0,4528.0,2550.0,473.0
2018-10-18,7763.0,5807.0,3551.0,1965.0,658.0
2018-10-19,7934.0,6400.0,4161.0,2483.0,546.0
2018-10-20,6588.0,4972.0,3175.0,1954.0,497.0
2018-10-22,6778.0,5283.0,3639.0,2325.0,738.0
2018-10-23,5986.0,4787.0,3297.0,2006.0,672.0
2018-10-24,6054.0,4658.0,3002.0,1951.0,680.0
2018-10-25,6199.0,5469.0,3846.0,2517.0,467.0
2018-10-26,6458.0,5665.0,4240.0,2877.0,557.0
2018-10-27,6941.0,5992.0,4298.0,2955.0,266.0
2018-10-29,6652.0,5923.0,4032.0,2555.0,604.0
2018-10-30,6596.0,5885.0,3920.0,2522.0,662.0
2018-10-31,6645.0,5837.0,3596.0,2167.0,802.0
2018-11-01,6585.0,5551.0,3830.0,2310.0,678.0
2018-11-02,6373.0,5517.0,4021.0,2499.0,717.0
2018-11-03,6361.0,5363.0,3669.0,2086.0,615.0
2018-11-05,6222.0,5275.0,3810.0,2115.0,890.0
2018-11-06,6107.0,5039.0,3651.0,2278.0,760.0
2018-11-07,5656.0,4523.0,3553.0,2167.0,876.0
2018-11-08,6955.0,6110.0,4625.0,2985.0,558.0
2018-11-09,7358.0,6519.0,5273.0,3375.0,628.0
2018-11-10,6438.0,5322.0,4080.0,2657.0,1076.0
2018-11-12,6129.0,4976.0,4006.0,2514.0,1570.0
2018-11-13,6267.0,4777.0,3852.0,2473.0,1164.0
2018-11-14,6298.0,4825.0,3856.0,2417.0,1286.0
2018-11-15,6826.0,5855.0,4475.0,2752.0,1131.0
2018-11-16,6905.0,5385.0,3975.0,2525.0,1897.0
2018-11-17,6805.0,5204.0,3910.0,2493.0,1598.0
2018-11-19,6066.0,4438.0,3389.0,2119.0,1697.0
2018-11-20,5245.0,3987.0,2827.0,1769.0,1168.0
2018-11-21,6086.0,4858.0,3429.0,2047.0,1430.0
2018-11-22,6661.0,5664.0,3944.0,2541.0,1495.0
2018-11-23,6950.0,5721.0,4005.0,2415.0,1734.0
2018-11-24,6136.0,4413.0,2816.0,1681.0,1390.0
2018-11-26,6049.0,4501.0,2964.0,1800.0,1090.0
2018-11-27,5004.0,3755.0,2330.0,1394.0,1108.0
2018-11-28,5359.0,3954.0,2547.0,1613.0,1111.0
2018-11-29,5714.0,4532.0,2745.0,1568.0,987.0
2018-11-30,6757.0,5757.0,3654.0,2126.0,955.0
2018-12-01,6270.0,4774.0,3103.0,1846.0,1115.0
2018-12-03,5468.0,4571.0,3044.0,1894.0,1040.0
2018-12-04,5606.0,4289.0,2583.0,1629.0,668.0
2018-12-05,5000.0,4275.0,2369.0,1488.0,595.0
2018-12-06,4500.0,3790.0,2468.0,1587.0,674.0
2018-12-07,5160.0,4279.0,2779.0,1446.0,552.0
2018-12-08,5000.0,3981.0,2902.0,1704.0,330.0
2018-12-10,5043.0,4557.0,3519.0,2376.0,253.0
2018-12-11,5769.0,4869.0,3834.0,2242.0,258.0
2018-12-12,5633.0,4827.0,3484.0,2223.0,433.0
2018-12-13,4594.0,4011.0,3149.0,2107.0,669.0
2018-12-14,4190.0,3278.0,2696.0,1727.0,508.0
2018-12-15,3465.0,2659.0,1823.0,1250.0,244.0
2018-12-17,4187.0,3541.0,2579.0,1674.0,348.0
2018-12-18,4425.0,3240.0,2385.0,1536.0,488.0
2018-12-19,3381.0,2761.0,2066.0,1314.0,506.0
2018-12-20,3480.0,2789.0,2045.0,1377.0,260.0
2018-12-21,3448.0,2747.0,1969.0,1294.0,427.0
2018-12-22,3800.0,3484.0,2455.0,1475.0,170.0
2018-12-24,3778.0,3281.0,2586.0,1685.0,421.0
2018-12-25,3400.0,2963.0,2311.0,1637.0,332.0
2018-12-26,3398.0,2936.0,2085.0,1388.0,361.0
2018-12-27,3435.0,2935.0,2367.0,1591.0,367.0
2018-12-28,3776.0,3075.0,2134.0,1359.0,230.0
2018-12-29,4000.0,3342.0,2590.0,1852.0,65.0
2018-12-31,4900.0,4650.0,4247.0,2752.0,118.0
2019-01-03,4296.0,3421.0,2574.0,1764.0,779.0
2019-01-04,3536.0,2791.0,2081.0,1248.0,449.0
2019-01-05,4000.0,3209.0,2568.0,1650.0,229.0
2019-01-07,3329.0,2983.0,2329.0,1597.0,384.0
2019-01-08,3153.0,2788.0,2284.0,1406.0,324.0
2019-01-09,2874.0,2522.0,2108.0,1385.0,336.0
2019-01-10,3400.0,2775.0,2102.0,1362.0,381.0
2019-01-11,3146.0,2856.0,2125.0,1486.0,363.0
2019-01-12,3100.0,2479.0,1857.0,1146.0,182.0
2019-01-14,3350.0,2929.0,2423.0,1449.0,342.0
2019-01-15,3572.0,3323.0,2767.0,1867.0,250.0
2019-01-16,3787.0,3184.0,2528.0,1726.0,362.0
2019-01-17,3040.0,2754.0,2329.0,1505.0,407.0
2019-01-18,2800.0,2503.0,1984.0,1343.0,395.0
2019-01-19,2800.0,2556.0,2319.0,1519.0,165.0
2019-01-21,2987.0,2662.0,2052.0,1330.0,388.0
2019-01-22,3059.0,2702.0,2116.0,1327.0,291.0
2019-01-23,3146.0,2718.0,2269.0,1561.0,349.0
2019-01-24,2904.0,2656.0,2228.0,1499.0,333.0
2019-01-25,3100.0,2683.0,2258.0,1524.0,307.0
2019-01-26,3698.0,3104.0,2440.0,1390.0,199.0
2019-01-28,3635.0,3132.0,2436.0,1576.0,498.0
2019-01-29,3436.0,3035.0,2438.0,1546.0,477.0
2019-01-30,3124.0,2593.0,2001.0,1316.0,556.0
2019-01-31,2889.0,2549.0,2041.0,1371.0,394.0
2019-02-01,3166.0,2997.0,2411.0,1579.0,337.0
2019-02-02,4000.0,3355.0,3000.0,2333.0,194.0
2019-02-04,4000.0,3355.0,3000.0,2333.0,41.0
2019-02-08,3676.0,3372.0,2611.0,1758.0,445.0
2019-02-09,3600.0,3095.0,2233.0,1557.0,185.0
2019-02-11,3516.0,3045.0,2264.0,1481.0,440.0
2019-02-12,3694.0,2930.0,2108.0,1438.0,347.0
2019-02-13,3553.0,2775.0,1940.0,1181.0,306.0
2019-02-14,3256.0,2804.0,2126.0,1312.0,339.0
2019-02-15,3245.0,2682.0,2052.0,1317.0,391.0
2019-02-16,3083.0,2527.0,1905.0,1273.0,287.0
2019-02-18,3199.0,2650.0,2028.0,1241.0,332.0
2019-02-19,3459.0,2799.0,1966.0,1114.0,305.0
2019-02-20,3277.0,2764.0,1970.0,1269.0,235.0
2019-02-21,3062.0,2535.0,1907.0,1226.0,287.0
2019-02-22,2951.0,2557.0,1984.0,1281.0,342.0
2019-02-23,2700.0,2489.0,1915.0,1235.0,253.0
2019-02-25,2636.0,2276.0,1841.0,1167.0,382.0
2019-02-26,2644.0,2378.0,1836.0,1227.0,399.0
2019-02-27,2800.0,2565.0,2057.0,1380.0,297.0
2019-02-28,3050.0,2589.0,2214.0,1427.0,359.0
2019-03-01,3187.0,2699.0,2059.0,1354.0,337.0
2019-03-02,3255.0,2739.0,2232.0,1526.0,289.0
2019-03-04,2956.0,2302.0,1767.0,1151.0,628.0
2019-03-05,2800.0,2419.0,1649.0,1078.0,304.0
2019-03-06,2605.0,2293.0,1756.0,1247.0,315.0
2019-03-07,2800.0,2547.0,2253.0,1377.0,330.0
2019-03-08,2895.0,2406.0,1844.0,1268.0,387.0
2019-03-09,2600.0,2438.0,1793.0,1189.0,317.0
2019-03-11,2746.0,2470.0,1857.0,1271.0,393.0
2019-03-12,3045.0,2687.0,1952.0,1333.0,280.0
2019-03-13,3542.0,2817.0,2051.0,1405.0,365.0
2019-03-14,3160.0,2504.0,1881.0,1301.0,435.0
2019-03-15,3034.0,2544.0,1893.0,1218.0,310.0
2019-03-16,3200.0,2122.0,1651.0,1067.0,156.0
2019-03-18,2962.0,2561.0,1799.0,1128.0,483.0
2019-03-19,2966.0,2349.0,1772.0,1147.0,417.0
2019-03-20,2755.0,2399.0,1744.0,1015.0,311.0
2019-03-21,2749.0,2416.0,1763.0,1119.0,278.0
2019-03-22,2800.0,2343.0,1776.0,1213.0,251.0
2019-03-23,3000.0,2370.0,1866.0,1251.0,185.0
2019-03-25,3238.0,2744.0,2265.0,1465.0,337.0
2019-03-26,3069.0,2599.0,1953.0,1242.0,391.0
2019-03-27,3195.0,2429.0,1854.0,1216.0,287.0
2019-03-28,3082.0,2428.0,1623.0,969.0,339.0
2019-03-29,3033.0,2477.0,1872.0,1061.0,332.0
2019-03-30,2700.0,2542.0,1764.0,1281.0,170.0
2019-04-01,2920.0,2496.0,1940.0,1328.0,396.0
2019-04-02,3196.0,2653.0,1973.0,1330.0,354.0
2019-04-03,2939.0,2365.0,1717.0,1199.0,407.0
2019-04-04,3243.0,2301.0,1623.0,964.0,328.0
2019-04-05,3099.0,2431.0,1653.0,1019.0,312.0
2019-04-06,3200.0,2765.0,1658.0,1114.0,116.0
2019-04-08,2700.0,2421.0,1600.0,956.0,475.0
2019-04-09,2910.0,2413.0,1821.0,1182.0,377.0
2019-04-10,2696.0,2350.0,1769.0,1251.0,328.0
2019-04-11,2800.0,2384.0,1755.0,1173.0,295.0
2019-04-12,3120.0,2339.0,1613.0,1056.0,378.0
2019-04-13,2800.0,2618.0,1705.0,1041.0,144.0
2019-04-15,3400.0,3023.0,2359.0,1560.0,319.0
2019-04-16,3198.0,2786.0,1953.0,1114.0,412.0
2019-04-17,3198.0,2667.0,1965.0,1153.0,447.0
2019-04-18,3170.0,2645.0,1990.0,1250.0,478.0
2019-04-19,3328.0,2697.0,1873.0,1157.0,455.0
2019-04-20,3500.0,2966.0,2210.0,1363.0,182.0
2019-04-22,3074.0,2601.0,1960.0,1154.0,483.0
2019-04-23,3000.0,2620.0,1955.0,1230.0,295.0
2019-04-24,3000.0,2651.0,1997.0,1262.0,356.0
2019-04-25,2800.0,2582.0,1855.0,1316.0,331.0
2019-04-26,2938.0,2408.0,1617.0,946.0,329.0
2019-04-27,2800.0,2707.0,1991.0,1244.0,149.0
2019-04-29,3212.0,2675.0,2111.0,1374.0,322.0
2019-04-30,3195.0,2903.0,2207.0,1478.0,361.0
2019-05-01,2946.0,2480.0,1734.0,1112.0,432.0
2019-05-02,3117.0,2632.0,1882.0,1262.0,299.0
2019-05-03,3000.0,2605.0,1865.0,1188.0,311.0
2019-05-04,2884.0,2611.0,1974.0,1265.0,215.0
2019-05-06,3406.0,2926.0,2278.0,1534.0,319.0
2019-05-07,4005.0,3487.0,2414.0,1219.0,310.0
2019-05-08,3672.0,3172.0,1955.0,1046.0,484.0
2019-05-09,3420.0,3083.0,2472.0,1373.0,357.0
2019-05-10,3558.0,3052.0,2203.0,1299.0,303.0
2019-05-11,3600.0,3222.0,2335.0,1400.0,190.0
2019-05-13,3835.0,3186.0,2312.0,1415.0,419.0
2019-05-14,3696.0,3300.0,2560.0,1663.0,355.0
2019-05-15,4100.0,3608.0,2727.0,1787.0,257.0
2019-05-16,4057.0,3520.0,2520.0,1626.0,302.0
2019-05-17,4244.0,3364.0,1980.0,1241.0,337.0
2019-05-18,4400.0,3221.0,1845.0,1159.0,187.0
2019-05-20,4703.0,3938.0,2609.0,1609.0,318.0
2019-05-21,4361.0,3485.0,2407.0,1557.0,397.0
2019-05-22,4289.0,3166.0,2064.0,1274.0,395.0
2019-05-23,4500.0,3548.0,2273.0,1363.0,332.0
2019-05-24,4700.0,3538.0,2391.0,1562.0,328.0
2019-05-25,3967.0,2965.0,2123.0,1296.0,243.0
2019-05-27,5441.0,4209.0,2909.0,1867.0,343.0
2019-05-28,6666.0,4854.0,3270.0,1763.0,379.0
2019-05-29,6488.0,4744.0,2977.0,1768.0,405.0
2019-05-30,6713.0,3227.0,1824.0,1258.0,402.0
2019-05-31,7375.0,3706.0,2204.0,1235.0,402.0
2019-06-01,7169.0,3762.0,2177.0,1241.0,235.0
2019-06-03,7249.0,4520.0,2726.0,1409.0,425.0
2019-06-04,6901.0,4988.0,3294.0,1737.0,479.0
2019-06-05,6689.0,5232.0,3450.0,1430.0,401.0
2019-06-06,6279.0,4631.0,3096.0,1819.0,423.0
2019-06-07,6207.0,5424.0,4016.0,2459.0,310.0
2019-06-08,6900.0,5312.0,2892.0,1395.0,152.0
2019-06-10,7400.0,5167.0,3405.0,2038.0,520.0
2019-06-11,8544.0,6151.0,4120.0,2218.0,361.0
2019-06-12,6834.0,6047.0,4245.0,2582.0,438.0
2019-06-13,5621.0,4977.0,3682.0,2226.0,397.0
2019-06-14,5906.0,5355.0,4362.0,2879.0,318.0
2019-06-15,5622.0,5325.0,4145.0,2611.0,274.0
2019-06-17,6868.0,6360.0,5214.0,3535.0,391.0
2019-06-18,7796.0,7053.0,5676.0,3702.0,344.0
2019-06-19,6614.0,5416.0,3793.0,2604.0,509.0
2019-06-20,6300.0,5155.0,3527.0,2206.0,409.0
2019-06-21,6745.0,5623.0,4020.0,2389.0,332.0
2019-06-22,6068.0,5066.0,3544.0,2216.0,351.0
2019-06-24,5980.0,5182.0,3613.0,2374.0,529.0
2019-06-25,6484.0,5878.0,4077.0,2396.0,388.0
2019-06-26,6999.0,6426.0,5098.0,3460.0,315.0
2019-06-27,6737.0,6207.0,5009.0,3219.0,350.0
2019-06-28,9273.0,8676.0,7520.0,4943.0,240.0
2019-06-29,7171.0,5963.0,4341.0,2783.0,430.0
2019-07-01,6313.0,5300.0,3686.0,2424.0,619.0
2019-07-02,6181.0,5245.0,3884.0,2610.0,563.0
2019-07-03,5774.0,4593.0,3476.0,2334.0,506.0
2019-07-04,5947.0,5029.0,3661.0,2265.0,372.0
2019-07-05,6758.0,5864.0,4182.0,2729.0,312.0
2019-07-06,6211.0,5734.0,4380.0,3034.0,301.0
2019-07-08,6500.0,5697.0,4665.0,2851.0,490.0
2019-07-09,6213.0,5691.0,4526.0,2581.0,423.0
2019-07-10,7090.0,6571.0,5148.0,3342.0,347.0
2019-07-11,8949.0,8537.0,7170.0,4715.0,324.0
2019-07-12,8147.0,7146.0,4713.0,2853.0,339.0
2019-07-13,8354.0,7571.0,5821.0,3693.0,307.0
2019-07-15,6446.0,5322.0,3553.0,2029.0,637.0
2019-07-16,6609.0,5407.0,3752.0,2094.0,496.0
2019-07-17,8200.0,7236.0,4696.0,2191.0,257.0
2019-07-18,5921.0,4613.0,3067.0,1695.0,681.0
2019-07-19,5382.0,4691.0,3094.0,1759.0,374.0
2019-07-20,5150.0,4320.0,2441.0,1486.0,339.0
2019-07-22,9103.0,8524.0,7056.0,4747.0,259.0
2019-07-23,5473.0,4430.0,3115.0,1931.0,626.0
2019-07-24,5075.0,3576.0,1857.0,936.0,505.0
2019-07-25,6649.0,5415.0,3496.0,1199.0,355.0
2019-07-26,7007.0,5011.0,2759.0,973.0,387.0
2019-07-27,10700.0,9266.0,6640.0,3128.0,146.0
2019-07-29,7379.0,5379.0,2745.0,1286.0,509.0
2019-07-30,6661.0,5846.0,4041.0,1610.0,
2019-07-31,6842.0,5759.0,3571.0,1496.0,383.0
2019-08-01,7414.0,6523.0,4325.0,1666.0,421.0
2019-08-02,6806.0,5627.0,3105.0,709.0,463.0
2019-08-05,8949.0,6324.0,3880.0,2069.0,437.0
2019-08-06,8672.0,6488.0,3704.0,1623.0,491.0
2019-08-07,9589.0,7782.0,4919.0,2230.0,478.0
2019-08-08,10778.0,6841.0,2621.0,891.0,616.0
2019-08-09,9269.0,7068.0,4061.0,1954.0,392.0
2019-08-10,9145.0,6946.0,3730.0,1447.0,431.0
2019-08-12,10036.0,7650.0,5371.0,3491.0,458.0
2019-08-13,8410.0,5776.0,2560.0,631.0,577.0
2019-08-14,8456.0,6171.0,3411.0,1586.0,366.0
2019-08-15,9587.0,6495.0,3357.0,886.0,413.0
2019-08-16,11673.0,6542.0,2498.0,2149.0,491.0
2019-08-17,11409.0,8322.0,3895.0,1638.0,478.0
2019-08-19,9308.0,6189.0,3039.0,926.0,722.0
2019-08-20,7670.0,5629.0,3237.0,775.0,661.0
2019-08-21,7148.0,5447.0,3143.0,939.0,507.0
2019-08-22,9118.0,6689.0,3699.0,1659.0,437.0
2019-08-23,9757.0,7247.0,3645.0,1388.0,466.0
2019-08-24,11035.0,6637.0,3023.0,991.0,482.0
2019-08-26,11283.0,8541.0,5268.0,2623.0,557.0
2019-08-27,11877.0,8600.0,5261.0,2880.0,581.0
2019-08-28,12508.0,8704.0,5000.0,2350.0,459.0
2019-08-29,12386.0,8829.0,5501.0,2900.0,647.0
2019-08-30,11105.0,8442.0,5115.0,2447.0,700.0
2019-08-31,12034.0,7789.0,3874.0,1694.0,673.0
2019-09-01,16683.0,13537.0,8626.0,3963.0,707.0
2019-09-02,16631.0,14059.0,9195.0,4941.0,485.0
2019-09-03,34750.0,19488.0,11066.0,5602.0,460.0
2019-09-04,21564.0,15776.0,10575.0,6609.0,588.0
2019-09-05,15522.0,12345.0,8245.0,4650.0,909.0
2019-09-06,14168.0,10025.0,4838.0,1989.0,838.0
2019-09-07,14620.0,11010.0,5414.0,2081.0,671.0
2019-09-09,15104.0,11949.0,7117.0,3594.0,858.0
2019-09-11,15096.0,11066.0,6429.0,2621.0,619.0
2019-09-12,11400.0,9742.0,6096.0,3410.0,108.0
2019-09-16,15095.0,12149.0,6815.0,3036.0,480.0
2019-09-17,15080.0,12924.0,8228.0,4510.0,420.0
2019-09-18,17653.0,15962.0,10749.0,6579.0,340.0
2019-09-19,17334.0,16024.0,11175.0,6948.0,382.0
2019-09-21,18227.0,16404.0,11790.0,7454.0,273.0
2019-09-23,28105.0,24184.0,16030.0,10316.0,315.0
2019-09-24,18086.0,13848.0,9649.0,5244.0,432.0
2019-09-25,21030.0,15927.0,10932.0,6695.0,368.0
2019-09-26,21582.0,19130.0,11452.0,6528.0,362.0
2019-09-27,22284.0,17256.0,10231.0,4196.0,428.0
2019-09-28,24480.0,19104.0,12260.0,7238.0,257.0
2019-10-01,24916.0,20670.0,13224.0,7823.0,488.0
2019-10-02,26134.0,21168.0,14454.0,8791.0,520.0
2019-10-03,27192.0,22068.0,13122.0,7128.0,423.0
2019-10-04,24934.0,19619.0,12221.0,7573.0,436.0
2019-10-05,17712.0,12609.0,7767.0,4757.0,528.0
2019-10-07,17002.0,13727.0,9619.0,5940.0,725.0
2019-10-08,15051.0,11217.0,7736.0,4791.0,543.0
2019-10-09,15337.0,12920.0,8782.0,5201.0,436.0
2019-10-10,16002.0,13496.0,10020.0,6473.0,450.0
2019-10-11,16031.0,13621.0,9719.0,6271.0,536.0
2019-10-12,15231.0,12999.0,9016.0,6000.0,518.0
2019-10-14,15126.0,13440.0,9991.0,6292.0,613.0
2019-10-15,16415.0,14565.0,11546.0,7300.0,482.0
2019-10-16,16410.0,14911.0,11176.0,7570.0,714.0
2019-10-17,15498.0,13330.0,10256.0,6902.0,710.0
2019-10-18,14546.0,11654.0,8523.0,5891.0,590.0
2019-10-19,14732.0,11623.0,8352.0,5616.0,398.0
2019-10-21,13185.0,10104.0,7068.0,4635.0,797.0
2019-10-22,12902.0,10256.0,7631.0,5121.0,472.0
2019-10-23,12359.0,10660.0,7736.0,5201.0,499.0
2019-10-24,11663.0,9343.0,7060.0,4660.0,638.0
2019-10-25,12516.0,10179.0,7466.0,4698.0,553.0
2019-10-26,10920.0,8502.0,6038.0,3647.0,550.0
2019-10-28,11130.0,9339.0,6929.0,4611.0,583.0
2019-10-29,11472.0,8984.0,6726.0,4449.0,654.0
2019-10-30,11026.0,9013.0,6519.0,4106.0,565.0
2019-10-31,10596.0,9092.0,6512.0,4061.0,487.0
2019-11-01,10404.0,9141.0,6554.0,4348.0,635.0
2019-11-02,9929.0,8721.0,6264.0,4111.0,512.0
2019-11-04,9974.0,8657.0,6579.0,4405.0,779.0
2019-11-05,9334.0,8153.0,6141.0,4072.0,748.0
2019-11-06,8886.0,7735.0,5899.0,3877.0,754.0
2019-11-07,8620.0,7373.0,6020.0,3924.0,705.0
2019-11-08,9231.0,7930.0,5945.0,3870.0,694.0
2019-11-09,10624.0,9251.0,6782.0,4310.0,539.0
2019-11-11,10422.0,9098.0,7098.0,4652.0,919.0
2019-11-12,10166.0,8466.0,6711.0,4428.0,1008.0
2019-11-13,9694.0,8279.0,6311.0,4170.0,930.0
2019-11-14,10581.0,9025.0,7125.0,4439.0,815.0
2019-11-15,10680.0,9156.0,7300.0,4764.0,1159.0
2019-11-16,11298.0,9829.0,7600.0,4919.0,954.0
2019-11-18,10913.0,9783.0,7651.0,4992.0,1113.0
2019-11-19,10591.0,9196.0,6956.0,4528.0,896.0
2019-11-20,11142.0,9755.0,7443.0,4803.0,875.0
2019-11-21,11086.0,9728.0,7434.0,4769.0,1092.0
2019-11-22,12578.0,11195.0,8620.0,5242.0,1083.0
2019-11-23,11712.0,10299.0,7643.0,4643.0,1348.0
2019-11-25,11535.0,9163.0,6552.0,4206.0,1431.0
2019-11-26,10251.0,8174.0,5853.0,3725.0,926.0
2019-11-27,8455.0,7319.0,5581.0,3536.0,1029.0
2019-11-28,10180.0,8588.0,6077.0,3768.0,864.0
2019-11-29,10641.0,9473.0,7428.0,4773.0,938.0
2019-11-30,9931.0,8524.0,6354.0,3990.0,1042.0
2019-12-02,10321.0,9158.0,7255.0,4885.0,747.0
2019-12-03,9000.0,8078.0,6349.0,4234.0,448.0
2019-12-04,9578.0,8103.0,6366.0,4078.0,592.0
2019-12-05,9770.0,8716.0,6484.0,4148.0,613.0
2019-12-06,10181.0,9263.0,7111.0,4074.0,614.0
2019-12-07,9786.0,8678.0,6655.0,3421.0,478.0
2019-12-09,9751.0,8754.0,6727.0,3587.0,605.0
2019-12-10,9907.0,8820.0,6799.0,3604.0,403.0
2019-12-11,9528.0,8765.0,6570.0,4001.0,524.0
2019-12-12,9408.0,8578.0,6619.0,4010.0,467.0
2019-12-13,9562.0,8522.0,6738.0,3933.0,447.0
2019-12-14,9539.0,8725.0,6429.0,3661.0,269.0
2019-12-16,9760.0,8863.0,6708.0,3897.0,474.0
2019-12-17,9568.0,8653.0,6999.0,4327.0,394.0
2019-12-18,10021.0,8578.0,6335.0,3920.0,296.0
2019-12-19,9226.0,8664.0,6430.0,4049.0,390.0
2019-12-20,9105.0,8052.0,6523.0,4037.0,420.0
2019-12-21,9024.0,7991.0,5088.0,2601.0,294.0
2019-12-23,9435.0,8569.0,6234.0,3250.0,376.0
2019-12-24,9435.0,8570.0,6591.0,3663.0,386.0
2019-12-25,8543.0,7938.0,5690.0,2704.0,417.0
2019-12-26,9755.0,8154.0,3378.0,1868.0,186.0
2019-12-27,9665.0,9036.0,5736.0,2652.0,263.0
2019-12-28,10394.0,9300.0,5839.0,2362.0,254.0
2019-12-30,10772.0,9846.0,7682.0,2477.0,440.0
2019-12-31,12200.0,9979.0,4377.0,2357.0,142.0
2020-01-03,10827.0,9494.0,7084.0,3476.0,708.0
2020-01-04,10121.0,8902.0,6591.0,3485.0,465.0
2020-01-06,10208.0,9078.0,6639.0,3784.0,452.0
2020-01-07,10703.0,9958.0,6402.0,3314.0,340.0
2020-01-08,10206.0,9258.0,5054.0,2174.0,390.0
2020-01-09,10339.0,9051.0,5066.0,2658.0,316.0
2020-01-10,10175.0,9168.0,6313.0,3655.0,431.0
2020-01-11,9500.0,8736.0,5516.0,2540.0,297.0
2020-01-13,9257.0,8432.0,6352.0,2651.0,552.0
2020-01-14,9110.0,8408.0,5709.0,2270.0,370.0
2020-01-15,9300.0,8564.0,5980.0,2391.0,338.0
2020-01-16,9454.0,9036.0,6508.0,2531.0,329.0
2020-01-17,9423.0,8885.0,6669.0,2084.0,414.0
2020-01-18,9048.0,8612.0,4973.0,1559.0,381.0
2020-01-20,9381.0,8940.0,6654.0,2614.0,428.0
2020-01-21,9685.0,9030.0,6695.0,3012.0,398.0
2020-01-22,10050.0,9269.0,6120.0,2205.0,327.0
2020-01-23,9917.0,9290.0,5266.0,2165.0,293.0
2020-01-24,8000.0,6482.0,4303.0,3086.0,135.0
2020-01-28,9513.0,8549.0,6212.0,3712.0,412.0
2020-01-29,9276.0,8689.0,6572.0,4312.0,229.0
2020-01-30,9333.0,8258.0,5697.0,3827.0,315.0
2020-01-31,9351.0,8609.0,6917.0,4571.0,238.0
2020-02-01,9000.0,8311.0,7200.0,4821.0,188.0
2020-02-03,9041.0,8500.0,6798.0,4468.0,397.0
2020-02-04,10137.0,9449.0,8069.0,5424.0,213.0
2020-02-05,9459.0,9022.0,7698.0,5103.0,228.0
2020-02-06,9600.0,8819.0,7479.0,5098.0,289.0
2020-02-07,9600.0,8819.0,7479.0,5098.0,144.0
2020-02-08,9800.0,9186.0,7762.0,5259.0,185.0
2020-02-10,9770.0,8790.0,7720.0,4939.0,407.0
2020-02-11,9688.0,8998.0,7993.0,5218.0,268.0
2020-02-12,9700.0,9360.0,8408.0,5395.0,238.0
2020-02-13,10100.0,9558.0,8458.0,5473.0,167.0
2020-02-14,9475.0,8909.0,8252.0,5176.0,456.0
2020-02-15,9227.0,8753.0,7780.0,4975.0,322.0
2020-02-17,9549.0,9194.0,7987.0,5193.0,312.0
2020-02-18,9955.0,9456.0,7972.0,5444.0,194.0
2020-02-19,9500.0,8916.0,7471.0,4955.0,287.0
2020-02-20,9067.0,8658.0,4559.0,4961.0,253.0
2020-02-21,9594.0,9015.0,8011.0,5232.0,182.0
2020-02-22,9485.0,9076.0,8098.0,5294.0,195.0
2020-02-24,9693.0,9107.0,7600.0,5077.0,361.0
2020-02-25,9575.0,9137.0,7938.0,5206.0,224.0
2020-02-26,9800.0,9193.0,7934.0,5321.0,165.0
2020-02-27,9578.0,9205.0,8329.0,5331.0,209.0
2020-02-28,9500.0,9122.0,8142.0,5286.0,285.0
2020-02-29,9300.0,8757.0,6266.0,4468.0,161.0
2020-03-02,9600.0,9054.0,7828.0,5108.0,303.0
2020-03-03,9500.0,8919.0,7848.0,5107.0,285.0
2020-03-04,9550.0,8535.0,7327.0,4837.0,336.0
2020-03-05,9580.0,8669.0,7613.0,5044.0,229.0
2020-03-06,9356.0,8311.0,7056.0,4738.0,318.0
2020-03-07,9200.0,8821.0,7397.0,5056.0,154.0
2020-03-09,9300.0,8480.0,6950.0,4739.0,328.0
2020-03-10,9174.0,8464.0,6851.0,4640.0,232.0
2020-03-11,9200.0,8633.0,7056.0,4831.0,238.0
2020-03-12,8918.0,8234.0,6924.0,4626.0,284.0
2020-03-13,9000.0,8291.0,6835.0,4671.0,305.0
2020-03-14,9200.0,8850.0,7007.0,4825.0,117.0
2020-03-16,9319.0,8335.0,6856.0,4562.0,345.0
2020-03-17,9145.0,8269.0,7147.0,4732.0,277.0
2020-03-18,9081.0,8015.0,6664.0,4516.0,352.0
2020-03-19,8800.0,7974.0,6453.0,4429.0,321.0
2020-03-20,9098.0,7991.0,6688.0,4542.0,239.0
2020-03-21,8982.0,8214.0,6930.0,4693.0,165.0
2020-03-23,9093.0,8291.0,7030.0,4695.0,323.0
2020-03-24,9552.0,8595.0,7049.0,4802.0,298.0
2020-03-25,9051.0,8070.0,6797.0,4581.0,353.0
2020-03-26,9040.0,8178.0,6604.0,4542.0,307.0
2020-03-27,8918.0,7942.0,6344.0,4368.0,296.0
2020-03-28,8500.0,8059.0,7128.0,4922.0,158.0
2020-03-30,9105.0,8177.0,6936.0,4641.0,321.0
2020-03-31,9002.0,7887.0,6315.0,4278.0,320.0
2020-04-01,9202.0,7870.0,6347.0,4376.0,327.0
2020-04-02,9170.0,7720.0,6187.0,4176.0,308.0
2020-04-03,8961.0,7811.0,6292.0,4218.0,289.0
2020-04-04,9102.0,7652.0,6163.0,3795.0,212.0
2020-04-06,9340.0,7435.0,6003.0,4075.0,353.0
2020-04-07,9090.0,7371.0,5717.0,3976.0,330.0
2020-04-08,9265.0,7702.0,6120.0,3616.0,265.0
2020-04-09,8599.0,7396.0,6431.0,4315.0,330.0
2020-04-10,8751.0,7353.0,6191.0,3968.0,328.0
2020-04-11,8800.0,7216.0,5948.0,3439.0,177.0
2020-04-13,9236.0,8271.0,6361.0,4609.0,328.0
2020-04-14,9093.0,7889.0,6681.0,4509.0,320.0
2020-04-15,9300.0,8209.0,6713.0,4626.0,294.0
2020-04-16,9500.0,8925.0,7795.0,5221.0,226.0
2020-04-17,9600.0,8880.0,7399.0,4997.0,321.0
2020-04-18,9500.0,9209.0,8268.0,5346.0,197.0
2020-04-20,9899.0,9429.0,8444.0,5439.0,309.0
2020-04-21,10483.0,9743.0,8224.0,5344.0,259.0
2020-04-22,10873.0,10129.0,8571.0,5639.0,276.0
2020-04-23,10873.0,10181.0,9002.0,6143.0,307.0
2020-04-24,11652.0,10460.0,8525.0,5833.0,296.0
2020-04-25,12234.0,11052.0,8525.0,5733.0,214.0
2020-04-27,13254.0,11562.0,8358.0,5835.0,365.0
2020-04-28,14214.0,11999.0,9023.0,6316.0,303.0
2020-04-29,15347.0,12466.0,7932.0,5526.0,368.0
2020-04-30,16090.0,13613.0,8561.0,5980.0,329.0
2020-05-01,16530.0,12385.0,8435.0,5197.0,269.0
2020-05-02,14400.0,10886.0,8222.0,5135.0,199.0
2020-05-04,17167.0,11370.0,8009.0,5585.0,347.0
2020-05-05,16293.0,9771.0,8035.0,4920.0,289.0
2020-05-06,15594.0,11019.0,8147.0,5643.0,305.0
2020-05-07,13475.0,10003.0,8120.0,5526.0,325.0
2020-05-08,12394.0,10359.0,8944.0,5940.0,318.0
2020-05-09,10504.0,9437.0,8595.0,5491.0,275.0
2020-05-11,11789.0,9420.0,8069.0,5300.0,407.0
2020-05-12,10700.0,10205.0,8623.0,5667.0,322.0
2020-05-13,11156.0,10150.0,8933.0,5718.0,341.0
2020-05-14,11125.0,10213.0,8825.0,5502.0,391.0
2020-05-15,10575.0,9620.0,8008.0,5066.0,461.0
2020-05-16,9116.0,8570.0,6631.0,4337.0,289.0
2020-05-18,10198.0,8836.0,6614.0,4353.0,407.0
2020-05-19,10876.0,9566.0,6453.0,3292.0,446.0
2020-05-20,10993.0,9719.0,7251.0,4032.0,348.0
2020-05-21,12800.0,11446.0,8963.0,4400.0,311.0
2020-05-22,12186.0,10027.0,7790.0,4374.0,411.0
2020-05-23,11257.0,10040.0,7943.0,4866.0,265.0
2020-05-25,12383.0,10407.0,8162.0,5314.0,395.0
2020-05-26,12872.0,10280.0,8112.0,5361.0,455.0
2020-05-27,12100.0,10592.0,8329.0,5468.0,299.0
2020-05-28,12044.0,10875.0,8379.0,5627.0,368.0
2020-05-29,10316.0,8941.0,7243.0,4530.0,443.0
2020-05-30,8248.0,6940.0,4438.0,2219.0,397.0
2020-06-01,9143.0,8352.0,6769.0,4458.0,391.0
2020-06-02,9365.0,7864.0,5950.0,3909.0,494.0
2020-06-03,7728.0,5901.0,3810.0,2187.0,565.0
2020-06-04,6940.0,5173.0,3613.0,1989.0,464.0
2020-06-05,7651.0,6326.0,3844.0,2606.0,433.0
2020-06-06,7000.0,5834.0,3853.0,2506.0,335.0
2020-06-08,8329.0,7711.0,6112.0,3713.0,374.0
2020-06-09,9656.0,8816.0,6791.0,3758.0,325.0
2020-06-10,9244.0,8598.0,6911.0,4044.0,376.0
2020-06-11,8219.0,6838.0,5552.0,3657.0,457.0
2020-06-12,9400.0,8287.0,5506.0,3456.0,286.0
2020-06-13,6682.0,5331.0,3505.0,2149.0,468.0
2020-06-15,12400.0,11538.0,9233.0,6397.0,249.0
2020-06-16,10825.0,9575.0,7375.0,3572.0,405.0
2020-06-17,9403.0,8084.0,5422.0,2011.0,468.0
2020-06-18,8010.0,6644.0,4318.0,2171.0,480.0
2020-06-19,7286.0,5577.0,3375.0,1798.0,489.0
2020-06-20,6931.0,5521.0,3517.0,1882.0,410.0
2020-06-22,11017.0,9328.0,6826.0,4283.0,347.0
2020-06-23,7970.0,5857.0,3637.0,2115.0,489.0
2020-06-24,10966.0,9545.0,7102.0,4272.0,399.0
2020-06-25,10300.0,8785.0,6142.0,4153.0,484.0
2020-06-26,7454.0,6668.0,4204.0,2046.0,287.0
2020-06-27,9064.0,7293.0,4301.0,1584.0,260.0
2020-06-29,7841.0,6344.0,3727.0,2090.0,619.0
2020-06-30,8692.0,7064.0,4586.0,2190.0,522.0
2020-07-01,9442.0,7968.0,5814.0,2959.0,239.0
2020-07-02,7676.0,5627.0,3181.0,1799.0,517.0
2020-07-03,7926.0,6025.0,3763.0,2194.0,401.0
2020-07-04,9800.0,8443.0,5914.0,3626.0,297.0
2020-07-06,8816.0,6819.0,4461.0,2579.0,575.0
2020-07-07,9321.0,7721.0,5134.0,3054.0,497.0
2020-07-08,10521.0,9472.0,6646.0,3204.0,400.0
2020-07-09,10625.0,9354.0,7044.0,4200.0,396.0
2020-07-10,10547.0,9648.0,6827.0,3285.0,356.0
2020-07-11,15400.0,14321.0,11500.0,6095.0,145.0
2020-07-13,11514.0,9946.0,6924.0,4285.0,581.0
2020-07-14,12432.0,10800.0,6576.0,3240.0,288.0
2020-07-15,13490.0,11830.0,6990.0,3353.0,352.0
2020-07-16,12842.0,10500.0,7795.0,4147.0,503.0
2020-07-17,11860.0,10012.0,7611.0,4380.0,366.0
2020-07-18,11235.0,9265.0,6423.0,4062.0,336.0
2020-07-20,16554.0,13943.0,9104.0,6035.0,332.0
2020-07-21,12536.0,10277.0,7657.0,4216.0,336.0
2020-07-22,12492.0,10149.0,7209.0,3979.0,483.0
2020-07-23,12869.0,10225.0,6102.0,3690.0,360.0
2020-07-24,16242.0,13307.0,7991.0,4503.0,374.0
2020-07-25,15581.0,13388.0,7248.0,3932.0,222.0
2020-07-27,12766.0,9636.0,6611.0,3879.0,624.0
2020-07-28,13273.0,10520.0,6898.0,3783.0,498.0
2020-07-29,12461.0,10512.0,6961.0,4158.0,386.0
2020-07-30,13356.0,11432.0,8135.0,5495.0,320.0
2020-07-31,16260.0,15331.0,10156.0,5552.0,305.0
2020-08-03,14588.0,12378.0,8187.0,5039.0,512.0
2020-08-04,15655.0,11589.0,7253.0,4546.0,330.0
2020-08-05,14465.0,11911.0,7643.0,4694.0,444.0
2020-08-06,13637.0,11004.0,7062.0,4062.0,426.0
2020-08-07,17537.0,14016.0,9857.0,5933.0,293.0
2020-08-08,17020.0,13169.0,7464.0,4131.0,462.0
2020-08-10,17333.0,12304.0,6950.0,4094.0,618.0
2020-08-11,18982.0,15499.0,8468.0,4174.0,442.0
2020-08-12,19234.0,14744.0,8514.0,4655.0,455.0
2020-08-13,21310.0,16148.0,10744.0,6613.0,419.0
2020-08-14,21648.0,16960.0,9735.0,4422.0,394.0
2020-08-15,22375.0,16909.0,9238.0,4512.0,367.0
2020-08-17,25446.0,21613.0,11979.0,6012.0,337.0
2020-08-18,24366.0,18256.0,11818.0,7394.0,324.0
2020-08-19,23569.0,15857.0,9122.0,4807.0,449.0
2020-08-20,23902.0,17953.0,10098.0,5629.0,379.0
2020-08-21,23414.0,15390.0,10341.0,6204.0,424.0
2020-08-22,24085.0,18277.0,12599.0,7424.0,269.0
2020-08-24,30301.0,21538.0,12012.0,6758.0,419.0
2020-08-25,25441.0,19340.0,13251.0,8084.0,459.0
2020-08-26,24828.0,17650.0,12290.0,7637.0,405.0
2020-08-27,29290.0,21565.0,14356.0,7292.0,332.0
2020-08-28,30226.0,21647.0,14726.0,9848.0,347.0
2020-08-29,24149.0,17533.0,11506.0,7508.0,342.0
2020-08-31,19016.0,14626.0,9445.0,4653.0,703.0
2020-09-01,25354.0,21610.0,14939.0,10163.0,463.0
2020-09-02,19618.0,15842.0,9955.0,5212.0,447.0
2020-09-03,23995.0,21288.0,13265.0,8107.0,858.0
2020-09-04,24600.0,17438.0,11072.0,7220.0,391.0
2020-09-05,21372.0,16649.0,11825.0,6690.0,441.0
2020-09-07,26000.0,22090.0,15880.0,10595.0,443.0
2020-09-08,28713.0,25900.0,17983.0,11730.0,301.0
2020-09-09,25712.0,21144.0,13911.0,8677.0,492.0
2020-09-11,26848.0,22062.0,15250.0,9510.0,459.0
2020-09-12,27963.0,24079.0,16431.0,9951.0,395.0
2020-09-14,32293.0,28891.0,20595.0,13818.0,482.0
2020-09-15,32510.0,27773.0,19085.0,11593.0,593.0
2020-09-16,33090.0,26632.0,17118.0,11295.0,750.0
2020-09-17,32634.0,26957.0,17186.0,10962.0,676.0
2020-09-18,30217.0,24427.0,15363.0,9105.0,758.0
2020-09-19,31671.0,25748.0,15674.0,8900.0,587.0
2020-09-21,32272.0,24596.0,14554.0,10089.0,998.0
2020-09-22,30434.0,25638.0,16950.0,10735.0,761.0
2020-09-23,29764.0,24802.0,14494.0,9696.0,1022.0
2020-09-24,30578.0,25277.0,16127.0,10986.0,859.0
2020-09-25,30136.0,24978.0,15105.0,9195.0,828.0
2020-09-26,32731.0,24574.0,14278.0,9059.0,772.0
2020-09-28,31919.0,24537.0,14817.0,9086.0,1119.0
2020-09-29,31987.0,24254.0,13876.0,8301.0,1014.0
2020-10-05,28143.0,21809.0,12743.0,7104.0,789.0
2020-10-06,24774.0,19259.0,11586.0,7197.0,809.0
2020-10-07,25222.0,19681.0,12733.0,7657.0,716.0
2020-10-08,24034.0,16759.0,10666.0,5505.0,683.0
2020-10-09,18422.0,13586.0,8246.0,4512.0,723.0
2020-10-10,14987.0,10813.0,6782.0,3884.0,475.0
2020-10-12,14362.0,11769.0,7083.0,4242.0,798.0
2020-10-13,11446.0,8501.0,4932.0,2753.0,771.0
2020-10-14,11373.0,7746.0,4673.0,2777.0,693.0
2020-10-15,10806.0,8461.0,5789.0,3307.0,597.0
2020-10-16,9327.0,7613.0,5000.0,2664.0,636.0
2020-10-17,8968.0,7274.0,4441.0,2369.0,597.0
2020-10-19,9343.0,7618.0,4593.0,2667.0,783.0
2020-10-20,8709.0,7265.0,4398.0,2344.0,769.0
2020-10-21,8323.0,6987.0,4269.0,2470.0,682.0
2020-10-22,8151.0,6629.0,4197.0,2310.0,814.0
2020-10-23,7662.0,6266.0,3849.0,2025.0,824.0
2020-10-24,7916.0,5931.0,3576.0,1966.0,
2020-10-26,7366.0,6472.0,4343.0,2518.0,709.0
2020-10-27,7405.0,6344.0,4381.0,2587.0,582.0
2020-10-28,6733.0,5587.0,4110.0,2602.0,698.0
2020-10-29,6711.0,5498.0,3834.0,2463.0,657.0
2020-10-30,6712.0,5319.0,3564.0,2182.0,683.0
2020-10-31,6055.0,4969.0,2929.0,1738.0,605.0
2020-11-02,6599.0,5646.0,3480.0,2064.0,652.0
2020-11-03,6744.0,5659.0,4022.0,2442.0,680.0
2020-11-04,6652.0,5633.0,3866.0,2205.0,623.0
2020-11-05,7347.0,6096.0,4513.0,2825.0,492.0
2020-11-06,7702.0,6262.0,4321.0,2361.0,762.0
2020-11-07,6588.0,5160.0,3368.0,2045.0,738.0
2020-11-09,7054.0,5708.0,3663.0,1943.0,743.0
2020-11-10,7317.0,6140.0,4476.0,2639.0,680.0
2020-11-11,7474.0,6131.0,4491.0,2651.0,824.0
2020-11-12,7616.0,6388.0,4089.0,2288.0,852.0
2020-11-13,8626.0,7638.0,5162.0,2881.0,910.0
2020-11-14,8275.0,6610.0,4494.0,2520.0,1143.0
2020-11-16,7271.0,5698.0,3912.0,2143.0,1240.0
2020-11-17,7563.0,5806.0,3558.0,1845.0,1168.0
2020-11-18,7363.0,6206.0,4330.0,2499.0,1082.0
2020-11-19,8730.0,7491.0,5351.0,3267.0,885.0
2020-11-20,10372.0,8101.0,5970.0,3766.0,687.0
2020-11-21,8209.0,6715.0,4603.0,2810.0,1426.0
2020-11-23,7311.0,6127.0,4182.0,2417.0,1430.0
2020-11-24,6440.0,5111.0,3456.0,1982.0,1093.0
2020-11-25,6035.0,5126.0,3599.0,2045.0,1013.0
2020-11-26,6607.0,5589.0,3517.0,1982.0,1191.0
2020-11-27,7077.0,6333.0,4443.0,2666.0,1209.0
2020-11-28,6505.0,5525.0,3620.0,2256.0,998.0
2020-11-30,4846.0,3807.0,2547.0,1609.0,876.0
2020-12-01,4348.0,3149.0,2074.0,1309.0,591.0
2020-12-02,4009.0,3295.0,2151.0,1226.0,525.0
2020-12-03,5897.0,5184.0,3697.0,2479.0,421.0
2020-12-04,6211.0,5192.0,3708.0,1878.0,728.0
2020-12-05,5477.0,4687.0,2826.0,1486.0,662.0
2020-12-07,4896.0,4153.0,2865.0,1784.0,595.0
2020-12-08,4690.0,3986.0,2790.0,1774.0,391.0
2020-12-09,3529.0,2722.0,2060.0,1429.0,478.0
2020-12-10,4126.0,3652.0,2610.0,1638.0,277.0
2020-12-11,4559.0,3770.0,2741.0,1867.0,430.0
2020-12-12,4500.0,4078.0,3279.0,2219.0,313.0
2020-12-14,5213.0,4537.0,3663.0,2446.0,465.0
2020-12-15,4277.0,3755.0,2759.0,1946.0,283.0
2020-12-16,3600.0,3439.0,3042.0,1966.0,126.0
2020-12-17,3700.0,3314.0,2676.0,1812.0,111.0
2020-12-18,3800.0,3570.0,2895.0,1932.0,150.0
2020-12-19,4500.0,3794.0,2844.0,1942.0,219.0
2020-12-21,4216.0,3738.0,3121.0,2034.0,418.0
2020-12-22,3793.0,3248.0,2496.0,1694.0,298.0
2020-12-23,3543.0,2995.0,2387.0,1472.0,392.0
2020-12-24,3683.0,3418.0,2657.0,1474.0,215.0
2020-12-25,3562.0,3178.0,2501.0,1461.0,274.0
2020-12-26,3700.0,3369.0,2661.0,1848.0,111.0
2020-12-28,3956.0,3748.0,2901.0,1996.0,283.0
2020-12-29,4300.0,3873.0,3109.0,1937.0,274.0
2020-12-30,4381.0,3551.0,2554.0,1642.0,100.0
2020-12-31,2800.0,2610.0,1909.0,1356.0,544.0
2021-01-01,,,,,
2021-01-02,,,,,
2021-01-03,,,,,
2021-01-04,4619.0,4063.0,2845.0,1986.0,297.0
2021-01-05,4545.0,3892.0,2698.0,1624.0,368.0
2021-01-06,4091.0,3663.0,2690.0,1752.0,413.0
2021-01-07,4400.0,3707.0,2650.0,1709.0,156.0
2021-01-08,3000.0,2283.0,1647.0,1262.0,97.0
2021-01-09,3000.0,2283.0,1647.0,1262.0,6.0
2021-01-10,,,,,
2021-01-11,5200.0,4734.0,3636.0,1867.0,126.0
2021-01-12,4663.0,4230.0,3162.0,1994.0,281.0
2021-01-13,5500.0,5117.0,4155.0,2891.0,102.0
2021-01-14,5100.0,4605.0,3525.0,1946.0,303.0
2021-01-15,5500.0,5057.0,3726.0,2383.0,240.0
2021-01-16,5400.0,5025.0,3430.0,2165.0,234.0
2021-01-17,,,,,
2021-01-18,5868.0,5201.0,3962.0,2532.0,356.0
2021-01-19,6000.0,5527.0,4170.0,2837.0,250.0
2021-01-20,5258.0,4704.0,3430.0,2059.0,307.0
2021-01-21,4870.0,4168.0,2882.0,1875.0,263.0
2021-01-22,5149.0,4080.0,2551.0,1387.0,332.0
2021-01-23,5100.0,4852.0,2850.0,2150.0,146.0
2021-01-24,,,,,
2021-01-25,6682.0,5792.0,3997.0,2647.0,219.0
2021-01-26,7200.0,5967.0,4091.0,2613.0,378.0
2021-01-27,8100.0,6924.0,4616.0,3086.0,226.0
2021-01-28,7716.0,6846.0,5096.0,2867.0,440.0
2021-01-29,7859.0,6131.0,3513.0,1938.0,430.0
2021-01-30,7500.0,6012.0,4073.0,2377.0,131.0
2021-01-31,,,,,
2021-02-01,8157.0,6813.0,4579.0,2737.0,412.0
2021-02-02,7594.0,5120.0,2991.0,1758.0,370.0
2021-02-03,7944.0,6038.0,3855.0,2125.0,360.0
2021-02-04,8735.0,5925.0,3314.0,1920.0,346.0
2021-02-05,7700.0,6123.0,4102.0,2458.0,293.0
2021-02-06,7689.0,5969.0,3776.0,2246.0,217.0
2021-02-07,,,,,
2021-02-08,8129.0,6675.0,4433.0,2521.0,420.0
2021-02-09,8200.0,7444.0,5365.0,3136.0,256.0
2021-02-10,8155.0,6569.0,4274.0,2589.0,309.0
2021-02-11,8155.0,6569.0,4274.0,2589.0,133.7855
2021-02-12,,,,,
2021-02-13,,,,,
2021-02-14,,,,,
2021-02-15,8742.0,6922.0,4218.0,2340.0,226.0
2021-02-16,9528.0,7700.0,4947.0,2930.0,219.0
2021-02-17,10088.0,8483.0,6293.0,4226.0,208.0
2021-02-18,10300.0,9394.0,6578.0,5097.0,121.0
2021-02-19,10800.0,10337.0,8305.0,5561.0,161.0
2021-02-20,10569.0,9539.0,6466.0,4772.0,208.0
2021-02-21,,,,,
2021-02-22,10636.0,8555.0,5828.0,3739.0,447.0
2021-02-23,11359.0,8954.0,5570.0,3345.0,290.0
2021-02-24,11174.0,8835.0,4810.0,2669.0,375.0
2021-02-25,10700.0,8799.0,5193.0,2956.0,327.0
2021-02-26,11200.0,9526.0,5224.0,2780.0,268.0
2021-02-27,10183.0,8697.0,4776.0,2346.0,203.0
2021-02-28,,,,,
2021-03-01,10880.0,9096.0,6402.0,3319.0,331.0
2021-03-02,10524.0,7961.0,5173.0,2696.0,356.0
2021-03-03,10197.0,9403.0,6428.0,3946.0,172.0
2021-03-04,10070.0,9182.0,6245.0,3151.0,230.0
2021-03-05,10963.0,8879.0,5544.0,3067.0,226.0
2021-03-06,10800.0,10200.0,7980.0,4906.0,78.0
2021-03-07,,,,,
2021-03-08,11143.0,9504.0,6229.0,2944.0,519.0
2021-03-09,11170.0,9569.0,5103.0,1588.0,304.0
2021-03-10,10763.0,10004.0,6644.0,3001.0,259.0
2021-03-11,10502.0,8900.0,5107.0,2079.0,321.0
2021-03-12,10873.0,9655.0,5913.0,2287.0,336.0
2021-03-13,10873.0,9655.0,5913.0,2287.0,45.0
2021-03-14,,,,,
2021-03-15,11478.0,9737.0,6877.0,4417.0,390.0
2021-03-16,10774.0,9497.0,6456.0,3869.0,299.0
2021-03-17,10814.0,9404.0,6496.0,3989.0,306.0
2021-03-18,9400.0,8558.0,6165.0,3749.0,287.0
2021-03-19,9800.0,8653.0,5991.0,4355.0,148.0
2021-03-20,10500.0,10049.0,7404.0,5742.0,72.0
2021-03-21,,,,,
2021-03-22,10946.0,9878.0,7070.0,4110.0,436.0
2021-03-23,10632.0,8740.0,5775.0,3001.0,339.0
2021-03-24,11260.0,9938.0,6668.0,3284.0,277.0
2021-03-25,10939.0,8979.0,5365.0,2583.0,331.0
2021-03-26,11336.0,9682.0,7139.0,4927.0,245.0
2021-03-27,11600.0,8992.0,7045.0,5172.0,129.0
2021-03-28,,,,,
2021-03-29,11596.0,9774.0,6555.0,4228.0,424.0
2021-03-30,10887.0,9028.0,5724.0,3492.0,321.0
2021-03-31,10484.0,9522.0,6700.0,4339.0,247.0
2021-04-01,11311.0,9725.0,5749.0,3470.0,232.0
2021-04-02,11044.0,9750.0,5904.0,3371.0,280.0
2021-04-03,10700.0,10132.0,6636.0,4305.0,134.0
2021-04-04,,,,,
2021-04-05,10949.0,9681.0,6460.0,2429.0,450.0
2021-04-06,11596.0,9776.0,6875.0,4113.0,333.0
2021-04-07,11251.0,8844.0,5959.0,3770.0,334.0
2021-04-08,11070.0,8422.0,5996.0,3571.0,231.0
2021-04-09,12004.0,9537.0,6607.0,3654.0,271.0
2021-04-10,11494.0,10230.0,7877.0,5505.0,184.0
2021-04-11,,,,,
2021-04-12,10875.0,8920.0,5721.0,2204.0,515.0
2021-04-13,11443.0,10269.0,7088.0,3465.0,231.0
2021-04-14,11006.0,8827.0,5780.0,3193.0,441.0
2021-04-15,11500.0,9573.0,4397.0,2921.0,374.0
2021-04-16,11426.0,9132.0,5865.0,2050.0,303.0
2021-04-17,11500.0,9573.0,4397.0,2921.0,91.0
2021-04-18,,,,,
2021-04-19,11761.0,10075.0,7399.0,4866.0,399.0
2021-04-20,11013.0,8707.0,5621.0,2942.0,374.0
2021-04-21,10459.0,9136.0,6507.0,3905.0,485.0
2021-04-22,10581.0,9047.0,6744.0,4568.0,215.0
2021-04-23,11528.0,9252.0,6934.0,4416.0,284.0
2021-04-24,11698.0,9576.0,6399.0,3883.0,198.0
2021-04-25,,,,,
2021-04-26,12119.0,9381.0,6072.0,3597.0,377.0
2021-04-27,11714.0,9561.0,6883.0,3984.0,330.0
2021-04-28,12100.0,9383.0,6232.0,3793.0,344.0
2021-04-29,11672.0,7767.0,4889.0,2451.0,420.0
2021-04-30,12053.0,7868.0,5296.0,2664.0,331.0
2021-05-01,10970.0,6816.0,4308.0,2603.0,217.0
2021-05-02,,,,,
2021-05-03,11776.0,7342.0,5186.0,2533.0,400.0
2021-05-04,9595.0,6606.0,5056.0,2702.0,414.0
2021-05-05,10815.0,6010.0,3881.0,1770.0,382.0
2021-05-06,10500.0,5967.0,4105.0,2609.0,329.0
2021-05-07,10880.0,6546.0,4798.0,2250.0,292.0
2021-05-08,7399.0,6713.0,5369.0,3474.0,214.0
2021-05-09,,,,,
2021-05-10,9497.0,6057.0,4569.0,2688.0,528.0
2021-05-11,9113.0,5138.0,3318.0,1747.0,501.0
2021-05-12,6570.0,4308.0,2936.0,1929.0,439.0
2021-05-13,5040.0,3409.0,2609.0,1748.0,353.0
2021-05-14,3896.0,3456.0,2551.0,1597.0,418.0
2021-05-15,5665.0,4976.0,3312.0,1654.0,210.0
2021-05-16,,,,,
2021-05-17,6253.0,5819.0,4916.0,3196.0,312.0
2021-05-18,5073.0,4109.0,2541.0,1397.0,425.0
2021-05-19,5000.0,4606.0,3277.0,1756.0,283.0
2021-05-20,5958.0,5497.0,4084.0,2453.0,298.0
2021-05-21,7800.0,7185.0,6014.0,4042.0,256.0
2021-05-22,6300.0,5079.0,3463.0,1931.0,335.0
2021-05-23,,,,,
2021-05-24,6071.0,5420.0,3667.0,2179.0,472.0
2021-05-25,6174.0,5121.0,3204.0,1638.0,396.0
2021-05-26,5835.0,4564.0,3058.0,1379.0,339.0
2021-05-27,6359.0,5786.0,4174.0,2551.0,293.0
2021-05-28,7066.0,6294.0,5259.0,3135.0,306.0
2021-05-29,5753.0,5079.0,3194.0,1687.0,304.0
2021-05-30,,,,,
2021-05-31,7789.0,6887.0,4995.0,3019.0,370.0
2021-06-01,7057.0,6075.0,4152.0,2553.0,468.0
2021-06-02,6797.0,5634.0,3867.0,2338.0,339.0
2021-06-03,7482.0,6383.0,4784.0,2419.0,333.0
2021-06-04,8517.0,7782.0,6120.0,4162.0,238.0
2021-06-05,6533.0,4918.0,3521.0,2445.0,372.0
2021-06-06,,,,,
2021-06-07,7985.0,7322.0,5800.0,3666.0,359.0
2021-06-08,6721.0,5559.0,4294.0,2856.0,340.0
2021-06-09,6052.0,5392.0,4139.0,2608.0,401.0
2021-06-10,7474.0,6968.0,5411.0,3604.0,230.0
2021-06-11,6736.0,5963.0,4548.0,3062.0,372.0
2021-06-12,7800.0,7248.0,5834.0,3749.0,125.0
2021-06-13,,,,,
2021-06-14,5788.0,5005.0,3637.0,2357.0,606.0
2021-06-15,6082.0,5343.0,3675.0,2619.0,406.0
2021-06-16,5359.0,4293.0,3042.0,1865.0,554.0
2021-06-17,5542.0,4484.0,3226.0,2048.0,387.0
2021-06-18,5998.0,5315.0,3559.0,2230.0,346.0
2021-06-19,6165.0,5696.0,4109.0,2324.0,265.0
2021-06-20,,,,,
2021-06-21,6770.0,6041.0,4300.0,2561.0,454.0
2021-06-22,7090.0,5494.0,3756.0,2301.0,426.0
2021-06-23,5891.0,4851.0,3397.0,2089.0,441.0
2021-06-24,6043.0,4963.0,3440.0,2149.0,479.0
2021-06-25,5318.0,4147.0,2828.0,1809.0,424.0
2021-06-26,6200.0,4963.0,3135.0,1814.0,315.0
2021-06-27,,,,,
2021-06-28,6500.0,5541.0,3514.0,2196.0,495.0
2021-06-29,6713.0,5528.0,3639.0,2302.0,512.0
2021-06-30,5856.0,4714.0,3169.0,1832.0,505.0
2021-07-01,5705.0,4342.0,2634.0,1612.0,518.0
2021-07-02,5373.0,3902.0,2453.0,1425.0,621.0
2021-07-03,5758.0,4430.0,2828.0,1566.0,514.0
2021-07-04,,,,,
2021-07-05,9244.0,8278.0,5809.0,3303.0,353.0
2021-07-06,5496.0,3952.0,2461.0,1509.0,734.0
2021-07-07,6086.0,4673.0,3005.0,1436.0,581.0
2021-07-08,5973.0,4289.0,2692.0,1586.0,490.0
2021-07-09,6034.0,4089.0,2530.0,1380.0,478.0
2021-07-10,5448.0,4090.0,2415.0,1074.0,348.0
2021-07-11,,,,,
2021-07-12,7109.0,4672.0,2549.0,982.0,427.0
2021-07-13,4945.0,3194.0,1729.0,719.0,497.0
2021-07-14,4028.0,3624.0,2065.0,817.0,599.0
2021-07-15,4300.0,3505.0,2064.0,849.0,349.0
2021-07-16,5639.0,4404.0,2843.0,1044.0,335.0
2021-07-17,8200.0,7279.0,4612.0,2454.0,182.0
2021-07-18,,,,,
2021-07-19,6540.0,5039.0,3065.0,1003.0,460.0
2021-07-20,7100.0,6541.0,4688.0,2499.0,349.0
2021-07-21,4930.0,3361.0,1597.0,700.0,439.0
2021-07-22,5807.0,4612.0,2511.0,937.0,403.0
2021-07-23,4847.0,3801.0,1945.0,665.0,403.0
2021-07-24,5908.0,4295.0,2616.0,1264.0,281.0
2021-07-25,,,,,
2021-07-26,8643.0,7668.0,5399.0,3721.0,339.0
2021-07-27,8907.0,7901.0,5424.0,3215.0,317.0
2021-07-28,9586.0,8175.0,5200.0,3330.0,299.0
2021-07-29,9672.0,8548.0,5516.0,3654.0,274.0
2021-07-30,10457.0,8797.0,5500.0,3002.0,284.0
2021-07-31,12575.0,11035.0,8011.0,5432.0,226.0
2021-08-01,,,,,
2021-08-02,11464.0,10011.0,6399.0,2892.0,401.0
2021-08-03,13200.0,12399.0,9214.0,5610.0,265.0
2021-08-04,11336.0,9072.0,6394.0,3384.0,407.0
2021-08-05,11902.0,9881.0,6898.0,3978.0,314.0
2021-08-06,11531.0,10079.0,6287.0,2420.0,398.0
2021-08-07,,,,,
2021-08-08,,,,,
2021-08-09,12179.0,10889.0,7428.0,3006.0,475.0
2021-08-10,11852.0,9740.0,6420.0,2403.0,381.0
2021-08-11,10087.0,7638.0,3949.0,1686.0,503.0
2021-08-12,8909.0,6887.0,3426.0,1098.0,461.0
2021-08-13,10944.0,8231.0,5967.0,2918.0,348.0
2021-08-14,9500.0,8420.0,6118.0,2913.0,314.0
2021-08-15,,,,,
2021-08-16,10138.0,8586.0,5168.0,2016.0,464.0
2021-08-17,8905.0,6592.0,3125.0,1447.0,541.0
2021-08-18,12903.0,10555.0,7913.0,5119.0,321.0
2021-08-19,10569.0,8554.0,5236.0,2792.0,408.0
2021-08-20,9474.0,6703.0,3425.0,1233.0,565.0
2021-08-21,10326.0,7690.0,4222.0,2081.0,448.0
2021-08-22,,,,,
2021-08-23,11258.0,9029.0,5921.0,3225.0,552.0
2021-08-24,11843.0,9357.0,5489.0,2733.0,533.0
2021-08-25,15398.0,12798.0,8601.0,4340.0,195.0
2021-08-26,12335.0,8331.0,4190.0,1241.0,522.0
2021-08-27,13425.0,9302.0,4893.0,2664.0,551.0
2021-08-28,13453.0,8087.0,3938.0,1900.0,575.0
2021-08-29,,,,,
2021-08-30,12468.0,7796.0,4140.0,2080.0,638.0
2021-08-31,11186.0,8671.0,4871.0,1832.0,700.0
2021-09-01,13912.0,10941.0,7824.0,4993.0,412.0
2021-09-02,13912.0,10941.0,7824.0,4993.0,288.0
2021-09-03,13878.0,9578.0,5933.0,3586.0,657.0
2021-09-04,13884.0,10254.0,6223.0,3790.0,656.0
2021-09-05,,,,,
2021-09-06,14780.0,11338.0,7067.0,4042.0,674.0
2021-09-07,15951.0,12818.0,7981.0,4322.0,714.0
2021-09-08,15680.0,11178.0,6458.0,2912.0,451.0
2021-09-09,15674.0,11823.0,6719.0,3439.0,663.0
2021-09-10,15596.0,12080.0,6566.0,3313.0,1064.652
2021-09-11,16051.0,12866.0,7566.0,4063.0,810.0
2021-09-12,,,,,
2021-09-13,16157.0,13396.0,7899.0,4212.0,899.0
2021-09-14,17265.0,14096.0,8686.0,4515.0,843.0
2021-09-15,16956.0,12890.0,7829.0,2871.0,756.0
2021-09-16,17351.0,13106.0,7410.0,3545.0,760.0
2021-09-17,16425.0,12154.0,6523.0,2770.0,748.0
2021-09-18,25302.0,17849.0,12508.0,7171.0,366.0
2021-09-19,,,,,
2021-09-20,,,,,
2021-09-21,,,,,
2021-09-22,,,,,
2021-09-23,,,,,
2021-09-24,16017.0,10473.0,4916.0,2220.0,336.0
2021-09-25,15688.0,10277.0,4854.0,1952.0,836.0
2021-09-26,,,,,
2021-09-27,13597.0,9345.0,4247.0,1823.0,675.0
2021-09-28,11164.0,7653.0,4020.0,1957.0,664.0
2021-09-29,11682.0,7645.0,4446.0,2320.0,481.0
2021-09-30,12227.0,9456.0,4671.0,2127.0,510.476
2021-10-01,12331.0,9194.0,5029.0,2352.0,489.0
2021-10-02,10894.0,7351.0,4145.0,2236.0,570.0
2021-10-03,,,,,
2021-10-04,8620.0,6463.0,3781.0,2011.0,823.0
2021-10-05,9209.0,7478.0,4529.0,2060.0,555.0
2021-10-06,9435.0,6058.0,3581.0,1961.0,646.0
2021-10-07,7937.0,5608.0,3186.0,1888.0,628.0
2021-10-08,5652.0,3802.0,2245.0,1059.0,717.0
2021-10-09,5686.0,4856.0,2931.0,1467.0,410.0
2021-10-10,,,,,
2021-10-11,6280.0,4332.0,2772.0,1675.0,641.0
2021-10-12,6053.0,3943.0,2448.0,1263.0,619.0
2021-10-13,5854.0,4148.0,2640.0,1360.0,498.0
2021-10-14,5148.0,3356.0,1993.0,1142.0,705.0
2021-10-15,5821.0,4149.0,2516.0,1465.0,507.0
2021-10-16,6375.0,4851.0,3379.0,1974.0,431.0
2021-10-17,,,,,
2021-10-18,7371.0,6506.0,5147.0,3301.0,455.0
2021-10-19,6937.0,6045.0,4586.0,3006.0,570.0
2021-10-20,6689.0,5021.0,3130.0,1713.0,664.0
2021-10-21,6948.0,4664.0,3034.0,1821.0,661.0
2021-10-22,8247.0,6466.0,4724.0,2935.0,526.0
2021-10-23,9106.0,7462.0,5312.0,302.0,459.0
2021-10-24,,,,,
2021-10-25,8489.0,6574.0,4341.0,2444.0,708.0
2021-10-26,8320.0,5982.0,3990.0,2368.0,750.0
2021-10-27,7973.0,6155.0,4187.0,2470.0,603.0
2021-10-28,7959.0,6435.0,4792.0,2781.0,683.0
2021-10-29,8311.0,7002.0,4826.0,3021.0,661.0
2021-10-30,8913.0,7457.0,4974.0,3080.0,648.0
2021-10-31,,,,,
2021-11-01,9027.0,7622.0,5628.0,3622.0,696.0
2021-11-02,9201.0,7502.0,5638.0,2976.0,723.0
2021-11-03,10038.0,8655.0,6131.0,4085.0,584.0
2021-11-04,10456.0,8786.0,6463.0,3745.0,789.0
2021-11-05,12486.0,11185.0,8674.0,5628.0,679.0
2021-11-06,12865.0,10921.0,7570.0,4968.0,1020.0
2021-11-07,,,,,
2021-11-08,12759.0,10319.0,7163.0,4565.0,1254.0
2021-11-09,12674.0,9834.0,6581.0,4063.0,822.0
2021-11-10,12661.0,10693.0,7704.0,4727.0,858.0
2021-11-11,13906.0,12181.0,8216.0,5285.0,927.0
2021-11-12,14540.0,12513.0,8647.0,5437.0,1391.0
2021-11-13,14255.0,12810.0,9618.0,6186.0,1177.0
2021-11-14,,,,,
2021-11-15,12693.0,10020.0,7044.0,4298.0,1616.0
2021-11-16,10147.0,7797.0,5246.0,2690.0,1167.0
2021-11-17,10473.0,8257.0,5772.0,2836.0,1269.0
2021-11-18,13082.0,10806.0,7206.0,2514.0,1163.0
2021-11-19,12852.0,10758.0,6718.0,1529.0,1477.0
2021-11-20,12602.0,10500.0,6932.0,2603.0,1293.0
2021-11-21,,,,,
2021-11-22,12026.0,9639.0,5959.0,1883.0,1172.0
2021-11-23,10447.0,8775.0,6186.0,3506.0,875.0
2021-11-24,11699.0,10136.0,6501.0,2767.0,579.0
2021-11-25,10931.0,9161.0,6590.0,2863.0,1120.0
2021-11-26,10638.0,9244.0,6415.0,2555.0,1136.0
2021-11-27,11047.0,9097.0,6840.0,3724.0,991.0
2021-11-28,,,,,
2021-11-29,11651.0,9736.0,6970.0,3513.0,828.0
2021-11-30,10195.0,8398.0,6197.0,3553.0,775.0
2021-12-01,10002.0,8465.0,5944.0,2770.0,537.0
2021-12-02,11490.0,9597.0,8050.0,5340.0,394.0
2021-12-03,9796.0,8277.0,6564.0,3979.0,682.0
2021-12-04,9796.0,8277.0,6564.0,3979.0,673.0
2021-12-05,,,,,
2021-12-06,9388.0,7952.0,5931.0,3979.0,564.0
2021-12-07,9515.0,8292.0,6163.0,4194.0,422.0
2021-12-08,9339.0,8256.0,6945.0,4642.0,353.0
2021-12-09,8962.0,7847.0,6599.0,4338.0,510.0
2021-12-10,8158.0,7224.0,5765.0,3861.0,514.0
2021-12-11,8000.0,7360.0,5524.0,3708.0,409.0
2021-12-12,,,,,
2021-12-13,9465.0,8497.0,7154.0,4810.0,261.0
2021-12-14,8550.0,7879.0,6594.0,4412.0,338.0
2021-12-15,8300.0,7580.0,6032.0,4108.0,339.0
2021-12-16,7892.0,7188.0,6073.0,3955.0,329.0
2021-12-17,8000.0,7471.0,6519.0,4278.0,257.0
2021-12-18,8000.0,7771.0,7028.0,4510.0,131.0
2021-12-19,,,,,
2021-12-20,8099.0,7593.0,6776.0,4350.0,324.0
2021-12-21,7791.0,7360.0,6614.0,4230.0,362.0
2021-12-22,7650.0,6932.0,6045.0,3856.0,363.0
2021-12-23,7729.0,7095.0,6023.0,4012.0,245.0
2021-12-24,8000.0,7706.0,6521.0,4289.0,212.0
2021-12-25,9096.0,7957.0,7207.0,4714.0,163.0
2021-12-26,,,,,
2021-12-27,9096.0,7957.0,7207.0,4714.0,66.0
2021-12-28,9132.0,8113.0,5698.0,3397.0,325.0
2021-12-29,9340.0,8332.0,5829.0,1766.0,274.0
2021-12-30,9536.0,8641.0,7138.0,2997.0,323.0
2021-12-31,8062.0,7539.0,6629.0,4372.0,257.0
2022-01-01,,,,,
2022-01-02,,,,,
2022-01-03,9581.0,9051.0,7966.0,5237.0,177.0
2022-01-04,9121.0,8410.0,6225.0,4098.0,282.0
2022-01-05,8943.0,8168.0,6266.0,4016.0,412.0
2022-01-06,7523.0,6689.0,5043.0,3274.0,372.0
2022-01-07,7918.0,7129.0,5177.0,3396.0,247.0
2022-01-08,8100.0,7719.0,6012.0,3535.0,131.0
2022-01-09,,,,,
2022-01-10,8041.0,7403.0,6186.0,4162.0,332.0
2022-01-11,7854.0,7463.0,6648.0,4323.0,242.0
2022-01-12,8680.0,7926.0,4549.0,1895.0,222.0
2022-01-13,8537.0,7980.0,4986.0,2803.0,251.0
2022-01-14,8800.0,7513.0,4467.0,2894.0,290.0
2022-01-15,9661.0,8454.0,6173.0,4135.0,203.0
2022-01-16,,,,,
2022-01-17,8277.0,7477.0,5625.0,3617.0,581.0
2022-01-18,8055.0,7199.0,5452.0,3658.0,299.0
2022-01-19,8500.0,7744.0,5103.0,3616.0,304.0
2022-01-20,8251.0,7468.0,5339.0,3823.0,325.0
2022-01-21,8135.0,7426.0,5905.0,4012.0,247.0
2022-01-22,9200.0,8643.0,6835.0,4571.0,134.0
2022-01-23,,,,,
2022-01-24,8361.0,7640.0,5557.0,3814.0,564.0
2022-01-25,8495.0,7801.0,6243.0,4262.0,395.0
2022-01-26,7923.0,7313.0,5914.0,3736.0,516.0
2022-01-27,7901.0,7168.0,5588.0,3750.0,346.0
2022-01-28,8305.0,7224.0,4839.0,3443.0,347.0
2022-01-29,9397.0,8263.0,6212.0,3607.0,187.0
2022-01-30,,,,,109.406
2022-01-31,,,,,
2022-02-01,,,,,
2022-02-02,,,,,
2022-02-03,,,,,
2022-02-04,9522.0,8148.0,6241.0,4184.0,419.0
2022-02-05,9400.0,8612.0,7494.0,4988.0,173.0
2022-02-06,,,,,
2022-02-07,8722.0,7860.0,5968.0,4221.0,367.0
2022-02-08,8900.0,8447.0,7091.0,4422.0,215.0
2022-02-09,9285.0,8726.0,7293.0,4961.0,208.0
2022-02-10,9135.0,8337.0,6438.0,4540.0,381.0
2022-02-11,9078.0,8111.0,6885.0,4631.0,308.0
2022-02-12,9175.0,8201.0,6465.0,4478.0,175.0
2022-02-13,,,,,
2022-02-14,9467.0,8426.0,6693.0,4544.0,317.0
2022-02-15,9449.0,8069.0,6643.0,4468.0,300.0
2022-02-16,10196.0,8653.0,7103.0,4846.0,267.0
2022-02-17,9228.0,8188.0,6719.0,4618.0,269.0
2022-02-18,9314.0,8197.0,6012.0,4011.0,242.0
2022-02-19,10000.0,9225.0,7505.0,4916.0,141.0
2022-02-20,,,,,
2022-02-21,9142.0,8279.0,6562.0,4450.0,480.0
2022-02-22,9357.0,8800.0,7845.0,5165.0,194.0
2022-02-23,9128.0,8373.0,6386.0,4241.0,374.0
2022-02-24,9365.0,8511.0,6868.0,4531.0,272.0
2022-02-25,9708.0,8904.0,6898.0,4869.0,250.0
2022-02-26,9600.0,8995.0,6631.0,4270.0,261.0
2022-02-27,,,,,
2022-02-28,9247.0,8108.0,6592.0,4266.0,407.0
2022-03-01,10143.0,8904.0,6435.0,4483.0,241.0
2022-03-02,10682.0,9195.0,7258.0,4831.0,185.0
2022-03-03,9932.0,8738.0,6633.0,4383.0,442.0
2022-03-04,9820.0,8985.0,7233.0,4992.0,318.0
2022-03-05,9155.0,8461.0,6778.0,4667.0,313.0
2022-03-06,,,,,
2022-03-07,8892.0,7755.0,6614.0,4373.0,443.0
2022-03-08,9103.0,8236.0,6200.0,4173.0,335.0
2022-03-09,9315.0,8280.0,6704.0,4428.0,361.0
2022-03-10,9980.0,8979.0,7256.0,4900.0,201.0
2022-03-11,10273.0,9513.0,7405.0,4990.0,243.0
2022-03-12,10263.0,9450.0,7554.0,5084.0,270.0
2022-03-13,,,,,
2022-03-14,10800.0,9671.0,8052.0,5381.0,326.0
2022-03-15,10619.0,8702.0,7240.0,4902.0,340.0
2022-03-16,10092.0,8881.0,7854.0,5169.0,292.0
2022-03-17,10763.0,9032.0,7783.0,5278.0,279.0
2022-03-18,10550.0,9298.0,7783.0,5220.0,351.0
2022-03-19,10642.0,8863.0,8007.0,5187.0,228.0
2022-03-20,,,,,
2022-03-21,11355.0,9688.0,8217.0,5536.0,285.0
2022-03-22,11034.0,9377.0,8427.0,5445.0,279.0
2022-03-23,10809.0,9301.0,7968.0,5335.0,393.0
2022-03-24,10463.0,9078.0,7979.0,5262.0,293.0
2022-03-25,11068.0,9500.0,7904.0,5302.0,276.0
2022-03-26,11089.0,9707.0,7203.0,5234.0,220.0
2022-03-27,,,,,
2022-03-28,11257.0,9746.0,7977.0,5384.0,358.0
2022-03-29,10963.0,9951.0,7772.0,5445.0,335.0
2022-03-30,11785.0,10443.0,8451.0,5826.0,289.0
2022-03-31,11556.0,10248.0,8100.0,5534.0,308.0
2022-04-01,12019.0,10009.0,8442.0,5635.0,309.0
2022-04-02,11793.0,10826.0,8642.0,5859.0,205.0
2022-04-03,,,,,
2022-04-04,11911.0,10719.0,8850.0,5895.0,385.0
2022-04-05,12032.0,10827.0,8827.0,6019.0,360.0
2022-04-06,11624.0,9848.0,8155.0,5570.0,485.0
2022-04-07,11820.0,10675.0,8622.0,5923.0,304.0
2022-04-08,11608.0,10029.0,8002.0,5072.0,398.0
2022-04-09,11487.0,9588.0,7861.0,5388.0,232.0
2022-04-10,,,,,
2022-04-11,12060.0,10286.0,7946.0,5463.0,387.0
2022-04-12,11800.0,10054.0,8191.0,5538.0,428.0
2022-04-13,11561.0,10236.0,8079.0,5489.0,386.0
2022-04-14,11375.0,9816.0,7633.0,5333.0,386.0
2022-04-15,11600.0,10826.0,8875.0,6043.0,257.0
2022-04-16,11300.0,10554.0,9252.0,6135.0,208.0
2022-04-17,,,,,
2022-04-18,11973.0,10300.0,8217.0,5621.0,454.0
2022-04-19,12400.0,10780.0,9307.0,6116.0,328.0
2022-04-20,12229.0,11013.0,9466.0,6298.0,352.0
2022-04-21,12189.0,10571.0,8800.0,5830.0,431.0
2022-04-22,12087.0,10680.0,8603.0,5716.0,370.0
2022-04-23,11800.0,10566.0,7973.0,5525.0,209.0
2022-04-24,,,,,
2022-04-25,12079.0,11003.0,8799.0,5982.0,402.0
2022-04-26,12188.0,10262.0,8231.0,5454.0,417.0
2022-04-27,12679.0,10937.0,9097.0,6202.0,378.0
2022-04-28,12012.0,9747.0,8076.0,5284.0,470.0
2022-04-29,11783.0,10171.0,7567.0,5368.0,338.0
2022-04-30,11786.0,10381.0,7770.0,5421.0,238.0
2022-05-01,,,,,
2022-05-02,12268.0,10346.0,8014.0,5394.0,400.0
2022-05-03,12114.0,9905.0,7673.0,5336.0,410.0
2022-05-04,11502.0,8638.0,6704.0,4380.0,443.0
2022-05-05,12056.0,10175.0,7010.0,4672.0,301.0
2022-05-06,13499.0,10824.0,7841.0,5347.0,337.0
2022-05-07,12915.0,10098.0,7643.0,4757.0,295.0
2022-05-08,,,,,
2022-05-09,12208.0,9183.0,7554.0,5128.0,411.0
2022-05-10,12323.0,9374.0,7544.0,4974.0,442.0
2022-05-11,11644.0,8921.0,7558.0,5008.0,395.0
2022-05-12,12321.0,8647.0,7283.0,4810.0,322.0
2022-05-13,12019.0,8991.0,7402.0,4716.0,325.0
2022-05-14,12600.0,9581.0,7711.0,5094.0,227.0
2022-05-15,,,,,
2022-05-16,12132.0,8539.0,7069.0,4738.0,555.0
2022-05-17,11223.0,8330.0,6470.0,4381.0,450.0
2022-05-18,12499.0,9016.0,6100.0,2987.0,361.0
2022-05-19,9424.0,8634.0,6454.0,4097.0,411.0
2022-05-20,9585.0,8255.0,5719.0,2931.0,474.0
2022-05-21,8936.0,6973.0,4890.0,3141.0,373.0
2022-05-22,,,,,
2022-05-23,9361.0,7183.0,4377.0,1832.0,551.0
2022-05-24,8980.0,7840.0,4729.0,2327.0,404.0
2022-05-25,8636.0,7525.0,5446.0,3022.0,357.0
2022-05-26,8587.0,7278.0,4511.0,2640.0,397.0
2022-05-27,9151.0,7640.0,4660.0,2123.0,319.0
2022-05-28,9000.0,7533.0,5083.0,3123.0,277.0
2022-05-29,,,,,
2022-05-30,9012.0,7879.0,5441.0,2716.0,427.0
2022-05-31,11255.0,9392.0,6910.0,2785.0,311.0
2022-06-01,10658.0,8665.0,5869.0,2885.0,428.0
2022-06-02,11157.0,8889.0,5937.0,3303.0,340.0
2022-06-03,11300.0,9735.0,6410.0,2450.0,328.0
2022-06-04,11364.0,10704.0,6559.0,1508.0,305.0
2022-06-05,,,,,
2022-06-06,10201.0,8992.0,6774.0,3309.0,509.0
2022-06-07,10970.0,9315.0,6911.0,3350.0,242.0
2022-06-08,10306.0,8924.0,6836.0,4546.0,474.0
2022-06-09,9144.0,7796.0,5761.0,3561.0,495.0
2022-06-10,8645.0,7094.0,4941.0,3263.0,462.0
2022-06-11,7831.0,6041.0,4266.0,2688.0,356.0
2022-06-12,,,,,
2022-06-13,9449.0,8264.0,6321.0,3774.0,353.0
2022-06-14,10318.0,9377.0,7728.0,5214.0,404.0
2022-06-15,9246.0,8336.0,6457.0,3969.0,461.0
2022-06-16,9674.0,8692.0,6832.0,4481.0,322.0
2022-06-17,8307.0,7558.0,5147.0,3162.0,473.0
2022-06-18,8082.0,6999.0,5117.0,3309.0,406.0
2022-06-19,,,,,
2022-06-20,10379.0,8837.0,6922.0,4791.0,397.0
2022-06-21,10219.0,8962.0,6664.0,4547.0,509.0
2022-06-22,10870.0,9592.0,7143.0,4356.0,462.0
2022-06-23,11308.0,9807.0,6709.0,4174.0,428.0
2022-06-24,10674.0,9079.0,6565.0,3407.0,572.0
2022-06-25,11062.0,9755.0,6860.0,4123.0,274.0
2022-06-26,,,,,
2022-06-27,10211.0,7652.0,4878.0,2978.0,674.0
2022-06-28,9700.0,8053.0,5161.0,3003.0,502.0
2022-06-29,9704.0,7442.0,4433.0,2355.0,494.0
2022-06-30,12771.0,11243.0,8102.0,4925.0,200.0
2022-07-01,11000.0,10018.0,7433.0,5073.0,283.0
2022-07-02,10003.0,8986.0,6916.0,4390.0,357.0
2022-07-03,,,,,
2022-07-04,10079.0,8250.0,5273.0,3447.0,552.0
2022-07-05,11000.0,9924.0,7268.0,3629.0,390.0
2022-07-06,11938.0,9644.0,6367.0,3178.0,431.0
2022-07-07,12848.0,11840.0,8201.0,4580.0,404.0
2022-07-08,9768.0,8863.0,5975.0,3539.0,451.0
2022-07-09,14066.0,11716.0,9551.0,6198.0,260.0
2022-07-10,,,,,
2022-07-11,13554.0,10415.0,6900.0,3409.0,571.0
2022-07-12,15961.0,14218.0,10047.0,5636.0,325.0
2022-07-13,13505.0,11238.0,7752.0,4630.0,493.0
2022-07-14,16562.0,15539.0,10817.0,6849.0,292.0
2022-07-15,16329.0,13552.0,7297.0,4201.0,435.0
2022-07-16,17843.0,15591.0,8405.0,4352.0,390.0
2022-07-17,,,,,
2022-07-18,21538.0,18141.0,11034.0,6225.0,446.0
2022-07-19,21321.0,16001.0,8122.0,4556.0,423.0
2022-07-20,22587.0,18227.0,9273.0,2001.0,405.0
2022-07-21,20601.0,15963.0,8624.0,4638.0,465.0
2022-07-22,24446.0,20930.0,10531.0,3847.0,237.0
2022-07-23,29079.0,25015.0,15235.0,5458.0,243.0
2022-07-24,,,,,
2022-07-25,24838.0,16617.0,8967.0,5077.0,494.0
2022-07-26,24978.0,19868.0,10735.0,5466.0,435.0
2022-07-27,23687.0,15155.0,8861.0,4388.0,436.0
2022-07-28,22681.0,15696.0,10517.0,5883.0,346.0
2022-07-29,18752.0,14328.0,8359.0,3588.0,444.0
2022-07-30,17728.0,12399.0,7111.0,4083.0,407.0
2022-07-31,,,,,
2022-08-01,20271.0,15696.0,8511.0,4875.0,464.0
2022-08-02,20510.0,15447.0,6595.0,3055.0,460.0
2022-08-03,19654.0,12257.0,6530.0,3508.0,469.0
2022-08-04,19804.0,13953.0,8355.0,3765.0,414.0
2022-08-05,19856.0,14913.0,8725.0,5045.0,501.0
2022-08-06,19856.0,14913.0,8725.0,5045.0,
2022-08-07,,,,,
2022-08-08,18640.0,11763.0,6554.0,2942.0,737.0
2022-08-09,17516.0,11259.0,5904.0,2184.0,604.0
2022-08-10,20222.0,16181.0,7125.0,2296.0,280.0
2022-08-11,19789.0,15444.0,6690.0,1639.0,524.0
2022-08-12,16687.0,11386.0,6010.0,1974.0,469.0
2022-08-13,19491.0,13838.0,8093.0,4520.0,467.0
2022-08-14,,,,,
2022-08-15,18502.0,11961.0,6972.0,3579.0,717.0
2022-08-16,17430.0,12558.0,7197.0,4141.0,580.0
2022-08-17,17979.0,13892.0,8288.0,4781.0,462.0
2022-08-18,17170.0,11656.0,6625.0,3737.0,657.0
2022-08-19,18862.0,14426.0,8464.0,4455.0,504.0
2022-08-20,19015.0,15467.0,9396.0,5371.0,430.0
2022-08-21,,,,,
2022-08-22,18300.0,13248.0,7273.0,4407.0,718.0
2022-08-23,19914.0,16832.0,9693.0,5711.0,539.0
2022-08-24,19205.0,14280.0,8652.0,5363.0,680.0
2022-08-25,19710.0,14303.0,8591.0,4977.0,722.0
2022-08-26,21611.0,16428.0,9335.0,5522.0,667.0
2022-08-27,22313.0,15701.0,8300.0,4822.0,661.0
2022-08-28,,,,,
2022-08-29,25416.0,21083.0,11574.0,6791.0,689.0
2022-08-30,25455.0,17402.0,9855.0,6005.0,962.0
2022-08-31,26766.0,19184.0,10459.0,5941.0,597.0
2022-09-01,33182.0,21728.0,10528.0,5216.0,621.0
2022-09-02,32536.0,21070.0,10460.0,5977.0,1065.0
2022-09-03,35303.0,21018.0,12247.0,7501.0,912.0
2022-09-04,,,,,
2022-09-05,38936.0,22853.0,13227.0,8567.0,897.0
2022-09-06,39134.0,23337.0,12679.0,8346.0,803.0
2022-09-07,42451.0,20587.0,11581.0,6448.0,761.0
2022-09-08,38541.0,22326.0,11064.0,6481.0,828.0
2022-09-09,24161.0,15294.0,11113.0,7199.0,199.0
2022-09-10,,,,,
2022-09-11,,,,,
2022-09-12,,,,,
2022-09-13,38619.0,27438.0,17720.0,11454.0,478.0
2022-09-14,36672.0,26905.0,18066.0,11460.0,530.0
2022-09-15,31229.0,24383.0,17312.0,8739.0,547.0
2022-09-16,32765.0,26042.0,18606.0,10872.0,556.0
2022-09-17,36110.0,27100.0,17749.0,11727.0,423.0
2022-09-18,,,,,
2022-09-19,37299.0,29988.0,22602.0,15438.0,486.0
2022-09-20,41793.0,30337.0,20652.0,12392.0,721.875
2022-09-21,35588.0,26170.0,16959.0,10374.0,703.0
2022-09-22,37589.0,25602.0,13558.0,9892.0,540.0
2022-09-23,32499.0,23635.0,13538.0,9224.0,554.0
2022-09-24,29109.0,21941.0,12853.0,8292.0,552.0
2022-09-25,,,,,
2022-09-26,30941.0,22773.0,13149.0,7769.0,551.0
2022-09-27,28258.0,19630.0,12250.0,8657.0,646.0
2022-09-28,25352.0,19068.0,11648.0,7123.0,503.0
2022-09-29,24730.0,18705.0,12485.0,7614.0,535.0
2022-09-30,23988.0,17335.0,11075.0,6663.0,839.793
2022-10-01,23891.0,16630.0,11523.0,7894.0,431.0
2022-10-02,,,,,
2022-10-03,27386.0,24334.0,15719.0,10411.0,353.0
2022-10-04,29198.0,23144.0,15489.0,11059.0,260.0
2022-10-05,25378.0,19842.0,13501.0,9510.0,532.0
2022-10-06,17779.0,12647.0,8684.0,5648.0,949.0
2022-10-07,18426.0,14644.0,10064.0,6456.0,608.0
2022-10-08,15199.0,12389.0,8031.0,4184.0,646.0
2022-10-09,,,,,
2022-10-10,15989.0,13110.0,8551.0,4531.0,654.0
2022-10-11,14323.0,11965.0,8177.0,4376.0,453.0
2022-10-12,12574.0,10189.0,7781.0,4912.0,681.0
2022-10-13,12813.0,10161.0,7216.0,4694.0,603.0
2022-10-14,12018.0,9354.0,7300.0,4448.0,570.0
2022-10-15,13200.0,11166.0,7730.0,5500.0,338.0
2022-10-16,,,,,
2022-10-17,10936.0,8111.0,6062.0,3823.0,787.0
2022-10-18,10200.0,7844.0,5593.0,3381.0,635.0
2022-10-19,9140.0,7982.0,5467.0,3090.0,560.0
2022-10-20,9091.0,7862.0,5069.0,3008.0,578.0
2022-10-21,8958.0,7534.0,3913.0,1838.0,644.0
2022-10-22,10490.0,8362.0,3117.0,1551.0,559.0
2022-10-23,,,,,
2022-10-24,9424.0,8173.0,3616.0,1561.0,806.0
2022-10-25,9415.0,8035.0,5350.0,2467.0,553.0
2022-10-26,9091.0,7837.0,5374.0,2835.0,568.0
2022-10-27,10135.0,7644.0,5634.0,3071.0,501.0
2022-10-28,8996.0,7393.0,5723.0,3620.0,473.0
2022-10-29,7908.0,6833.0,4663.0,2565.0,538.0
2022-10-30,,,,,
2022-10-31,7852.0,6599.0,4587.0,2510.0,653.0
2022-11-01,7416.0,6027.0,4055.0,2304.0,759.0
2022-11-02,6950.0,5509.0,3804.0,2299.0,744.0
2022-11-03,7607.0,6179.0,4486.0,2810.0,569.0
2022-11-04,7638.0,6165.0,4773.0,2806.0,674.0
2022-11-05,7952.0,6369.0,4930.0,3129.0,534.0
2022-11-06,,,,,
2022-11-07,7512.0,6272.0,4337.0,2826.0,857.0
2022-11-08,7207.0,5342.0,3547.0,2164.0,955.0
2022-11-09,7360.0,5420.0,3732.0,2196.0,847.0
2022-11-10,7184.0,5774.0,4145.0,2280.0,890.0
2022-11-11,7475.0,6243.0,4515.0,2456.0,1061.0
2022-11-12,8178.0,6519.0,4606.0,2742.0,1066.0
2022-11-13,,,,,
2022-11-14,7705.0,6042.0,4028.0,2094.0,1082.0
2022-11-15,6902.0,5151.0,3473.0,2106.0,917.0
2022-11-16,5838.0,4886.0,3177.0,1988.0,976.0
2022-11-17,6655.0,5306.0,3547.0,2072.0,1031.0
2022-11-18,7440.0,6588.0,4670.0,2766.0,1107.0
2022-11-19,6858.0,5715.0,3582.0,2214.0,1261.0
2022-11-20,,,,,
2022-11-21,6047.0,4618.0,3099.0,1862.0,1079.0
2022-11-22,5839.0,3787.0,2436.0,1495.0,749.0
2022-11-23,6765.0,4846.0,3019.0,1744.0,912.0
2022-11-24,6271.0,5175.0,3765.0,2408.0,713.0
2022-11-25,7553.0,5968.0,4473.0,2995.0,1020.0
2022-11-26,6907.0,5945.0,4422.0,2621.0,1112.0
2022-11-27,,,,,
2022-11-28,5965.0,4759.0,3285.0,1980.0,1043.0
2022-11-29,6448.0,4829.0,3264.0,1816.0,665.0
2022-11-30,5740.0,5084.0,3543.0,2065.0,458.0
2022-12-01,5624.0,4540.0,3537.0,1965.0,407.0
2022-12-02,5560.0,4967.0,3896.0,2659.0,349.0
2022-12-03,6039.0,5513.0,4398.0,2969.0,522.0
2022-12-04,,,,,
2022-12-05,5601.0,4523.0,3366.0,2302.0,729.0
2022-12-06,5000.0,3921.0,2785.0,1805.0,433.0
2022-12-07,4550.0,3748.0,2980.0,2059.0,344.0
2022-12-08,5173.0,4039.0,3273.0,2263.0,364.0
2022-12-09,5426.0,4479.0,3679.0,2377.0,402.0
2022-12-10,5093.0,4337.0,3480.0,2410.0,386.0
2022-12-11,,,,,
2022-12-12,5116.0,4651.0,3734.0,2601.0,433.0
2022-12-13,4835.0,4281.0,3321.0,2345.0,377.0
2022-12-14,4570.0,3845.0,2832.0,1927.0,395.0
2022-12-15,3764.0,3154.0,2496.0,1711.0,191.0
2022-12-16,4500.0,3959.0,3034.0,1956.0,170.0
2022-12-17,5300.0,4823.0,3878.0,2688.0,153.0
2022-12-18,,,,,
2022-12-19,7100.0,6352.0,5435.0,3614.0,187.0
2022-12-20,5869.0,4838.0,3758.0,2610.0,318.0
2022-12-21,5680.0,5183.0,3797.0,2550.0,281.0
2022-12-22,5748.0,4711.0,3646.0,2537.0,314.0
2022-12-23,5473.0,4586.0,3285.0,2264.0,208.0
2022-12-24,5800.0,4730.0,3536.0,2389.0,91.0
2022-12-25,,,,,
2022-12-26,9509.0,6206.0,4680.0,3162.0,189.0
2022-12-27,5800.0,5163.0,4201.0,2724.0,333.0
2022-12-28,5400.0,4660.0,3761.0,2557.0,298.0
2022-12-29,5449.0,4389.0,3649.0,2431.0,361.0
2022-12-30,4326.0,3717.0,2885.0,1965.0,402.0
2022-12-31,4500.0,3814.0,2531.0,1524.0,161.0
2023-01-01,,,,,
2023-01-02,,,,,
2023-01-03,4800.0,4382.0,3343.0,2161.0,342.0
2023-01-04,4856.0,4200.0,3153.0,2236.0,272.0
2023-01-05,4690.0,4199.0,3339.0,2323.0,281.0
2023-01-06,4700.0,4120.0,3229.0,2245.0,304.0
2023-01-07,4685.0,3934.0,2962.0,1695.0,202.0
2023-01-08,,,,,
2023-01-09,4317.0,3673.0,2866.0,1974.0,427.0
2023-01-10,4094.0,3753.0,2932.0,2112.0,196.0
2023-01-11,4374.0,3889.0,3158.0,2198.0,242.0
2023-01-12,4728.0,4094.0,3515.0,2362.0,294.0
2023-01-13,4600.0,4240.0,3602.0,2428.0,354.0
2023-01-14,4300.0,4103.0,3518.0,2302.0,122.0
2023-01-15,,,,,
2023-01-16,4535.0,4219.0,3542.0,2362.0,382.0
2023-01-17,4435.0,3985.0,3120.0,2069.0,390.0
2023-01-18,4500.0,4031.0,3134.0,2116.0,281.0
2023-01-19,4300.0,3839.0,3113.0,2105.0,309.0
2023-01-20,4288.0,3936.0,3210.0,2215.0,198.0
2023-01-21,4288.0,3936.0,3210.0,2215.0,22.0
2023-01-22,,,,,
2023-01-23,,,,,
2023-01-24,,,,,
2023-01-25,5200.0,5014.0,4132.0,2754.0,137.0
2023-01-26,5200.0,5014.0,4132.0,2754.0,43.0
2023-01-27,6678.0,5924.0,4951.0,3396.0,190.0
2023-01-28,6400.0,5913.0,4480.0,2004.0,172.0
2023-01-29,,,,,
2023-01-30,6768.0,6347.0,5178.0,3494.0,212.0
2023-01-31,7100.0,6388.0,5469.0,3619.0,250.0
2023-02-01,6239.0,5321.0,3930.0,2653.0,338.0
2023-02-02,5951.0,4759.0,3350.0,2286.0,330.0
2023-02-03,5536.0,4270.0,3124.0,2133.0,342.0
2023-02-04,5505.0,4388.0,2704.0,1678.0,256.0
2023-02-05,,,,,
2023-02-06,5681.0,4768.0,3358.0,2436.0,268.0
2023-02-07,5782.0,5049.0,3636.0,2554.0,206.0
2023-02-08,5524.0,4714.0,3052.0,1847.0,290.0
2023-02-09,5840.0,5039.0,3516.0,2393.0,293.0
2023-02-10,6308.0,5376.0,3428.0,2012.0,246.0
2023-02-11,6700.0,6315.0,4221.0,2717.0,135.0
2023-02-12,,,,,
2023-02-13,6529.0,5520.0,3636.0,2022.0,417.0
2023-02-14,6700.0,6182.0,4492.0,2980.0,175.0
2023-02-15,7988.0,6994.0,5348.0,3610.0,188.0
2023-02-16,7195.0,6201.0,4664.0,3021.0,373.0
2023-02-17,6300.0,5743.0,4327.0,2871.0,309.0
2023-02-18,6700.0,5836.0,3995.0,2898.0,188.0
2023-02-19,,,,,
2023-02-20,7460.0,6399.0,4861.0,3230.0,303.0
2023-02-21,6395.0,5686.0,4459.0,2955.0,358.0
2023-02-22,6280.0,6020.0,4829.0,3353.0,234.0
2023-02-23,6460.0,5919.0,4231.0,2271.0,254.0
2023-02-24,6535.0,5550.0,4169.0,2667.0,279.0
2023-02-25,7100.0,6072.0,4525.0,2899.0,182.346
2023-02-26,,,,,
2023-02-27,7500.0,6532.0,5112.0,3224.0,307.634
2023-02-28,6416.0,6070.0,5072.0,3450.0,318.649
2023-03-01,7086.0,6167.0,5319.0,4262.0,280.0
2023-03-02,7686.0,6963.0,5828.0,3942.0,208.0
2023-03-03,7954.0,7037.0,5529.0,3601.0,341.0
2023-03-04,8392.0,7351.0,5970.0,3882.0,236.0
2023-03-05,,,,,
2023-03-06,8833.0,7334.0,5845.0,3940.0,346.0
2023-03-07,10248.0,8905.0,6375.0,4297.0,220.0
2023-03-08,8999.0,7878.0,6224.0,4228.0,337.0
2023-03-09,8119.0,6879.0,5093.0,3284.0,432.0
2023-03-10,7875.0,6544.0,4901.0,3052.0,303.0
2023-03-11,8600.0,7122.0,6019.0,4311.0,108.126
2023-03-12,,,,,
2023-03-13,8684.0,7024.0,5620.0,3745.0,303.0
2023-03-14,8369.0,6673.0,5080.0,3312.0,345.0
2023-03-15,8168.0,6691.0,4903.0,3011.0,307.0
2023-03-16,8300.0,6507.0,4575.0,2836.0,324.0
2023-03-17,8414.0,6892.0,4906.0,2908.0,267.0
2023-03-18,8500.0,7707.0,5143.0,3256.0,151.102
2023-03-19,,,,,
2023-03-20,7570.0,6617.0,4861.0,3090.0,370.0
2023-03-21,8199.0,6881.0,5100.0,3193.0,252.0
2023-03-22,8420.0,7507.0,5726.0,3890.0,276.0
2023-03-23,8555.0,6802.0,5257.0,3377.0,325.0
2023-03-24,8279.0,6812.0,4878.0,3241.0,357.0
2023-03-25,8603.0,5829.0,3585.0,2547.0,176.0
2023-03-26,,,,,
2023-03-27,8953.0,6986.0,5011.0,3231.0,338.0
2023-03-28,8556.0,7056.0,5198.0,3064.0,299.0
2023-03-29,8031.0,6471.0,4703.0,3129.0,319.0
2023-03-30,6978.0,6098.0,4589.0,2978.0,347.0
2023-03-31,8695.0,6700.0,4835.0,3426.0,239.0
2023-04-01,9072.0,7619.0,5827.0,4253.0,150.0
2023-04-02,,,,,
2023-04-03,10903.0,9082.0,7664.0,6206.0,166.0
2023-04-04,11418.0,10055.0,8539.0,6135.0,178.0
2023-04-05,11693.0,8842.0,7151.0,5807.0,301.0
2023-04-06,12177.0,9689.0,7669.0,6078.0,213.0
2023-04-07,13257.0,10624.0,8503.0,7259.0,180.0
2023-04-08,11616.0,9157.0,7593.0,5800.0,255.0
2023-04-09,,,,,
2023-04-10,11457.0,8090.0,6405.0,4470.0,435.0
2023-04-11,11885.0,8510.0,6364.0,4404.0,264.0
2023-04-12,12277.0,8830.0,5408.0,3444.0,332.0
2023-04-13,12046.0,8426.0,6814.0,3940.0,255.0
2023-04-14,12025.0,8273.0,7046.0,4964.0,271.0
2023-04-15,13601.0,8805.0,7712.0,7028.0,118.0
2023-04-16,,,,,
2023-04-17,10624.0,8589.0,6805.0,4888.0,341.0
2023-04-18,10769.0,8262.0,6427.0,4057.0,306.0
2023-04-19,10816.0,7907.0,5625.0,3842.0,329.0
2023-04-20,10200.0,8210.0,4948.0,3101.0,296.0
2023-04-21,9754.0,8263.0,5831.0,3511.0,255.0
2023-04-22,9676.0,6882.0,4092.0,2262.0,216.0
2023-04-23,,,,,
2023-04-24,10862.0,7918.0,5364.0,3355.0,296.0
2023-04-25,11778.0,8554.0,6403.0,4560.0,235.0
2023-04-26,11932.0,9356.0,7535.0,5708.0,223.0
2023-04-27,12490.0,10882.0,8359.0,6842.0,240.0
2023-04-28,11046.0,9198.0,7252.0,4131.0,299.0
2023-04-29,10852.0,8753.0,6181.0,3422.0,238.0
2023-04-30,,,,,
2023-05-01,11379.0,8557.0,6732.0,3923.0,296.0
2023-05-02,12647.0,9926.0,7925.0,4788.0,255.0
2023-05-03,12674.0,11301.0,9133.0,6157.0,261.0
2023-05-04,12204.0,10297.0,7293.0,4940.0,334.0
2023-05-05,13221.0,9959.0,7262.0,5252.0,328.0
2023-05-06,17305.0,15195.0,9387.0,3996.0,127.0
2023-05-07,,,,,
2023-05-08,12331.0,8816.0,6552.0,4055.0,516.0
2023-05-09,11396.0,8170.0,6231.0,4048.0,427.0
2023-05-10,11110.0,7578.0,6448.0,4508.0,358.0
2023-05-11,9901.0,7699.0,6402.0,4214.0,357.0
2023-05-12,8484.0,7382.0,5878.0,3315.0,365.0
2023-05-13,9750.0,7332.0,6210.0,4027.0,205.0
2023-05-14,,,,,
2023-05-15,12863.0,11695.0,8917.0,3590.0,239.0
2023-05-16,12571.0,11627.0,9257.0,7081.0,247.0
2023-05-17,13263.0,8881.0,6667.0,5399.0,351.0
2023-05-18,10754.0,9244.0,6506.0,3746.0,273.0
2023-05-19,10864.0,8860.0,6883.0,4690.0,313.0
2023-05-20,11105.0,9122.0,6900.0,4668.0,240.0
2023-05-21,,,,,
2023-05-22,7497.0,6473.0,4887.0,3911.0,519.0
2023-05-23,7330.0,6415.0,4604.0,3268.0,398.0
2023-05-24,7274.0,5976.0,3937.0,2558.0,393.0
2023-05-25,6873.0,5503.0,3631.0,1885.0,447.0
2023-05-26,7356.0,6129.0,3805.0,2362.0,338.0
2023-05-27,10625.0,8146.0,5329.0,3511.0,209.0
2023-05-28,,,,,
2023-05-29,12870.0,10236.0,8117.0,5446.0,276.0
2023-05-30,8139.0,6606.0,4407.0,2299.0,358.0
2023-05-31,11800.0,8783.0,3855.0,1875.0,257.0
2023-06-01,11998.0,10186.0,6181.0,3999.0,290.0
2023-06-02,9717.0,8002.0,5817.0,3284.0,368.0
2023-06-03,8550.0,5846.0,3804.0,2390.0,391.0
2023-06-04,,,,,
2023-06-05,11261.0,9082.0,6050.0,3304.0,326.0
2023-06-06,12901.0,9666.0,5938.0,2963.0,312.0
2023-06-07,10449.0,7927.0,5031.0,2643.0,335.0
2023-06-08,10338.0,8980.0,6438.0,3012.0,295.0
2023-06-09,10172.0,8680.0,6495.0,2645.0,288.0
2023-06-10,11878.0,9796.0,7849.0,3881.0,214.0
2023-06-11,,,,,
2023-06-12,9770.0,8683.0,7778.0,6424.0,328.0
2023-06-13,8870.0,6225.0,4732.0,3552.0,388.0
2023-06-14,7604.0,6334.0,4691.0,3259.0,314.0
2023-06-15,10937.0,9604.0,7320.0,3658.0,249.0
2023-06-16,10767.0,9774.0,8415.0,6596.0,235.0
2023-06-17,8639.0,7238.0,5498.0,3281.0,307.0
2023-06-18,,,,,
2023-06-19,8502.0,7311.0,5739.0,3223.0,368.0
2023-06-20,7576.0,6831.0,5652.0,3566.0,366.0
2023-06-21,10636.0,9906.0,8658.0,5708.0,278.0
2023-06-22,8570.0,7157.0,5215.0,3568.0,282.0
2023-06-23,6861.0,5173.0,3787.0,2308.0,504.0
2023-06-24,11239.0,10032.0,8311.0,5194.0,245.0
2023-06-25,,,,,
2023-06-26,10249.0,8717.0,7193.0,4055.0,418.0
2023-06-27,13233.0,11311.0,9029.0,5985.0,280.0
2023-06-28,7598.0,6544.0,4832.0,3287.0,508.0
2023-06-29,7191.0,6324.0,3812.0,2345.0,477.0
2023-06-30,10399.0,7199.0,3884.0,1978.0,327.0
2023-07-01,9166.0,7671.0,3235.0,1843.0,263.0
2023-07-02,,,,,
2023-07-03,6826.0,5392.0,2758.0,1415.0,519.0
2023-07-04,6412.0,4769.0,2292.0,724.0,431.0
2023-07-05,8039.0,5934.0,2451.0,594.0,388.0
2023-07-06,11336.0,10165.0,7238.0,925.0,230.0
2023-07-07,6307.0,4403.0,2053.0,938.0,493.0
2023-07-08,5441.0,3233.0,1494.0,881.0,353.0
2023-07-09,,,,,
2023-07-10,11498.0,8496.0,4815.0,1943.0,365.0
2023-07-11,9287.0,6291.0,2717.0,1024.0,402.0
2023-07-12,7703.0,5201.0,2015.0,724.0,451.0
2023-07-13,9554.0,8213.0,5224.0,1988.0,254.0
2023-07-14,10730.0,7078.0,3150.0,1365.0,254.0
2023-07-15,18320.0,14811.0,8268.0,5825.0,133.0
2023-07-16,,,,,
2023-07-17,6754.0,4326.0,2194.0,622.0,636.0
2023-07-18,6865.0,5099.0,3168.0,1404.0,428.0
2023-07-19,18405.0,12456.0,9272.0,5633.0,245.0
2023-07-20,7731.0,6202.0,4097.0,1643.0,390.0
2023-07-21,9285.0,7095.0,3811.0,1035.0,491.0
2023-07-22,10764.0,8239.0,5388.0,3029.0,329.0
2023-07-23,,,,,
2023-07-24,13500.0,11711.0,8150.0,5437.0,375.0
2023-07-25,8676.0,6471.0,4249.0,2861.0,417.0
2023-07-26,9331.0,7311.0,5140.0,2237.0,420.0
2023-07-27,11480.0,9667.0,7335.0,5405.0,310.0
2023-07-28,15375.0,13992.0,11051.0,8790.0,243.0
2023-07-29,14852.0,12175.0,9019.0,4900.0,239.0
2023-07-30,,,,,
2023-07-31,16278.0,14246.0,9803.0,3858.0,374.0
2023-08-01,20223.0,16695.0,11010.0,6222.0,296.0
2023-08-02,19364.0,16504.0,11733.0,5729.0,272.0
2023-08-03,19085.0,14797.0,8978.0,4493.0,420.0
2023-08-04,23575.0,18615.0,7154.0,3807.0,368.0
2023-08-05,,,,,
2023-08-06,,,,,
2023-08-07,22557.0,14354.0,6675.0,3103.0,576.0
2023-08-08,20507.0,11678.0,4067.0,1287.0,565.0
2023-08-09,27146.0,17640.0,8365.0,3623.0,353.0
2023-08-10,32164.0,20633.0,10544.0,5574.0,400.0
2023-08-11,25582.0,9878.0,4424.0,2208.0,396.0
2023-08-12,15967.0,7559.0,2120.0,1030.0,544.0
2023-08-13,,,,,
2023-08-14,15696.0,11586.0,4630.0,2232.0,526.0
2023-08-15,17330.0,11186.0,3870.0,1125.0,478.0
2023-08-16,14745.0,8851.0,3880.0,1902.0,525.0
2023-08-17,15825.0,10283.0,4623.0,2100.0,491.0
2023-08-18,20606.0,15234.0,6440.0,2387.0,389.0
2023-08-19,23252.0,16731.0,7554.0,4606.0,349.0
2023-08-20,,,,,
2023-08-21,20136.0,15189.0,7052.0,4322.0,554.0
2023-08-22,16681.0,12647.0,5934.0,2861.0,552.0
2023-08-23,16485.0,12984.0,5313.0,2702.0,537.0
2023-08-24,17313.0,13714.0,6444.0,2075.0,472.0
2023-08-25,20085.0,16660.0,3467.0,1007.0,297.0
2023-08-26,21114.0,16343.0,5061.0,761.0,366.0
2023-08-27,,,,,
2023-08-28,13811.0,10405.0,6300.0,1863.0,733.0
2023-08-29,13117.0,10229.0,7785.0,3191.0,450.0
2023-08-30,11960.0,8953.0,6565.0,2858.0,488.0
2023-08-31,13634.0,9083.0,4657.0,1991.0,410.0
2023-09-01,13965.0,9967.0,6785.0,3342.0,488.0
2023-09-02,14516.0,10492.0,6072.0,3340.0,551.0
2023-09-03,,,,,
2023-09-04,16639.0,12580.0,6902.0,3006.0,573.0
2023-09-05,17920.0,11150.0,4823.0,2589.0,536.0
2023-09-06,16105.0,11613.0,5736.0,2155.0,643.0
2023-09-07,16233.0,11540.0,5048.0,2098.0,644.0
2023-09-08,15090.0,10114.0,5209.0,1830.0,684.0
2023-09-09,17541.0,13722.0,6873.0,2406.0,501.0
2023-09-10,,,,,
2023-09-11,19431.0,15174.0,8962.0,3346.0,614.0
2023-09-12,19307.0,12827.0,6314.0,2956.0,662.0
2023-09-13,17681.0,11576.0,6135.0,2424.0,730.0
2023-09-14,19021.0,13372.0,6729.0,2836.0,602.0
2023-09-15,22045.0,16326.0,9108.0,3878.0,481.0
2023-09-16,22430.0,16966.0,8782.0,3706.0,465.0
2023-09-17,,,,,
2023-09-18,22558.0,11759.0,5798.0,2181.0,912.0
2023-09-19,24514.0,12318.0,5114.0,1669.0,934.0
2023-09-20,,,,,
2023-09-21,26551.0,12556.0,6318.0,3034.0,655.0
2023-09-22,29751.0,15747.0,7222.0,3179.0,594.0
2023-09-23,22763.0,12755.0,5440.0,2153.0,945.0
2023-09-24,,,,,
2023-09-25,20218.0,13016.0,5229.0,1835.0,1070.0
2023-09-26,24177.0,14855.0,5841.0,1698.0,940.0
2023-09-27,29496.0,15696.0,3850.0,1300.0,662.0
2023-09-28,27688.0,14715.0,5253.0,2570.0,118.0
2023-09-29,,,,,
2023-09-30,,,,,
2023-10-01,,,,,
2023-10-02,27952.0,17844.0,8481.0,3832.0,496.0
2023-10-03,18819.0,10322.0,4270.0,2745.0,653.0
2023-10-04,17502.0,10557.0,4888.0,2520.0,677.0
2023-10-05,17959.0,10682.0,4933.0,2905.0,669.0
2023-10-06,19302.0,11904.0,5452.0,1990.0,569.0
2023-10-07,21157.0,11722.0,5625.0,3195.0,533.0
2023-10-08,,,,,
2023-10-09,19571.0,13811.0,6911.0,3847.0,649.0
2023-10-10,19376.0,13567.0,8044.0,3266.0,594.0
2023-10-11,19440.0,13807.0,8154.0,4047.0,561.0
2023-10-12,19553.0,14589.0,8851.0,3582.0,485.0
2023-10-13,19076.0,14296.0,7494.0,4128.0,568.0
2023-10-14,17647.0,12238.0,6259.0,3199.0,549.0
2023-10-15,,,,,
2023-10-16,13448.0,9165.0,5322.0,2968.0,935.0
2023-10-17,14373.0,9785.0,5462.0,3192.0,624.0
2023-10-18,13769.0,9072.0,5401.0,3332.0,570.0
2023-10-19,12718.0,9666.0,6168.0,3847.0,495.0
2023-10-20,17293.0,12836.0,7254.0,4351.0,360.0
2023-10-21,13680.0,9937.0,6227.0,3794.0,433.0
2023-10-22,,,,,
2023-10-23,15885.0,10961.0,7824.0,4711.0,534.0
2023-10-24,11858.0,9352.0,6814.0,4452.0,623.0
2023-10-25,11440.0,8472.0,5750.0,3347.0,595.0
2023-10-26,11413.0,8518.0,6034.0,3416.0,583.0
2023-10-27,9850.0,7805.0,5473.0,3016.0,550.0
2023-10-28,9360.0,6773.0,4793.0,2795.0,568.0
2023-10-29,,,,,
2023-10-30,9847.0,7391.0,5938.0,3975.0,528.0
2023-10-31,9020.0,6790.0,5579.0,3395.0,512.0
2023-11-01,8359.0,6490.0,5671.0,3438.0,530.0
2023-11-02,10289.0,8482.0,7189.0,4790.0,375.0
2023-11-03,8612.0,7374.0,6424.0,3516.0,681.0
2023-11-04,,,,,
2023-11-05,,,,,
2023-11-06,8129.0,7143.0,6185.0,4529.0,749.0
2023-11-07,8629.0,7477.0,5355.0,3526.0,520.0
2023-11-08,6785.0,5711.0,4601.0,3341.0,1044.0
2023-11-09,6793.0,5712.0,4567.0,3377.0,982.0
2023-11-10,8165.0,7152.0,5107.0,3552.0,1054.0
2023-11-11,7512.0,6018.0,4290.0,2263.0,983.0
2023-11-12,,,,,
2023-11-13,6327.0,5111.0,4127.0,2674.0,1070.0
2023-11-14,6811.0,5485.0,4391.0,2792.0,898.0
2023-11-15,7516.0,6105.0,5004.0,3405.0,844.0
2023-11-16,8111.0,7400.0,6360.0,4668.0,939.0
2023-11-17,10119.0,9424.0,8104.0,5596.0,972.0
2023-11-18,10671.0,9555.0,7831.0,5362.0,1002.0
2023-11-19,,,,,
2023-11-20,7644.0,6345.0,5359.0,3803.0,1358.0
2023-11-21,6682.0,5563.0,4326.0,3051.0,1202.0
2023-11-22,7499.0,6532.0,5592.0,3531.0,1027.0
2023-11-23,8616.0,6637.0,5586.0,3927.0,1316.0
2023-11-24,8404.0,6042.0,5271.0,3563.0,1420.0
2023-11-25,6729.0,4085.0,2918.0,1994.0,1171.0
2023-11-26,,,,,
2023-11-27,7879.0,5152.0,3808.0,2532.0,751.0
2023-11-28,7222.0,5218.0,3972.0,2463.0,569.0
2023-11-29,6341.0,5385.0,4719.0,3172.0,560.0
2023-11-30,7093.0,5725.0,5125.0,3576.0,736.0
2023-12-01,8521.0,6541.0,5991.0,4512.0,756.0
2023-12-02,8521.0,6541.0,5991.0,4512.0,33.55
2023-12-03,,,,,
2023-12-04,7500.0,5746.0,4887.0,3600.0,846.0
2023-12-05,7714.0,5721.0,5050.0,4082.0,668.0
2023-12-06,8363.0,5970.0,5384.0,4923.0,539.0
2023-12-07,6588.0,5590.0,5092.0,4450.0,548.0
2023-12-08,6243.0,5546.0,4948.0,4207.0,538.0
2023-12-09,6008.0,5403.0,4788.0,3851.0,446.0
2023-12-10,,,,,
2023-12-11,7459.0,7007.0,6376.0,5212.0,278.0
2023-12-12,7676.0,7037.0,6353.0,5420.0,279.0
2023-12-13,5749.0,5376.0,5035.0,4056.0,345.0
2023-12-14,7415.0,6818.0,6421.0,5607.0,214.0
2023-12-15,6686.0,6177.0,5815.0,5529.0,329.0
2023-12-16,9211.0,8459.0,7100.0,4544.0,102.0
2023-12-17,,,,,
2023-12-18,7769.0,6918.0,6236.0,5398.0,354.0
2023-12-19,6209.0,5952.0,5661.0,5367.0,269.0
2023-12-20,8800.0,8455.0,7438.0,6888.0,128.0
2023-12-21,7353.0,6643.0,6225.0,5911.0,378.0
2023-12-22,6982.0,6217.0,5505.0,3536.0,288.0
2023-12-23,7805.0,6902.0,5092.0,4261.0,124.0
2023-12-24,,,,,
2023-12-25,7357.0,6416.0,5633.0,5083.0,346.0
2023-12-26,6667.0,6243.0,5734.0,5234.0,269.0
2023-12-27,7040.0,6266.0,5656.0,5322.0,266.0
2023-12-28,6034.0,5426.0,5200.0,5003.0,435.0
2023-12-29,7062.0,6695.0,6086.0,5580.0,301.0
2023-12-30,6311.0,5627.0,5046.0,4556.0,390.0
2023-12-31,,,,,
2024-01-01,,,,,
2024-01-02,,,,,
2024-01-03,6962.0,6400.0,5643.0,5187.0,415.0
2024-01-04,6463.0,5710.0,5276.0,4765.0,404.0
2024-01-05,6323.0,5542.0,5104.0,4364.0,381.0
2024-01-06,5486.0,5092.0,4666.0,4136.0,317.0
2024-01-07,,,,,
2024-01-08,6899.0,6175.0,5609.0,4185.0,221.0
2024-01-09,6800.0,6560.0,5380.0,4551.0,224.0
2024-01-10,6659.0,6138.0,5343.0,4453.0,248.0
2024-01-11,5766.0,5398.0,5036.0,4234.0,382.0
2024-01-12,6263.0,5605.0,5007.0,4369.0,244.0
2024-01-13,5826.0,5488.0,5106.0,4218.0,244.0
2024-01-14,,,,,
2024-01-15,5790.0,5372.0,5061.0,4426.0,363.0
2024-01-16,5538.0,5281.0,4786.0,4214.0,266.0
2024-01-17,5789.0,5336.0,5057.0,4375.0,243.0
2024-01-18,6922.0,6172.0,5661.0,5044.0,231.0
2024-01-19,8215.0,7207.0,5844.0,5003.0,208.0
2024-01-20,8520.0,7468.0,6266.0,4937.0,208.0
2024-01-21,,,,,
2024-01-22,7972.0,7138.0,5940.0,4706.0,396.0
2024-01-23,7140.0,5990.0,4875.0,3751.0,422.0
2024-01-24,6332.0,5414.0,3926.0,3382.0,234.0
2024-01-25,7894.0,6580.0,4920.0,3552.0,158.0
2024-01-26,7854.0,6632.0,5305.0,3767.0,262.0
2024-01-27,8338.0,7201.0,5650.0,4868.0,216.0
2024-01-28,,,,,
2024-01-29,7568.0,6529.0,5696.0,4938.0,417.0
2024-01-30,7955.0,6963.0,6075.0,5098.0,333.0
2024-01-31,7659.0,7176.0,6358.0,4860.0,416.0
2024-02-01,7306.0,6531.0,5578.0,4344.0,450.0
2024-02-02,7424.0,6569.0,5471.0,4460.0,411.0
2024-02-03,7820.0,6156.0,5118.0,4390.0,396.0
2024-02-04,,,,,
2024-02-05,8693.0,6748.0,5328.0,4357.0,443.0
2024-02-06,9878.0,7232.0,5404.0,4234.0,346.0
2024-02-07,9021.0,6849.0,5152.0,4004.0,368.0
2024-02-08,8131.0,6661.0,4900.0,3320.0,355.0
2024-02-09,5338.0,4355.0,3606.0,1972.0,87.0
2024-02-10,,,,,
2024-02-11,,,,,
2024-02-12,,,,,
2024-02-13,10798.0,8519.0,5848.0,4573.0,177.0
2024-02-14,10581.0,8308.0,7066.0,5200.0,223.0
2024-02-15,11144.0,9112.0,7415.0,6057.0,267.0
2024-02-16,10131.0,8389.0,6877.0,5914.0,328.0
2024-02-17,9683.0,8164.0,7179.0,5550.0,177.0
2024-02-18,,,,,
2024-02-19,10776.0,9187.0,7319.0,5573.0,381.0
2024-02-20,10466.0,8081.0,6719.0,5465.0,317.0
2024-02-21,10233.0,8637.0,7313.0,6102.0,261.0
2024-02-22,10536.0,8405.0,6816.0,5413.0,275.0
2024-02-23,10877.0,8687.0,6932.0,5852.0,381.0
2024-02-24,11500.0,9319.0,8020.0,6181.0,185.0
2024-02-25,,,,,
2024-02-26,10976.0,9055.0,8183.0,6587.0,290.0
2024-02-27,10931.0,9167.0,8252.0,5873.0,320.0
2024-02-28,10668.0,8980.0,7869.0,6813.0,349.0
2024-02-29,12037.75,10452.6,7802.0,7276.8,364.0
2024-03-01,11785.0,9532.0,8038.0,6332.0,302.0
2024-03-02,,,,,
2024-03-03,,,,,
2024-03-04,11963.0,10110.0,8615.0,6917.0,386.0
2024-03-05,11962.0,10167.0,8780.0,7377.0,350.0
2024-03-06,12081.0,10293.0,8647.0,7450.0,323.0
2024-03-07,12623.0,11317.0,9577.0,8325.0,240.0
2024-03-08,11753.0,10287.0,8639.0,7284.0,367.0
2024-03-09,11862.0,10765.0,8551.0,7095.0,270.0
2024-03-10,,,,,
2024-03-11,11754.0,10479.0,8064.0,6836.0,438.0
2024-03-12,11850.0,10134.0,8131.0,6570.0,320.0
2024-03-13,13020.0,11099.0,8969.0,7088.0,264.0
2024-03-14,12442.0,10576.0,8133.0,7039.0,384.0
2024-03-15,13187.0,11421.0,8328.0,6750.0,283.0
2024-03-16,13493.0,12058.0,8119.0,6662.0,274.0
2024-03-17,,,,,
2024-03-18,13308.0,12148.0,9649.0,7294.0,345.0
2024-03-19,12780.0,11271.0,8654.0,7070.0,388.0
2024-03-20,13027.0,11405.0,9449.0,7921.0,362.0
2024-03-21,13119.0,10996.0,8887.0,7765.0,395.0
2024-03-22,13158.0,11331.0,9111.0,7931.0,385.0
2024-03-23,13029.0,10789.0,8686.0,7660.0,297.0
2024-03-24,,,,,
2024-03-25,13442.0,11410.0,9109.0,7409.0,434.0
2024-03-26,13117.0,11305.0,9096.0,7633.0,389.0
2024-03-27,13735.0,11479.0,9204.0,7368.0,376.0
2024-03-28,13785.0,11348.0,9443.0,7674.0,355.0
2024-03-29,13848.0,12048.0,9694.0,7576.0,293.0
2024-03-30,14390.0,12353.0,10099.0,9196.0,238.0
2024-03-31,,,,,
2024-04-01,14863.0,12350.0,9992.0,8114.0,418.0
2024-04-02,14771.0,12472.0,10370.0,8292.0,382.0
2024-04-03,15883.0,13614.0,11237.0,9336.0,359.0
2024-04-04,14710.0,13508.0,11519.0,8752.0,359.0
2024-04-05,15620.0,13162.0,10908.0,9240.0,356.0
2024-04-06,15818.0,13025.0,10170.0,7875.0,276.0
2024-04-07,,,,,
2024-04-08,17535.0,14522.0,12472.0,9956.0,321.0
2024-04-09,17798.0,16122.0,13341.0,10474.0,354.0
2024-04-10,17625.0,15833.0,12963.0,9561.0,366.0
2024-04-11,18034.0,15252.0,10256.0,8000.0,357.0
2024-04-12,18056.0,15450.0,10066.0,8000.0,335.0
2024-04-13,20036.0,17126.0,9916.0,8000.0,250.0
2024-04-14,,,,,
2024-04-15,21255.0,17378.0,11480.0,7881.0,416.0
2024-04-16,19829.0,16020.0,11492.0,7738.0,402.0
2024-04-17,19247.0,16339.0,11363.0,6966.0,368.0
2024-04-18,19726.0,16355.0,9384.0,3698.0,310.0
2024-04-19,17557.0,14787.0,11456.0,7115.0,377.0
2024-04-20,17619.0,14259.0,10511.0,7640.0,297.0
2024-04-21,,,,,
2024-04-22,18953.0,15302.0,12149.0,6480.0,336.0
2024-04-23,19166.0,14531.0,12104.0,8499.0,374.0
2024-04-24,17273.0,14542.0,12031.0,7304.0,379.0
2024-04-25,17380.0,13787.0,10613.0,6567.0,426.0
2024-04-26,16657.0,14776.0,10907.0,6135.0,376.0
2024-04-27,17314.0,14261.0,8279.0,4639.0,313.0
2024-04-28,,,,,
2024-04-29,17506.0,13880.0,9620.0,4884.0,412.0
2024-04-30,17609.0,12483.0,9514.0,4880.0,399.0
2024-05-01,17952.0,13688.0,10126.0,6296.0,305.0
2024-05-02,19419.0,15566.0,11918.0,7166.0,324.0
2024-05-03,19042.0,14264.0,11718.0,7252.0,404.0
2024-05-04,18009.0,13585.0,10448.0,6542.0,429.0
2024-05-05,,,,,
2024-05-06,16775.0,12966.0,11126.0,7355.0,397.0
2024-05-07,14435.0,11904.0,9962.0,7092.0,438.0
2024-05-08,14393.0,12133.0,10637.0,6719.0,342.0
2024-05-09,14890.0,11975.0,10300.0,8185.0,408.0
2024-05-10,17598.0,13539.0,11493.0,7839.0,335.0
2024-05-11,17126.0,13824.0,12424.0,10954.0,210.0
2024-05-12,,,,,
2024-05-13,16625.0,13776.0,11575.0,8389.0,457.0
2024-05-14,16213.0,13012.0,10468.0,6740.0,456.0
2024-05-15,15200.0,12229.0,9157.0,5502.0,446.0
2024-05-16,13990.0,10641.0,7701.0,4817.0,412.0
2024-05-17,13995.0,10520.0,7536.0,3761.0,433.0
2024-05-18,14005.0,10448.0,6666.0,3602.0,284.0
2024-05-19,,,,,
2024-05-20,12192.0,6143.0,4676.0,3034.0,662.0
2024-05-21,8136.0,5923.0,4398.0,2272.0,492.0
2024-05-22,7452.0,5981.0,5016.0,2899.0,390.0
2024-05-23,7313.0,5953.0,4585.0,2341.0,422.0
2024-05-24,8196.0,6905.0,5475.0,2748.0,334.0
2024-05-25,7273.0,6153.0,5086.0,3480.0,338.0
2024-05-26,,,,,
2024-05-27,7765.0,6312.0,5223.0,4280.0,471.0
2024-05-28,7707.0,6730.0,5784.0,4153.0,343.0
2024-05-29,9003.0,7732.0,6759.0,5312.0,307.0
2024-05-30,7886.0,7510.0,6740.0,5543.0,339.0
2024-05-31,7501.0,6435.0,5514.0,3742.0,452.0
2024-06-01,7364.0,6168.0,5116.0,4039.0,313.0
2024-06-02,,,,,
2024-06-03,7657.0,6656.0,5643.0,3930.0,410.0
2024-06-04,7079.0,6028.0,4863.0,3597.0,492.0
2024-06-05,6953.0,6056.0,4613.0,3582.0,408.0
2024-06-06,7283.0,6663.0,5790.0,3794.0,318.0
2024-06-07,7950.0,7270.0,6268.0,4562.0,310.0
2024-06-08,7797.0,6936.0,6051.0,4204.0,275.0
2024-06-09,,,,,
2024-06-10,7842.0,7159.0,6102.0,4836.0,364.0
2024-06-11,6678.0,5794.0,4903.0,3401.0,536.0
2024-06-12,8389.0,7031.0,6224.0,3782.0,329.0
2024-06-13,8767.0,7553.0,6161.0,3694.0,346.0
2024-06-14,9012.0,8020.0,6786.0,4285.0,310.0
2024-06-15,6474.0,5617.0,4659.0,3252.0,428.0
2024-06-16,,,,,
2024-06-17,7847.0,7108.0,5981.0,4314.0,382.0
2024-06-18,6850.0,5936.0,4713.0,3267.0,513.0
2024-06-19,7114.0,6137.0,5275.0,4173.0,454.0
2024-06-20,6674.0,5631.0,4468.0,3390.0,524.0
2024-06-21,7672.0,6947.0,5735.0,3880.0,338.0
2024-06-22,8522.0,7328.0,6452.0,4506.0,318.0
2024-06-23,,,,,
2024-06-24,7964.0,6982.0,5939.0,4164.0,416.0
2024-06-25,8518.0,7253.0,6072.0,4734.0,404.0
2024-06-26,7484.0,6614.0,5758.0,5136.0,491.0
2024-06-27,7830.0,6915.0,5709.0,4719.0,466.0
2024-06-28,9291.0,8633.0,7700.0,5977.0,377.0
2024-06-29,10264.0,9344.0,8104.0,5784.0,389.0
2024-06-30,,,,,
2024-07-01,11279.0,10058.0,8532.0,5762.0,393.0
2024-07-02,10761.0,9470.0,7826.0,5522.0,464.0
2024-07-03,10805.0,8037.0,6103.0,3346.0,571.0
2024-07-04,11340.0,9949.0,7305.0,4700.0,347.0
2024-07-05,9734.0,7492.0,5066.0,2923.0,645.0
2024-07-06,10618.0,8669.0,5974.0,2597.0,375.0
2024-07-07,,,,,
2024-07-08,10549.0,8557.0,6260.0,4567.0,452.0
2024-07-09,13152.0,10221.0,5803.0,3960.0,311.0
2024-07-10,11290.0,8578.0,5547.0,3992.0,501.0
2024-07-11,14337.0,12150.0,8154.0,5286.0,288.0
2024-07-12,12781.0,10642.0,7340.0,5287.0,441.0
2024-07-13,12781.0,9751.0,7583.0,4433.0,428.0
2024-07-14,,,,,
2024-07-15,11089.0,9394.0,7248.0,4314.0,519.0
2024-07-16,10729.0,8330.0,6182.0,4295.0,547.0
2024-07-17,12618.0,11181.0,9262.0,6858.0,361.0
2024-07-18,12861.0,10717.0,8315.0,6448.0,339.0
2024-07-19,16819.0,13641.0,9798.0,5772.0,326.0
2024-07-20,14044.0,12380.0,9810.0,6780.0,365.0
2024-07-21,,,,,
2024-07-22,14502.0,11984.0,8839.0,6439.0,509.0
2024-07-23,15353.0,11757.0,8343.0,5496.0,499.0
2024-07-24,16541.0,12700.0,7959.0,4758.0,358.0
2024-07-25,13672.0,9658.0,5968.0,3888.0,571.0
2024-07-26,13723.0,10032.0,6743.0,4028.0,492.0
2024-07-27,17435.0,13421.0,7771.0,3963.0,318.0
2024-07-28,,,,,
2024-07-29,16032.0,11911.0,8347.0,5596.0,506.0
2024-07-30,13945.0,10864.0,7028.0,4592.0,579.0
2024-07-31,14541.0,11547.0,7572.0,5473.0,425.0
2024-08-01,17568.0,12791.0,8394.0,4048.0,406.0
2024-08-02,17511.0,14172.0,9905.0,5653.0,433.0
2024-08-03,,,,,
2024-08-04,,,,,
2024-08-05,17693.0,12988.0,9053.0,4544.0,536.0
2024-08-06,16241.0,12430.0,10152.0,7514.0,487.0
2024-08-07,20607.0,16855.0,12128.0,7851.0,375.0
2024-08-08,21142.0,17435.0,12814.0,7697.0,381.0
2024-08-09,23960.0,17708.0,11377.0,7370.0,447.0
2024-08-10,24888.0,17825.0,10809.0,8072.0,425.0
2024-08-11,,,,,
2024-08-12,25173.0,16866.0,10910.0,7298.0,553.0
2024-08-13,21951.0,16265.0,10258.0,6708.0,483.0
2024-08-14,27687.0,19262.0,11854.0,9504.0,370.0
2024-08-15,24410.0,17259.0,11582.0,7700.0,435.0
2024-08-16,27136.0,18359.0,10796.0,7628.0,367.0
2024-08-17,29430.0,18176.0,10712.0,8112.0,359.0
2024-08-18,,,,,
2024-08-19,21488.0,15890.0,11596.0,7278.0,571.0
2024-08-20,19205.0,15875.0,11920.0,7040.0,465.0
2024-08-21,19900.0,16156.0,12262.0,8523.0,462.0
2024-08-22,24550.0,17161.0,13457.0,11354.0,412.0
2024-08-23,24100.0,18371.0,14165.0,10609.0,511.0
2024-08-24,25110.0,19505.0,15223.0,8608.0,451.0
2024-08-25,,,,,
2024-08-26,21862.0,17616.0,11509.0,4487.0,782.0
2024-08-27,20244.0,15783.0,8426.0,2646.0,664.0
2024-08-28,23377.0,19714.0,13372.0,5640.0,508.0
2024-08-29,22518.0,18212.0,12203.0,4726.0,572.0
2024-08-30,24690.0,20115.0,15621.0,8916.0,448.0
2024-08-31,25473.0,21388.0,13181.0,7468.0,438.0
2024-09-01,37880.0,21359.0,8274.0,3414.0,714.0
2024-09-02,26842.0,20901.0,10679.0,4531.0,641.0
2024-09-03,27555.0,20771.0,10490.0,3354.0,714.0
2024-09-04,29682.0,25007.0,12291.0,5207.0,636.0
2024-09-05,31657.0,25733.0,14798.0,8377.0,679.0
2024-09-06,30851.0,22691.0,11559.0,6338.0,759.0
2024-09-07,29610.0,20785.0,10839.0,5755.0,644.0
2024-09-08,,,,,
2024-09-09,33433.0,20724.0,9931.0,4815.0,943.0
2024-09-10,37880.0,21359.0,8274.0,3414.0,1442.03253
2024-09-11,39299.0,23295.0,9807.0,3320.0,847.0
2024-09-12,42422.0,24291.0,8671.0,2610.0,783.0
2024-09-13,45335.0,26069.0,9359.0,1692.0,488.0
2024-09-14,60977.0,41483.0,18680.0,5583.0,422.0
2024-09-15,,,,,
2024-09-16,36049.0,29964.0,17558.0,7366.0,163.0
2024-09-17,,,,,
2024-09-18,,,,,
2024-09-19,,,,,
2024-09-20,,,,,
2024-09-21,64195.0,28933.0,10923.0,6700.0,448.0
2024-09-22,,,,,
2024-09-23,44344.0,35686.0,19328.0,10698.0,464.0
2024-09-24,38845.0,25141.0,15682.0,9302.0,531.0
2024-09-25,40379.0,24551.0,17302.0,11852.0,537.0
2024-09-26,31502.0,19921.0,14167.0,7925.0,653.0
2024-09-27,33730.0,21139.0,13304.0,6468.0,625.0
2024-09-28,29463.0,19198.0,11827.0,4583.0,474.0
2024-09-29,,,,,
2024-09-30,34299.0,23019.0,14817.0,6904.0,851.68732
2024-10-01,31527.0,25313.0,18049.0,10971.0,376.0
2024-10-02,33025.0,27088.0,18412.0,13347.0,354.0
2024-10-03,31362.0,27600.0,20274.0,15099.0,400.0
2024-10-04,31859.0,25797.0,16612.0,9719.0,470.0
2024-10-05,34389.0,27657.0,19574.0,10980.0,370.0
2024-10-06,,,,,
2024-10-07,30326.0,23270.0,17046.0,11785.0,678.0
2024-10-08,30663.0,23978.0,16611.0,10789.0,515.0
2024-10-09,28906.0,23251.0,15440.0,11507.0,555.0
2024-10-10,29153.0,20129.0,11362.0,6249.0,623.0
2024-10-11,28852.0,21761.0,11727.0,5821.0,502.0
2024-10-12,30219.0,23196.0,13636.0,7927.0,416.0
2024-10-13,,,,,
2024-10-14,32493.0,26759.0,19801.0,13874.0,464.0
2024-10-15,29061.0,23515.0,17502.0,11138.0,543.0
2024-10-16,29288.0,24031.0,18091.0,14017.0,468.0
2024-10-17,27831.0,20866.0,15297.0,9976.0,619.0
2024-10-18,26649.0,18809.0,12393.0,7843.0,654.0
2024-10-19,21177.0,12803.0,7833.0,4474.0,461.0
2024-10-20,,,,,
2024-10-21,22832.0,16681.0,10283.0,5571.0,493.0
2024-10-22,19989.0,15928.0,10420.0,5554.0,568.0
2024-10-23,20718.0,15589.0,10339.0,7114.0,395.0
2024-10-24,16272.0,12599.0,9729.0,6701.0,516.0
2024-10-25,13721.0,10665.0,8242.0,4395.0,693.0
2024-10-26,13181.0,10784.0,7408.0,3531.0,563.0
2024-10-27,,,,,
2024-10-28,12376.0,9706.0,7388.0,4712.0,673.0
2024-10-29,13327.0,11021.0,7905.0,5325.0,543.0
2024-10-30,12279.0,8753.0,6537.0,4204.0,599.0
2024-10-31,11073.0,8692.0,6880.0,3650.0,656.0
2024-11-01,11260.0,9045.0,7171.0,4955.0,581.0
2024-11-02,10984.0,9241.0,7430.0,4526.0,485.0
2024-11-03,,,,,
2024-11-04,10325.0,8709.0,7483.0,5040.0,662.0
2024-11-05,9762.0,8499.0,7230.0,4783.0,686.0
2024-11-06,10232.0,8533.0,7311.0,5439.0,636.0
2024-11-07,9835.0,8515.0,7412.0,5546.0,644.0
2024-11-08,10034.0,8562.0,7383.0,5581.0,699.0
2024-11-09,8693.0,7627.0,6410.0,3942.0,799.0
2024-11-10,,,,,
2024-11-11,9457.0,8270.0,6887.0,4387.0,767.0
2024-11-12,8357.0,6972.0,5789.0,3872.0,856.0
2024-11-13,8702.0,7597.0,6562.0,4559.0,729.0
2024-11-14,9974.0,8426.0,7376.0,4615.0,779.0
2024-11-15,10234.0,8842.0,7568.0,4746.0,940.0
2024-11-16,9432.0,8143.0,7112.0,4003.0,1058.0
2024-11-17,,,,,
2024-11-18,8837.0,6806.0,5746.0,3406.0,1073.0
2024-11-19,8725.0,7130.0,5911.0,3648.0,853.0
2024-11-20,8749.0,7489.0,6660.0,5028.0,919.0
2024-11-21,9443.0,8656.0,7647.0,5861.0,903.0
2024-11-22,10751.0,9430.0,8321.0,5971.0,1079.0
2024-11-23,9333.0,8031.0,6652.0,4203.0,1156.0
2024-11-24,,,,,
2024-11-25,10228.0,9170.0,8044.0,6013.0,870.0
2024-11-26,11219.0,9920.0,8832.0,6976.0,865.0
2024-11-27,11736.0,10067.0,9106.0,6226.0,745.0
2024-11-28,14920.0,13956.0,12236.0,8786.0,632.0
2024-11-29,10992.0,9361.0,8049.0,5274.0,1129.0
2024-11-30,9211.0,7313.0,6470.0,5000.0,903.0
2024-12-01,,,,,
2024-12-02,9211.0,7313.0,6470.0,5000.0,966.0
2024-12-03,9730.0,8498.0,7905.0,6037.0,688.0
2024-12-04,10131.0,9416.0,8792.0,7013.0,590.0
2024-12-05,11821.0,10342.0,9336.0,6867.0,646.0
2024-12-06,10368.0,9195.0,8526.0,6440.0,804.0
2024-12-07,10876.0,9233.0,8187.0,6303.0,535.0
2024-12-08,,,,,
2024-12-09,9654.0,8834.0,8184.0,6663.0,557.0
2024-12-10,9670.0,8842.0,8186.0,6855.0,354.0
2024-12-11,10602.0,9656.0,8962.0,7510.0,343.0
2024-12-12,10756.0,9477.0,8781.0,7334.0,454.0
2024-12-13,10289.0,9397.0,8655.0,7483.0,508.0
2024-12-14,10019.0,9397.0,8631.0,7114.0,448.0
2024-12-15,,,,,
2024-12-16,13056.0,11615.0,10564.0,9545.0,348.0
2024-12-17,10362.0,9363.0,8686.0,7674.0,471.0
2024-12-18,12826.0,12517.0,11571.0,10203.0,207.0
2024-12-19,10599.0,9730.0,9070.0,6736.0,393.0
2024-12-20,12493.0,11843.0,11369.0,9081.0,269.0
2024-12-21,12819.0,12148.0,11570.0,9341.0,260.0
2024-12-22,,,,,
2024-12-23,12625.0,11596.0,10733.0,8323.0,384.0
2024-12-24,12487.0,11229.0,10524.0,8716.0,321.0
2024-12-25,12149.0,10511.0,10040.0,7636.0,351.0
2024-12-26,12433.0,11464.0,10035.0,6364.0,238.0
2024-12-27,11966.0,11163.0,10473.0,8455.0,289.0
2024-12-28,12242.0,11376.0,10419.0,7717.0,246.0
2024-12-29,,,,,
2024-12-30,13024.0,12237.0,11474.0,8018.0,384.0
2024-12-31,19455.0,17295.0,15090.0,12998.0,155.0
2025-01-01,,,,,
2025-01-02,19455.0,17295.0,15090.0,12998.0,
2025-01-03,18797.0,17471.0,15697.0,12835.0,328.0
2025-01-04,17000.0,15956.0,14306.0,12299.0,331.0
2025-01-05,,,,,
2025-01-06,16811.0,15386.0,13332.0,9955.0,481.0
2025-01-07,16582.0,15198.0,13319.0,10602.0,432.0
2025-01-08,17357.0,15849.0,13810.0,11298.0,387.0
2025-01-09,16292.0,14715.0,12707.0,9541.0,460.0
2025-01-10,16019.0,14097.0,12465.0,10342.0,333.0
2025-01-11,16778.0,14728.0,12771.0,10784.0,194.0
2025-01-12,,,,,
2025-01-13,16548.0,14402.0,12086.0,9494.0,388.0
2025-01-14,16579.0,14701.0,12577.0,10279.0,314.0
2025-01-15,16354.0,14609.0,12629.0,9585.0,408.0
2025-01-16,16438.0,14751.0,12985.0,9672.0,353.0
2025-01-17,15018.0,13506.0,11547.0,7545.0,479.0
2025-01-18,14922.0,13411.0,11861.0,8794.0,276.0
2025-01-19,,,,,
2025-01-20,14948.0,12695.0,11480.0,7769.0,560.0
2025-01-21,14713.0,12726.0,10940.0,7864.0,545.0
2025-01-22,14932.0,12929.0,11051.0,8229.0,498.0
2025-01-23,15486.0,12568.0,10221.0,6929.0,491.0
2025-01-24,15867.0,13200.0,10157.0,6897.0,443.0
2025-01-25,15881.0,13630.0,10287.0,7834.0,352.0
2025-01-26,,,,,
2025-01-27,16441.0,14861.0,12320.0,8247.0,244.0
2025-01-28,15222.0,12634.0,10469.0,9060.0,78.0
2025-01-29,,,,,
2025-01-30,,,,,
2025-01-31,,,,,
2025-02-01,16800.0,15951.0,14461.0,10289.0,196.0
2025-02-02,,,,,
2025-02-03,17432.0,15437.0,14064.0,10389.0,286.0
2025-02-04,17050.0,15041.0,13082.0,9812.0,336.0
2025-02-05,15216.0,13944.0,12522.0,9835.0,393.0
2025-02-06,16639.0,13938.0,12241.0,10419.0,298.0
2025-02-07,17282.0,14980.0,12880.0,10215.0,243.0
2025-02-08,16839.0,14577.0,12729.0,11049.0,208.0
2025-02-09,,,,,
2025-02-10,16971.0,15136.0,12922.0,9848.0,410.0
2025-02-11,17185.0,15132.0,13347.0,10858.0,435.0
2025-02-12,,,,,13.998
2025-02-13,17780.0,15440.0,13747.0,11331.0,405.0
2025-02-14,16990.0,14342.0,13137.0,11437.0,420.0
2025-02-15,16443.0,13722.0,12184.0,9378.0,400.0
2025-02-16,,,,,
2025-02-17,16460.0,13959.0,12493.0,9345.0,437.0
2025-02-18,15883.0,13595.0,12216.0,9329.0,450.0
2025-02-19,15462.0,13224.0,11821.0,8619.0,392.0
2025-02-20,16891.0,13891.0,12186.0,8321.0,324.0
2025-02-21,16146.0,14063.0,12480.0,9219.0,318.0
2025-02-22,16313.0,14831.0,12429.0,8449.0,243.0
2025-02-23,,,,,
2025-02-24,16410.0,15532.0,13588.0,8778.0,302.0
2025-02-25,16624.0,15213.0,13483.0,8850.0,363.0
2025-02-26,16559.0,15488.0,13941.0,10330.0,336.0
2025-02-27,17143.0,15119.0,13878.0,10597.0,351.0
2025-02-28,17520.0,15837.0,13860.0,9334.0,326.0
2025-03-01,17644.0,15875.0,13872.0,8996.0,241.0
2025-03-02,,,,,
2025-03-03,17973.0,16434.0,14436.0,10756.0,389.0
2025-03-04,18495.0,16803.0,14462.0,9602.0,377.0
2025-03-05,,,,,0.896
2025-03-06,17248.0,15538.0,13246.0,9858.0,655.0
2025-03-07,16591.0,14679.0,12494.0,9079.0,661.0
2025-03-08,15719.0,13358.0,11518.0,9271.0,466.0
2025-03-09,,,,,
2025-03-10,15696.0,13867.0,11804.0,10165.0,549.0
2025-03-11,16009.0,13160.0,10742.0,8860.0,484.0
2025-03-12,16113.0,13194.0,9795.0,7829.0,516.0
2025-03-13,15716.0,13844.0,9589.0,7898.0,450.0
2025-03-14,15679.0,12902.0,8928.0,6774.0,495.0
2025-03-15,17782.0,14452.0,9950.0,7488.0,284.0
2025-03-16,,,,,
2025-03-17,17919.0,14341.0,10056.0,8106.0,498.0
2025-03-18,20598.0,15782.0,11374.0,9505.0,387.0
2025-03-19,18178.0,14373.0,10582.0,9015.0,508.0
2025-03-20,16439.0,12157.0,9519.0,8460.0,637.0
2025-03-21,16783.0,12304.0,9434.0,7279.0,537.0
2025-03-22,17128.0,12838.0,8478.0,7172.0,430.0
2025-03-23,,,,,
2025-03-24,17664.0,13914.0,9473.0,7720.0,531.0
2025-03-25,16866.0,13020.0,9132.0,7686.0,523.0
2025-03-26,16767.0,12523.0,8496.0,7198.0,447.0
2025-03-27,16383.0,11601.0,8488.0,7233.0,493.0
2025-03-28,16025.0,11124.0,8220.0,6694.0,414.0
2025-03-29,17865.0,11024.0,8089.0,6932.0,289.0
2025-03-30,,,,,
2025-03-31,18405.0,14063.0,8857.0,7143.0,379.0
2025-04-01,17360.0,13460.0,8290.0,5834.0,393.0
2025-04-02,17875.0,14170.0,8907.0,6674.0,365.0
2025-04-03,17964.0,14291.0,9422.0,7044.0,486.0
2025-04-04,17250.0,13254.0,8677.0,6604.0,484.0
2025-04-05,17720.0,12279.0,7525.0,6554.0,383.0
2025-04-06,,,,,
2025-04-07,16938.0,11858.0,7590.0,5965.0,624.0
2025-04-08,17007.0,11194.0,7362.0,5473.0,508.0
2025-04-09,17018.0,11624.0,7302.0,4988.0,423.0
2025-04-10,16280.0,11062.0,7282.0,5039.0,518.0
2025-04-11,15506.0,9440.0,6509.0,4382.0,507.0
2025-04-12,15783.0,9363.0,6529.0,5024.0,327.0
2025-04-13,,,,,
2025-04-14,16336.0,11019.0,8135.0,4118.0,428.0
2025-04-15,16192.0,10468.0,7732.0,5783.0,450.0
2025-04-16,16034.0,9458.0,6893.0,5000.0,423.0
2025-04-17,15457.0,8667.0,6079.0,4050.0,396.0
2025-04-18,16364.0,9823.0,7118.0,3688.0,354.0
2025-04-19,13053.0,9644.0,7093.0,4320.0,302.0
2025-04-20,,,,,
2025-04-21,15790.0,9113.0,6182.0,4423.0,496.0
2025-04-22,15027.0,8702.0,5627.0,3406.0,486.0
2025-04-23,15212.0,8698.0,5145.0,3369.0,394.0
2025-04-24,15329.0,8233.0,4443.0,2189.0,442.0
2025-04-25,14255.0,7805.0,3667.0,2117.0,440.0
2025-04-26,14761.0,8579.0,4264.0,2423.0,265.0
2025-04-27,,,,,
2025-04-28,14584.0,8427.0,4242.0,3062.0,420.0
2025-04-29,12655.0,7827.0,3796.0,2898.0,466.0
2025-04-30,15173.0,9288.0,4457.0,2801.0,460.0
2025-05-01,14954.0,8648.0,4534.0,3390.0,411.0
2025-05-02,12204.0,6971.0,3531.0,2427.0,467.0
2025-05-03,11812.0,7633.0,3432.0,2035.0,312.0
2025-05-04,,,,,
2025-05-05,14134.0,6410.0,2386.0,1709.0,571.0
2025-05-06,15107.0,7193.0,2560.0,1978.0,496.0
2025-05-07,14465.0,7063.0,3283.0,2543.0,473.0
2025-05-08,13934.0,7749.0,4908.0,3526.0,405.0
2025-05-09,13410.0,7863.0,5625.0,4411.0,392.0
2025-05-10,11520.0,5825.0,3557.0,2503.0,323.0
2025-05-11,,,,,
2025-05-12,13439.0,6455.0,4218.0,2382.0,472.0
2025-05-13,9980.0,5926.0,4473.0,3362.0,395.0
2025-05-14,12250.0,10219.8,6300.4,1472.0,498.0
2025-05-15,10318.0,4767.0,3042.0,1114.0,572.0
2025-05-16,5514.0,4887.0,2814.0,937.0,473.0
2025-05-17,6412.0,4326.0,2802.0,1548.0,315.0
2025-05-18,,,,,
2025-05-19,6955.0,8000.0,4042.0,1545.0,458.0
2025-05-20,6449.0,5434.0,4160.0,1644.0,374.0
2025-05-21,9950.5,7256.6,4389.4,1737.0,421.0
2025-05-22,5457.0,4156.0,2350.0,827.0,495.0
2025-05-23,5068.0,4216.0,2712.0,922.0,388.0
2025-05-24,5746.0,4648.0,3149.0,2127.0,270.0
2025-05-25,,,,,
2025-05-26,6219.0,5253.0,4329.0,3567.0,356.0
2025-05-27,6645.0,5288.0,3298.0,1066.0,427.0
2025-05-28,6628.0,5797.0,3817.0,2441.0,359.0
2025-05-29,6731.0,5786.0,4181.0,3088.0,347.0
2025-05-30,7510.0,6380.0,5080.0,3792.0,324.0
2025-05-31,8069.0,5250.0,4367.0,2692.0,305.0
2025-06-01,,,,,
2025-06-02,9471.0,7400.0,4720.0,2271.0,381.0
2025-06-03,9305.0,6409.0,3949.0,2071.0,404.0
2025-06-04,11282.0,5250.0,4599.0,2640.0,314.0
2025-06-05,10054.0,6829.0,4219.0,2857.0,405.0
2025-06-06,9029.0,6647.0,3610.0,1538.0,382.0
2025-06-07,9297.0,7175.0,3600.0,1523.0,331.0
2025-06-08,,,,,
2025-06-09,8539.0,7035.0,5593.0,4091.0,353.0
2025-06-10,7737.0,4651.0,4760.0,3368.0,387.0
2025-06-11,7598.0,6412.0,5296.0,2939.0,317.0
2025-06-12,8314.0,4934.0,5764.0,3363.0,280.0
2025-06-13,8649.0,7733.0,6189.0,3472.0,297.0
2025-06-14,9775.0,9104.0,7894.0,3966.0,281.0
2025-06-15,,,,,
2025-06-16,9607.75,7399.4,3405.2,3035.0,754.0
2025-06-17,8833.0,7437.0,5065.0,3177.0,327.0
2025-06-18,11195.5,6685.2,3618.0,1547.0,533.0
2025-06-19,8669.0,5000.0,4309.0,2700.0,400.0
2025-06-20,12388.75,7470.0,4753.8,3725.0,334.0
2025-06-21,12615.0,10386.0,6055.0,1926.0,282.0
2025-06-22,,,,,
2025-06-23,8450.0,6378.0,4259.0,2047.0,551.0
2025-06-24,12875.0,8610.0,5025.6,1640.0,507.0
2025-06-25,8370.0,7857.0,3876.0,1853.0,542.0
2025-06-26,10807.0,7454.0,3964.0,1293.0,269.0
2025-06-27,11636.25,9620.2,4985.8,1033.0,505.0
2025-06-28,7760.0,5807.0,3152.0,1618.0,378.0
2025-06-29,,,,,
2025-06-30,10354.0,8487.0,5929.0,2056.0,409.0
2025-07-01,6870.0,5410.0,2869.0,1139.0,545.0
2025-07-02,9224.0,7076.0,4723.0,1627.0,335.0
2025-07-03,7635.0,4749.0,1949.0,678.0,541.0
2025-07-04,8828.0,6850.0,3547.0,786.0,373.0
2025-07-05,11614.0,10022.0,8388.0,5108.0,219.0
2025-07-06,,,,,
2025-07-07,10923.0,8503.0,5276.0,2560.0,447.0
2025-07-08,13860.25,7736.2,3727.0,1365.0,562.0
2025-07-09,9356.0,7984.0,5067.0,2561.0,324.0
2025-07-10,14414.0,9130.8,4810.0,2246.0,328.0
2025-07-11,14498.0,12396.0,9339.0,5655.0,292.0
2025-07-12,17578.0,13291.0,7693.0,3196.0,337.0
2025-07-13,,,,,
2025-07-14,17123.0,11967.0,7454.0,2450.0,558.0
2025-07-15,17090.0,13021.0,6884.0,2236.0,405.0
2025-07-16,17147.0,12046.0,5063.0,2037.0,448.0
2025-07-17,17242.0,12939.0,4378.0,981.0,461.0
2025-07-18,18815.0,12610.0,5131.0,1026.0,394.0
2025-07-19,18702.0,13394.0,7442.0,4784.0,387.0
2025-07-20,,,,,
2025-07-21,17867.0,11319.0,6259.0,3161.0,537.0
2025-07-22,16092.0,7801.0,3807.0,1815.0,695.0
2025-07-23,14349.0,9099.0,4515.0,1689.0,564.0
2025-07-24,18169.75,11502.8,5331.8,1484.0,585.0
2025-07-25,15045.0,7944.0,4961.0,1845.0,454.0
2025-07-26,13992.0,10566.0,5420.0,1404.0,396.0
2025-07-27,,,,,
2025-07-28,14986.0,12236.0,7735.0,2285.0,443.0
2025-07-29,16508.0,13021.0,8244.0,3270.0,421.0
2025-07-30,21574.0,7989.0,14269.0,6383.0,352.0
2025-07-31,18660.0,14881.0,7137.0,2234.0,604.0
2025-08-01,20364.0,17461.0,7478.0,3845.0,451.0
2025-08-02,,,,,
2025-08-03,,,,,
2025-08-04,21776.0,19074.0,10543.0,5176.0,484.0
2025-08-05,26353.0,17471.0,9005.0,5491.0,375.0
2025-08-06,24196.0,10448.0,8103.0,5023.0,470.0
2025-08-07,20008.25,14970.4,10728.6,3221.0,459.0
2025-08-08,20501.25,14594.8,8866.0,3214.0,482.0
2025-08-09,28129.0,15849.0,6117.0,3538.0,405.0
2025-08-10,,,,,
2025-08-11,16668.5,13611.6,9265.0,3391.0,568.0
2025-08-12,18827.0,11321.0,4953.0,3296.0,627.0
2025-08-13,21478.0,9697.0,5006.0,2594.0,502.0
2025-08-14,21859.0,13178.0,4130.0,2331.0,377.0
2025-08-15,21339.0,14732.0,4681.0,2291.0,398.0
2025-08-16,22503.0,9449.0,5965.0,3400.0,352.0
2025-08-17,,,,,
2025-08-18,17522.0,9449.0,6017.0,2810.0,588.0
2025-08-19,17046.0,11728.0,4766.0,2696.0,543.0
2025-08-20,19977.0,11660.0,5896.0,2603.0,443.0
2025-08-21,23303.0,13349.0,6092.0,2844.0,475.0
2025-08-22,20980.0,13234.0,5275.0,2900.0,417.0
2025-08-23,22075.0,12676.0,5043.0,2376.0,428.0
2025-08-24,,,,,
2025-08-25,21508.0,10222.0,5694.0,2367.0,488.0
2025-08-26,18807.0,9700.0,5316.0,1665.0,505.0
2025-08-27,20406.0,13376.0,5795.0,3170.0,392.0
2025-08-28,26122.0,18735.0,8590.0,3702.0,307.0
2025-08-29,21469.0,10989.0,7812.0,2635.0,509.0
2025-08-30,20270.0,13435.0,6805.0,2656.0,478.0
2025-08-31,,,,,
2025-09-01,23762.0,15589.0,9290.0,4121.0,493.0
2025-09-02,21839.0,15359.0,7795.0,3803.0,500.0
2025-09-03,29281.0,21181.0,8192.0,2936.0,351.0
2025-09-04,20780.0,16068.4,10370.2,6099.0,491.0
2025-09-05,17390.0,12500.0,7759.0,3824.0,625.0
2025-09-06,21482.0,14081.6,7366.4,3164.0,506.0
2025-09-07,,,,,
2025-09-08,20729.0,14705.0,7453.0,3468.0,537.0
2025-09-09,18330.0,8833.0,5536.0,1747.0,788.0
2025-09-10,,,,,1174.32483
2025-09-11,23725.0,9841.0,5667.0,1725.0,621.0
2025-09-12,22267.0,12799.0,4745.0,1494.0,706.0
2025-09-13,23405.0,17543.0,10146.0,2249.0,407.0
2025-09-14,,,,,
2025-09-15,18503.0,14368.0,5897.0,1650.0,623.0
2025-09-16,18906.25,14541.0,6656.6,1378.0,826.0
2025-09-17,18150.0,8567.0,5164.0,1080.0,643.0
2025-09-18,17207.0,13655.6,6425.6,991.0,401.0
2025-09-19,23318.0,15187.0,6352.0,1247.0,531.0
2025-09-20,23586.0,12001.0,5890.0,1825.0,1150.32924
2025-09-21,,,,,
2025-09-22,21985.0,7424.0,8067.0,2903.0,667.0
2025-09-23,18123.5,14711.4,6874.6,5582.0,561.0
2025-09-24,27992.0,7828.0,11081.0,4830.0,768.0
2025-09-25,20128.75,15317.2,6133.6,3400.0,743.0
2025-09-26,16120.25,13189.2,7356.8,2345.0,731.0
2025-09-27,20816.0,11619.0,5222.0,1803.0,1060.0
2025-09-28,,,,,
2025-09-29,29565.0,7634.0,9207.0,3780.0,763.0
2025-09-30,,,,,1158.01431
2025-10-01,27248.0,7665.0,10767.0,5028.0,814.0
2025-10-02,32808.0,7978.0,13905.0,5038.0,1040.0
2025-10-03,25824.0,12647.0,6079.0,1946.0,1321.75511
2025-10-04,37808.0,25152.0,13905.0,5038.0,587.34794
2025-10-05,,,,,
2025-10-06,,,,,
2025-10-07,,,,,
2025-10-08,,,,,
2025-10-09,16655.25,13172.4,7315.4,3229.0,1172.0
2025-10-10,11931.0,6655.0,4168.0,2463.0,1085.0
2025-10-11,16888.0,9587.4,5410.0,1637.0,697.0
2025-10-12,,,,,
2025-10-13,11509.0,7659.0,4317.0,1479.0,554.0
2025-10-14,12139.0,5761.0,3761.0,1713.0,500.0
2025-10-15,10756.0,8160.0,5585.0,3480.0,469.0
2025-10-16,8220.0,6483.0,4835.0,2722.0,833.0
2025-10-17,8676.0,6172.0,4707.0,2709.0,721.0
2025-10-18,11335.5,8562.8,4603.8,1929.0,899.0
2025-10-19,,,,,
2025-10-20,6821.0,5072.0,3628.0,2033.0,781.0
2025-10-21,7643.0,5506.0,4429.0,2623.0,709.0
2025-10-22,7653.0,6093.0,4421.0,2938.0,643.0
2025-10-23,8038.0,6132.0,4568.0,2830.0,704.0
2025-10-24,7864.0,5973.0,4153.0,2851.0,672.0
2025-10-25,10092.5,9210.8,5015.6,2943.0,448.0
2025-10-26,,,,,
2025-10-27,9807.0,8154.0,5913.0,3501.0,575.0
2025-10-28,10406.0,7969.0,5422.0,3173.0,643.0
2025-10-29,10002.0,7897.0,5531.0,3374.0,594.0
2025-10-30,11764.0,9833.0,7319.0,4108.0,473.0
2025-10-31,12587.0,10710.0,8378.0,4963.0,527.0
2025-11-01,,,,,
2025-11-02,,,,,
2025-11-03,11838.0,9003.0,7242.0,4238.0,949.0
2025-11-04,11166.0,8808.0,6597.0,3660.0,737.0
2025-11-05,11619.0,9271.0,7374.0,4420.0,630.0
2025-11-06,11979.0,9095.0,7253.0,4807.0,759.0
2025-11-07,12677.0,10353.0,8305.0,5248.0,659.0
2025-11-08,8754.25,8969.4,3106.0,5809.0,696.0
2025-11-09,,,,,
2025-11-10,14210.0,11026.0,7992.0,4820.0,878.0
2025-11-11,13303.0,9285.0,7014.0,3375.0,1105.0
2025-11-12,14339.0,10537.0,7812.0,4606.0,969.0
2025-11-13,14149.0,11673.0,8770.0,5017.0,918.0
2025-11-14,15491.0,12687.0,9176.0,4722.0,1112.0
2025-11-15,15078.0,11421.0,7570.0,4032.0,1143.0
2025-11-16,,,,,
2025-11-17,16035.0,12891.0,8696.0,4473.0,992.0
2025-11-18,14253.0,6000.0,7761.0,4233.0,1152.0
2025-11-19,13753.0,11768.0,8892.0,4788.0,942.0
2025-11-20,14225.0,12375.0,10060.0,6213.0,1080.0
2025-11-21,16900.0,14748.0,12412.0,8306.0,1019.0
2025-11-22,11097.5,8735.6,4882.6,5810.0,1165.0
2025-11-23,,,,,
2025-11-24,14367.0,11907.0,9749.0,5744.0,1139.0
2025-11-25,13874.0,11673.0,9789.0,6611.0,922.0
2025-11-26,13640.0,12131.0,10170.0,7305.0,984.0
2025-11-27,14882.25,11985.8,7375.6,8139.0,1038.0
2025-11-28,16064.0,13230.0,11067.0,8010.0,1133.0
2025-11-29,14120.0,7153.0,10064.0,7573.0,962.0
2025-11-30,,,,,
2025-12-01,13339.0,11336.0,9856.0,8110.0,1011.0
2025-12-02,13255.75,9656.4,4684.6,8312.0,828.0
2025-12-03,13560.0,11468.0,9634.0,8061.0,783.0
2025-12-04,13690.0,7774.0,10531.0,8355.0,656.0
2025-12-05,13164.0,11693.0,10597.0,9084.0,711.0
2025-12-06,12296.0,10334.0,8844.0,7563.0,909.0
2025-12-07,,,,,
2025-12-08,11252.0,7535.0,7573.0,6427.0,797.0
2025-12-09,10895.0,7708.0,7669.0,6354.0,589.0
2025-12-10,11752.0,10363.0,8999.0,7720.0,438.0
2025-12-11,17278.0,10154.4,5199.0,7113.0,623.0
2025-12-12,12712.0,10913.0,8672.0,6551.0,654.0
2025-12-13,,,,,7.728
2025-12-14,,,,,
2025-12-15,15467.5,9472.4,5760.8,7625.0,477.0
2025-12-16,11716.0,9387.0,8125.0,5979.0,468.0
2025-12-17,11386.0,8311.0,8063.0,5972.0,443.0
2025-12-18,10494.0,9359.0,8481.0,7173.0,329.0
2025-12-19,11253.0,9929.0,8594.0,6757.0,362.0
2025-12-20,12978.5,10557.4,4972.8,6748.0,369.0
2025-12-21,,,,,
2025-12-22,12681.75,10545.2,5748.6,7011.0,413.0
2025-12-23,10295.0,8728.0,7795.0,6486.0,394.0
2025-12-24,12735.25,10274.0,5989.4,6118.0,420.0
2025-12-25,10297.0,8758.0,7645.0,5757.0,279.0
2025-12-26,12695.25,10049.8,6105.2,5895.0,312.0
2025-12-27,9200.0,8488.0,7128.0,4911.0,151.0
2025-12-28,,,,,
2025-12-29,12456.0,10578.0,9249.0,6947.0,204.0
2025-12-30,10443.0,6826.0,8101.0,6389.0,330.0
2025-12-31,11507.0,10023.0,9143.0,7865.0,452.0
2026-01-01,,,,,
2026-01-02,,,,,
2026-01-03,11473.0,9347.0,8070.0,6147.0,335.0
2026-01-04,,,,,
2026-01-05,12402.25,11786.0,7251.8,7163.0,334.0
2026-01-06,10833.0,8703.0,8374.0,7400.0,448.0
2026-01-07,10177.0,8958.0,8102.0,6708.0,422.0
2026-01-08,9811.0,8551.0,7682.0,6606.0,371.0
2026-01-09,9416.0,8300.0,7476.0,5916.0,311.0
2026-01-10,9769.0,8783.0,8028.0,6369.0,175.0
2026-01-11,,,,,
2026-01-12,10695.0,10000.0,8610.0,5793.0,322.0
2026-01-13,10319.0,9250.0,7421.0,5425.0,429.0
2026-01-14,10049.0,8869.0,7957.0,5475.0,381.0
2026-01-15,10027.0,8571.0,7725.0,6147.0,421.0
2026-01-16,9681.0,9167.0,7494.0,5103.0,346.0
2026-01-17,10057.0,8250.0,7630.0,4912.0,272.0
2026-01-18,,,,,
2026-01-19,14273.25,11629.4,7533.2,5473.0,387.0
2026-01-20,14427.0,10544.8,7355.6,3868.0,346.0
2026-01-21,11076.0,9680.0,8228.0,4553.0,247.0
2026-01-22,14143.75,11526.8,7462.4,5267.0,176.0
2026-01-23,10870.0,9376.0,7581.0,6317.0,353.0
2026-01-24,12100.0,11118.0,9706.0,8281.0,91.0
2026-01-25,,,,,
2026-01-26,10700.0,9653.0,8332.0,6574.0,430.0
2026-01-27,10463.0,9627.0,8520.0,6518.0,383.0
2026-01-28,10391.0,9220.0,8229.0,6501.0,378.0
2026-01-29,13199.25,12604.0,8546.6,5736.0,505.0
2026-01-30,10130.0,9047.0,7266.0,5587.0,282.0
2026-01-31,10172.0,8848.0,7853.0,5908.0,225.0
2026-02-01,,,,,
2026-02-02,10221.0,9110.0,7930.0,5869.0,358.0
2026-02-03,10536.0,9158.0,7963.0,5988.0,381.0
2026-02-04,10384.0,9394.0,7435.0,5982.0,438.0
2026-02-05,10495.0,9394.0,7714.0,5756.0,365.0
2026-02-06,10733.0,8524.0,7227.0,5543.0,486.0
2026-02-07,10565.0,8895.0,7543.0,5716.0,358.0
2026-02-08,,,,,
2026-02-09,10741.0,9299.0,8109.0,6591.0,308.0
2026-02-10,10960.0,8908.0,7412.0,5211.0,392.0
2026-02-11,11609.0,9415.0,8045.0,6376.0,364.0
2026-02-12,10549.0,8383.0,7198.0,5662.0,565.0
2026-02-13,9912.0,7760.0,6487.0,4698.0,628.0
2026-02-14,10372.0,8127.0,6611.0,4533.0,294.0
2026-02-15,,,,,
2026-02-16,11057.0,9597.0,7779.0,5739.0,72.0
2026-02-17,,,,,
2026-02-18,,,,,
2026-02-19,,,,,
2026-02-20,11367.0,8675.0,6804.0,4155.0,438.0
2026-02-21,10885.0,8947.0,6501.0,4315.0,384.0
2026-02-22,,,,,
2026-02-23,11716.0,9673.0,7299.0,4637.0,393.0
2026-02-24,11671.0,9853.0,7469.0,4639.0,374.0
2026-02-25,12028.0,9593.0,7890.0,4851.0,279.0
2026-02-26,11814.0,9853.0,7967.0,5074.0,360.0
2026-02-27,11845.0,9383.0,7767.0,5334.0,381.0
2026-02-28,10897.0,9053.0,6762.0,4078.0,295.0
2026-03-01,,,,,
2026-03-02,10505.0,8664.0,7061.0,4323.0,538.0
2026-03-03,9308.0,8269.0,6444.0,3715.0,368.0
2026-03-04,9944.0,8572.0,6567.0,5395.0,276.0
2026-03-05,9537.0,8087.0,6465.0,4131.0,390.0
2026-03-06,9149.0,8014.0,6399.0,4200.0,433.0
2026-03-07,,,,,1.04
2026-03-08,,,,,
2026-03-09,10481.0,8071.0,6719.0,5128.0,417.0
2026-03-10,9612.0,8130.0,6441.0,5022.0,350.0
2026-03-11,9898.0,8238.0,6707.0,4352.0,339.0
2026-03-12,9700.0,8615.0,7054.0,5383.0,324.0
2026-03-13,9794.0,7662.0,7830.0,5695.0,277.0
2026-03-14,12097.0,8891.2,5030.2,5990.0,285.0
2026-03-15,,,,,
2026-03-16,10346.25,7671.2,5851.6,6143.0,398.0
2026-03-17,10662.0,8388.0,6465.0,5429.0,364.0
2026-03-18,10709.0,8611.0,6567.0,5474.0,378.644
2026-03-19,10870.0,8275.0,5564.0,4636.0,395.0
2026-03-20,10973.0,6975.0,5842.0,4204.0,377.0
2026-03-21,10854.0,6975.0,6054.0,4191.0,245.0
2026-03-22,,,,,
2026-03-23,10370.0,7000.0,5552.0,3888.0,489.0
2026-03-24,10025.0,7530.0,4927.0,3665.0,508.0
2026-03-25,9867.0,6880.0,5530.0,3986.0,355.0
2026-03-26,9833.0,7972.0,5545.0,4519.0,309.0
2026-03-27,9258.0,7007.0,5024.0,4069.0,422.0
2026-03-28,10059.0,8309.0,5107.0,3672.0,183.0
2026-03-29,,,,,
2026-03-30,12125.0,9268.0,5912.4,4504.0,352.0
2026-03-31,12880.5,9357.8,6561.4,3286.0,423.0
2026-04-01,9926.0,7628.0,4883.0,3001.0,394.0
2026-04-02,10036.0,7960.0,4981.0,3184.0,368.0
2026-04-03,9915.0,6825.0,5610.0,4107.0,343.0
2026-04-04,,,,,3.048
2026-04-05,,,,,
2026-04-06,9362.0,7168.0,4602.0,3029.0,556.0
2026-04-07,9054.0,6845.0,4341.0,3065.0,405.0
2026-04-08,8667.0,6625.0,4421.0,1979.0,353.0
2026-04-09,8650.0,6409.0,4442.0,2834.0,381.0
2026-04-10,8859.0,6657.0,4360.0,3250.0,288.0
2026-04-11,9591.0,8023.0,4760.0,3923.0,147.0
2026-04-12,,,,,
2026-04-13,9693.0,7050.0,4503.0,3523.0,398.0
2026-04-14,10891.75,8167.4,4707.4,3353.0,367.0
2026-04-15,11591.75,8235.2,5884.8,3687.0,389.0
2026-04-16,10640.5,7530.4,5759.2,3198.0,419.0
2026-04-17,9587.0,6603.0,3512.0,2614.0,375.0
2026-04-18,9629.0,8037.0,5110.0,2810.0,190.0
2026-04-19,,,,,
2026-04-20,9718.5,7401.4,6481.8,2934.0,410.0
2026-04-21,10447.25,7542.0,6175.2,2116.0,440.0
2026-04-22,9860.0,6774.0,3371.0,2473.0,355.0
2026-04-23,10121.0,6542.0,3632.0,2540.0,365.0
2026-04-24,10767.0,6895.0,4127.0,2438.0,345.0
2026-04-25,10600.0,6000.0,3110.0,2250.0,259.0
2026-04-26,,,,,
2026-04-27,10204.0,6000.0,3262.0,2115.0,450.0
2026-04-28,10220.0,6473.0,3092.0,1461.0,343.0
2026-04-29,9891.75,7221.0,4974.6,1646.0,256.0
2026-04-30,10034.5,7484.4,6330.4,1587.0,324.0
2026-05-01,9984.75,7769.4,5359.0,2334.0,258.0
2026-05-02,13811.0,11006.0,7132.0,4457.0,148.0
2026-05-03,,,,,
2026-05-04,12478.0,7444.0,3293.0,2308.0,452.0
2026-05-05,12164.0,5625.0,2504.0,1620.0,506.0
2026-05-06,12265.0,5713.0,2390.0,1462.0,467.0
2026-05-07,10472.0,5087.0,2215.0,1210.0,481.0
2026-05-08,9983.0,4986.0,2470.0,1221.0,437.0
2026-05-09,9847.0,4193.0,2361.0,1818.0,306.0
2026-05-10,,,,,
2026-05-11,7787.0,4543.0,2596.0,1817.0,409.0
2026-05-12,7576.0,3776.0,2401.0,1736.0,420.0
2026-05-13,8563.0,4640.0,2786.0,1532.0,374.0
2026-05-14,9459.0,6230.0,4238.0,2423.0,286.0
2026-05-15,9257.0,5553.0,4246.0,2169.0,344.0
2026-05-16,8442.0,4008.0,2413.0,1379.0,321.0
2026-05-17,,,,,
2026-05-18,10163.0,6659.0,3774.0,2051.0,
2026-05-19,9576.0,5200.0,2731.0,1745.0,378.509
2026-05-20,9949.0,5140.0,3211.0,1898.0,326.2
2026-05-21,10297.0,5444.0,3297.0,1787.0,310.278
2026-05-22,11420.0,4340.0,2193.0,1107.0,361.343
2026-05-23,13161.0,5693.0,2944.0,1765.0,214.859
2026-05-24,,,,,
2026-05-25,14468.0,5693.0,2862.0,1635.0,348.784
2026-05-26,14070.0,6322.0,4044.0,1814.0,322.524
2026-05-27,14789.0,7796.0,4151.0,2091.0,270.389
2026-05-28,13903.0,4627.0,2741.0,1768.0,321.638
2026-05-29,13563.0,5373.0,1884.0,1000.0,365.365
2026-05-30,10891.0,4233.0,1919.0,990.0,340.74
2026-05-31,,,,,
2026-06-01,15590.0,7548.0,5194.0,2663.0,
2026-06-02,14567.0,7307.0,3966.0,1804.0,373.418
2026-06-03,,,,,
2026-06-04,13507.0,7299.0,3590.0,823.0,438.021
2026-06-05,11766.0,6471.0,2883.0,889.0,
2026-06-06,12329.0,8177.0,5109.0,2022.0,
2026-06-07,,,,,
2026-06-08,9926.0,4563.0,3293.0,1953.0,
