date,gov_release,price,total_inflow
2005-01-03,0.0,1700.0,
2005-01-04,0.0,1350.0,
2005-01-05,0.0,1550.0,
2005-01-06,0.0,2250.0,
2005-01-07,0.0,2075.0,
2005-01-08,0.0,1625.0,
2005-01-10,0.0,1800.0,
2005-01-11,0.0,2000.0,
2005-01-12,0.0,1900.0,
2005-01-13,0.0,1900.0,
2005-01-14,0.0,1775.0,
2005-01-15,0.0,1800.0,
2005-01-17,0.0,2050.0,
2005-01-18,0.0,2400.0,
2005-01-19,0.0,2600.0,
2005-01-20,0.0,2450.0,
2005-01-21,0.0,2425.0,
2005-01-22,0.0,1975.0,
2005-01-24,0.0,1875.0,
2005-01-25,0.0,2000.0,
2005-01-26,0.0,2075.0,
2005-01-27,0.0,2225.0,
2005-01-28,0.0,2350.0,
2005-01-29,0.0,2400.0,
2005-01-31,0.0,2250.0,
2005-02-01,0.0,2225.0,
2005-02-02,0.0,2650.0,
2005-02-03,0.0,2800.0,
2005-02-04,0.0,3000.0,
2005-02-05,0.0,3100.0,
2005-02-07,0.0,2925.0,
2005-02-08,0.0,2925.0,
2005-02-12,0.0,2975.0,
2005-02-14,0.0,2915.0,
2005-02-15,0.0,3025.0,
2005-02-16,0.0,2960.0,
2005-02-17,0.0,2700.0,
2005-02-18,0.0,2700.0,
2005-02-19,0.0,2700.0,
2005-02-21,0.0,2725.0,
2005-02-22,0.0,3000.0,
2005-02-23,0.0,3125.0,
2005-02-24,0.0,3000.0,
2005-02-25,0.0,2925.0,
2005-02-26,0.0,2925.0,
2005-02-28,0.0,2675.0,
2005-03-01,0.0,2575.0,
2005-03-02,0.0,2900.0,
2005-03-03,0.0,2875.0,
2005-03-04,0.0,2660.0,
2005-03-05,0.0,3000.0,
2005-03-07,0.0,3000.0,
2005-03-08,0.0,2900.0,
2005-03-09,0.0,2875.0,
2005-03-10,0.0,2560.0,
2005-03-11,0.0,2575.0,
2005-03-12,0.0,2615.0,
2005-03-14,0.0,2900.0,
2005-03-15,0.0,2750.0,
2005-03-16,0.0,2855.0,
2005-03-17,0.0,3250.0,
2005-03-18,0.0,3350.0,
2005-03-19,0.0,3200.0,
2005-03-21,0.0,3100.0,
2005-03-22,0.0,2825.0,
2005-03-23,0.0,3800.0,
2005-03-24,0.0,3350.0,
2005-03-25,0.0,3700.0,
2005-03-26,0.0,3925.0,
2005-03-28,0.0,3650.0,
2005-03-29,0.0,3915.0,
2005-03-30,0.0,4125.0,
2005-03-31,0.0,3650.0,
2005-04-01,0.0,3975.0,
2005-04-02,0.0,4050.0,
2005-04-04,0.0,3765.0,
2005-04-05,0.0,4050.0,
2005-04-06,0.0,3825.0,
2005-04-07,0.0,3775.0,
2005-04-08,0.0,3775.0,
2005-04-09,0.0,3400.0,
2005-04-11,0.0,3525.0,
2005-04-12,0.0,3300.0,
2005-04-13,0.0,3225.0,
2005-04-14,0.0,3100.0,
2005-04-15,0.0,3075.0,
2005-04-16,0.0,3025.0,
2005-04-18,0.0,3150.0,
2005-04-19,0.0,3165.0,
2005-04-20,0.0,3075.0,
2005-04-21,0.0,3205.0,
2005-04-22,0.0,3025.0,
2005-04-23,0.0,2825.0,
2005-04-25,0.0,2825.0,
2005-04-26,0.0,2750.0,
2005-04-27,0.0,2700.0,
2005-04-28,0.0,2575.0,
2005-04-29,0.0,2450.0,
2005-04-30,0.0,2275.0,
2005-05-02,0.0,2575.0,
2005-05-03,0.0,2800.0,
2005-05-04,0.0,2575.0,
2005-05-05,0.0,2650.0,
2005-05-06,0.0,2775.0,
2005-05-07,0.0,3100.0,
2005-05-09,0.0,3000.0,
2005-05-10,0.0,2975.0,
2005-05-11,0.0,3025.0,
2005-05-12,0.0,2975.0,
2005-05-13,0.0,2675.0,
2005-05-14,0.0,3025.0,
2005-05-16,0.0,2900.0,
2005-05-17,0.0,2825.0,
2005-05-18,0.0,2925.0,
2005-05-19,0.0,3150.0,
2005-05-20,0.0,3350.0,
2005-05-21,0.0,3275.0,
2005-05-23,0.0,3275.0,
2005-05-24,0.0,3850.0,
2005-05-25,0.0,3650.0,
2005-05-26,0.0,4200.0,
2005-05-27,0.0,4175.0,
2005-05-28,0.0,4175.0,
2005-05-30,0.0,4150.0,
2005-05-31,0.0,3650.0,
2006-01-03,0.0,6560.0,
2006-01-04,0.0,6475.0,
2006-01-05,0.0,6125.0,
2006-01-06,0.0,5125.0,
2006-01-07,0.0,5100.0,
2006-01-09,0.0,5675.0,
2006-01-10,0.0,5275.0,
2006-01-11,0.0,5240.0,
2006-01-12,0.0,5050.0,
2006-01-13,0.0,5450.0,
2006-01-14,0.0,4850.0,
2006-01-16,0.0,4700.0,
2006-01-17,0.0,4975.0,
2006-01-18,0.0,5550.0,
2006-01-19,0.0,5400.0,
2006-01-20,0.0,5625.0,
2006-01-21,0.0,4925.0,
2006-01-23,0.0,5025.0,
2006-01-24,0.0,4550.0,
2006-01-25,0.0,4800.0,
2006-01-26,0.0,6100.0,
2006-01-27,0.0,5950.0,
2006-02-01,0.0,5925.0,
2006-02-02,0.0,6125.0,
2006-02-03,0.0,6125.0,
2006-02-04,0.0,5325.0,
2006-02-06,0.0,6680.0,
2006-02-07,0.0,8125.0,
2006-02-08,0.0,7325.0,
2006-02-09,0.0,6700.0,
2006-02-10,0.0,7150.0,
2006-02-11,0.0,6100.0,
2006-02-13,0.0,5540.0,
2006-02-14,0.0,5475.0,
2006-02-15,0.0,6000.0,
2006-02-16,0.0,7400.0,
2006-02-18,0.0,5850.0,
2006-02-20,0.0,6550.0,
2006-02-21,0.0,6400.0,
2006-02-22,0.0,6650.0,
2006-02-23,0.0,6850.0,
2006-02-24,0.0,6800.0,
2006-02-25,0.0,6425.0,
2006-02-27,0.0,7250.0,
2006-02-28,0.0,7300.0,
2006-03-01,0.0,6750.0,
2006-03-02,0.0,7350.0,
2006-03-03,0.0,8100.0,
2006-03-04,0.0,7900.0,
2006-03-06,0.0,7625.0,
2006-03-07,0.0,8100.0,
2006-03-08,0.0,8450.0,
2006-03-09,0.0,8775.0,
2006-03-10,0.0,8150.0,
2006-03-11,0.0,7850.0,
2006-03-13,0.0,7950.0,
2006-03-14,0.0,8425.0,
2006-03-15,0.0,9075.0,
2006-03-16,0.0,8760.0,
2006-03-17,0.0,8850.0,
2006-03-18,0.0,8600.0,
2006-03-20,0.0,9250.0,
2006-03-21,0.0,8575.0,
2006-03-22,0.0,8250.0,
2006-03-23,0.0,8575.0,
2006-03-24,0.0,8175.0,
2006-03-25,0.0,9000.0,
2006-03-27,0.0,9025.0,
2006-03-28,0.0,8800.0,
2006-03-29,0.0,8225.0,
2006-03-30,0.0,8200.0,
2006-03-31,0.0,8575.0,
2006-04-01,0.0,8675.0,
2006-04-03,0.0,8425.0,
2006-04-04,0.0,8650.0,
2006-04-05,0.0,8775.0,
2006-04-06,0.0,8750.0,
2006-04-07,0.0,8575.0,
2006-04-08,0.0,7925.0,
2006-04-10,0.0,8625.0,
2006-04-11,0.0,8975.0,
2006-04-12,0.0,8350.0,
2006-04-13,0.0,8325.0,
2006-04-14,0.0,7600.0,
2006-04-15,0.0,7150.0,
2006-04-17,0.0,7325.0,
2006-04-18,0.0,7675.0,
2006-04-19,0.0,8200.0,
2006-04-20,0.0,8200.0,
2006-04-21,0.0,7675.0,
2006-04-22,0.0,6675.0,
2006-04-24,0.0,7075.0,
2006-04-25,0.0,7475.0,
2006-04-26,0.0,8000.0,
2006-04-27,0.0,7500.0,
2006-04-28,0.0,6700.0,
2006-04-29,0.0,6775.0,
2006-05-01,0.0,6775.0,
2006-05-02,0.0,7050.0,
2006-05-03,0.0,7450.0,
2006-05-04,0.0,7500.0,
2006-05-05,0.0,5100.0,
2006-05-06,0.0,5450.0,
2006-05-08,0.0,6825.0,
2006-05-09,0.0,5825.0,
2006-05-10,0.0,5875.0,
2006-05-11,0.0,5725.0,
2006-05-12,0.0,5525.0,
2006-05-13,0.0,5100.0,
2006-05-15,0.0,5800.0,
2006-05-16,0.0,6200.0,
2006-05-17,0.0,6075.0,
2006-05-18,0.0,5925.0,
2006-05-19,0.0,5525.0,
2006-05-20,0.0,5525.0,
2006-05-22,0.0,4975.0,
2006-05-23,0.0,4275.0,
2006-05-24,0.0,3825.0,
2006-05-25,0.0,3575.0,
2006-05-26,0.0,3275.0,
2006-05-27,0.0,3550.0,
2006-05-29,0.0,3700.0,
2006-05-30,0.0,3325.0,
2006-05-31,0.0,2750.0,
2006-06-01,0.0,2725.0,
2006-06-02,0.0,2325.0,
2006-06-03,0.0,2300.0,
2006-06-05,0.0,3000.0,
2006-06-06,0.0,2925.0,
2006-06-07,0.0,3175.0,
2006-06-08,0.0,3100.0,
2006-06-09,0.0,2900.0,
2006-06-10,0.0,2925.0,
2006-06-12,0.0,2650.0,
2006-06-13,0.0,2500.0,
2006-06-14,0.0,2525.0,
2006-06-15,0.0,3075.0,
2006-06-16,0.0,4050.0,
2006-06-17,0.0,3000.0,
2006-06-19,0.0,2600.0,
2006-06-20,0.0,2475.0,
2006-06-21,0.0,2500.0,
2006-06-22,0.0,2675.0,
2006-06-23,0.0,2450.0,
2006-06-24,0.0,1750.0,
2006-06-26,0.0,2150.0,
2006-06-27,0.0,1925.0,
2006-06-28,0.0,1950.0,
2006-06-29,0.0,1730.0,
2006-06-30,0.0,2005.0,
2006-07-01,0.0,2675.0,
2006-07-03,0.0,2275.0,
2006-07-04,0.0,2350.0,
2006-07-05,0.0,1950.0,
2006-07-06,0.0,1625.0,
2006-07-07,0.0,1675.0,
2006-07-08,0.0,1650.0,
2006-07-10,0.0,2275.0,
2006-07-11,0.0,2500.0,
2006-07-12,0.0,2825.0,
2006-07-13,0.0,2025.0,
2006-07-14,0.0,3650.0,
2006-07-15,0.0,3125.0,
2006-07-17,0.0,5900.0,
2006-07-18,0.0,2850.0,
2006-07-19,0.0,3350.0,
2006-07-20,0.0,3675.0,
2006-07-21,0.0,3150.0,
2006-07-22,0.0,3350.0,
2006-07-24,0.0,3850.0,
2006-07-25,0.0,3950.0,
2006-07-26,0.0,4125.0,
2006-07-27,0.0,6175.0,
2006-07-28,0.0,5975.0,
2006-07-29,0.0,5250.0,
2006-07-31,0.0,5175.0,
2006-08-01,0.0,4925.0,
2006-08-02,0.0,6200.0,
2006-08-03,0.0,7400.0,
2006-08-04,0.0,7875.0,
2006-08-05,0.0,7650.0,
2006-08-07,0.0,7900.0,
2006-08-08,0.0,7925.0,
2006-08-09,0.0,7400.0,
2006-08-10,0.0,7450.0,
2006-08-11,0.0,7575.0,
2006-08-12,0.0,8175.0,
2006-08-14,0.0,7925.0,
2006-08-15,0.0,8325.0,
2006-08-16,0.0,8150.0,
2006-08-17,0.0,8950.0,
2006-08-18,0.0,8850.0,
2006-08-19,0.0,9325.0,
2006-08-21,0.0,11175.0,
2006-08-22,0.0,12100.0,
2006-08-23,0.0,12850.0,
2006-08-24,0.0,10475.0,
2006-08-25,0.0,9025.0,
2006-08-26,0.0,9500.0,
2006-08-28,0.0,8910.0,
2006-08-29,0.0,8675.0,
2006-08-30,0.0,10050.0,
2006-08-31,0.0,9425.0,
2006-09-01,0.0,9900.0,
2006-09-02,0.0,8750.0,
2006-09-03,0.0,4900.0,
2006-09-04,0.0,9600.0,
2006-09-05,0.0,9675.0,
2006-09-06,0.0,10475.0,
2006-09-07,0.0,10100.0,
2006-09-08,0.0,9050.0,
2006-09-09,0.0,9925.0,
2006-09-11,0.0,10150.0,
2006-09-12,0.0,9800.0,
2006-09-13,0.0,9950.0,
2006-09-14,0.0,9900.0,
2006-09-15,0.0,10225.0,
2006-09-16,0.0,10075.0,
2006-09-18,0.0,10400.0,
2006-09-19,0.0,10050.0,
2006-09-21,0.0,8100.0,
2006-09-22,0.0,7750.0,
2006-09-23,0.0,7875.0,
2006-09-25,0.0,7350.0,
2006-09-26,0.0,6600.0,
2006-09-27,0.0,6125.0,
2006-09-28,0.0,6350.0,
2006-09-29,0.0,5200.0,
2006-10-02,0.0,4750.0,
2006-10-03,0.0,5850.0,
2006-10-04,0.0,6550.0,
2006-10-05,0.0,7575.0,
2006-10-09,0.0,3850.0,
2006-10-10,0.0,2500.0,
2006-10-11,0.0,2310.0,
2006-10-12,0.0,2525.0,
2006-10-13,0.0,2175.0,
2006-10-14,0.0,2175.0,
2006-10-16,0.0,1990.0,
2006-10-17,0.0,2030.0,
2006-10-18,0.0,1950.0,
2006-10-19,0.0,1925.0,
2006-10-20,0.0,1750.0,
2006-10-21,0.0,1625.0,
2006-10-23,0.0,1850.0,
2006-10-24,0.0,2775.0,
2006-10-25,0.0,2000.0,
2006-10-26,0.0,1700.0,
2006-10-27,0.0,1500.0,
2006-10-28,0.0,1475.0,
2006-10-30,0.0,2075.0,
2006-10-31,0.0,1900.0,
2006-11-01,0.0,1800.0,
2006-11-02,0.0,1775.0,
2006-11-03,0.0,1675.0,
2006-11-04,0.0,1950.0,
2006-11-06,0.0,2105.0,
2006-11-07,0.0,2500.0,
2006-11-08,0.0,3075.0,
2006-11-09,0.0,2750.0,
2006-11-10,0.0,2525.0,
2006-11-11,0.0,2675.0,
2006-11-13,0.0,2650.0,
2006-11-14,0.0,2625.0,
2006-11-15,0.0,2550.0,
2006-11-16,0.0,2375.0,
2006-11-17,0.0,3175.0,
2006-11-18,0.0,4600.0,
2006-11-20,0.0,4175.0,
2006-11-21,0.0,3025.0,
2006-11-22,0.0,2800.0,
2006-11-23,0.0,3000.0,
2006-11-24,0.0,3550.0,
2006-11-25,0.0,3500.0,
2006-11-27,0.0,3375.0,
2006-11-28,0.0,3500.0,
2006-11-29,0.0,3550.0,
2006-11-30,0.0,3675.0,
2006-12-01,0.0,3550.0,
2006-12-02,0.0,3300.0,
2006-12-04,0.0,3210.0,
2006-12-05,0.0,2825.0,
2006-12-06,0.0,2975.0,
2006-12-07,0.0,3150.0,
2006-12-08,0.0,4100.0,
2006-12-09,0.0,3725.0,
2006-12-11,0.0,3925.0,
2006-12-12,0.0,3200.0,
2006-12-13,0.0,2975.0,
2006-12-14,0.0,2600.0,
2006-12-15,0.0,3000.0,
2006-12-16,0.0,2550.0,
2006-12-18,0.0,3575.0,
2006-12-19,0.0,2600.0,
2006-12-20,0.0,2735.0,
2006-12-21,0.0,2850.0,
2006-12-22,0.0,2600.0,
2006-12-23,0.0,2650.0,
2006-12-25,0.0,2855.0,
2006-12-26,0.0,3485.0,
2006-12-27,0.0,3625.0,
2006-12-28,0.0,3375.0,
2006-12-29,0.0,2925.0,
2006-12-30,0.0,3300.0,
2007-01-02,0.0,3300.0,
2007-01-03,0.0,2900.0,
2007-01-04,0.0,2900.0,
2007-01-05,0.0,2750.0,
2007-01-06,0.0,2500.0,
2007-01-08,0.0,2600.0,
2007-01-09,0.0,2150.0,
2007-01-10,0.0,2200.0,
2007-01-11,0.0,2450.0,
2007-01-12,0.0,2435.0,
2007-01-13,0.0,2275.0,
2007-01-15,0.0,2475.0,
2007-01-16,0.0,2200.0,
2007-01-17,0.0,2050.0,
2007-01-18,0.0,2250.0,
2007-01-19,0.0,2300.0,
2007-01-20,0.0,2250.0,
2007-01-22,0.0,2100.0,
2007-01-23,0.0,2100.0,
2007-01-24,0.0,2075.0,
2007-01-25,0.0,2125.0,
2007-01-26,0.0,2275.0,
2007-01-27,0.0,2375.0,
2007-01-29,0.0,2300.0,
2007-01-30,0.0,2200.0,
2007-01-31,0.0,2150.0,
2007-02-01,0.0,1925.0,
2007-02-02,0.0,1750.0,
2007-02-03,0.0,2050.0,
2007-02-05,0.0,2115.0,
2007-02-06,0.0,2210.0,
2007-02-07,0.0,2225.0,
2007-02-08,0.0,2175.0,
2007-02-09,0.0,2425.0,
2007-02-10,0.0,2180.0,
2007-02-12,0.0,1850.0,
2007-02-13,0.0,2010.0,
2007-02-14,0.0,2075.0,
2007-02-15,0.0,2000.0,
2007-02-16,0.0,2375.0,
2007-02-17,0.0,2375.0,
2007-02-21,0.0,2750.0,
2007-02-22,0.0,2775.0,
2007-02-23,0.0,2375.0,
2007-02-24,0.0,1975.0,
2007-02-26,0.0,1900.0,
2007-02-27,0.0,1875.0,
2007-02-28,0.0,2000.0,
2007-03-01,0.0,1900.0,
2007-03-02,0.0,1875.0,
2007-03-03,0.0,2125.0,
2007-03-05,0.0,2150.0,
2007-03-06,0.0,2125.0,
2007-03-07,0.0,2675.0,
2007-03-08,0.0,2150.0,
2007-03-09,0.0,1975.0,
2007-03-10,0.0,1800.0,
2007-03-12,0.0,2175.0,
2007-03-13,0.0,2075.0,
2007-03-14,0.0,2200.0,
2007-03-15,0.0,2175.0,
2007-03-16,0.0,2650.0,
2007-03-17,0.0,2475.0,
2007-03-19,0.0,2660.0,
2007-03-20,0.0,2525.0,
2007-03-21,0.0,2900.0,
2007-03-22,0.0,3125.0,
2007-03-23,0.0,3075.0,
2007-03-24,0.0,3275.0,
2007-03-26,0.0,4000.0,
2007-03-27,0.0,3725.0,
2007-03-28,0.0,3555.0,
2007-03-29,0.0,3300.0,
2007-03-30,0.0,3000.0,
2007-03-31,0.0,2875.0,
2007-04-02,0.0,3464.0,
2007-04-03,0.0,3333.0,
2007-04-04,0.0,3181.0,
2007-04-05,0.0,3141.0,
2007-04-06,0.0,3055.0,
2007-04-07,0.0,2731.0,
2007-04-09,0.0,2984.0,
2007-04-10,0.0,2985.0,
2007-04-11,0.0,3071.0,
2007-04-12,0.0,3216.0,
2007-04-13,0.0,3056.0,
2007-04-14,0.0,2932.0,
2007-04-16,0.0,3293.0,
2007-04-17,0.0,3603.0,
2007-04-18,0.0,3366.0,
2007-04-19,0.0,3141.0,
2007-04-20,0.0,2945.0,
2007-04-21,0.0,2907.0,
2007-04-23,0.0,2983.0,
2007-04-24,0.0,3272.0,
2007-04-25,0.0,4013.0,
2007-04-26,0.0,3912.0,
2007-04-27,0.0,4196.0,
2007-04-28,0.0,3119.0,
2007-04-30,0.0,2880.0,
2007-05-01,0.0,3000.0,
2007-05-02,0.0,2843.0,
2007-05-03,0.0,2689.0,
2007-05-04,0.0,2756.0,
2007-05-05,0.0,2966.0,
2007-05-07,0.0,3264.0,
2007-05-08,0.0,3191.0,
2007-05-09,0.0,2719.0,
2007-05-10,0.0,2749.0,
2007-05-11,0.0,2806.0,
2007-05-12,0.0,2453.0,
2007-05-14,0.0,2928.0,
2007-05-15,0.0,2863.0,
2007-05-16,0.0,3231.0,
2007-05-17,0.0,2779.0,
2007-05-18,0.0,2883.0,
2007-05-19,0.0,2987.0,
2007-05-21,0.0,2622.0,
2007-05-22,0.0,2491.0,
2007-05-23,0.0,2365.0,
2007-05-24,0.0,2524.0,
2007-05-25,0.0,2021.0,
2007-05-26,0.0,2363.0,
2007-05-28,0.0,2151.0,
2007-05-29,0.0,1866.0,
2007-05-30,0.0,1950.0,
2007-05-31,0.0,2010.0,
2007-06-01,0.0,1961.0,
2007-06-02,0.0,2028.0,
2007-06-04,0.0,2533.0,
2007-06-05,0.0,2801.0,
2007-06-06,0.0,2860.0,
2007-06-07,0.0,3122.0,
2007-06-08,0.0,3100.0,
2007-06-09,0.0,3436.0,
2007-06-11,0.0,2622.0,
2007-06-12,0.0,3196.0,
2007-06-13,0.0,2863.0,
2007-06-14,0.0,3077.0,
2007-06-15,0.0,3745.0,
2007-06-16,0.0,3496.0,
2007-06-18,0.0,3502.0,
2007-06-19,0.0,3785.0,
2007-06-20,0.0,4430.0,
2007-06-21,0.0,5254.0,
2007-06-22,0.0,6363.0,
2007-06-23,0.0,7306.0,
2007-06-25,0.0,5421.0,
2007-06-26,0.0,4065.0,
2007-06-27,0.0,3708.0,
2007-06-28,0.0,4493.0,
2007-06-29,0.0,4966.0,
2007-06-30,0.0,4747.0,
2007-07-02,0.0,5009.0,
2007-07-03,0.0,4024.0,
2007-07-04,0.0,4896.0,
2007-07-05,0.0,4843.0,
2007-07-06,0.0,4439.0,
2007-07-07,0.0,4872.0,
2007-07-09,0.0,4774.0,
2007-07-10,0.0,5191.0,
2007-07-11,0.0,5373.0,
2007-07-12,0.0,5232.0,
2007-07-13,0.0,5320.0,
2007-07-14,0.0,5556.0,
2007-07-16,0.0,6017.0,
2007-07-17,0.0,6585.0,
2007-07-18,0.0,5823.0,
2007-07-19,0.0,5740.0,
2007-07-20,0.0,5689.0,
2007-07-21,0.0,6805.0,
2007-07-23,0.0,6125.0,
2007-07-24,0.0,5245.0,
2007-07-25,0.0,6165.0,
2007-07-26,0.0,5609.0,
2007-07-27,0.0,5506.0,
2007-07-28,0.0,5327.0,
2007-07-30,0.0,6058.0,
2007-07-31,0.0,5253.0,
2007-08-01,0.0,5074.0,
2007-08-02,0.0,5015.0,
2007-08-03,0.0,5180.0,
2007-08-04,0.0,5831.0,
2007-08-06,0.0,5452.0,
2007-08-07,0.0,4875.0,
2007-08-08,0.0,4320.0,
2007-08-09,0.0,5045.0,
2007-08-10,0.0,4523.0,
2007-08-11,0.0,4511.0,
2007-08-13,0.0,4658.0,
2007-08-14,0.0,4933.0,
2007-08-15,0.0,4773.0,
2007-08-16,0.0,4142.0,
2007-08-17,0.0,5484.0,
2007-08-18,0.0,5870.0,
2007-08-20,0.0,5277.0,
2007-08-21,0.0,5900.0,
2007-08-22,0.0,6239.0,
2007-08-23,0.0,7000.0,
2007-08-24,0.0,5928.0,
2007-08-25,0.0,5728.0,
2007-08-27,0.0,6298.0,
2007-08-28,0.0,6349.0,
2007-08-29,0.0,6303.0,
2007-08-30,0.0,6284.0,
2007-08-31,0.0,6205.0,
2007-09-01,0.0,8686.0,
2007-09-02,0.0,8509.0,
2007-09-03,0.0,7627.0,
2007-09-04,0.0,6672.0,
2007-09-05,0.0,6792.0,
2007-09-06,0.0,7809.0,
2007-09-07,0.0,7915.0,
2007-09-08,0.0,7892.0,
2007-09-11,0.0,9527.0,
2007-09-12,0.0,9025.0,
2007-09-13,0.0,8833.0,
2007-09-14,0.0,8454.0,
2007-09-15,0.0,10042.0,
2007-09-17,0.0,11011.0,
2007-09-18,0.0,9993.0,
2007-09-19,0.0,9247.0,
2007-09-21,0.0,7904.0,
2007-09-22,0.0,10126.0,
2007-09-23,0.0,10126.0,
2007-09-24,0.0,14320.0,
2007-09-28,0.0,8551.0,
2007-09-29,0.0,7619.0,
2007-10-01,0.0,6872.0,
2007-10-02,0.0,6578.0,
2007-10-04,0.0,5347.0,
2007-10-05,0.0,6570.0,
2007-10-06,0.0,7845.0,
2007-10-08,0.0,7899.0,
2007-10-09,0.0,8955.0,
2007-10-10,0.0,8102.0,
2007-10-11,0.0,7775.0,
2007-10-12,0.0,7616.0,
2007-10-13,0.0,7633.0,
2007-10-15,0.0,8505.0,
2007-10-16,0.0,7962.0,
2007-10-17,0.0,8300.0,
2007-10-18,0.0,8828.0,
2007-10-19,0.0,8678.0,
2007-10-20,0.0,9117.0,
2007-10-22,0.0,9414.0,
2007-10-23,0.0,9788.0,
2007-10-24,0.0,9837.0,
2007-10-25,0.0,9869.0,
2007-10-27,0.0,9176.0,
2007-10-29,0.0,8497.0,
2007-10-30,0.0,7761.0,
2007-10-31,0.0,7603.0,
2007-11-01,0.0,6748.0,
2007-11-02,0.0,8132.0,
2007-11-03,0.0,8566.0,
2007-11-05,0.0,8645.0,
2007-11-06,0.0,9037.0,
2007-11-07,0.0,7503.0,
2007-11-09,0.0,6593.0,
2007-11-10,0.0,6522.0,
2007-11-12,0.0,6664.0,
2007-11-13,0.0,6826.0,
2007-11-14,0.0,7374.0,
2007-11-15,0.0,7274.0,
2007-11-16,0.0,7909.0,
2007-11-17,0.0,8478.0,
2007-11-19,0.0,8264.0,
2007-11-20,0.0,8639.0,
2007-11-22,0.0,8289.0,
2007-11-23,0.0,9446.0,
2007-11-24,0.0,9220.0,
2007-11-26,0.0,7975.0,
2007-11-27,0.0,6631.0,
2007-11-28,0.0,6210.0,
2007-11-29,0.0,6684.0,
2007-11-30,0.0,6868.0,
2007-12-01,0.0,6645.0,
2007-12-03,0.0,7089.0,
2007-12-04,0.0,6120.0,
2007-12-05,0.0,5863.0,
2007-12-06,0.0,5367.0,
2007-12-07,0.0,6495.0,
2007-12-08,0.0,6436.0,
2007-12-10,0.0,6041.0,
2007-12-11,0.0,5028.0,
2007-12-12,0.0,4830.0,
2007-12-14,0.0,4975.0,
2007-12-15,0.0,4995.0,
2007-12-17,0.0,6243.0,
2007-12-18,0.0,4789.0,
2007-12-19,0.0,4466.0,
2007-12-20,0.0,5169.0,
2007-12-21,0.0,5001.0,
2007-12-22,0.0,4718.0,
2007-12-24,0.0,4976.0,
2007-12-25,0.0,5424.0,
2007-12-26,0.0,4760.0,
2007-12-27,0.0,5154.0,
2007-12-28,0.0,5584.0,
2007-12-29,0.0,5640.0,
2007-12-31,0.0,5455.0,
2008-01-02,0.0,5455.0,
2008-01-03,0.0,5082.0,
2008-01-04,0.0,4913.0,
2008-01-05,0.0,4638.0,
2008-01-07,0.0,4337.0,
2008-01-08,0.0,4132.0,
2008-01-09,0.0,3905.0,
2008-01-10,0.0,4277.0,
2008-01-11,0.0,4099.0,
2008-01-12,0.0,3726.0,
2008-01-14,0.0,4198.0,
2008-01-15,0.0,4397.0,
2008-01-16,0.0,4160.0,
2008-01-17,0.0,3632.0,
2008-01-18,0.0,4594.0,
2008-01-19,0.0,5182.0,
2008-01-21,0.0,4698.0,
2008-01-22,0.0,4549.0,
2008-01-23,0.0,4229.0,
2008-01-24,0.0,3806.0,
2008-01-25,0.0,3421.0,
2008-01-26,0.0,3213.0,
2008-01-28,0.0,3824.0,
2008-01-29,0.0,4033.0,
2008-01-30,0.0,4002.0,
2008-01-31,0.0,4154.0,
2008-02-01,0.0,3942.0,
2008-02-02,0.0,3590.0,
2008-02-04,0.0,3755.0,
2008-02-05,0.0,4136.0,
2008-02-11,0.0,4487.0,
2008-02-12,0.0,4575.0,
2008-02-13,0.0,4015.0,
2008-02-14,0.0,4182.0,
2008-02-15,0.0,4859.0,
2008-02-16,0.0,3823.0,
2008-02-18,0.0,3843.0,
2008-02-19,0.0,3931.0,
2008-02-20,0.0,3925.0,
2008-02-21,0.0,3811.0,
2008-02-22,0.0,3757.0,
2008-02-23,0.0,3668.0,
2008-02-25,0.0,3553.0,
2008-02-26,0.0,3876.0,
2008-02-27,0.0,4023.0,
2008-02-28,0.0,3740.0,
2008-02-29,0.0,3679.0,
2008-03-01,0.0,3563.0,
2008-03-03,0.0,3626.0,
2008-03-04,0.0,3737.0,
2008-03-05,0.0,3843.0,
2008-03-06,0.0,3522.0,
2008-03-07,0.0,3759.0,
2008-03-08,0.0,3665.0,
2008-03-10,0.0,3803.0,
2008-03-12,0.0,3829.0,
2008-03-13,0.0,3822.0,
2008-03-14,0.0,4143.0,
2008-03-15,0.0,3766.0,
2008-03-17,0.0,3899.0,
2008-03-18,0.0,4157.0,
2008-03-19,0.0,4531.0,
2008-03-20,0.0,4807.0,
2008-03-21,0.0,5171.0,
2008-03-22,0.0,4572.0,
2008-03-24,0.0,5574.0,
2008-03-25,0.0,6087.0,
2008-03-26,0.0,5734.0,
2008-03-27,0.0,5872.0,
2008-03-28,0.0,6271.0,
2008-03-29,0.0,6761.0,
2008-03-31,0.0,6158.0,
2008-04-01,0.0,5755.0,
2008-04-02,0.0,5527.0,
2008-04-03,0.0,6062.0,
2008-04-04,0.0,5734.0,
2008-04-05,0.0,5673.0,
2008-04-07,0.0,5932.0,
2008-04-08,0.0,5858.0,
2008-04-09,0.0,5902.0,
2008-04-10,0.0,5518.0,
2008-04-11,0.0,5305.0,
2008-04-12,0.0,5033.0,
2008-04-14,0.0,6786.0,
2008-04-15,0.0,7080.0,
2008-04-16,0.0,6711.0,
2008-04-17,0.0,5533.0,
2008-04-18,0.0,4700.0,
2008-04-19,0.0,4398.0,
2008-04-21,0.0,4333.0,
2008-04-22,0.0,4855.0,
2008-04-23,0.0,4203.0,
2008-04-24,0.0,4262.0,
2008-04-25,0.0,4574.0,
2008-04-26,0.0,4163.0,
2008-04-28,0.0,4470.0,
2008-04-29,0.0,4691.0,
2008-04-30,0.0,5036.0,
2008-05-01,0.0,4183.0,
2008-05-02,0.0,4223.0,
2008-05-05,0.0,3303.0,
2008-05-06,0.0,3374.0,
2008-05-07,0.0,3295.0,
2008-05-08,0.0,3336.0,
2008-05-09,0.0,3099.0,
2008-05-10,0.0,3614.0,
2008-05-12,0.0,3872.0,
2008-05-13,0.0,3713.0,
2008-05-14,0.0,4125.0,
2008-05-15,0.0,3676.0,
2008-05-16,0.0,3701.0,
2008-05-17,0.0,3461.0,
2008-05-19,0.0,3563.0,
2008-05-20,0.0,3690.0,
2008-05-21,0.0,3397.0,
2008-05-22,0.0,3681.0,
2008-05-23,0.0,3042.0,
2008-05-24,0.0,2791.0,
2008-05-26,0.0,2978.0,
2008-05-27,0.0,2810.0,
2008-05-28,0.0,2726.0,
2008-05-29,0.0,3069.0,
2008-05-30,0.0,2693.0,
2008-05-31,0.0,2718.0,
2008-06-02,0.0,2832.0,
2008-06-03,0.0,2945.0,
2008-06-04,0.0,2982.0,
2008-06-05,0.0,3103.0,
2008-06-06,0.0,2962.0,
2008-06-07,0.0,2939.0,
2008-06-09,0.0,3469.0,
2008-06-10,0.0,3587.0,
2008-06-11,0.0,3593.0,
2008-06-12,0.0,3313.0,
2008-06-13,0.0,3178.0,
2008-06-14,0.0,3007.0,
2008-06-16,0.0,2859.0,
2008-06-17,0.0,2935.0,
2008-06-18,0.0,3798.0,
2008-06-19,0.0,4847.0,
2008-06-20,0.0,3727.0,
2008-06-21,0.0,2889.0,
2008-06-23,0.0,2519.0,
2008-06-24,0.0,2371.0,
2008-06-25,0.0,2136.0,
2008-06-26,0.0,2267.0,
2008-06-27,0.0,2741.0,
2008-06-28,0.0,3471.0,
2008-06-30,0.0,2782.0,
2008-07-01,0.0,2502.0,
2008-07-02,0.0,2859.0,
2008-07-03,0.0,2463.0,
2008-07-04,0.0,1911.0,
2008-07-05,0.0,2122.0,
2008-07-07,0.0,2359.0,
2008-07-08,0.0,2392.0,
2008-07-09,0.0,2323.0,
2008-07-10,0.0,2063.0,
2008-07-11,0.0,2855.0,
2008-07-12,0.0,2582.0,
2008-07-14,0.0,3504.0,
2008-07-15,0.0,2568.0,
2008-07-16,0.0,2708.0,
2008-07-17,0.0,2656.0,
2008-07-18,0.0,3061.0,
2008-07-19,0.0,2751.0,
2008-07-21,0.0,2379.0,
2008-07-22,0.0,2478.0,
2008-07-23,0.0,2598.0,
2008-07-24,0.0,3452.0,
2008-07-25,0.0,3421.0,
2008-07-26,0.0,3605.0,
2008-07-28,0.0,3637.0,
2008-07-29,0.0,3712.0,
2008-07-30,0.0,3820.0,
2008-07-31,0.0,3653.0,
2008-08-01,0.0,3679.0,
2008-08-02,0.0,4432.0,
2008-08-04,0.0,5923.0,
2008-08-05,0.0,6257.0,
2008-08-06,0.0,5909.0,
2008-08-07,0.0,5290.0,
2008-08-08,0.0,5198.0,
2008-08-09,0.0,6286.0,
2008-08-11,0.0,4544.0,
2008-08-12,0.0,5528.0,
2008-08-13,0.0,5628.0,
2008-08-14,0.0,5515.0,
2008-08-15,0.0,5332.0,
2008-08-16,0.0,5740.0,
2008-08-18,0.0,5156.0,
2008-08-19,0.0,4668.0,
2008-08-20,0.0,4949.0,
2008-08-21,0.0,4952.0,
2008-08-22,0.0,5179.0,
2008-08-23,0.0,5207.0,
2008-08-25,0.0,4629.0,
2008-08-26,0.0,4950.0,
2008-08-27,0.0,5541.0,
2008-08-28,0.0,5333.0,
2008-08-30,0.0,5101.0,
2008-09-01,0.0,4351.0,
2008-09-02,0.0,2456.0,
2008-09-03,0.0,2489.0,
2008-09-04,0.0,4844.0,
2008-09-05,0.0,5071.0,
2008-09-06,0.0,4865.0,
2008-09-08,0.0,5003.0,
2008-09-09,0.0,5449.0,
2008-09-11,0.0,3660.0,
2008-09-12,0.0,4099.0,
2008-09-13,0.0,4099.0,
2008-09-17,0.0,4952.0,
2008-09-18,0.0,4172.0,
2008-09-19,0.0,3473.0,
2008-09-22,0.0,3455.0,
2008-09-23,0.0,2678.0,
2008-09-24,0.0,2657.0,
2008-09-25,0.0,2377.0,
2008-09-26,0.0,2278.0,
2008-09-27,0.0,2408.0,
2008-09-29,0.0,2910.0,
2008-10-01,0.0,2280.0,
2008-10-02,0.0,2224.0,
2008-10-04,0.0,2924.0,
2008-10-06,0.0,3400.0,
2008-10-07,0.0,3052.0,
2008-10-08,0.0,3088.0,
2008-10-09,0.0,2872.0,
2008-10-10,0.0,2929.0,
2008-10-11,0.0,2920.0,
2008-10-13,0.0,3147.0,
2008-10-14,0.0,3330.0,
2008-10-15,0.0,3456.0,
2008-10-16,0.0,3099.0,
2008-10-17,0.0,2997.0,
2008-10-18,0.0,2937.0,
2008-10-20,0.0,3400.0,
2008-10-21,0.0,3820.0,
2008-10-22,0.0,3367.0,
2008-10-23,0.0,3474.0,
2008-10-24,0.0,2960.0,
2008-10-25,0.0,3174.0,
2008-10-27,0.0,3271.0,
2008-10-28,0.0,3107.0,
2008-10-29,0.0,2868.0,
2008-10-30,0.0,2606.0,
2008-10-31,0.0,2527.0,
2008-11-01,0.0,2155.0,
2008-11-03,0.0,2909.0,
2008-11-04,0.0,3027.0,
2008-11-05,0.0,3096.0,
2008-11-06,0.0,3173.0,
2008-11-07,0.0,2635.0,
2008-11-08,0.0,2529.0,
2008-11-10,0.0,3210.0,
2008-11-11,0.0,2650.0,
2008-11-12,0.0,2830.0,
2008-11-13,0.0,2830.0,
2008-11-14,0.0,3355.0,
2008-11-15,0.0,4123.0,
2008-11-17,0.0,3448.0,
2008-11-18,0.0,2872.0,
2008-11-19,0.0,3075.0,
2008-11-20,0.0,4398.0,
2008-11-21,0.0,5342.0,
2008-11-22,0.0,5482.0,
2008-11-24,0.0,4084.0,
2008-11-25,0.0,3274.0,
2008-11-26,0.0,3310.0,
2008-11-27,0.0,3358.0,
2008-11-28,0.0,3495.0,
2008-11-29,0.0,3512.0,
2008-12-01,0.0,2711.0,
2008-12-02,0.0,2630.0,
2008-12-03,0.0,3250.0,
2008-12-04,0.0,3289.0,
2008-12-05,0.0,3303.0,
2008-12-06,0.0,3930.0,
2008-12-08,0.0,3833.0,
2008-12-09,0.0,3500.0,
2008-12-10,0.0,2838.0,
2008-12-11,0.0,2872.0,
2008-12-12,0.0,3309.0,
2008-12-13,0.0,2919.0,
2008-12-15,0.0,3822.0,
2008-12-16,0.0,3077.0,
2008-12-17,0.0,3172.0,
2008-12-18,0.0,2906.0,
2008-12-19,0.0,2845.0,
2008-12-20,0.0,3593.0,
2008-12-22,0.0,3698.0,
2008-12-23,0.0,3309.0,
2008-12-24,0.0,2930.0,
2008-12-25,0.0,2518.0,
2008-12-26,0.0,2914.0,
2008-12-27,0.0,2915.0,
2008-12-29,0.0,3460.0,
2008-12-30,0.0,3182.0,
2008-12-31,0.0,3504.0,
2009-01-02,0.0,3504.0,
2009-01-03,0.0,3504.0,
2009-01-05,0.0,3192.0,
2009-01-06,0.0,3108.0,
2009-01-07,0.0,3115.0,
2009-01-08,0.0,2897.0,
2009-01-09,0.0,2900.0,
2009-01-10,0.0,3003.0,
2009-01-12,0.0,3255.0,
2009-01-13,0.0,3271.0,
2009-01-14,0.0,3116.0,
2009-01-15,0.0,3243.0,
2009-01-16,0.0,3227.0,
2009-01-17,0.0,3221.0,
2009-01-19,0.0,3228.0,
2009-01-20,0.0,3096.0,
2009-01-21,0.0,3238.0,
2009-01-22,0.0,3227.0,
2009-01-23,0.0,2995.0,
2009-01-24,0.0,2995.0,
2009-01-25,0.0,2995.0,
2009-01-29,0.0,3184.0,
2009-01-30,0.0,2988.0,
2009-01-31,0.0,3151.0,
2009-02-02,0.0,3269.0,
2009-02-03,0.0,3430.0,
2009-02-04,0.0,3760.0,
2009-02-06,0.0,3167.0,
2009-02-07,0.0,2759.0,
2009-02-09,0.0,2747.0,
2009-02-10,0.0,2688.0,
2009-02-11,0.0,2952.0,
2009-02-12,0.0,2923.0,
2009-02-13,0.0,3330.0,
2009-02-14,0.0,2965.0,
2009-02-16,0.0,2952.0,
2009-02-17,0.0,3116.0,
2009-02-18,0.0,3362.0,
2009-02-19,0.0,3463.0,
2009-02-20,0.0,3558.0,
2009-02-21,0.0,3713.0,
2009-02-23,0.0,4054.0,
2009-02-24,0.0,4547.0,
2009-02-25,0.0,4713.0,
2009-02-26,0.0,4661.0,
2009-02-27,0.0,4906.0,
2009-02-28,0.0,4332.0,
2009-03-02,0.0,4862.0,
2009-03-03,0.0,4850.0,
2009-03-04,0.0,5405.0,
2009-03-05,0.0,5556.0,
2009-03-06,0.0,5442.0,
2009-03-07,0.0,5499.0,
2009-03-09,0.0,5397.0,
2009-03-10,0.0,5104.0,
2009-03-11,0.0,5204.0,
2009-03-12,0.0,5276.0,
2009-03-13,0.0,5387.0,
2009-03-14,0.0,5414.0,
2009-03-16,0.0,5977.0,
2009-03-17,0.0,5594.0,
2009-03-18,0.0,5663.0,
2009-03-19,0.0,5914.0,
2009-03-20,0.0,5992.0,
2009-03-21,0.0,5945.0,
2009-03-23,0.0,6437.0,
2009-03-24,0.0,6143.0,
2009-03-25,0.0,6132.0,
2009-03-26,0.0,6030.0,
2009-03-27,0.0,6062.0,
2009-03-28,0.0,6062.0,
2009-03-30,0.0,7135.0,
2009-03-31,0.0,7520.0,
2009-04-01,0.0,7986.0,
2009-04-02,0.0,10180.0,
2009-04-03,0.0,9178.0,
2009-04-04,0.0,9539.0,
2009-04-06,0.0,9904.0,
2009-04-07,0.0,9955.0,
2009-04-08,0.0,9903.0,
2009-04-09,0.0,9284.0,
2009-04-10,0.0,10007.0,
2009-04-11,0.0,10188.0,
2009-04-13,0.0,11318.0,
2009-04-14,0.0,11397.0,
2009-04-15,0.0,12702.0,
2009-04-16,0.0,11898.0,
2009-04-17,0.0,12263.0,
2009-04-18,0.0,12057.0,
2009-04-20,0.0,13005.0,
2009-04-21,0.0,13670.0,
2009-04-22,0.0,13846.0,
2009-04-23,0.0,13080.0,
2009-04-24,0.0,13104.0,
2009-04-25,0.0,13319.0,
2009-04-27,0.0,13599.0,
2009-04-28,0.0,13873.0,
2009-04-29,0.0,14080.0,
2009-04-30,0.0,14406.0,
2009-05-01,0.0,12729.0,
2009-05-02,0.0,12584.0,
2009-05-04,0.0,12875.0,
2009-05-05,0.0,13352.0,
2009-05-06,0.0,13648.0,
2009-05-07,0.0,12942.0,
2009-05-08,0.0,12456.0,
2009-05-09,0.0,12981.0,
2009-05-11,0.0,13644.0,
2009-05-12,0.0,12615.0,
2009-05-13,0.0,11016.0,
2009-05-14,0.0,8744.0,
2009-05-15,0.0,7477.0,
2009-05-16,0.0,5951.0,
2009-05-18,0.0,6571.0,
2009-05-20,0.0,6162.0,
2009-05-21,0.0,6065.0,
2009-05-22,0.0,6741.0,
2009-05-23,0.0,7074.0,
2009-05-25,0.0,6505.0,
2009-05-26,0.0,5963.0,
2009-05-27,0.0,5368.0,
2009-05-28,0.0,5456.0,
2009-05-29,0.0,4916.0,
2009-05-30,0.0,4134.0,
2009-06-01,0.0,4579.0,
2009-06-02,0.0,5068.0,
2009-06-03,0.0,4620.0,
2009-06-04,0.0,4403.0,
2009-06-05,0.0,4053.0,
2009-06-06,0.0,4330.0,
2009-06-08,0.0,4410.0,
2009-06-09,0.0,4372.0,
2009-06-10,0.0,4301.0,
2009-06-11,0.0,3719.0,
2009-06-12,0.0,3577.0,
2009-06-13,0.0,3352.0,
2009-06-15,0.0,2816.0,
2009-06-16,0.0,2462.0,
2009-06-17,0.0,2702.0,
2009-06-18,0.0,2625.0,
2009-06-19,0.0,3169.0,
2009-06-20,0.0,3988.0,
2009-06-22,0.0,3423.0,
2009-06-23,0.0,3029.0,
2009-06-24,0.0,2863.0,
2009-06-25,0.0,2415.0,
2009-06-26,0.0,2418.0,
2009-06-27,0.0,3284.0,
2009-06-29,0.0,3150.0,
2009-06-30,0.0,3447.0,
2009-07-01,0.0,3179.0,
2009-07-02,0.0,3109.0,
2009-07-03,0.0,2721.0,
2009-07-04,0.0,3183.0,
2009-07-06,0.0,3511.0,
2009-07-07,0.0,3554.0,
2009-07-08,0.0,3619.0,
2009-07-09,0.0,3343.0,
2009-07-10,0.0,3856.0,
2009-07-11,0.0,3442.0,
2009-07-13,0.0,4338.0,
2009-07-14,0.0,3354.0,
2009-07-15,0.0,3137.0,
2009-07-16,0.0,3695.0,
2009-07-17,0.0,3406.0,
2009-07-18,0.0,3055.0,
2009-07-20,0.0,3871.0,
2009-07-21,0.0,3554.0,
2009-07-22,0.0,4167.0,
2009-07-23,0.0,4019.0,
2009-07-24,0.0,4881.0,
2009-07-25,0.0,5765.0,
2009-07-27,0.0,5400.0,
2009-07-28,0.0,4492.0,
2009-07-29,0.0,4693.0,
2009-07-31,0.0,5470.0,
2009-08-01,0.0,5340.0,
2009-08-03,0.0,5200.0,
2009-08-04,0.0,5589.0,
2009-08-05,0.0,5512.0,
2009-08-06,0.0,6136.0,
2009-08-07,0.0,6720.0,
2009-08-10,0.0,6359.0,
2009-08-11,0.0,6191.0,
2009-08-12,0.0,5578.0,
2009-08-13,0.0,6293.0,
2009-08-14,0.0,6481.0,
2009-08-15,0.0,5809.0,
2009-08-17,0.0,5770.0,
2009-08-18,0.0,6842.0,
2009-08-19,0.0,5888.0,
2009-08-20,0.0,5645.0,
2009-08-21,0.0,6404.0,
2009-08-22,0.0,6457.0,
2009-08-24,0.0,5255.0,
2009-08-25,0.0,5506.0,
2009-08-26,0.0,5422.0,
2009-08-27,0.0,6504.0,
2009-08-28,0.0,6418.0,
2009-08-29,0.0,5018.0,
2009-08-31,0.0,5394.0,
2009-09-01,0.0,5132.0,
2009-09-02,0.0,6067.0,
2009-09-03,0.0,5086.0,
2009-09-04,0.0,6265.0,
2009-09-05,0.0,6838.0,
2009-09-07,0.0,6292.0,
2009-09-08,0.0,5700.0,
2009-09-09,0.0,5508.0,
2009-09-11,0.0,5343.0,
2009-09-12,0.0,4992.0,
2009-09-14,0.0,5793.0,
2009-09-15,0.0,4826.0,
2009-09-16,0.0,5156.0,
2009-09-17,0.0,5311.0,
2009-09-18,0.0,5098.0,
2009-09-19,0.0,5001.0,
2009-09-21,0.0,5093.0,
2009-09-22,0.0,5503.0,
2009-09-23,0.0,5191.0,
2009-09-24,0.0,5703.0,
2009-09-25,0.0,5278.0,
2009-09-26,0.0,5286.0,
2009-09-28,0.0,5393.0,
2009-09-29,0.0,5840.0,
2009-10-01,0.0,4587.0,
2009-10-02,0.0,3733.0,
2009-10-06,0.0,5014.0,
2009-10-07,0.0,4073.0,
2009-10-08,0.0,3838.0,
2009-10-09,0.0,3224.0,
2009-10-10,0.0,3041.0,
2009-10-12,0.0,3347.0,
2009-10-13,0.0,3138.0,
2009-10-14,0.0,3156.0,
2009-10-15,0.0,3174.0,
2009-10-16,0.0,3003.0,
2009-10-17,0.0,2771.0,
2009-10-19,0.0,2730.0,
2009-10-21,0.0,2516.0,
2009-10-22,0.0,2516.0,
2009-10-23,0.0,3136.0,
2009-10-24,0.0,3161.0,
2009-10-26,0.0,2688.0,
2009-10-27,0.0,2656.0,
2009-10-28,0.0,2216.0,
2009-10-29,0.0,2459.0,
2009-10-30,0.0,2165.0,
2009-10-31,0.0,2134.0,
2009-11-02,0.0,2471.0,
2009-11-03,0.0,2327.0,
2009-11-04,0.0,2687.0,
2009-11-05,0.0,2474.0,
2009-11-06,0.0,2598.0,
2009-11-07,0.0,2324.0,
2009-11-09,0.0,2357.0,
2009-11-10,0.0,2201.0,
2009-11-11,0.0,2589.0,
2009-11-13,0.0,3568.0,
2009-11-14,0.0,4273.0,
2009-11-16,0.0,3446.0,
2009-11-17,0.0,2753.0,
2009-11-18,0.0,2538.0,
2009-11-19,0.0,3426.0,
2009-11-20,0.0,3878.0,
2009-11-21,0.0,4192.0,
2009-11-23,0.0,3503.0,
2009-11-24,0.0,2619.0,
2009-11-25,0.0,3134.0,
2009-11-26,0.0,3183.0,
2009-11-27,0.0,3210.0,
2009-11-28,0.0,3049.0,
2009-11-30,0.0,2972.0,
2009-12-01,0.0,2477.0,
2009-12-02,0.0,2488.0,
2009-12-03,0.0,3351.0,
2009-12-04,0.0,3227.0,
2009-12-05,0.0,3040.0,
2009-12-07,0.0,2863.0,
2009-12-08,0.0,2699.0,
2009-12-09,0.0,2568.0,
2009-12-10,0.0,3419.0,
2009-12-11,0.0,2900.0,
2009-12-12,0.0,2885.0,
2009-12-14,0.0,3076.0,
2009-12-15,0.0,3138.0,
2009-12-16,0.0,2900.0,
2009-12-17,0.0,3293.0,
2009-12-18,0.0,3420.0,
2009-12-19,0.0,2878.0,
2009-12-21,0.0,3144.0,
2009-12-22,0.0,3249.0,
2009-12-23,0.0,3247.0,
2009-12-24,0.0,3127.0,
2009-12-25,0.0,3411.0,
2009-12-26,0.0,3291.0,
2009-12-28,0.0,4594.0,
2009-12-29,0.0,4222.0,
2009-12-30,0.0,4809.0,
2009-12-31,0.0,3882.0,
2010-01-04,0.0,4558.0,465.63
2010-01-05,0.0,4842.0,317.61
2010-01-07,0.0,4409.0,444.87
2010-01-08,0.0,4161.0,472.9
2010-01-09,0.0,3845.0,315.0
2010-01-11,0.0,4629.0,471.0
2010-01-12,0.0,4793.0,483.62
2010-01-13,0.0,5018.0,445.65
2010-01-14,0.0,4754.0,394.63
2010-01-15,0.0,4406.0,367.6
2010-01-16,0.0,4696.0,337.0
2010-01-18,0.0,4847.0,557.81
2010-01-19,0.0,4819.0,554.05
2010-01-20,0.0,5277.0,384.4
2010-01-21,0.0,5487.0,337.95
2010-01-22,0.0,5139.0,588.68
2010-01-23,0.0,5057.0,346.38
2010-01-25,0.0,5120.0,560.0
2010-01-26,0.0,5326.0,399.34
2010-01-27,0.0,5518.0,469.27
2010-01-28,0.0,5829.0,308.07
2010-01-30,0.0,5561.0,447.85
2010-02-01,0.0,5799.0,503.43
2010-02-02,0.0,6375.0,420.1
2010-02-03,0.0,6636.0,441.86
2010-02-04,0.0,6738.0,569.0
2010-02-05,0.0,7074.0,527.75
2010-02-06,0.0,6952.0,566.33
2010-02-08,0.0,6895.0,818.08
2010-02-09,0.0,7007.0,611.48
2010-02-10,0.0,6784.0,767.15
2010-02-11,0.0,6509.0,435.4
2010-02-12,0.0,6992.0,237.32
2010-02-13,0.0,8727.0,122.0
2010-02-18,0.0,8331.0,405.0
2010-02-19,0.0,8902.0,604.28
2010-02-20,0.0,7850.0,517.31
2010-02-22,0.0,7844.0,756.15
2010-02-23,0.0,8186.0,527.0
2010-02-24,0.0,7600.0,703.03
2010-02-25,0.0,8692.0,511.39
2010-02-26,0.0,9193.0,399.75
2010-02-27,0.0,9200.0,316.58
2010-03-01,0.0,10958.0,552.3
2010-03-02,0.0,8199.0,616.35
2010-03-03,0.0,8799.0,526.45
2010-03-04,0.0,9033.0,660.72
2010-03-05,0.0,8146.0,596.44
2010-03-06,0.0,9498.0,361.0
2010-03-08,0.0,9518.0,601.0
2010-03-09,0.0,9650.0,637.2
2010-03-10,0.0,9419.0,553.2
2010-03-11,0.0,9154.0,271.7
2010-03-12,0.0,9761.0,493.0
2010-03-13,0.0,9747.0,385.65
2010-03-15,0.0,10191.0,644.47
2010-03-16,0.0,9387.0,373.8
2010-03-17,0.0,9758.0,491.33
2010-03-18,0.0,9442.0,562.2
2010-03-19,0.0,10670.0,438.3
2010-03-20,0.0,12087.0,238.7
2010-03-22,0.0,13293.0,428.87
2010-03-23,0.0,12033.0,525.84
2010-03-24,0.0,12524.0,383.87
2010-03-25,0.0,12160.0,428.0
2010-03-26,0.0,11354.0,418.0
2010-03-27,0.0,12105.0,306.0
2010-03-29,0.0,14693.0,273.0
2010-03-30,0.0,15115.0,291.8
2010-03-31,0.0,15224.0,403.0
2010-04-01,0.0,13895.0,313.0
2010-04-02,0.0,13708.0,244.45
2010-04-03,0.0,14658.0,233.1
2010-04-05,0.0,14766.0,442.6
2010-04-06,0.0,14874.0,459.58
2010-04-07,0.0,13480.0,543.8
2010-04-08,0.0,13750.0,368.0
2010-04-09,0.0,12238.0,415.0
2010-04-10,0.0,12416.0,369.3
2010-04-12,0.0,13321.0,473.41
2010-04-13,0.0,12424.0,504.8
2010-04-14,0.0,12372.0,441.0
2010-04-15,0.0,12374.0,410.45
2010-04-16,0.0,13319.0,323.93
2010-04-17,0.0,13219.0,321.58
2010-04-19,0.0,13312.0,475.22
2010-04-20,0.0,13348.0,472.03
2010-04-21,0.0,12760.0,530.0
2010-04-22,0.0,12986.0,448.25
2010-04-23,0.0,12243.0,432.75
2010-04-24,0.0,12200.0,348.0
2010-04-26,0.0,12276.0,504.0
2010-04-27,0.0,11322.0,606.05
2010-04-28,0.0,9903.0,513.0
2010-04-29,0.0,10477.0,453.93
2010-04-30,0.0,10809.0,428.64
2010-05-01,0.0,10060.0,482.0
2010-05-03,0.0,11048.0,631.95
2010-05-04,0.0,10615.0,621.2
2010-05-05,0.0,10702.0,651.45
2010-05-06,0.0,10043.0,612.4
2010-05-07,0.0,9288.0,646.0
2010-05-08,0.0,8280.0,583.3
2010-05-10,0.0,8490.0,718.9
2010-05-11,0.0,8515.0,662.4
2010-05-12,0.0,8274.0,657.34
2010-05-13,0.0,8273.0,644.0
2010-05-14,0.0,8355.0,537.0
2010-05-15,0.0,9274.0,441.0
2010-05-17,0.0,9066.0,811.67
2010-05-18,0.0,9237.0,743.78
2010-05-19,0.0,8686.0,630.75
2010-05-20,0.0,7960.0,702.0
2010-05-21,0.0,7449.0,698.5
2010-05-22,0.0,7349.0,499.47
2010-05-24,0.0,7300.0,812.0
2010-05-25,0.0,7392.0,740.16
2010-05-26,0.0,7001.0,789.27
2010-05-27,0.0,6953.0,607.92
2010-05-28,0.0,5821.0,778.19
2010-05-29,0.0,5750.0,754.83
2010-05-31,0.0,5587.0,937.82
2010-06-01,0.0,5033.0,816.87
2010-06-02,0.0,4987.0,615.72
2010-06-03,0.0,5033.0,661.95
2010-06-04,0.0,5138.0,659.0
2010-06-05,0.0,5780.0,522.03
2010-06-07,0.0,5674.0,929.0
2010-06-08,0.0,5480.0,872.15
2010-06-09,0.0,5193.0,872.7
2010-06-10,0.0,4722.0,825.19
2010-06-11,0.0,4734.0,741.35
2010-06-12,0.0,5386.0,721.45
2010-06-14,0.0,4674.0,841.4
2010-06-15,0.0,3852.0,892.95
2010-06-16,0.0,4212.0,744.6
2010-06-17,0.0,5489.0,772.75
2010-06-18,0.0,5856.0,957.1
2010-06-19,0.0,4473.0,851.55
2010-06-21,0.0,3934.0,952.81
2010-06-22,0.0,4098.0,738.37
2010-06-23,0.0,3904.0,792.57
2010-06-24,0.0,3682.0,732.99
2010-06-25,0.0,3968.0,610.13
2010-06-26,0.0,5762.0,479.27
2010-06-28,0.0,6123.0,684.0
2010-06-29,0.0,5306.0,696.07
2010-06-30,0.0,5567.0,620.9
2010-07-01,0.0,5499.0,611.2
2010-07-02,0.0,5837.0,532.25
2010-07-03,0.0,6213.0,470.85
2010-07-05,0.0,6259.0,562.8
2010-07-06,0.0,6182.0,693.15
2010-07-07,0.0,6327.0,679.2
2010-07-08,0.0,6020.0,657.65
2010-07-09,0.0,7058.0,495.0
2010-07-10,0.0,8076.0,479.4
2010-07-12,0.0,7844.0,718.97
2010-07-13,0.0,7995.0,758.15
2010-07-14,0.0,7975.0,648.69
2010-07-15,0.0,8832.0,472.5
2010-07-16,0.0,8002.0,644.9
2010-07-17,0.0,9622.0,622.54
2010-07-19,0.0,10402.0,543.67
2010-07-20,0.0,9087.0,663.0
2010-07-21,0.0,8580.0,568.0
2010-07-22,0.0,8006.0,519.15
2010-07-23,0.0,9430.0,480.07
2010-07-24,0.0,10048.0,445.55
2010-07-26,0.0,7980.0,846.17
2010-07-27,0.0,8008.0,735.38
2010-07-28,0.0,8776.0,570.5
2010-07-29,0.0,8169.0,782.21
2010-07-30,0.0,8014.0,677.18
2010-07-31,0.0,5642.0,642.3
2010-08-02,0.0,7570.0,668.6
2010-08-03,0.0,6627.0,649.96
2010-08-04,0.0,7642.0,499.95
2010-08-05,0.0,7595.0,615.15
2010-08-06,0.0,6951.0,723.0
2010-08-07,0.0,7204.0,601.3
2010-08-09,0.0,6398.0,839.1
2010-08-10,0.0,6141.0,811.0
2010-08-11,0.0,6790.0,652.45
2010-08-12,0.0,7012.0,586.4
2010-08-13,0.0,6080.0,866.2
2010-08-14,0.0,6911.0,590.8
2010-08-16,0.0,6097.0,866.59
2010-08-17,0.0,5444.0,1011.1
2010-08-18,0.0,6443.0,748.27
2010-08-19,0.0,6520.0,634.95
2010-08-20,0.0,6140.0,747.35
2010-08-21,0.0,6791.0,710.6
2010-08-23,0.0,6412.0,967.75
2010-08-24,0.0,6745.0,839.85
2010-08-25,0.0,7271.0,768.9
2010-08-26,0.0,6666.0,835.45
2010-08-27,0.0,6182.0,842.45
2010-08-28,0.0,6512.0,830.7
2010-08-30,0.0,6943.0,1079.0
2010-08-31,0.0,6129.0,908.4
2010-09-01,0.0,12470.0,1045.8
2010-09-02,0.0,19910.0,659.25
2010-09-03,0.0,27232.0,305.16
2010-09-04,0.0,8533.0,953.2
2010-09-06,0.0,9516.0,1048.75
2010-09-07,0.0,10010.0,888.05
2010-09-08,0.0,11040.0,950.35
2010-09-09,0.0,12339.0,1046.9
2010-09-11,0.0,12618.0,958.42
2010-09-13,0.0,13322.0,915.82
2010-09-14,0.0,14337.0,1053.37
2010-09-15,0.0,14911.0,1124.66
2010-09-16,0.0,15053.0,909.13
2010-09-17,0.0,15301.0,798.07
2010-09-18,0.0,15793.0,850.08
2010-09-21,0.0,23435.0,193.7
2010-09-25,0.0,27543.0,341.2
2010-09-27,0.0,36238.0,430.97
2010-09-28,0.0,30591.0,482.0
2010-09-29,0.0,24408.0,445.0
2010-10-01,0.0,22424.0,398.03
2010-10-02,0.0,18581.0,402.82
2010-10-04,0.0,28692.0,304.9
2010-10-05,0.0,19067.0,468.95
2010-10-06,0.0,19840.0,417.0
2010-10-07,0.0,20434.0,452.42
2010-10-08,0.0,20055.0,436.6
2010-10-09,0.0,18267.0,445.96
2010-10-11,0.0,16144.0,657.45
2010-10-12,0.0,11408.0,679.09
2010-10-13,0.0,11170.0,748.98
2010-10-14,0.0,11685.0,591.67
2010-10-15,0.0,11610.0,593.76
2010-10-16,0.0,11164.0,578.0
2010-10-18,0.0,11284.0,704.58
2010-10-19,0.0,9720.0,853.58
2010-10-20,0.0,8768.0,902.7
2010-10-21,0.0,8984.0,717.3
2010-10-22,0.0,8605.0,771.97
2010-10-23,0.0,8222.0,682.2
2010-10-25,0.0,7162.0,963.26
2010-10-26,0.0,6797.0,866.4
2010-10-27,0.0,7185.0,781.95
2010-10-28,0.0,6626.0,806.09
2010-10-29,0.0,6727.0,750.55
2010-10-30,0.0,6697.0,841.98
2010-11-01,0.0,6943.0,1062.53
2010-11-02,0.0,6748.0,1039.14
2010-11-03,0.0,6592.0,1021.15
2010-11-04,0.0,6794.0,844.83
2010-11-05,0.0,6945.0,972.32
2010-11-06,0.0,6915.0,959.06
2010-11-08,0.0,7080.0,1203.23
2010-11-09,0.0,6971.0,1118.63
2010-11-10,0.0,7292.0,1079.4
2010-11-11,0.0,7334.0,1054.8
2010-11-12,0.0,8646.0,979.72
2010-11-13,0.0,9974.0,1216.543
2010-11-15,0.0,10743.0,1587.58
2010-11-16,0.0,8967.0,1367.59
2010-11-17,0.0,9585.0,1189.2
2010-11-18,0.0,10396.0,1284.15
2010-11-19,0.0,12476.0,1481.58
2010-11-20,0.0,11210.0,1606.83
2010-11-22,0.0,9963.0,1839.34
2010-11-23,0.0,8703.0,1716.03
2010-11-24,0.0,9616.0,1782.15
2010-11-25,0.0,10168.0,1815.46
2010-11-26,0.0,10697.0,1954.18
2010-11-27,0.0,10009.0,1789.43
2010-11-29,0.0,9029.0,1580.04
2010-11-30,0.0,7603.0,1299.57
2010-12-01,0.0,8466.0,1396.19
2010-12-02,0.0,10434.0,1176.08
2010-12-03,0.0,11478.0,1362.32
2010-12-04,0.0,11756.0,1214.76
2010-12-06,0.0,10636.0,1438.67
2010-12-07,0.0,8891.0,1062.85
2010-12-08,0.0,9922.0,934.8
2010-12-09,0.0,10301.0,827.94
2010-12-10,0.0,9557.0,1118.19
2010-12-11,0.0,8734.0,786.75
2010-12-13,0.0,10378.0,656.7
2010-12-14,0.0,11942.0,363.2
2010-12-15,0.0,9947.0,849.6
2010-12-16,0.0,11102.0,394.6
2010-12-17,0.0,12260.0,277.68
2010-12-18,0.0,8974.0,740.8
2010-12-20,0.0,8553.0,934.29
2010-12-21,0.0,9235.0,628.35
2010-12-22,0.0,10192.0,602.14
2010-12-23,0.0,9910.0,675.89
2010-12-24,0.0,9643.0,572.02
2010-12-25,0.0,8614.0,209.0
2010-12-27,0.0,9248.0,269.0
2010-12-28,0.0,10773.0,196.34
2010-12-29,0.0,11037.0,470.66
2010-12-30,0.0,9465.0,792.29
2010-12-31,0.0,9183.0,212.18
2011-01-03,0.0,9183.0,78.0
2011-01-04,0.0,14954.0,183.0
2011-01-05,0.0,16160.0,263.0
2011-01-06,0.0,13146.0,666.0
2011-01-07,0.0,12118.0,587.0
2011-01-08,0.0,10193.0,423.0
2011-01-10,0.0,9664.0,514.0
2011-01-11,0.0,9845.0,303.0
2011-01-12,0.0,12687.0,206.0
2011-01-13,0.0,11585.0,459.0
2011-01-14,0.0,12476.0,360.0
2011-01-15,0.0,13359.0,174.0
2011-01-17,0.0,14677.0,210.0
2011-01-18,0.0,13397.0,260.0
2011-01-19,0.0,13816.0,345.0
2011-01-20,0.0,12964.0,292.0
2011-01-21,0.0,13619.0,305.0
2011-01-22,0.0,13954.0,266.0
2011-01-24,0.0,14032.0,498.0
2011-01-25,0.0,13856.0,493.0
2011-01-26,0.0,13588.0,562.0
2011-01-27,0.0,12521.0,557.0
2011-01-28,0.0,11585.0,506.0
2011-01-29,0.0,11224.0,300.0
2011-01-31,0.0,12098.0,502.0
2011-02-01,0.0,10632.0,182.0
2011-02-02,0.0,10632.0,9.0
2011-02-07,0.0,9166.0,483.0
2011-02-08,0.0,8339.0,613.0
2011-02-09,0.0,9209.0,299.0
2011-02-10,0.0,8539.0,622.0
2011-02-11,0.0,9589.0,558.0
2011-02-12,0.0,9138.0,443.0
2011-02-14,0.0,9240.0,568.0
2011-02-15,0.0,12985.0,453.0
2011-02-16,0.0,11642.0,552.0
2011-02-17,0.0,11131.0,557.0
2011-02-18,0.0,8256.0,541.0
2011-02-19,0.0,7705.0,439.0
2011-02-21,0.0,8545.0,712.0
2011-02-22,0.0,7958.0,605.0
2011-02-23,0.0,9177.0,537.0
2011-02-24,0.0,10854.0,506.0
2011-02-25,0.0,9887.0,549.0
2011-02-26,0.0,10542.0,416.0
2011-02-28,0.0,11564.0,612.0
2011-03-01,0.0,11106.0,405.0
2011-03-02,0.0,11114.0,352.0
2011-03-03,0.0,10488.0,635.0
2011-03-04,0.0,10153.0,642.0
2011-03-05,0.0,9396.0,548.0
2011-03-07,0.0,9225.0,742.0
2011-03-08,0.0,9840.0,519.0
2011-03-09,0.0,10450.0,523.0
2011-03-10,0.0,10535.0,494.0
2011-03-11,0.0,11256.0,514.0
2011-03-12,0.0,10979.0,320.0
2011-03-14,0.0,11324.0,595.0
2011-03-15,0.0,11143.0,605.0
2011-03-16,0.0,10016.0,557.0
2011-03-17,0.0,9687.0,567.0
2011-03-18,0.0,9981.0,595.0
2011-03-19,0.0,8807.0,418.0
2011-03-21,0.0,10219.0,582.0
2011-03-22,0.0,8224.0,590.0
2011-03-23,0.0,8304.0,591.0
2011-03-24,0.0,8378.0,563.0
2011-03-25,0.0,8699.0,558.0
2011-03-26,0.0,7837.0,292.0
2011-03-28,0.0,8909.0,607.0
2011-03-29,0.0,8543.0,588.0
2011-03-30,0.0,8851.0,607.0
2011-03-31,0.0,9312.0,564.0
2011-04-01,0.0,8304.0,521.0
2011-04-02,0.0,7877.0,500.0
2011-04-04,0.0,8893.0,662.0
2011-04-05,0.0,8049.0,680.0
2011-04-06,0.0,7892.0,687.0
2011-04-07,0.0,7732.0,606.0
2011-04-08,0.0,7806.0,514.0
2011-04-09,0.0,6600.0,413.0
2011-04-11,0.0,7559.0,790.0
2011-04-12,0.0,6289.0,745.0
2011-04-13,0.0,6188.0,626.0
2011-04-14,0.0,4810.0,710.0
2011-04-15,0.0,4418.0,674.0
2011-04-16,0.0,3948.0,346.0
2011-04-18,0.0,5104.0,648.0
2011-04-19,0.0,6101.0,637.0
2011-04-20,0.0,6208.0,542.0
2011-04-21,0.0,5992.0,581.0
2011-04-22,0.0,5361.0,596.0
2011-04-23,0.0,5258.0,311.0
2011-04-25,0.0,4809.0,929.0
2011-04-26,0.0,4294.0,776.0
2011-04-27,0.0,3887.0,638.0
2011-04-28,0.0,3195.0,562.0
2011-04-29,0.0,2489.0,726.0
2011-04-30,0.0,2793.0,482.0
2011-05-02,0.0,3097.0,726.0
2011-05-03,0.0,2308.0,795.0
2011-05-04,0.0,2067.0,845.0
2011-05-05,0.0,1894.0,719.0
2011-05-06,0.0,1536.0,695.0
2011-05-07,0.0,1830.0,449.0
2011-05-09,0.0,2205.0,792.0
2011-05-10,0.0,1628.0,673.0
2011-05-11,0.0,1731.0,469.0
2011-05-12,0.0,1800.0,423.0
2011-05-13,0.0,1753.0,653.0
2011-05-14,0.0,1899.0,523.0
2011-05-16,0.0,2395.0,576.0
2011-05-17,0.0,2476.0,602.0
2011-05-18,0.0,1959.0,819.0
2011-05-19,0.0,1759.0,656.0
2011-05-20,0.0,1943.0,540.0
2011-05-21,0.0,2250.0,904.0
2011-05-23,0.0,2898.0,521.0
2011-05-24,0.0,2800.0,668.0
2011-05-25,0.0,1781.0,805.0
2011-05-26,0.0,1764.0,669.0
2011-05-27,0.0,2611.0,380.0
2011-05-28,0.0,2020.0,629.0
2011-05-30,0.0,2054.0,753.0
2011-05-31,0.0,1948.0,770.0
2011-06-01,0.0,2007.0,649.0
2011-06-02,0.0,2064.0,493.0
2011-06-03,0.0,2043.0,605.0
2011-06-04,0.0,2480.0,493.0
2011-06-06,0.0,2501.0,800.0
2011-06-07,0.0,2000.0,710.0
2011-06-08,0.0,1754.0,772.0
2011-06-09,0.0,1894.0,723.0
2011-06-10,0.0,1901.0,706.0
2011-06-11,0.0,2660.0,670.0
2011-06-13,0.0,3151.0,804.0
2011-06-14,0.0,2650.0,858.0
2011-06-15,0.0,2627.0,712.0
2011-06-16,0.0,2086.0,867.0
2011-06-17,0.0,2176.0,758.0
2011-06-18,0.0,1895.0,667.0
2011-06-20,0.0,2019.0,877.0
2011-06-21,0.0,1788.0,946.0
2011-06-22,0.0,2075.0,852.0
2011-06-23,0.0,2471.0,896.0
2011-06-24,0.0,1923.0,634.0
2011-06-25,0.0,2152.0,277.0
2011-06-27,0.0,2657.0,698.0
2011-06-28,0.0,2180.0,731.0
2011-06-29,0.0,2171.0,765.0
2011-06-30,0.0,1757.0,552.0
2011-07-01,0.0,2738.0,343.0
2011-07-02,0.0,2326.0,522.0
2011-07-04,0.0,2481.0,517.0
2011-07-05,0.0,3524.0,416.0
2011-07-06,0.0,4054.0,587.0
2011-07-07,0.0,3391.0,714.0
2011-07-08,0.0,3609.0,466.0
2011-07-09,0.0,4216.0,313.0
2011-07-11,0.0,4430.0,524.0
2011-07-12,0.0,4363.0,650.0
2011-07-13,0.0,4342.0,559.0
2011-07-14,0.0,5281.0,530.0
2011-07-15,0.0,5333.0,532.0
2011-07-16,0.0,5647.0,475.0
2011-07-18,0.0,5603.0,706.0
2011-07-19,0.0,5369.0,752.0
2011-07-20,0.0,7853.0,477.0
2011-07-21,0.0,6455.0,550.0
2011-07-22,0.0,5881.0,698.0
2011-07-23,0.0,9502.0,333.0
2011-07-25,0.0,9872.0,571.0
2011-07-26,0.0,8685.0,655.0
2011-07-27,0.0,7796.0,655.0
2011-07-28,0.0,5964.0,504.0
2011-07-29,0.0,9007.0,378.0
2011-07-30,0.0,9096.0,510.0
2011-08-01,0.0,8618.0,739.0
2011-08-02,0.0,7556.0,526.0
2011-08-03,0.0,7759.0,599.0
2011-08-04,0.0,7728.0,667.0
2011-08-05,0.0,9861.0,517.0
2011-08-06,0.0,6921.0,254.0
2011-08-08,0.0,9382.0,675.0
2011-08-09,0.0,8934.0,595.0
2011-08-10,0.0,9094.0,662.0
2011-08-11,0.0,8791.0,644.0
2011-08-12,0.0,9903.0,499.0
2011-08-13,0.0,10136.0,510.0
2011-08-15,0.0,10068.0,636.0
2011-08-16,0.0,9674.0,614.0
2011-08-17,0.0,8936.0,685.0
2011-08-18,0.0,11211.0,546.0
2011-08-19,0.0,9876.0,750.0
2011-08-20,0.0,10784.0,705.0
2011-08-22,0.0,10058.0,920.0
2011-08-23,0.0,10304.0,888.0
2011-08-24,0.0,10821.0,835.0
2011-08-25,0.0,11282.0,865.0
2011-08-26,0.0,11205.0,998.0
2011-08-27,0.0,11191.0,793.0
2011-08-29,0.0,10949.0,1077.0
2011-08-30,0.0,10551.0,1131.0
2011-08-31,0.0,10509.0,1103.0
2011-09-01,0.0,6637.0,979.0
2011-09-02,0.0,4809.0,997.0
2011-09-03,0.0,4558.0,667.0
2011-09-05,0.0,8624.0,1458.0
2011-09-06,0.0,9335.0,1409.0
2011-09-07,0.0,9164.0,1424.0
2011-09-08,0.0,9017.0,1267.0
2011-09-09,0.0,7793.0,1348.0
2011-09-15,0.0,8397.0,953.0
2011-09-16,0.0,6123.0,1282.0
2011-09-17,0.0,4319.0,1080.0
2011-09-19,0.0,5080.0,991.0
2011-09-21,0.0,4749.0,934.0
2011-09-22,0.0,4174.0,950.0
2011-09-23,0.0,4605.0,886.0
2011-09-24,0.0,4278.0,813.0
2011-09-26,0.0,4899.0,795.0
2011-09-27,0.0,4914.0,766.0
2011-09-28,0.0,4770.0,1022.0
2011-09-29,0.0,4590.0,939.0
2011-10-01,0.0,4416.0,696.0
2011-10-03,0.0,4908.0,840.0
2011-10-04,0.0,5193.0,889.0
2011-10-05,0.0,4945.0,936.0
2011-10-06,0.0,5166.0,999.0
2011-10-07,0.0,4588.0,926.0
2011-10-08,0.0,4765.0,642.0
2011-10-10,0.0,4945.0,902.0
2011-10-11,0.0,4661.0,883.0
2011-10-12,0.0,5029.0,700.0
2011-10-13,0.0,4819.0,677.0
2011-10-14,0.0,5345.0,655.0
2011-10-15,0.0,5273.0,492.0
2011-10-17,0.0,4959.0,864.0
2011-10-18,0.0,4764.0,880.0
2011-10-19,0.0,4763.0,814.0
2011-10-20,0.0,4560.0,943.0
2011-10-21,0.0,4386.0,862.0
2011-10-22,0.0,3778.0,688.0
2011-10-24,0.0,4552.0,615.0
2011-10-25,0.0,3615.0,975.0
2011-10-26,0.0,3207.0,884.0
2011-10-27,0.0,2869.0,825.0
2011-10-28,0.0,3016.0,753.0
2011-10-29,0.0,2590.0,216.0
2011-10-31,0.0,3179.0,750.0
2011-11-01,0.0,2521.0,822.0
2011-11-02,0.0,2561.0,860.0
2011-11-03,0.0,2599.0,845.0
2011-11-04,0.0,2410.0,910.0
2011-11-05,0.0,2572.0,855.0
2011-11-07,0.0,3048.0,717.0
2011-11-08,0.0,2044.0,1149.0
2011-11-09,0.0,2053.0,1110.0
2011-11-10,0.0,2030.0,1013.0
2011-11-11,0.0,2463.0,1238.0
2011-11-12,0.0,3317.0,1168.0
2011-11-14,0.0,2385.0,1817.0
2011-11-15,0.0,2472.0,1132.0
2011-11-16,0.0,2284.0,1333.0
2011-11-17,0.0,3299.0,1104.0
2011-11-18,0.0,4144.0,1550.0
2011-11-19,0.0,3959.0,1542.0
2011-11-21,0.0,2645.0,1693.0
2011-11-22,0.0,2361.0,1066.0
2011-11-23,0.0,2739.0,1249.0
2011-11-24,0.0,2918.0,1360.0
2011-11-25,0.0,3230.0,1048.0
2011-11-26,0.0,2497.0,1319.0
2011-11-28,0.0,2585.0,1377.0
2011-11-29,0.0,1935.0,925.0
2011-11-30,0.0,2269.0,853.0
2011-12-01,0.0,2920.0,393.0
2011-12-02,0.0,2859.0,685.0
2011-12-03,0.0,3016.0,971.0
2011-12-05,0.0,3053.0,870.0
2011-12-06,0.0,2521.0,598.0
2011-12-07,0.0,2473.0,751.0
2011-12-08,0.0,2643.0,780.0
2011-12-09,0.0,2374.0,606.0
2011-12-10,0.0,2236.0,418.0
2011-12-12,0.0,2370.0,409.0
2011-12-13,0.0,2296.0,475.0
2011-12-14,0.0,2236.0,497.0
2011-12-15,0.0,2342.0,460.0
2011-12-16,0.0,2250.0,495.0
2011-12-17,0.0,2155.0,221.0
2011-12-19,0.0,2261.0,406.0
2011-12-20,0.0,2444.0,426.0
2011-12-21,0.0,2652.0,513.0
2011-12-22,0.0,2418.0,657.0
2011-12-23,0.0,1968.0,525.0
2011-12-24,0.0,1851.0,213.0
2011-12-26,0.0,1586.0,297.0
2011-12-27,0.0,2461.0,213.0
2011-12-28,0.0,2653.0,377.0
2011-12-29,0.0,2962.0,540.0
2011-12-30,0.0,2512.0,652.0
2011-12-31,0.0,2323.0,314.0
2012-01-02,0.0,2323.0,
2012-01-03,0.0,2613.0,589.0
2012-01-04,0.0,2921.0,443.0
2012-01-05,0.0,2656.0,375.0
2012-01-06,0.0,2623.0,466.0
2012-01-07,0.0,2405.0,433.0
2012-01-09,0.0,2445.0,620.0
2012-01-10,0.0,2689.0,450.0
2012-01-11,0.0,2843.0,523.0
2012-01-12,0.0,2783.0,513.0
2012-01-13,0.0,2492.0,524.0
2012-01-14,0.0,2420.0,420.0
2012-01-16,0.0,2328.0,736.0
2012-01-17,0.0,2566.0,594.0
2012-01-18,0.0,2343.0,606.0
2012-01-19,0.0,2530.0,453.0
2012-01-20,0.0,2631.0,434.0
2012-01-21,0.0,2631.0,80.0
2012-01-26,0.0,3893.0,188.0
2012-01-27,0.0,3372.0,372.0
2012-01-28,0.0,3714.0,265.0
2012-01-30,0.0,2987.0,793.0
2012-01-31,0.0,3052.0,490.0
2012-02-01,0.0,2833.0,413.0
2012-02-02,0.0,2657.0,319.0
2012-02-03,0.0,2540.0,215.0
2012-02-04,0.0,2001.0,160.0
2012-02-06,0.0,3062.0,382.0
2012-02-07,0.0,3480.0,460.0
2012-02-08,0.0,3437.0,413.0
2012-02-09,0.0,3802.0,367.0
2012-02-10,0.0,4490.0,315.0
2012-02-11,0.0,3676.0,472.0
2012-02-13,0.0,4029.0,511.0
2012-02-14,0.0,3667.0,458.0
2012-02-15,0.0,4598.0,292.0
2012-02-16,0.0,4443.0,583.0
2012-02-17,0.0,4062.0,493.0
2012-02-18,0.0,3490.0,424.0
2012-02-20,0.0,5868.0,331.0
2012-02-21,0.0,5244.0,346.0
2012-02-22,0.0,5294.0,490.0
2012-02-23,0.0,5852.0,475.0
2012-02-24,0.0,5455.0,579.0
2012-02-25,0.0,4552.0,520.0
2012-02-27,0.0,5703.0,547.0
2012-02-28,0.0,6875.0,381.0
2012-02-29,0.0,6310.0,555.0
2012-03-01,0.0,5689.0,537.0
2012-03-02,0.0,6311.0,586.0
2012-03-03,0.0,6783.0,377.0
2012-03-05,0.0,7097.0,637.0
2012-03-06,0.0,7955.0,362.0
2012-03-07,0.0,7659.0,512.0
2012-03-08,0.0,8053.0,569.0
2012-03-09,0.0,7219.0,572.0
2012-03-10,0.0,6437.0,449.0
2012-03-12,0.0,7887.0,565.0
2012-03-13,0.0,8315.0,509.0
2012-03-14,0.0,7861.0,476.0
2012-03-15,0.0,7520.0,543.0
2012-03-16,0.0,7592.0,488.0
2012-03-17,0.0,8943.0,176.0
2012-03-19,0.0,8291.0,594.0
2012-03-20,0.0,7567.0,669.0
2012-03-21,0.0,8161.0,547.0
2012-03-22,0.0,7224.0,556.0
2012-03-23,0.0,8129.0,503.0
2012-03-24,0.0,9019.0,268.0
2012-03-26,0.0,7367.0,627.0
2012-03-27,0.0,8495.0,419.0
2012-03-28,0.0,7787.0,568.0
2012-03-29,0.0,8373.0,446.0
2012-03-30,0.0,8751.0,373.0
2012-03-31,0.0,9132.0,323.0
2012-04-02,0.0,8943.0,547.0
2012-04-03,0.0,9078.0,445.0
2012-04-04,0.0,10130.0,394.0
2012-04-05,0.0,8245.0,431.0
2012-04-06,0.0,8271.0,392.0
2012-04-07,0.0,9484.0,272.0
2012-04-09,0.0,9606.0,565.0
2012-04-10,0.0,11118.0,483.0
2012-04-11,0.0,13150.0,415.0
2012-04-12,0.0,10505.0,521.0
2012-04-13,0.0,11303.0,401.0
2012-04-14,0.0,10358.0,309.0
2012-04-16,0.0,10655.0,621.0
2012-04-17,0.0,9455.0,477.0
2012-04-18,0.0,10200.0,594.0
2012-04-19,0.0,9251.0,436.0
2012-04-20,0.0,9484.0,355.0
2012-04-21,0.0,9345.0,313.0
2012-04-23,0.0,11287.0,448.0
2012-04-24,0.0,12276.0,477.0
2012-04-25,0.0,12059.0,550.0
2012-04-26,0.0,11810.0,468.0
2012-04-27,0.0,10032.0,400.0
2012-04-28,0.0,9979.0,317.0
2012-04-30,0.0,8452.0,828.0
2012-05-01,0.0,7574.0,683.0
2012-05-02,0.0,7273.0,658.0
2012-05-03,0.0,5844.0,717.0
2012-05-04,0.0,5908.0,683.0
2012-05-05,0.0,4749.0,441.0
2012-05-07,0.0,5126.0,680.0
2012-05-08,0.0,5754.0,571.0
2012-05-09,0.0,4852.0,810.0
2012-05-10,0.0,4836.0,596.0
2012-05-11,0.0,4917.0,613.0
2012-05-12,0.0,5689.0,324.0
2012-05-14,0.0,5611.0,651.0
2012-05-15,0.0,5905.0,633.0
2012-05-16,0.0,5617.0,683.0
2012-05-17,0.0,4871.0,854.0
2012-05-18,0.0,4951.0,760.0
2012-05-19,0.0,3922.0,570.0
2012-05-21,0.0,4463.0,715.0
2012-05-22,0.0,3872.0,647.0
2012-05-23,0.0,4785.0,470.0
2012-05-24,0.0,4735.0,587.0
2012-05-25,0.0,4244.0,725.0
2012-05-26,0.0,3619.0,665.0
2012-05-28,0.0,4255.0,518.0
2012-05-29,0.0,3715.0,786.0
2012-05-30,0.0,2829.0,884.0
2012-05-31,0.0,2761.0,761.0
2012-06-01,0.0,2955.0,588.0
2012-06-02,0.0,2575.0,510.0
2012-06-04,0.0,3567.0,671.0
2012-06-05,0.0,3690.0,627.0
2012-06-06,0.0,3192.0,721.0
2012-06-07,0.0,3381.0,560.0
2012-06-08,0.0,3713.0,502.0
2012-06-09,0.0,3164.0,465.0
2012-06-11,0.0,2766.0,900.0
2012-06-12,0.0,2772.0,705.0
2012-06-13,0.0,3115.0,610.0
2012-06-14,0.0,2879.0,633.0
2012-06-15,0.0,2899.0,597.0
2012-06-16,0.0,3190.0,541.0
2012-06-18,0.0,3000.0,807.0
2012-06-19,0.0,3679.0,666.0
2012-06-20,0.0,3425.0,751.0
2012-06-21,0.0,4157.0,451.0
2012-06-22,0.0,3594.0,624.0
2012-06-23,0.0,4377.0,442.0
2012-06-25,0.0,6161.0,524.0
2012-06-26,0.0,6876.0,569.0
2012-06-27,0.0,6599.0,629.0
2012-06-28,0.0,8143.0,457.0
2012-06-29,0.0,7604.0,626.0
2012-06-30,0.0,8253.0,536.0
2012-07-02,0.0,9262.0,540.0
2012-07-03,0.0,7476.0,697.0
2012-07-04,0.0,6050.0,771.0
2012-07-05,0.0,6141.0,531.0
2012-07-06,0.0,5693.0,591.0
2012-07-07,0.0,6409.0,247.0
2012-07-09,0.0,5967.0,861.0
2012-07-10,0.0,5480.0,730.0
2012-07-11,0.0,5823.0,622.0
2012-07-12,0.0,4524.0,574.0
2012-07-13,0.0,5062.0,664.0
2012-07-14,0.0,5494.0,379.0
2012-07-16,0.0,7106.0,397.0
2012-07-17,0.0,4373.0,951.0
2012-07-18,0.0,5550.0,641.0
2012-07-19,0.0,5143.0,542.0
2012-07-20,0.0,5129.0,441.0
2012-07-21,0.0,5157.0,424.0
2012-07-23,0.0,5306.0,698.0
2012-07-24,0.0,5131.0,690.0
2012-07-25,0.0,4653.0,655.0
2012-07-26,0.0,3968.0,723.0
2012-07-27,0.0,4477.0,511.0
2012-07-28,0.0,5271.0,437.0
2012-07-30,0.0,5115.0,639.0
2012-07-31,0.0,5555.0,519.0
2012-08-01,0.0,4147.0,553.0
2012-08-02,0.0,4942.0,548.0
2012-08-03,0.0,5683.0,502.0
2012-08-04,0.0,7265.0,451.0
2012-08-06,0.0,5859.0,690.0
2012-08-07,0.0,6149.0,662.0
2012-08-08,0.0,6167.0,570.0
2012-08-09,0.0,6208.0,571.0
2012-08-10,0.0,7523.0,552.0
2012-08-11,0.0,8167.0,511.0
2012-08-13,0.0,7913.0,878.0
2012-08-14,0.0,9192.0,561.0
2012-08-15,0.0,8349.0,802.0
2012-08-16,0.0,7175.0,775.0
2012-08-17,0.0,8039.0,515.0
2012-08-18,0.0,6630.0,694.0
2012-08-20,0.0,6123.0,849.0
2012-08-21,0.0,5917.0,775.0
2012-08-22,0.0,6274.0,617.0
2012-08-23,0.0,5949.0,626.0
2012-08-24,0.0,7861.0,578.0
2012-08-25,0.0,6436.0,834.0
2012-08-27,0.0,6894.0,1038.0
2012-08-28,0.0,8761.0,912.0
2012-08-29,0.0,9293.0,592.0
2012-08-30,0.0,6836.0,1085.0
2012-08-31,0.0,6940.0,671.0
2012-09-01,0.0,10642.0,960.0
2012-09-02,0.0,10709.0,1341.0
2012-09-03,0.0,8617.0,1005.0
2012-09-04,0.0,8461.0,897.0
2012-09-05,0.0,9118.0,761.0
2012-09-06,0.0,10157.0,702.0
2012-09-07,0.0,9431.0,927.0
2012-09-08,0.0,10691.0,866.0
2012-09-11,0.0,8635.0,1288.0
2012-09-12,0.0,9524.0,1141.0
2012-09-13,0.0,9531.0,1063.0
2012-09-14,0.0,11114.0,885.0
2012-09-15,0.0,10777.0,940.0
2012-09-17,0.0,12079.0,1219.0
2012-09-18,0.0,12311.0,685.0
2012-09-19,0.0,11646.0,1179.0
2012-09-21,0.0,11592.0,1300.0
2012-09-22,0.0,10847.0,1301.0
2012-09-24,0.0,10370.0,1434.0
2012-09-25,0.0,10231.0,1367.0
2012-09-26,0.0,10048.0,1302.0
2012-09-27,0.0,10297.0,933.0
2012-09-28,0.0,11718.0,781.0
2012-09-29,0.0,,212.0
2012-10-03,0.0,12440.0,521.0
2012-10-04,0.0,12602.0,611.0
2012-10-05,0.0,11127.0,996.0
2012-10-06,0.0,9016.0,975.0
2012-10-08,0.0,9055.0,1045.0
2012-10-09,0.0,8487.0,843.0
2012-10-10,0.0,9062.0,868.0
2012-10-11,0.0,7829.0,989.0
2012-10-12,0.0,8093.0,856.0
2012-10-13,0.0,7622.0,652.0
2012-10-15,0.0,8064.0,933.0
2012-10-16,0.0,7895.0,983.0
2012-10-17,0.0,7205.0,1023.0
2012-10-18,0.0,7037.0,852.0
2012-10-19,0.0,7509.0,866.0
2012-10-20,0.0,6253.0,928.0
2012-10-22,0.0,7170.0,969.0
2012-10-23,0.0,6690.0,874.0
2012-10-24,0.0,6984.0,904.0
2012-10-25,0.0,6530.0,1091.0
2012-10-26,0.0,6479.0,932.0
2012-10-27,0.0,6455.0,713.0
2012-10-29,0.0,7076.0,763.0
2012-10-30,0.0,5968.0,959.0
2012-10-31,0.0,6277.0,774.0
2012-11-01,0.0,6181.0,876.0
2012-11-02,0.0,6349.0,756.0
2012-11-03,0.0,6397.0,773.0
2012-11-05,0.0,6946.0,881.0
2012-11-06,0.0,6189.0,877.0
2012-11-07,0.0,6422.0,737.0
2012-11-08,0.0,6321.0,802.0
2012-11-09,0.0,7355.0,770.0
2012-11-10,0.0,7807.0,1014.0
2012-11-12,0.0,7409.0,1222.0
2012-11-13,0.0,6683.0,1051.0
2012-11-14,0.0,6331.0,1166.0
2012-11-15,0.0,7518.0,903.0
2012-11-16,0.0,7545.0,1395.0
2012-11-17,0.0,8225.0,1237.0
2012-11-19,0.0,7151.0,1733.0
2012-11-20,0.0,5663.0,1430.0
2012-11-21,0.0,7252.0,1447.0
2012-11-22,0.0,8264.0,442.0
2012-11-23,0.0,7948.0,1758.0
2012-11-24,0.0,7657.0,1844.0
2012-11-26,0.0,7428.0,1603.0
2012-11-27,0.0,6696.0,1213.0
2012-11-28,0.0,6796.0,1377.0
2012-11-29,0.0,7027.0,1681.0
2012-11-30,0.0,8687.0,1445.0
2012-12-01,0.0,7720.0,1641.0
2012-12-03,0.0,7144.0,1457.0
2012-12-04,0.0,7118.0,936.0
2012-12-05,0.0,7579.0,877.0
2012-12-06,0.0,9449.0,734.0
2012-12-07,0.0,10290.0,531.0
2012-12-08,0.0,10143.0,457.0
2012-12-10,0.0,10390.0,522.0
2012-12-11,0.0,10356.0,402.0
2012-12-12,0.0,9222.0,839.0
2012-12-13,0.0,8782.0,745.0
2012-12-14,0.0,9727.0,704.0
2012-12-15,0.0,10861.0,576.0
2012-12-17,0.0,9166.0,1178.0
2012-12-18,0.0,9548.0,963.0
2012-12-19,0.0,9058.0,763.0
2012-12-20,0.0,8162.0,607.0
2012-12-21,0.0,8581.0,647.0
2012-12-22,0.0,7684.0,525.0
2012-12-24,0.0,9826.0,468.0
2012-12-25,0.0,8843.0,436.0
2012-12-26,0.0,8476.0,610.0
2012-12-27,0.0,9744.0,326.0
2012-12-28,0.0,9651.0,390.0
2012-12-29,0.0,10955.0,424.0
2012-12-31,0.0,11252.0,396.0
2013-01-03,0.0,10515.0,805.0
2013-01-04,0.0,10454.0,564.0
2013-01-05,0.0,9250.0,474.0
2013-01-07,0.0,9961.0,549.0
2013-01-08,0.0,10962.0,434.0
2013-01-09,0.0,10604.0,624.0
2013-01-10,0.0,9645.0,551.0
2013-01-11,0.0,10097.0,469.0
2013-01-12,0.0,9460.0,312.0
2013-01-14,0.0,9955.0,720.0
2013-01-15,0.0,10254.0,407.0
2013-01-16,0.0,8946.0,750.0
2013-01-17,0.0,8810.0,632.0
2013-01-18,0.0,8286.0,711.0
2013-01-19,0.0,8364.0,391.0
2013-01-21,0.0,10001.0,626.0
2013-01-22,0.0,9481.0,581.0
2013-01-23,0.0,8851.0,460.0
2013-01-24,0.0,8423.0,620.0
2013-01-25,0.0,9664.0,497.0
2013-01-26,0.0,8189.0,427.0
2013-01-28,0.0,8784.0,741.0
2013-01-29,0.0,8507.0,554.0
2013-01-30,0.0,9045.0,537.0
2013-01-31,0.0,8936.0,587.0
2013-02-01,0.0,8803.0,731.0
2013-02-02,0.0,7809.0,386.0
2013-02-04,0.0,9025.0,841.0
2013-02-05,0.0,9866.0,715.0
2013-02-06,0.0,9037.0,854.0
2013-02-07,0.0,9147.0,630.0
2013-02-08,0.0,10054.0,341.0
2013-02-09,0.0,10054.0,24.0
2013-02-13,0.0,8721.0,305.0
2013-02-14,0.0,10462.0,584.0
2013-02-15,0.0,10720.0,787.0
2013-02-16,0.0,9443.0,538.0
2013-02-18,0.0,10460.0,770.0
2013-02-19,0.0,9316.0,587.0
2013-02-20,0.0,9643.0,639.0
2013-02-21,0.0,9018.0,808.0
2013-02-22,0.0,8802.0,582.0
2013-02-23,0.0,9667.0,462.0
2013-02-25,0.0,8871.0,858.0
2013-02-26,0.0,8796.0,696.0
2013-02-27,0.0,9125.0,364.0
2013-02-28,0.0,9449.0,542.0
2013-03-01,0.0,8355.0,592.0
2013-03-02,0.0,10689.0,272.0
2013-03-04,0.0,9952.0,814.0
2013-03-05,0.0,10309.0,677.0
2013-03-06,0.0,9519.0,901.0
2013-03-07,0.0,9069.0,716.0
2013-03-08,0.0,9089.0,689.0
2013-03-09,0.0,8311.0,540.0
2013-03-11,0.0,8511.0,853.0
2013-03-12,0.0,8361.0,803.0
2013-03-13,0.0,9939.0,687.0
2013-03-14,0.0,8970.0,763.0
2013-03-15,0.0,9108.0,587.0
2013-03-16,0.0,7010.0,642.0
2013-03-18,0.0,8356.0,806.0
2013-03-19,0.0,8485.0,591.0
2013-03-20,0.0,9447.0,644.0
2013-03-21,0.0,8681.0,691.0
2013-03-22,0.0,8717.0,515.0
2013-03-23,0.0,8443.0,464.0
2013-03-25,0.0,8678.0,832.0
2013-03-26,0.0,8712.0,725.0
2013-03-27,0.0,8207.0,703.0
2013-03-28,0.0,7942.0,624.0
2013-03-29,0.0,8193.0,687.0
2013-03-30,0.0,7781.0,530.0
2013-04-01,0.0,8638.0,597.0
2013-04-02,0.0,9240.0,644.0
2013-04-03,0.0,8963.0,648.0
2013-04-04,0.0,8691.0,551.0
2013-04-05,0.0,8653.0,604.0
2013-04-06,0.0,8445.0,442.0
2013-04-08,0.0,8958.0,741.0
2013-04-09,0.0,9040.0,623.0
2013-04-10,0.0,8955.0,741.0
2013-04-11,0.0,8629.0,842.0
2013-04-12,0.0,8147.0,720.0
2013-04-13,0.0,8106.0,471.0
2013-04-15,0.0,8681.0,656.0
2013-04-16,0.0,8837.0,544.0
2013-04-17,0.0,8858.0,811.0
2013-04-18,0.0,8270.0,808.0
2013-04-19,0.0,8496.0,822.0
2013-04-20,0.0,8538.0,520.0
2013-04-22,0.0,9176.0,732.0
2013-04-23,0.0,9959.0,650.0
2013-04-24,0.0,8955.0,787.0
2013-04-25,0.0,8210.0,756.0
2013-04-26,0.0,7700.0,641.0
2013-04-27,0.0,7359.0,544.0
2013-04-29,0.0,7059.0,921.0
2013-04-30,0.0,7070.0,771.0
2013-05-01,0.0,6435.0,718.0
2013-05-02,0.0,6452.0,648.0
2013-05-03,0.0,6427.0,694.0
2013-05-04,0.0,5945.0,639.0
2013-05-06,0.0,6340.0,793.0
2013-05-07,0.0,5675.0,734.0
2013-05-08,0.0,6274.0,563.0
2013-05-09,0.0,6323.0,538.0
2013-05-10,0.0,7323.0,516.0
2013-05-11,0.0,7456.0,490.0
2013-05-13,0.0,7708.0,682.0
2013-05-14,0.0,7429.0,660.0
2013-05-15,0.0,6781.0,713.0
2013-05-16,0.0,6417.0,659.0
2013-05-17,0.0,5969.0,556.0
2013-05-18,0.0,6910.0,246.0
2013-05-20,0.0,6344.0,701.0
2013-05-21,0.0,6454.0,680.0
2013-05-22,0.0,4849.0,890.0
2013-05-23,0.0,4868.0,
2013-05-24,0.0,4319.0,624.0
2013-05-25,0.0,4881.0,400.0
2013-05-27,0.0,5123.0,717.0
2013-05-28,0.0,5802.0,554.0
2013-05-29,0.0,4405.0,389.0
2013-05-30,0.0,4731.0,597.0
2013-05-31,0.0,4223.0,817.0
2013-06-01,0.0,3481.0,673.0
2013-06-03,0.0,4490.0,705.0
2013-06-04,0.0,4601.0,797.0
2013-06-05,0.0,3886.0,796.0
2013-06-06,0.0,3826.0,665.0
2013-06-07,0.0,3854.0,775.0
2013-06-08,0.0,4185.0,676.0
2013-06-10,0.0,4626.0,892.0
2013-06-11,0.0,4934.0,683.0
2013-06-12,0.0,5604.0,574.0
2013-06-13,0.0,4997.0,693.0
2013-06-14,0.0,4762.0,844.0
2013-06-15,0.0,5618.0,721.0
2013-06-17,0.0,4751.0,1297.0
2013-06-18,0.0,5481.0,1016.0
2013-06-19,0.0,5880.0,661.0
2013-06-20,0.0,4561.0,727.0
2013-06-21,0.0,3641.0,902.0
2013-06-22,0.0,3234.0,698.0
2013-06-24,0.0,4626.0,616.0
2013-06-25,0.0,4156.0,652.0
2013-06-26,0.0,3517.0,684.0
2013-06-27,0.0,3692.0,618.0
2013-06-28,0.0,4302.0,563.0
2013-06-29,0.0,4653.0,457.0
2013-07-01,0.0,4350.0,814.0
2013-07-02,0.0,4464.0,824.0
2013-07-03,0.0,4131.0,797.0
2013-07-04,0.0,4328.0,647.0
2013-07-05,0.0,3282.0,645.0
2013-07-06,0.0,5001.0,228.0
2013-07-08,0.0,3867.0,699.0
2013-07-09,0.0,4172.0,475.0
2013-07-10,0.0,3637.0,529.0
2013-07-11,0.0,3642.0,483.0
2013-07-12,0.0,3959.0,521.0
2013-07-13,0.0,5527.0,354.0
2013-07-15,0.0,3969.0,588.0
2013-07-16,0.0,6556.0,357.0
2013-07-17,0.0,4083.0,828.0
2013-07-18,0.0,5063.0,597.0
2013-07-19,0.0,4476.0,665.0
2013-07-20,0.0,5902.0,555.0
2013-07-22,0.0,5407.0,863.0
2013-07-23,0.0,4769.0,482.0
2013-07-24,0.0,6027.0,607.0
2013-07-25,0.0,7192.0,560.0
2013-07-26,0.0,5379.0,844.0
2013-07-27,0.0,6355.0,557.0
2013-07-29,0.0,7909.0,607.0
2013-07-30,0.0,7475.0,750.0
2013-07-31,0.0,6899.0,786.0
2013-08-01,0.0,8740.0,574.0
2013-08-02,0.0,7426.0,727.0
2013-08-03,0.0,6034.0,295.0
2013-08-05,0.0,9099.0,526.0
2013-08-06,0.0,7991.0,743.0
2013-08-07,0.0,8282.0,625.0
2013-08-08,0.0,9143.0,533.0
2013-08-09,0.0,10264.0,528.0
2013-08-10,0.0,9674.0,483.0
2013-08-12,0.0,10640.0,691.0
2013-08-13,0.0,9618.0,642.0
2013-08-14,0.0,10431.0,521.0
2013-08-15,0.0,9096.0,598.0
2013-08-16,0.0,9168.0,555.0
2013-08-17,0.0,10970.0,402.0
2013-08-19,0.0,11607.0,664.0
2013-08-20,0.0,11741.0,672.0
2013-08-21,0.0,12034.0,669.0
2013-08-22,0.0,12720.0,647.0
2013-08-23,0.0,12300.0,736.0
2013-08-24,0.0,13856.0,467.0
2013-08-26,0.0,13200.0,943.0
2013-08-27,0.0,14357.0,747.0
2013-08-28,0.0,14036.0,770.0
2013-08-29,0.0,13601.0,827.0
2013-08-30,0.0,13186.0,833.0
2013-08-31,0.0,11203.0,612.0
2013-09-01,0.0,10002.0,1547.0
2013-09-02,0.0,8929.0,1328.0
2013-09-03,0.0,7556.0,717.0
2013-09-04,0.0,9466.0,1399.0
2013-09-05,0.0,9847.0,1351.0
2013-09-06,0.0,10510.0,1313.0
2013-09-07,0.0,11057.0,1205.0
2013-09-09,0.0,9452.0,1843.0
2013-09-11,0.0,10407.0,1526.0
2013-09-12,0.0,9276.0,1192.0
2013-09-13,0.0,8945.0,1544.0
2013-09-14,0.0,9347.0,1176.0
2013-09-16,0.0,8759.0,1627.0
2013-09-17,0.0,11093.0,1015.0
2013-09-18,0.0,12472.0,228.0
2013-09-23,0.0,9266.0,1410.0
2013-09-24,0.0,7295.0,1141.0
2013-09-25,0.0,6530.0,947.0
2013-09-26,0.0,7440.0,533.0
2013-09-27,0.0,6393.0,1077.0
2013-09-28,0.0,4983.0,1175.0
2013-10-01,0.0,6774.0,917.0
2013-10-02,0.0,5753.0,1101.0
2013-10-03,0.0,5547.0,989.0
2013-10-04,0.0,4748.0,1090.0
2013-10-05,0.0,4047.0,987.0
2013-10-07,0.0,4707.0,1090.0
2013-10-08,0.0,4890.0,854.0
2013-10-09,0.0,4865.0,519.0
2013-10-10,0.0,5053.0,736.0
2013-10-11,0.0,3996.0,1022.0
2013-10-12,0.0,3460.0,907.0
2013-10-14,0.0,3547.0,1121.0
2013-10-15,0.0,3381.0,1001.0
2013-10-16,0.0,3544.0,934.0
2013-10-17,0.0,2987.0,781.0
2013-10-18,0.0,3483.0,723.0
2013-10-19,0.0,3391.0,671.0
2013-10-21,0.0,3871.0,895.0
2013-10-22,0.0,3536.0,980.0
2013-10-23,0.0,3705.0,764.0
2013-10-24,0.0,4445.0,586.0
2013-10-25,0.0,3918.0,844.0
2013-10-26,0.0,3938.0,697.0
2013-10-28,0.0,3915.0,881.0
2013-10-29,0.0,3804.0,837.0
2013-10-30,0.0,3730.0,819.0
2013-10-31,0.0,3308.0,925.0
2013-11-01,0.0,3256.0,878.0
2013-11-02,0.0,3484.0,711.0
2013-11-04,0.0,4153.0,794.0
2013-11-05,0.0,3512.0,1026.0
2013-11-06,0.0,3317.0,1091.0
2013-11-07,0.0,3893.0,863.0
2013-11-08,0.0,4855.0,909.0
2013-11-09,0.0,5438.0,1200.0
2013-11-11,0.0,5034.0,1691.0
2013-11-12,0.0,4282.0,1240.0
2013-11-13,0.0,4771.0,1176.0
2013-11-14,0.0,5239.0,1367.0
2013-11-15,0.0,6726.0,1497.0
2013-11-16,0.0,5787.0,2074.0
2013-11-18,0.0,5489.0,1527.0
2013-11-19,0.0,4162.0,1465.0
2013-11-20,0.0,5832.0,1070.0
2013-11-21,0.0,6094.0,1418.0
2013-11-22,0.0,6929.0,1592.0
2013-11-23,0.0,6865.0,1723.0
2013-11-25,0.0,6385.0,1872.0
2013-11-26,0.0,4777.0,1028.0
2013-11-27,0.0,5686.0,1171.0
2013-11-28,0.0,6733.0,794.0
2013-11-29,0.0,7222.0,829.0
2013-11-30,0.0,6748.0,910.0
2013-12-02,0.0,5690.0,1426.0
2013-12-03,0.0,5000.0,880.0
2013-12-04,0.0,4587.0,1143.0
2013-12-05,0.0,4863.0,972.0
2013-12-06,0.0,5245.0,810.0
2013-12-07,0.0,4590.0,885.0
2013-12-09,0.0,4687.0,756.0
2013-12-10,0.0,4497.0,658.0
2013-12-11,0.0,4307.0,403.0
2013-12-12,0.0,4343.0,477.0
2013-12-13,0.0,4091.0,418.0
2013-12-14,0.0,3674.0,409.0
2013-12-16,0.0,4495.0,430.0
2013-12-17,0.0,4222.0,581.0
2013-12-18,0.0,4375.0,478.0
2013-12-19,0.0,4249.0,557.0
2013-12-20,0.0,4430.0,455.0
2013-12-21,0.0,4517.0,326.0
2013-12-23,0.0,4496.0,604.0
2013-12-24,0.0,4240.0,592.0
2013-12-25,0.0,4322.0,346.0
2013-12-26,0.0,4972.0,389.0
2013-12-27,0.0,4078.0,621.0
2013-12-28,0.0,4301.0,302.0
2013-12-30,0.0,4592.0,564.0
2013-12-31,0.0,4400.0,398.0
2014-01-02,0.0,4690.0,
2014-01-03,0.0,4972.0,600.0
2014-01-04,0.0,4560.0,456.0
2014-01-06,0.0,4234.0,770.0
2014-01-07,0.0,4141.0,554.0
2014-01-08,0.0,4298.0,473.0
2014-01-09,0.0,4192.0,509.0
2014-01-10,0.0,3987.0,524.0
2014-01-11,0.0,3530.0,347.0
2014-01-13,0.0,4053.0,602.0
2014-01-14,0.0,3609.0,486.0
2014-01-15,0.0,3841.0,385.0
2014-01-16,0.0,4216.0,437.0
2014-01-17,0.0,3976.0,557.0
2014-01-18,0.0,3634.0,474.0
2014-01-20,0.0,3796.0,738.0
2014-01-21,0.0,3671.0,607.0
2014-01-22,0.0,3194.0,517.0
2014-01-23,0.0,3729.0,611.0
2014-01-24,0.0,3594.0,566.0
2014-01-25,0.0,3567.0,495.0
2014-01-27,0.0,3662.0,777.0
2014-01-28,0.0,3726.0,555.0
2014-01-29,0.0,3782.0,354.0
2014-01-30,0.0,3782.0,47.0
2014-02-03,0.0,4151.0,309.0
2014-02-04,0.0,3713.0,484.0
2014-02-05,0.0,3730.0,406.0
2014-02-06,0.0,3609.0,370.0
2014-02-07,0.0,3658.0,410.0
2014-02-08,0.0,3556.0,564.0
2014-02-10,0.0,3254.0,795.0
2014-02-11,0.0,2855.0,655.0
2014-02-12,0.0,2847.0,569.0
2014-02-13,0.0,2570.0,579.0
2014-02-14,0.0,2551.0,424.0
2014-02-15,0.0,2612.0,389.0
2014-02-17,0.0,2892.0,657.0
2014-02-18,0.0,3045.0,423.0
2014-02-19,0.0,3276.0,385.0
2014-02-20,0.0,3424.0,488.0
2014-02-21,0.0,3417.0,576.0
2014-02-22,0.0,3054.0,474.0
2014-02-24,0.0,2760.0,706.0
2014-02-25,0.0,3017.0,477.0
2014-02-26,0.0,2916.0,588.0
2014-02-27,0.0,3164.0,352.0
2014-02-28,0.0,3082.0,486.0
2014-03-01,0.0,2974.0,524.0
2014-03-03,0.0,3172.0,685.0
2014-03-04,0.0,2834.0,642.0
2014-03-05,0.0,2612.0,649.0
2014-03-06,0.0,2644.0,516.0
2014-03-07,0.0,2892.0,537.0
2014-03-08,0.0,2800.0,492.0
2014-03-10,0.0,2586.0,686.0
2014-03-11,0.0,2954.0,443.0
2014-03-12,0.0,2758.0,638.0
2014-03-13,0.0,2780.0,497.0
2014-03-14,0.0,2602.0,369.0
2014-03-15,0.0,2789.0,420.0
2014-03-17,0.0,2581.0,873.0
2014-03-18,0.0,2453.0,669.0
2014-03-19,0.0,2348.0,445.0
2014-03-20,0.0,2573.0,577.0
2014-03-21,0.0,2183.0,545.0
2014-03-22,0.0,2330.0,338.0
2014-03-24,0.0,3023.0,524.0
2014-03-25,0.0,2776.0,583.0
2014-03-26,0.0,2742.0,435.0
2014-03-27,0.0,2624.0,363.0
2014-03-28,0.0,2903.0,421.0
2014-03-29,0.0,2767.0,363.0
2014-03-31,0.0,2994.0,505.0
2014-04-01,0.0,2733.0,512.0
2014-04-02,0.0,2236.0,569.0
2014-04-03,0.0,2482.0,349.0
2014-04-04,0.0,2298.0,469.0
2014-04-05,0.0,2215.0,325.0
2014-04-07,0.0,2454.0,546.0
2014-04-08,0.0,2389.0,597.0
2014-04-09,0.0,2310.0,476.0
2014-04-10,0.0,2249.0,484.0
2014-04-11,0.0,2200.0,463.0
2014-04-12,0.0,2394.0,314.0
2014-04-14,0.0,2564.0,509.0
2014-04-15,0.0,2347.0,522.0
2014-04-16,0.0,2024.0,416.0
2014-04-17,0.0,2022.0,490.0
2014-04-18,0.0,1941.0,417.0
2014-04-19,0.0,2145.0,280.0
2014-04-21,0.0,2212.0,577.0
2014-04-22,0.0,2339.0,426.0
2014-04-23,0.0,2173.0,556.0
2014-04-24,0.0,2163.0,481.0
2014-04-25,0.0,2192.0,346.0
2014-04-26,0.0,2560.0,272.0
2014-04-28,0.0,2502.0,584.0
2014-04-29,0.0,2474.0,477.0
2014-04-30,0.0,2180.0,509.0
2014-05-01,0.0,2075.0,456.0
2014-05-02,0.0,2457.0,456.0
2014-05-03,0.0,3045.0,325.0
2014-05-05,0.0,3379.0,460.0
2014-05-06,0.0,3344.0,391.0
2014-05-07,0.0,2822.0,641.0
2014-05-08,0.0,2799.0,527.0
2014-05-09,0.0,2247.0,562.0
2014-05-10,0.0,2810.0,277.0
2014-05-12,0.0,2677.0,662.0
2014-05-13,0.0,2411.0,550.0
2014-05-14,0.0,2746.0,578.0
2014-05-15,0.0,2451.0,540.0
2014-05-16,0.0,2551.0,469.0
2014-05-17,0.0,2596.0,342.0
2014-05-19,0.0,2977.0,565.0
2014-05-20,0.0,2800.0,642.0
2014-05-21,0.0,2704.0,627.0
2014-05-22,0.0,2200.0,562.0
2014-05-23,0.0,2374.0,468.0
2014-05-24,0.0,2111.0,314.0
2014-05-26,0.0,2504.0,578.0
2014-05-27,0.0,2500.0,553.0
2014-05-28,0.0,2214.0,603.0
2014-05-29,0.0,2240.0,469.0
2014-05-30,0.0,2033.0,502.0
2014-05-31,0.0,2306.0,288.0
2014-06-02,0.0,2695.0,537.0
2014-06-03,0.0,2919.0,631.0
2014-06-04,0.0,2377.0,472.0
2014-06-05,0.0,2427.0,602.0
2014-06-06,0.0,2476.0,498.0
2014-06-07,0.0,2279.0,412.0
2014-06-09,0.0,2694.0,649.0
2014-06-10,0.0,3677.0,617.0
2014-06-11,0.0,3379.0,622.0
2014-06-12,0.0,3080.0,646.0
2014-06-13,0.0,2865.0,539.0
2014-06-14,0.0,3054.0,409.0
2014-06-16,0.0,3578.0,596.0
2014-06-17,0.0,4018.0,643.0
2014-06-18,0.0,4490.0,673.0
2014-06-19,0.0,4554.0,590.0
2014-06-20,0.0,4652.0,608.0
2014-06-21,0.0,4898.0,505.0
2014-06-23,0.0,4152.0,707.0
2014-06-24,0.0,4627.0,527.0
2014-06-25,0.0,4689.0,644.0
2014-06-26,0.0,5283.0,570.0
2014-06-27,0.0,4968.0,644.0
2014-06-28,0.0,4810.0,582.0
2014-06-30,0.0,5018.0,733.0
2014-07-01,0.0,4908.0,757.0
2014-07-02,0.0,4413.0,646.0
2014-07-03,0.0,5155.0,597.0
2014-07-04,0.0,5738.0,455.0
2014-07-05,0.0,4722.0,681.0
2014-07-07,0.0,5504.0,657.0
2014-07-08,0.0,4419.0,805.0
2014-07-09,0.0,4751.0,578.0
2014-07-10,0.0,4815.0,545.0
2014-07-11,0.0,4637.0,499.0
2014-07-12,0.0,4832.0,486.0
2014-07-14,0.0,5114.0,627.0
2014-07-15,0.0,4862.0,649.0
2014-07-16,0.0,5298.0,531.0
2014-07-17,0.0,6579.0,347.0
2014-07-18,0.0,7142.0,471.0
2014-07-19,0.0,8214.0,329.0
2014-07-21,0.0,6791.0,820.0
2014-07-22,0.0,6822.0,581.0
2014-07-23,0.0,7294.0,673.0
2014-07-24,0.0,7868.0,462.0
2014-07-25,0.0,6822.0,516.0
2014-07-26,0.0,8235.0,444.0
2014-07-28,0.0,6473.0,934.0
2014-07-29,0.0,5958.0,872.0
2014-07-30,0.0,6216.0,710.0
2014-07-31,0.0,5519.0,741.0
2014-08-01,0.0,5388.0,570.0
2014-08-04,0.0,9059.0,437.0
2014-08-05,0.0,7299.0,828.0
2014-08-06,0.0,5925.0,847.0
2014-08-07,0.0,4954.0,885.0
2014-08-08,0.0,7602.0,497.0
2014-08-09,0.0,5628.0,727.0
2014-08-11,0.0,6715.0,704.0
2014-08-12,0.0,5828.0,866.0
2014-08-13,0.0,4427.0,956.0
2014-08-14,0.0,4600.0,898.0
2014-08-15,0.0,5149.0,658.0
2014-08-16,0.0,6158.0,594.0
2014-08-18,0.0,6262.0,846.0
2014-08-19,0.0,6934.0,596.0
2014-08-20,0.0,6974.0,693.0
2014-08-21,0.0,5116.0,959.0
2014-08-22,0.0,6357.0,642.0
2014-08-23,0.0,5612.0,991.0
2014-08-25,0.0,6298.0,1130.0
2014-08-26,0.0,6015.0,908.0
2014-08-27,0.0,6648.0,963.0
2014-08-28,0.0,7503.0,1019.0
2014-08-29,0.0,7057.0,1398.0
2014-08-30,0.0,6749.0,1178.0
2014-09-01,0.0,6028.0,1510.0
2014-09-02,0.0,5448.0,686.0
2014-09-03,0.0,5531.0,635.0
2014-09-04,0.0,9878.0,825.0
2014-09-05,0.0,6555.0,1411.0
2014-09-06,0.0,8181.0,618.0
2014-09-11,0.0,9010.0,911.0
2014-09-12,0.0,7087.0,1054.0
2014-09-13,0.0,5432.0,1010.0
2014-09-15,0.0,5699.0,956.0
2014-09-16,0.0,6039.0,849.0
2014-09-17,0.0,5294.0,841.0
2014-09-18,0.0,5833.0,721.0
2014-09-19,0.0,5537.0,748.0
2014-09-22,0.0,5410.0,1057.0
2014-09-23,0.0,5139.0,1065.0
2014-09-24,0.0,5658.0,872.0
2014-09-25,0.0,6146.0,497.0
2014-09-26,0.0,5396.0,885.0
2014-09-27,0.0,4830.0,763.0
2014-09-29,0.0,5314.0,966.0
2014-10-01,0.0,4574.0,959.0
2014-10-02,0.0,3857.0,1105.0
2014-10-03,0.0,4660.0,848.0
2014-10-04,0.0,4271.0,490.0
2014-10-06,0.0,4344.0,987.0
2014-10-07,0.0,4074.0,955.0
2014-10-08,0.0,3714.0,876.0
2014-10-09,0.0,3360.0,903.0
2014-10-10,0.0,3220.0,790.0
2014-10-11,0.0,3499.0,546.0
2014-10-13,0.0,3008.0,1014.0
2014-10-14,0.0,3844.0,563.0
2014-10-15,0.0,3723.0,746.0
2014-10-16,0.0,4067.0,685.0
2014-10-17,0.0,4080.0,744.0
2014-10-18,0.0,3361.0,758.0
2014-10-20,0.0,3742.0,847.0
2014-10-21,0.0,4101.0,543.0
2014-10-22,0.0,3852.0,400.0
2014-10-23,0.0,3417.0,872.0
2014-10-24,0.0,2895.0,961.0
2014-10-25,0.0,2770.0,932.0
2014-10-27,0.0,2863.0,912.0
2014-10-28,0.0,2980.0,823.0
2014-10-29,0.0,3188.0,631.0
2014-10-30,0.0,3016.0,723.0
2014-10-31,0.0,3078.0,793.0
2014-11-01,0.0,3444.0,498.0
2014-11-03,0.0,3573.0,717.0
2014-11-04,0.0,3188.0,965.0
2014-11-05,0.0,2953.0,881.0
2014-11-06,0.0,3263.0,795.0
2014-11-07,0.0,3408.0,960.0
2014-11-08,0.0,3231.0,1003.0
2014-11-10,0.0,3214.0,1224.0
2014-11-11,0.0,3041.0,1159.0
2014-11-12,0.0,3092.0,948.0
2014-11-13,0.0,3392.0,1070.0
2014-11-14,0.0,3494.0,1533.0
2014-11-15,0.0,3651.0,1577.0
2014-11-17,0.0,3288.0,1839.0
2014-11-18,0.0,2669.0,1242.0
2014-11-19,0.0,2750.0,1473.0
2014-11-20,0.0,3416.0,1459.0
2014-11-21,0.0,3485.0,1872.0
2014-11-22,0.0,3242.0,1502.0
2014-11-24,0.0,2910.0,1629.0
2014-11-25,0.0,2842.0,1160.0
2014-11-26,0.0,3114.0,987.0
2014-11-27,0.0,2948.0,1495.0
2014-11-28,0.0,3380.0,1421.0
2014-11-29,0.0,4396.0,938.0
2014-12-01,0.0,3503.0,1670.0
2014-12-02,0.0,3034.0,706.0
2014-12-03,0.0,2853.0,684.0
2014-12-04,0.0,2981.0,626.0
2014-12-05,0.0,2845.0,896.0
2014-12-06,0.0,4325.0,424.0
2014-12-08,0.0,3269.0,1071.0
2014-12-09,0.0,2896.0,740.0
2014-12-10,0.0,2831.0,976.0
2014-12-11,0.0,2904.0,1120.0
2014-12-12,0.0,2784.0,995.0
2014-12-13,0.0,2726.0,649.0
2014-12-15,0.0,3267.0,615.0
2014-12-16,0.0,2878.0,818.0
2014-12-17,0.0,2498.0,503.0
2014-12-18,0.0,2414.0,268.0
2014-12-19,0.0,3416.0,258.0
2014-12-20,0.0,3840.0,330.0
2014-12-22,0.0,3099.0,866.0
2014-12-23,0.0,3203.0,422.0
2014-12-24,0.0,2765.0,757.0
2014-12-25,0.0,2338.0,474.0
2014-12-26,0.0,2074.0,618.0
2014-12-27,0.0,2388.0,383.0
2014-12-29,0.0,2907.0,647.0
2014-12-30,0.0,3214.0,594.0
2014-12-31,0.0,2926.0,555.0
2015-01-01,0.0,2926.0,
2015-01-02,0.0,2926.0,
2015-01-03,0.0,2821.0,370.0
2015-01-05,0.0,3216.0,834.0
2015-01-06,0.0,3143.0,774.0
2015-01-07,0.0,2674.0,686.0
2015-01-08,0.0,2424.0,479.0
2015-01-09,0.0,2342.0,518.0
2015-01-10,0.0,2342.0,337.0
2015-01-12,0.0,2747.0,531.0
2015-01-13,0.0,2548.0,608.0
2015-01-14,0.0,2627.0,527.0
2015-01-15,0.0,2772.0,462.0
2015-01-16,0.0,3236.0,397.0
2015-01-17,0.0,3130.0,391.0
2015-01-19,0.0,3140.0,599.0
2015-01-20,0.0,2785.0,566.0
2015-01-21,0.0,2936.0,533.0
2015-01-22,0.0,2725.0,509.0
2015-01-23,0.0,2804.0,523.0
2015-01-24,0.0,2898.0,382.0
2015-01-26,0.0,3049.0,694.0
2015-01-27,0.0,3141.0,348.0
2015-01-28,0.0,3065.0,550.0
2015-01-29,0.0,3316.0,471.0
2015-01-30,0.0,3612.0,414.0
2015-01-31,0.0,3416.0,368.0
2015-02-02,0.0,3129.0,725.0
2015-02-03,0.0,3222.0,516.0
2015-02-04,0.0,3165.0,702.0
2015-02-05,0.0,2971.0,607.0
2015-02-06,0.0,3203.0,518.0
2015-02-07,0.0,2806.0,625.0
2015-02-09,0.0,3186.0,678.0
2015-02-10,0.0,4229.0,333.0
2015-02-11,0.0,3878.0,636.0
2015-02-12,0.0,3915.0,722.0
2015-02-13,0.0,3589.0,836.0
2015-02-14,0.0,3605.0,609.0
2015-02-16,0.0,3680.0,855.0
2015-02-17,0.0,4197.0,296.0
2015-02-18,0.0,4197.0,69.0
2015-02-23,0.0,3703.0,704.0
2015-02-24,0.0,3794.0,560.0
2015-02-25,0.0,4525.0,439.0
2015-02-26,0.0,4548.0,587.0
2015-02-27,0.0,4017.0,643.0
2015-02-28,0.0,3897.0,347.0
2015-03-02,0.0,4150.0,672.0
2015-03-03,0.0,4523.0,449.0
2015-03-04,0.0,4810.0,497.0
2015-03-05,0.0,4620.0,499.0
2015-03-06,0.0,4698.0,557.0
2015-03-07,0.0,4408.0,478.0
2015-03-09,0.0,4543.0,754.0
2015-03-10,0.0,4453.0,462.0
2015-03-11,0.0,4808.0,467.0
2015-03-12,0.0,4696.0,583.0
2015-03-13,0.0,4779.0,589.0
2015-03-14,0.0,4956.0,363.0
2015-03-16,0.0,4813.0,745.0
2015-03-17,0.0,4663.0,753.0
2015-03-18,0.0,4978.0,515.0
2015-03-19,0.0,4607.0,493.0
2015-03-20,0.0,4939.0,524.0
2015-03-21,0.0,4770.0,328.0
2015-03-23,0.0,5255.0,650.0
2015-03-24,0.0,4867.0,626.0
2015-03-25,0.0,4883.0,472.0
2015-03-26,0.0,4820.0,481.0
2015-03-27,0.0,4817.0,439.0
2015-03-28,0.0,4956.0,314.0
2015-03-30,0.0,5052.0,605.0
2015-03-31,0.0,4423.0,613.0
2015-04-01,0.0,4480.0,414.0
2015-04-02,0.0,4578.0,416.0
2015-04-03,0.0,4407.0,373.0
2015-04-04,0.0,4416.0,340.0
2015-04-06,0.0,4751.0,639.0
2015-04-07,0.0,4483.0,521.0
2015-04-08,0.0,4235.0,514.0
2015-04-09,0.0,4294.0,464.0
2015-04-10,0.0,4642.0,444.0
2015-04-11,0.0,4897.0,316.0
2015-04-13,0.0,4754.0,533.0
2015-04-14,0.0,4553.0,521.0
2015-04-15,0.0,4839.0,503.0
2015-04-16,0.0,4910.0,457.0
2015-04-17,0.0,5089.0,521.0
2015-04-18,0.0,5376.0,313.0
2015-04-20,0.0,5062.0,585.0
2015-04-21,0.0,5318.0,603.0
2015-04-22,0.0,5063.0,587.0
2015-04-23,0.0,5659.0,457.0
2015-04-24,0.0,5281.0,635.0
2015-04-25,0.0,5591.0,325.0
2015-04-27,0.0,5553.0,499.0
2015-04-28,0.0,5538.0,571.0
2015-04-29,0.0,5945.0,437.0
2015-04-30,0.0,5893.0,469.0
2015-05-01,0.0,6625.0,449.0
2015-05-02,0.0,7151.0,202.0
2015-05-04,0.0,7240.0,563.0
2015-05-05,0.0,6719.0,568.0
2015-05-06,0.0,6596.0,545.0
2015-05-07,0.0,6853.0,528.0
2015-05-08,0.0,6615.0,529.0
2015-05-09,0.0,6371.0,381.0
2015-05-11,0.0,7475.0,491.0
2015-05-12,0.0,8326.0,411.0
2015-05-13,0.0,10052.0,452.0
2015-05-14,0.0,11513.0,422.0
2015-05-15,0.0,12538.0,484.0
2015-05-16,0.0,12585.0,370.0
2015-05-18,0.0,11431.0,757.0
2015-05-19,0.0,11764.0,562.0
2015-05-20,0.0,11087.0,646.0
2015-05-21,0.0,11292.0,545.0
2015-05-22,0.0,9760.0,598.0
2015-05-23,0.0,10844.0,253.0
2015-05-25,0.0,10485.0,477.0
2015-05-26,0.0,10063.0,604.0
2015-05-27,0.0,9196.0,600.0
2015-05-28,0.0,10231.0,525.0
2015-05-29,0.0,8387.0,618.0
2015-05-30,0.0,8161.0,374.0
2015-06-01,0.0,8334.0,556.0
2015-06-02,0.0,8211.0,654.0
2015-06-03,0.0,7214.0,668.0
2015-06-04,0.0,6327.0,615.0
2015-06-05,0.0,6288.0,566.0
2015-06-06,0.0,6625.0,488.0
2015-06-08,0.0,7178.0,565.0
2015-06-09,0.0,7849.0,584.0
2015-06-10,0.0,8933.0,526.0
2015-06-11,0.0,9518.0,497.0
2015-06-12,0.0,7991.0,762.0
2015-06-13,0.0,6324.0,630.0
2015-06-15,0.0,6549.0,872.0
2015-06-16,0.0,5741.0,852.0
2015-06-17,0.0,6406.0,652.0
2015-06-18,0.0,5554.0,764.0
2015-06-19,0.0,5297.0,707.0
2015-06-20,0.0,5921.0,483.0
2015-06-22,0.0,7074.0,651.0
2015-06-23,0.0,7762.0,543.0
2015-06-24,0.0,7375.0,653.0
2015-06-25,0.0,6868.0,674.0
2015-06-26,0.0,7425.0,652.0
2015-06-27,0.0,8295.0,306.0
2015-06-29,0.0,6922.0,885.0
2015-06-30,0.0,6870.0,700.0
2015-07-01,0.0,6775.0,559.0
2015-07-02,0.0,7291.0,458.0
2015-07-03,0.0,7063.0,614.0
2015-07-04,0.0,6936.0,446.0
2015-07-06,0.0,7398.0,669.0
2015-07-07,0.0,7673.0,590.0
2015-07-08,0.0,7213.0,594.0
2015-07-09,0.0,7427.0,478.0
2015-07-10,0.0,7738.0,444.0
2015-07-11,0.0,7544.0,458.0
2015-07-13,0.0,6495.0,693.0
2015-07-14,0.0,7245.0,518.0
2015-07-15,0.0,5783.0,744.0
2015-07-16,0.0,4594.0,703.0
2015-07-17,0.0,5679.0,546.0
2015-07-18,0.0,5181.0,453.0
2015-07-20,0.0,5599.0,672.0
2015-07-21,0.0,4749.0,749.0
2015-07-22,0.0,4809.0,570.0
2015-07-23,0.0,4513.0,658.0
2015-07-24,0.0,4425.0,592.0
2015-07-25,0.0,7884.0,183.0
2015-07-27,0.0,4120.0,1083.0
2015-07-28,0.0,4326.0,779.0
2015-07-29,0.0,4205.0,767.0
2015-07-30,0.0,4509.0,463.0
2015-07-31,0.0,5375.0,553.0
2015-08-03,0.0,4641.0,769.0
2015-08-04,0.0,5161.0,598.0
2015-08-05,0.0,5747.0,553.0
2015-08-06,0.0,6406.0,493.0
2015-08-07,0.0,7208.0,491.0
2015-08-08,0.0,7616.0,471.0
2015-08-10,0.0,7484.0,706.0
2015-08-11,0.0,7328.0,649.0
2015-08-12,0.0,6817.0,729.0
2015-08-13,0.0,7874.0,436.0
2015-08-14,0.0,6995.0,641.0
2015-08-15,0.0,10304.0,276.0
2015-08-17,0.0,7149.0,836.0
2015-08-18,0.0,6027.0,707.0
2015-08-19,0.0,5841.0,678.0
2015-08-20,0.0,6230.0,596.0
2015-08-21,0.0,6445.0,631.0
2015-08-22,0.0,6064.0,460.0
2015-08-24,0.0,6259.0,745.0
2015-08-25,0.0,6953.0,708.0
2015-08-26,0.0,13192.0,212.0
2015-08-27,0.0,6383.0,833.0
2015-08-28,0.0,5262.0,1029.0
2015-08-29,0.0,5419.0,694.0
2015-08-31,0.0,5240.0,990.0
2015-09-01,0.0,5858.0,914.0
2015-09-02,0.0,5550.0,729.0
2015-09-03,0.0,5559.0,648.0
2015-09-04,0.0,4648.0,968.0
2015-09-05,0.0,4983.0,763.0
2015-09-07,0.0,6637.0,651.0
2015-09-08,0.0,5738.0,961.0
2015-09-09,0.0,6142.0,990.0
2015-09-11,0.0,5686.0,937.0
2015-09-12,0.0,5111.0,970.0
2015-09-14,0.0,5075.0,1144.0
2015-09-15,0.0,5221.0,1188.0
2015-09-16,0.0,5618.0,1139.0
2015-09-17,0.0,5905.0,1117.0
2015-09-18,0.0,6112.0,1144.0
2015-09-19,0.0,5283.0,1185.0
2015-09-21,0.0,6059.0,1230.0
2015-09-22,0.0,6811.0,1210.0
2015-09-23,0.0,6669.0,1278.0
2015-09-24,0.0,6659.0,1073.0
2015-09-25,0.0,6007.0,1026.0
2015-09-26,0.0,4565.0,
2015-10-01,0.0,5256.0,794.0
2015-10-02,0.0,6359.0,495.0
2015-10-03,0.0,4896.0,849.0
2015-10-05,0.0,4856.0,1042.0
2015-10-06,0.0,4789.0,934.0
2015-10-07,0.0,4627.0,735.0
2015-10-08,0.0,3996.0,735.0
2015-10-09,0.0,4525.0,594.0
2015-10-10,0.0,4882.0,452.0
2015-10-12,0.0,4361.0,737.0
2015-10-13,0.0,3964.0,755.0
2015-10-14,0.0,4089.0,714.0
2015-10-15,0.0,3656.0,863.0
2015-10-16,0.0,3748.0,692.0
2015-10-17,0.0,3335.0,535.0
2015-10-19,0.0,3845.0,720.0
2015-10-20,0.0,3665.0,726.0
2015-10-21,0.0,3323.0,755.0
2015-10-22,0.0,3284.0,682.0
2015-10-23,0.0,3408.0,635.0
2015-10-24,0.0,3238.0,598.0
2015-10-26,0.0,3174.0,820.0
2015-10-27,0.0,3591.0,608.0
2015-10-28,0.0,4103.0,498.0
2015-10-29,0.0,3391.0,800.0
2015-10-30,0.0,2963.0,815.0
2015-10-31,0.0,3168.0,569.0
2015-11-02,0.0,3247.0,830.0
2015-11-03,0.0,3059.0,918.0
2015-11-04,0.0,3494.0,711.0
2015-11-05,0.0,3352.0,795.0
2015-11-06,0.0,3426.0,823.0
2015-11-07,0.0,3852.0,707.0
2015-11-09,0.0,4954.0,589.0
2015-11-10,0.0,3565.0,841.0
2015-11-11,0.0,3032.0,1040.0
2015-11-12,0.0,4089.0,982.0
2015-11-13,0.0,4756.0,1203.0
2015-11-14,0.0,6422.0,904.0
2015-11-16,0.0,4011.0,1650.0
2015-11-17,0.0,4352.0,1255.0
2015-11-18,0.0,3925.0,1374.0
2015-11-19,0.0,4653.0,1128.0
2015-11-20,0.0,5842.0,1364.0
2015-11-21,0.0,5946.0,1830.0
2015-11-23,0.0,5585.0,1933.0
2015-11-24,0.0,4413.0,1404.0
2015-11-25,0.0,5234.0,1390.0
2015-11-26,0.0,6291.0,1401.0
2015-11-27,0.0,6524.0,1284.0
2015-11-28,0.0,5981.0,1258.0
2015-11-30,0.0,4567.0,1555.0
2015-12-01,0.0,3353.0,1168.0
2015-12-02,0.0,4207.0,1143.0
2015-12-03,0.0,4093.0,1402.0
2015-12-04,0.0,4568.0,861.0
2015-12-05,0.0,3444.0,917.0
2015-12-07,0.0,3199.0,1132.0
2015-12-08,0.0,2964.0,857.0
2015-12-09,0.0,2798.0,750.0
2015-12-10,0.0,3903.0,604.0
2015-12-11,0.0,3382.0,824.0
2015-12-12,0.0,3341.0,654.0
2015-12-14,0.0,3291.0,803.0
2015-12-15,0.0,4003.0,508.0
2015-12-16,0.0,3325.0,659.0
2015-12-17,0.0,3255.0,613.0
2015-12-18,0.0,3047.0,461.0
2015-12-19,0.0,3785.0,313.0
2015-12-21,0.0,3821.0,722.0
2015-12-22,0.0,3574.0,691.0
2015-12-23,0.0,3251.0,556.0
2015-12-24,0.0,3192.0,433.0
2015-12-25,0.0,3621.0,361.0
2015-12-26,0.0,4091.0,252.0
2015-12-28,0.0,5488.0,546.0
2015-12-29,0.0,4392.0,709.0
2015-12-30,0.0,4600.0,573.0
2015-12-31,0.0,4517.0,355.0
2016-01-04,0.0,5163.0,828.0
2016-01-05,0.0,4683.0,625.0
2016-01-06,0.0,4722.0,543.0
2016-01-07,0.0,4634.0,530.0
2016-01-08,0.0,4586.0,539.0
2016-01-09,0.0,3917.0,372.0
2016-01-11,0.0,4412.0,623.0
2016-01-12,0.0,4409.0,435.0
2016-01-13,0.0,4860.0,444.0
2016-01-14,0.0,4936.0,424.0
2016-01-15,0.0,4782.0,517.0
2016-01-16,0.0,4365.0,310.0
2016-01-18,0.0,5102.0,603.0
2016-01-19,0.0,5976.0,304.0
2016-01-20,0.0,5247.0,366.0
2016-01-21,0.0,6123.0,258.0
2016-01-22,0.0,6841.0,413.0
2016-01-23,0.0,6898.0,382.0
2016-01-25,0.0,7102.0,432.0
2016-01-26,0.0,6671.0,411.0
2016-01-27,0.0,6722.0,459.0
2016-01-28,0.0,7015.0,535.0
2016-01-29,0.0,6920.0,593.0
2016-01-30,0.0,6996.0,425.0
2016-02-01,0.0,5889.0,1028.0
2016-02-02,0.0,5936.0,741.0
2016-02-03,0.0,6741.0,680.0
2016-02-04,0.0,6420.0,721.0
2016-02-05,0.0,6646.0,536.0
2016-02-06,0.0,6465.0,254.0
2016-02-11,0.0,7366.0,460.0
2016-02-12,0.0,7729.0,421.0
2016-02-13,0.0,9373.0,250.0
2016-02-15,0.0,8890.0,784.0
2016-02-16,0.0,8551.0,486.0
2016-02-17,0.0,7701.0,607.0
2016-02-18,0.0,7518.0,524.0
2016-02-19,0.0,8113.0,673.0
2016-02-20,0.0,8431.0,441.0
2016-02-22,0.0,9465.0,659.0
2016-02-23,0.0,8265.0,574.0
2016-02-24,0.0,8879.0,580.0
2016-02-25,0.0,8324.0,643.0
2016-02-26,0.0,9051.0,632.0
2016-02-27,0.0,9216.0,393.0
2016-02-29,0.0,9641.0,542.0
2016-03-01,0.0,9570.0,366.0
2016-03-02,0.0,10460.0,371.0
2016-03-03,0.0,10827.0,371.0
2016-03-04,0.0,11232.0,399.0
2016-03-05,0.0,11253.0,222.0
2016-03-07,0.0,11025.0,519.0
2016-03-08,0.0,10345.0,524.0
2016-03-09,0.0,8992.0,453.0
2016-03-10,0.0,10980.0,252.0
2016-03-11,0.0,10381.0,359.0
2016-03-12,0.0,10504.0,323.0
2016-03-14,0.0,10210.0,565.0
2016-03-15,0.0,10360.0,538.0
2016-03-16,0.0,10412.0,410.0
2016-03-17,0.0,10484.0,434.0
2016-03-18,0.0,10167.0,444.0
2016-03-19,0.0,10246.0,238.0
2016-03-21,0.0,10408.0,456.0
2016-03-22,0.0,10611.0,433.0
2016-03-23,0.0,10024.0,502.0
2016-03-24,0.0,10185.0,456.0
2016-03-25,0.0,10419.0,376.0
2016-03-26,0.0,10427.0,264.0
2016-03-28,0.0,11864.0,339.0
2016-03-29,0.0,11869.0,426.0
2016-03-30,0.0,12877.0,432.0
2016-03-31,0.0,12195.0,464.0
2016-04-01,0.0,11965.0,402.0
2016-04-02,0.0,12833.0,282.0
2016-04-04,0.0,13608.0,468.0
2016-04-05,0.0,13707.0,471.0
2016-04-06,0.0,13575.0,473.0
2016-04-07,0.0,13071.0,405.0
2016-04-08,0.0,12826.0,326.0
2016-04-09,0.0,13777.0,193.0
2016-04-11,0.0,14059.0,542.0
2016-04-12,0.0,14619.0,421.0
2016-04-13,0.0,15107.0,417.0
2016-04-14,0.0,16874.0,311.0
2016-04-15,0.0,16893.0,407.0
2016-04-16,0.0,16614.0,286.0
2016-04-18,0.0,16399.0,512.0
2016-04-19,0.0,16304.0,424.0
2016-04-20,0.0,17276.0,330.0
2016-04-21,0.0,16505.0,410.0
2016-04-22,0.0,16633.0,331.0
2016-04-23,0.0,14943.0,303.0
2016-04-25,0.0,16004.0,463.0
2016-04-26,0.0,16077.0,557.0
2016-04-27,0.0,15478.0,596.0
2016-04-28,0.0,15343.0,523.0
2016-04-29,0.0,14259.0,459.0
2016-04-30,0.0,13028.0,309.0
2016-05-02,0.0,13220.0,567.0
2016-05-03,0.0,11881.0,683.0
2016-05-04,0.0,11282.0,390.0
2016-05-05,0.0,10070.0,486.0
2016-05-06,0.0,9630.0,386.0
2016-05-07,0.0,11250.0,165.0
2016-05-09,0.0,10202.0,691.0
2016-05-10,0.0,10221.0,626.0
2016-05-11,0.0,9797.0,573.0
2016-05-12,0.0,9477.0,638.0
2016-05-13,0.0,11236.0,431.0
2016-05-14,0.0,12063.0,325.0
2016-05-16,0.0,13086.0,505.0
2016-05-17,0.0,14104.0,460.0
2016-05-18,0.0,12596.0,617.0
2016-05-19,0.0,11918.0,559.0
2016-05-20,0.0,11413.0,544.0
2016-05-21,0.0,9635.0,480.0
2016-05-23,0.0,10480.0,630.0
2016-05-24,0.0,10352.0,513.0
2016-05-25,0.0,8973.0,563.0
2016-05-26,0.0,9584.0,493.0
2016-05-27,0.0,7630.0,673.0
2016-05-28,0.0,5967.0,448.0
2016-05-30,0.0,7150.0,576.0
2016-05-31,0.0,5872.0,682.0
2016-06-01,0.0,5652.0,534.0
2016-06-02,0.0,5685.0,494.0
2016-06-03,0.0,5767.0,498.0
2016-06-04,0.0,6593.0,306.0
2016-06-06,0.0,5751.0,641.0
2016-06-07,0.0,5349.0,593.0
2016-06-08,0.0,5099.0,628.0
2016-06-09,0.0,4952.0,592.0
2016-06-10,0.0,4545.0,557.0
2016-06-11,0.0,5230.0,306.0
2016-06-13,0.0,4991.0,626.0
2016-06-14,0.0,4520.0,658.0
2016-06-15,0.0,4336.0,702.0
2016-06-16,0.0,4398.0,544.0
2016-06-17,0.0,5696.0,366.0
2016-06-18,0.0,4926.0,643.0
2016-06-20,0.0,5073.0,636.0
2016-06-21,0.0,5572.0,584.0
2016-06-22,0.0,5491.0,753.0
2016-06-23,0.0,6575.0,487.0
2016-06-24,0.0,5658.0,616.0
2016-06-25,0.0,4491.0,444.0
2016-06-27,0.0,6099.0,569.0
2016-06-28,0.0,4914.0,710.0
2016-06-29,0.0,4941.0,577.0
2016-06-30,0.0,4489.0,487.0
2016-07-01,0.0,5288.0,447.0
2016-07-02,0.0,5836.0,414.0
2016-07-04,0.0,5232.0,718.0
2016-07-05,0.0,7588.0,288.0
2016-07-06,0.0,5537.0,519.0
2016-07-07,0.0,6597.0,404.0
2016-07-08,0.0,6223.0,479.0
2016-07-09,0.0,5944.0,500.0
2016-07-11,0.0,6140.0,591.0
2016-07-12,0.0,6341.0,609.0
2016-07-13,0.0,6551.0,395.0
2016-07-14,0.0,7964.0,485.0
2016-07-15,0.0,8086.0,506.0
2016-07-16,0.0,7463.0,547.0
2016-07-18,0.0,7862.0,554.0
2016-07-19,0.0,5679.0,776.0
2016-07-20,0.0,5230.0,633.0
2016-07-21,0.0,5502.0,499.0
2016-07-22,0.0,7792.0,395.0
2016-07-23,0.0,7468.0,399.0
2016-07-25,0.0,7664.0,556.0
2016-07-26,0.0,7299.0,700.0
2016-07-27,0.0,7800.0,627.0
2016-07-28,0.0,9450.0,453.0
2016-07-29,0.0,7572.0,499.0
2016-07-30,0.0,9467.0,409.0
2016-08-01,0.0,9408.0,595.0
2016-08-02,0.0,10127.0,453.0
2016-08-03,0.0,8680.0,522.0
2016-08-04,0.0,9896.0,508.0
2016-08-05,0.0,12136.0,422.0
2016-08-08,0.0,9313.0,730.0
2016-08-09,0.0,10706.0,506.0
2016-08-10,0.0,12163.0,487.0
2016-08-11,0.0,11685.0,463.0
2016-08-12,0.0,12188.0,457.0
2016-08-13,0.0,12230.0,441.0
2016-08-15,0.0,13917.0,476.0
2016-08-16,0.0,15190.0,379.0
2016-08-17,0.0,14690.0,506.0
2016-08-18,0.0,14198.0,488.0
2016-08-19,0.0,15384.0,417.0
2016-08-20,0.0,17259.0,308.0
2016-08-22,0.0,19245.0,470.0
2016-08-23,0.0,19238.0,604.0
2016-08-24,0.0,17304.0,652.0
2016-08-25,0.0,16924.0,579.0
2016-08-26,0.0,16870.0,552.0
2016-08-27,0.0,22864.0,289.0
2016-08-29,0.0,22315.0,707.0
2016-08-30,0.0,24060.0,529.0
2016-08-31,0.0,22592.0,746.0
2016-09-01,0.0,18384.0,987.0
2016-09-02,0.0,15891.0,672.0
2016-09-03,0.0,18557.0,728.0
2016-09-05,0.0,21020.0,1086.0
2016-09-06,0.0,20513.0,1024.0
2016-09-07,0.0,18398.0,1081.0
2016-09-08,0.0,19533.0,1007.0
2016-09-09,0.0,19697.0,900.0
2016-09-12,0.0,17480.0,1195.0
2016-09-13,0.0,23494.0,682.0
2016-09-14,0.0,16277.0,288.0
2016-09-19,0.0,14920.0,737.0
2016-09-21,0.0,16050.0,649.0
2016-09-22,0.0,16664.0,622.0
2016-09-23,0.0,16965.0,599.0
2016-09-24,0.0,18396.0,486.0
2016-09-26,0.0,18694.0,857.0
2016-09-27,0.0,21167.0,673.0
2016-09-28,0.0,21628.0,551.0
2016-09-29,0.0,18136.0,749.0
2016-10-01,0.0,13255.0,750.0
2016-10-03,0.0,13702.0,811.0
2016-10-04,0.0,14450.0,524.0
2016-10-05,0.0,10160.0,1057.0
2016-10-06,0.0,13128.0,530.0
2016-10-07,0.0,9681.0,1009.0
2016-10-08,0.0,7235.0,904.0
2016-10-10,0.0,7916.0,891.0
2016-10-11,0.0,7202.0,980.0
2016-10-12,0.0,8304.0,740.0
2016-10-13,0.0,8696.0,700.0
2016-10-14,0.0,9038.0,686.0
2016-10-15,0.0,9646.0,636.0
2016-10-17,0.0,7849.0,1098.0
2016-10-18,0.0,6926.0,866.0
2016-10-19,0.0,6891.0,853.0
2016-10-20,0.0,6525.0,912.0
2016-10-21,0.0,6046.0,913.0
2016-10-22,0.0,5788.0,701.0
2016-10-24,0.0,5731.0,846.0
2016-10-25,0.0,6011.0,813.0
2016-10-26,0.0,7305.0,390.0
2016-10-27,0.0,5749.0,1018.0
2016-10-28,0.0,5835.0,894.0
2016-10-29,0.0,5390.0,659.0
2016-10-31,0.0,5475.0,891.0
2016-11-01,0.0,5332.0,830.0
2016-11-02,0.0,5365.0,847.0
2016-11-03,0.0,6660.0,576.0
2016-11-04,0.0,6166.0,1074.0
2016-11-05,0.0,6531.0,949.0
2016-11-07,0.0,6486.0,1183.0
2016-11-08,0.0,6479.0,1132.0
2016-11-09,0.0,6462.0,1115.0
2016-11-10,0.0,7173.0,984.0
2016-11-11,0.0,9153.0,990.0
2016-11-12,0.0,9816.0,1272.0
2016-11-14,0.0,8363.0,1933.0
2016-11-15,0.0,8054.0,1476.0
2016-11-16,0.0,7559.0,1342.0
2016-11-17,0.0,9886.0,1110.0
2016-11-18,0.0,10985.0,1481.0
2016-11-19,0.0,9763.0,1558.0
2016-11-21,0.0,8444.0,1710.0
2016-11-22,0.0,7214.0,1651.0
2016-11-23,0.0,9136.0,1294.0
2016-11-24,0.0,9390.0,1489.0
2016-11-25,0.0,9827.0,1348.0
2016-11-26,0.0,7885.0,1503.0
2016-11-28,0.0,9042.0,1192.0
2016-11-29,0.0,8069.0,1330.0
2016-11-30,0.0,7758.0,1230.0
2016-12-01,0.0,8555.0,1153.0
2016-12-02,0.0,9810.0,1073.0
2016-12-03,0.0,8549.0,1099.0
2016-12-05,0.0,8097.0,1264.0
2016-12-06,0.0,7626.0,849.0
2016-12-07,0.0,7592.0,894.0
2016-12-08,0.0,8612.0,605.0
2016-12-09,0.0,8203.0,995.0
2016-12-10,0.0,8114.0,787.0
2016-12-12,0.0,8580.0,737.0
2016-12-13,0.0,7867.0,728.0
2016-12-14,0.0,8617.0,486.0
2016-12-15,0.0,8877.0,569.0
2016-12-16,0.0,9102.0,485.0
2016-12-17,0.0,9127.0,321.0
2016-12-19,0.0,9315.0,525.0
2016-12-20,0.0,9351.0,428.0
2016-12-21,0.0,9107.0,635.0
2016-12-22,0.0,9319.0,514.0
2016-12-23,0.0,8659.0,522.0
2016-12-24,0.0,8040.0,297.0
2016-12-26,0.0,9206.0,418.0
2016-12-27,0.0,9225.0,500.0
2016-12-28,0.0,8696.0,483.0
2016-12-29,0.0,8917.0,288.0
2016-12-30,0.0,9799.0,320.0
2016-12-31,0.0,9799.0,74.0
2017-01-03,0.0,9689.0,710.0
2017-01-04,0.0,9790.0,485.0
2017-01-05,0.0,9332.0,480.0
2017-01-06,0.0,8885.0,640.0
2017-01-07,0.0,8553.0,363.0
2017-01-09,0.0,9075.0,524.0
2017-01-10,0.0,9170.0,491.0
2017-01-11,0.0,8978.0,425.0
2017-01-12,0.0,9124.0,339.0
2017-01-13,0.0,9152.0,410.0
2017-01-14,0.0,8850.0,308.0
2017-01-16,0.0,9058.0,316.0
2017-01-17,0.0,9203.0,366.0
2017-01-18,0.0,9270.0,400.0
2017-01-19,0.0,9013.0,646.0
2017-01-20,0.0,9105.0,575.0
2017-01-21,0.0,8884.0,297.0
2017-01-23,0.0,8647.0,729.0
2017-01-24,0.0,7996.0,551.0
2017-01-25,0.0,8423.0,478.0
2017-01-26,0.0,8165.0,355.0
2017-01-27,0.0,7638.0,93.0
2017-02-01,0.0,9503.0,424.0
2017-02-02,0.0,9648.0,433.0
2017-02-03,0.0,9555.0,294.0
2017-02-04,0.0,9377.0,205.0
2017-02-06,0.0,9621.0,504.0
2017-02-07,0.0,9163.0,485.0
2017-02-08,0.0,9261.0,340.0
2017-02-09,0.0,9204.0,430.0
2017-02-10,0.0,8575.0,362.0
2017-02-11,0.0,8832.0,112.0
2017-02-13,0.0,9426.0,444.0
2017-02-14,0.0,9503.0,433.0
2017-02-15,0.0,9178.0,405.0
2017-02-16,0.0,9668.0,321.0
2017-02-17,0.0,9069.0,454.0
2017-02-18,0.0,9190.0,214.0
2017-02-20,0.0,9080.0,667.0
2017-02-21,0.0,8871.0,406.0
2017-02-22,0.0,8982.0,360.0
2017-02-23,0.0,9363.0,338.0
2017-02-24,0.0,9052.0,495.0
2017-02-25,0.0,8497.0,346.0
2017-02-27,0.0,8754.0,569.0
2017-02-28,0.0,8547.0,488.0
2017-03-01,0.0,8677.0,365.0
2017-03-02,0.0,8648.0,470.0
2017-03-03,0.0,8492.0,416.0
2017-03-04,0.0,9041.0,215.0
2017-03-06,0.0,8738.0,548.0
2017-03-07,0.0,8644.0,365.0
2017-03-08,0.0,8648.0,408.0
2017-03-09,0.0,8411.0,490.0
2017-03-10,0.0,8470.0,438.0
2017-03-11,0.0,8692.0,241.0
2017-03-13,0.0,8537.0,533.0
2017-03-14,0.0,8591.0,488.0
2017-03-15,0.0,7959.0,495.0
2017-03-16,0.0,7317.0,420.0
2017-03-17,0.0,8040.0,345.0
2017-03-18,0.0,7444.0,246.0
2017-03-20,0.0,8109.0,483.0
2017-03-21,0.0,7588.0,533.0
2017-03-22,0.0,6894.0,506.0
2017-03-23,0.0,6855.0,428.0
2017-03-24,0.0,6626.0,401.0
2017-03-25,0.0,6983.0,187.0
2017-03-27,0.0,7019.0,570.0
2017-03-28,0.0,6320.0,564.0
2017-03-29,0.0,6088.0,465.0
2017-03-30,0.0,6934.0,326.0
2017-03-31,0.0,6472.0,429.0
2017-04-01,0.0,7158.0,214.0
2017-04-03,0.0,6672.0,659.0
2017-04-04,0.0,6274.0,608.0
2017-04-05,0.0,5842.0,577.0
2017-04-06,0.0,5672.0,417.0
2017-04-07,0.0,6299.0,371.0
2017-04-08,0.0,6242.0,314.0
2017-04-10,0.0,5771.0,705.0
2017-04-11,0.0,5317.0,528.0
2017-04-12,0.0,4891.0,581.0
2017-04-13,0.0,4887.0,448.0
2017-04-14,0.0,5725.0,355.0
2017-04-15,0.0,5700.0,309.0
2017-04-17,0.0,6015.0,476.0
2017-04-18,0.0,6243.0,478.0
2017-04-19,0.0,6343.0,433.0
2017-04-20,0.0,5761.0,545.0
2017-04-21,0.0,6000.0,467.0
2017-04-22,0.0,6825.0,223.0
2017-04-24,0.0,7000.0,460.0
2017-04-25,0.0,7461.0,486.0
2017-04-26,0.0,7812.0,527.0
2017-04-27,0.0,7404.0,593.0
2017-04-28,0.0,6654.0,540.0
2017-04-29,0.0,5346.0,321.0
2017-05-01,0.0,4553.0,624.0
2017-05-02,0.0,4677.0,479.0
2017-05-03,0.0,4896.0,484.0
2017-05-04,0.0,4467.0,448.0
2017-05-05,0.0,4434.0,490.0
2017-05-06,0.0,4095.0,290.0
2017-05-08,0.0,4201.0,557.0
2017-05-09,0.0,3586.0,534.0
2017-05-10,0.0,4155.0,440.0
2017-05-11,0.0,3828.0,490.0
2017-05-12,0.0,3612.0,670.0
2017-05-13,0.0,2506.0,304.0
2017-05-15,0.0,3636.0,648.0
2017-05-16,0.0,3650.0,642.0
2017-05-17,0.0,3360.0,705.0
2017-05-18,0.0,2965.0,468.0
2017-05-19,0.0,3060.0,404.0
2017-05-20,0.0,3427.0,317.0
2017-05-22,0.0,3736.0,484.0
2017-05-23,0.0,4299.0,497.0
2017-05-24,0.0,3377.0,610.0
2017-05-25,0.0,3212.0,467.0
2017-05-26,0.0,3239.0,458.0
2017-05-27,0.0,3196.0,338.0
2017-05-29,0.0,2934.0,670.0
2017-05-30,0.0,2659.0,529.0
2017-05-31,0.0,2980.0,401.0
2017-06-01,0.0,2695.0,584.0
2017-06-02,0.0,3027.0,450.0
2017-06-03,0.0,2582.0,457.0
2017-06-05,0.0,4167.0,434.0
2017-06-06,0.0,4740.0,476.0
2017-06-07,0.0,5192.0,567.0
2017-06-08,0.0,5220.0,358.0
2017-06-09,0.0,3523.0,721.0
2017-06-10,0.0,2325.0,521.0
2017-06-12,0.0,3003.0,625.0
2017-06-13,0.0,3406.0,553.0
2017-06-14,0.0,3490.0,578.0
2017-06-15,0.0,2839.0,584.0
2017-06-16,0.0,3382.0,516.0
2017-06-17,0.0,3063.0,427.0
2017-06-19,0.0,3108.0,608.0
2017-06-20,0.0,3494.0,505.0
2017-06-21,0.0,3313.0,564.0
2017-06-22,0.0,3395.0,616.0
2017-06-23,0.0,3232.0,576.0
2017-06-24,0.0,3008.0,502.0
2017-06-26,0.0,4003.0,509.0
2017-06-27,0.0,3918.0,601.0
2017-06-28,0.0,3215.0,664.0
2017-06-29,0.0,3212.0,585.0
2017-06-30,0.0,3357.0,624.0
2017-07-01,0.0,3431.0,493.0
2017-07-03,0.0,4016.0,523.0
2017-07-04,0.0,4615.0,514.0
2017-07-05,0.0,4142.0,591.0
2017-07-06,0.0,3319.0,619.0
2017-07-07,0.0,3406.0,501.0
2017-07-08,0.0,4928.0,314.0
2017-07-10,0.0,4432.0,587.0
2017-07-11,0.0,6246.0,276.0
2017-07-12,0.0,10486.0,296.0
2017-07-13,0.0,6771.0,608.0
2017-07-14,0.0,6289.0,541.0
2017-07-15,0.0,7282.0,346.0
2017-07-17,0.0,8877.0,492.0
2017-07-18,0.0,9221.0,538.0
2017-07-19,0.0,9574.0,581.0
2017-07-20,0.0,10251.0,443.0
2017-07-21,0.0,11916.0,378.0
2017-07-22,0.0,16335.0,256.0
2017-07-24,0.0,15383.0,523.0
2017-07-25,0.0,11139.0,477.0
2017-07-26,0.0,14141.0,320.0
2017-07-27,0.0,11404.0,562.0
2017-07-28,0.0,10393.0,599.0
2017-07-29,0.0,11027.0,330.0
2017-07-31,0.0,11593.0,537.0
2017-08-01,0.0,11182.0,438.0
2017-08-02,0.0,11901.0,330.0
2017-08-03,0.0,10782.0,564.0
2017-08-04,0.0,10213.0,552.0
2017-08-07,0.0,11311.0,597.0
2017-08-08,0.0,11515.0,468.0
2017-08-09,0.0,12482.0,430.0
2017-08-10,0.0,14577.0,287.0
2017-08-11,0.0,16235.0,325.0
2017-08-12,0.0,14214.0,427.0
2017-08-14,0.0,15892.0,450.0
2017-08-15,0.0,13866.0,478.0
2017-08-16,0.0,14858.0,347.0
2017-08-17,0.0,13401.0,432.0
2017-08-18,0.0,13528.0,455.0
2017-08-19,0.0,15688.0,327.0
2017-08-21,0.0,15418.0,541.0
2017-08-22,0.0,14191.0,611.0
2017-08-23,0.0,11738.0,633.0
2017-08-24,0.0,10992.0,600.0
2017-08-25,0.0,16171.0,331.0
2017-08-26,0.0,15944.0,440.0
2017-08-28,0.0,16533.0,636.0
2017-08-29,0.0,14542.0,662.0
2017-08-30,0.0,17742.0,394.0
2017-08-31,0.0,17461.0,502.0
2017-09-01,0.0,18203.0,526.0
2017-09-02,0.0,13644.0,1007.0
2017-09-03,0.0,11432.0,1041.0
2017-09-04,0.0,16577.0,896.0
2017-09-05,0.0,15659.0,857.0
2017-09-06,0.0,15947.0,804.0
2017-09-07,0.0,16124.0,645.0
2017-09-08,0.0,14401.0,841.0
2017-09-09,0.0,14347.0,525.0
2017-09-11,0.0,15631.0,813.0
2017-09-12,0.0,16855.0,466.0
2017-09-13,0.0,15147.0,863.0
2017-09-14,0.0,13742.0,896.0
2017-09-15,0.0,13623.0,827.0
2017-09-16,0.0,11643.0,792.0
2017-09-18,0.0,15569.0,746.0
2017-09-19,0.0,13607.0,954.0
2017-09-21,0.0,12400.0,1009.0
2017-09-22,0.0,13776.0,917.0
2017-09-23,0.0,13010.0,892.0
2017-09-25,0.0,12925.0,1207.0
2017-09-26,0.0,12349.0,1048.0
2017-09-27,0.0,13207.0,927.0
2017-09-28,0.0,13299.0,665.0
2017-09-29,0.0,13598.0,884.0
2017-10-02,0.0,14941.0,824.0
2017-10-03,0.0,21451.0,180.0
2017-10-07,0.0,19234.0,97.0
2017-10-09,0.0,10105.0,1264.0
2017-10-10,0.0,7086.0,889.0
2017-10-11,0.0,6836.0,668.0
2017-10-12,0.0,5150.0,530.0
2017-10-13,0.0,4038.0,808.0
2017-10-14,0.0,3986.0,573.0
2017-10-16,0.0,3541.0,890.0
2017-10-17,0.0,3795.0,720.0
2017-10-18,0.0,3123.0,715.0
2017-10-19,0.0,3380.0,653.0
2017-10-20,0.0,3892.0,558.0
2017-10-21,0.0,3828.0,509.0
2017-10-23,0.0,3673.0,753.0
2017-10-24,0.0,3171.0,788.0
2017-10-25,0.0,3421.0,594.0
2017-10-26,0.0,3330.0,653.0
2017-10-27,0.0,3348.0,647.0
2017-10-28,0.0,3051.0,525.0
2017-10-30,0.0,3354.0,728.0
2017-10-31,0.0,3717.0,544.0
2017-11-01,0.0,3726.0,644.0
2017-11-02,0.0,4241.0,638.0
2017-11-03,0.0,4902.0,678.0
2017-11-04,0.0,4973.0,621.0
2017-11-06,0.0,3555.0,1031.0
2017-11-07,0.0,3581.0,950.0
2017-11-08,0.0,4004.0,840.0
2017-11-09,0.0,4084.0,1024.0
2017-11-10,0.0,5450.0,886.0
2017-11-11,0.0,5540.0,1186.0
2017-11-13,0.0,4917.0,1538.0
2017-11-14,0.0,4397.0,1199.0
2017-11-15,0.0,4623.0,1412.0
2017-11-16,0.0,5055.0,1460.0
2017-11-17,0.0,5636.0,1581.0
2017-11-18,0.0,5472.0,1535.0
2017-11-20,0.0,5038.0,1667.0
2017-11-21,0.0,4954.0,1063.0
2017-11-22,0.0,5448.0,1311.0
2017-11-23,0.0,6122.0,1499.0
2017-11-24,0.0,7235.0,1437.0
2017-11-25,0.0,5853.0,1525.0
2017-11-27,0.0,5025.0,1629.0
2017-11-28,0.0,4267.0,1022.0
2017-11-29,0.0,4723.0,1190.0
2017-11-30,0.0,5254.0,1041.0
2017-12-01,0.0,5030.0,1038.0
2017-12-02,0.0,5345.0,717.0
2017-12-04,0.0,5354.0,700.0
2017-12-05,0.0,4788.0,583.0
2017-12-06,0.0,5141.0,374.0
2017-12-07,0.0,5577.0,428.0
2017-12-08,0.0,5234.0,776.0
2017-12-09,0.0,5468.0,442.0
2017-12-11,0.0,5361.0,761.0
2017-12-12,0.0,5357.0,429.0
2017-12-13,0.0,5512.0,194.0
2017-12-14,0.0,5009.0,305.0
2017-12-15,0.0,5856.0,266.0
2017-12-16,0.0,6521.0,304.0
2017-12-18,0.0,5895.0,596.0
2017-12-19,0.0,5439.0,385.0
2017-12-20,0.0,5029.0,526.0
2017-12-21,0.0,4998.0,365.0
2017-12-22,0.0,5279.0,319.0
2017-12-23,0.0,5162.0,400.0
2017-12-25,0.0,5435.0,391.0
2017-12-26,0.0,5348.0,358.0
2017-12-27,0.0,5285.0,407.0
2017-12-28,0.0,5115.0,446.0
2017-12-29,0.0,5346.0,316.0
2017-12-30,0.0,5672.0,248.0
2018-01-03,0.0,6416.0,462.0
2018-01-04,0.0,5261.0,572.0
2018-01-05,0.0,5098.0,439.0
2018-01-06,0.0,4969.0,332.0
2018-01-08,0.0,5237.0,511.0
2018-01-09,0.0,5567.0,229.0
2018-01-10,0.0,5391.0,376.0
2018-01-11,0.0,5505.0,250.0
2018-01-12,0.0,5173.0,197.0
2018-01-13,0.0,5173.0,51.0
2018-01-15,0.0,5460.0,460.0
2018-01-16,0.0,5580.0,368.0
2018-01-17,0.0,5457.0,408.0
2018-01-18,0.0,5375.0,478.0
2018-01-19,0.0,5108.0,449.0
2018-01-20,0.0,5043.0,295.0
2018-01-22,0.0,5498.0,430.0
2018-01-23,0.0,5602.0,430.0
2018-01-24,0.0,5389.0,308.0
2018-01-25,0.0,5498.0,134.0
2018-01-26,0.0,5498.0,61.0
2018-01-27,0.0,7204.0,114.0
2018-01-29,0.0,8549.0,306.0
2018-01-30,0.0,8933.0,349.0
2018-01-31,0.0,8442.0,431.0
2018-02-01,0.0,8840.0,288.0
2018-02-02,0.0,9152.0,368.0
2018-02-03,0.0,9933.0,298.0
2018-02-05,0.0,9387.0,512.0
2018-02-06,0.0,9389.0,424.0
2018-02-07,0.0,8807.0,483.0
2018-02-08,0.0,8028.0,421.0
2018-02-09,0.0,8969.0,429.0
2018-02-10,0.0,7975.0,555.0
2018-02-12,0.0,7479.0,870.0
2018-02-13,0.0,6839.0,610.0
2018-02-14,0.0,7497.0,371.0
2018-02-15,0.0,7497.0,81.0
2018-02-19,0.0,7335.0,464.0
2018-02-20,0.0,6836.0,314.0
2018-02-21,0.0,7379.0,357.0
2018-02-22,0.0,7579.0,344.0
2018-02-23,0.0,7892.0,364.0
2018-02-24,0.0,7735.0,276.0
2018-02-26,0.0,7863.0,619.0
2018-02-27,0.0,8184.0,357.0
2018-02-28,0.0,8603.0,468.0
2018-03-01,0.0,9530.0,207.0
2018-03-02,0.0,8472.0,352.0
2018-03-03,0.0,7950.0,316.0
2018-03-05,0.0,8561.0,515.0
2018-03-06,0.0,7314.0,323.0
2018-03-07,0.0,7933.0,490.0
2018-03-08,0.0,8440.0,546.0
2018-03-09,0.0,7448.0,348.0
2018-03-10,0.0,7866.0,300.0
2018-03-12,0.0,8410.0,532.0
2018-03-13,0.0,7232.0,589.0
2018-03-14,0.0,6543.0,480.0
2018-03-15,0.0,6867.0,304.0
2018-03-16,0.0,8625.0,246.0
2018-03-17,0.0,8476.0,218.0
2018-03-19,0.0,8632.0,581.0
2018-03-20,0.0,7588.0,465.0
2018-03-21,0.0,8540.0,361.0
2018-03-22,0.0,8816.0,308.0
2018-03-23,0.0,7458.0,368.0
2018-03-24,0.0,6934.0,280.0
2018-03-26,0.0,8631.0,472.0
2018-03-27,0.0,8365.0,444.0
2018-03-28,0.0,7392.0,446.0
2018-03-29,0.0,8028.0,384.0
2018-03-30,0.0,7915.0,324.0
2018-03-31,0.0,7882.0,246.0
2018-04-02,0.0,8474.0,547.0
2018-04-03,0.0,7382.0,526.0
2018-04-04,0.0,7956.0,452.0
2018-04-05,0.0,8153.0,362.0
2018-04-06,0.0,7456.0,391.0
2018-04-07,0.0,5931.0,215.0
2018-04-09,0.0,7235.0,514.0
2018-04-10,0.0,7440.0,492.0
2018-04-11,0.0,7461.0,476.0
2018-04-12,0.0,6418.0,385.0
2018-04-13,0.0,6794.0,325.0
2018-04-14,0.0,8060.0,207.0
2018-04-16,0.0,7582.0,519.0
2018-04-17,0.0,7097.0,494.0
2018-04-18,0.0,6983.0,482.0
2018-04-19,0.0,6255.0,365.0
2018-04-20,0.0,7090.0,398.0
2018-04-21,0.0,6947.0,219.0
2018-04-23,0.0,7341.0,447.0
2018-04-24,0.0,6682.0,405.0
2018-04-25,0.0,6303.0,425.0
2018-04-26,0.0,6604.0,376.0
2018-04-27,0.0,6257.0,428.0
2018-04-28,0.0,6823.0,236.0
2018-04-30,0.0,6141.0,575.0
2018-05-01,0.0,5790.0,452.0
2018-05-02,0.0,5754.0,488.0
2018-05-03,0.0,5269.0,432.0
2018-05-04,0.0,5419.0,330.0
2018-05-05,0.0,5741.0,256.0
2018-05-07,0.0,5891.0,491.0
2018-05-08,0.0,5918.0,489.0
2018-05-09,0.0,5278.0,513.0
2018-05-10,0.0,5245.0,413.0
2018-05-11,0.0,5478.0,410.0
2018-05-12,0.0,5982.0,202.0
2018-05-14,0.0,5887.0,471.0
2018-05-15,0.0,5275.0,633.0
2018-05-16,0.0,4725.0,546.0
2018-05-17,0.0,4036.0,542.0
2018-05-18,0.0,2824.0,436.0
2018-05-19,0.0,3047.0,189.0
2018-05-21,0.0,3440.0,523.0
2018-05-22,0.0,3472.0,529.0
2018-05-23,0.0,3103.0,481.0
2018-05-24,0.0,3324.0,360.0
2018-05-25,0.0,4146.0,407.0
2018-05-26,0.0,4385.0,379.0
2018-05-28,0.0,4147.0,541.0
2018-05-29,0.0,4218.0,456.0
2018-05-30,0.0,3683.0,460.0
2018-05-31,0.0,3789.0,415.0
2018-06-01,0.0,3948.0,464.0
2018-06-02,0.0,3640.0,379.0
2018-06-04,0.0,3063.0,716.0
2018-06-05,0.0,3844.0,444.0
2018-06-06,0.0,3114.0,545.0
2018-06-07,0.0,2912.0,495.0
2018-06-08,0.0,3145.0,548.0
2018-06-09,0.0,3095.0,366.0
2018-06-11,0.0,3650.0,539.0
2018-06-12,0.0,3761.0,654.0
2018-06-13,0.0,3816.0,464.0
2018-06-14,0.0,4631.0,443.0
2018-06-15,0.0,4544.0,503.0
2018-06-16,0.0,4879.0,374.0
2018-06-18,0.0,3809.0,726.0
2018-06-19,0.0,3896.0,538.0
2018-06-20,0.0,3675.0,791.0
2018-06-21,0.0,3946.0,516.0
2018-06-22,0.0,4017.0,449.0
2018-06-23,0.0,4701.0,341.0
2018-06-25,0.0,5354.0,507.0
2018-06-26,0.0,6209.0,704.0
2018-06-27,0.0,6015.0,583.0
2018-06-28,0.0,4704.0,596.0
2018-06-29,0.0,3888.0,710.0
2018-06-30,0.0,3322.0,500.0
2018-07-02,0.0,5995.0,305.0
2018-07-03,0.0,5259.0,460.0
2018-07-04,0.0,4630.0,502.0
2018-07-05,0.0,3672.0,579.0
2018-07-06,0.0,4619.0,346.0
2018-07-07,0.0,6799.0,390.0
2018-07-09,0.0,6502.0,717.0
2018-07-10,0.0,6358.0,462.0
2018-07-11,0.0,8636.0,199.0
2018-07-12,0.0,7303.0,347.0
2018-07-13,0.0,5877.0,493.0
2018-07-14,0.0,8334.0,322.0
2018-07-16,0.0,7140.0,618.0
2018-07-17,0.0,7705.0,582.0
2018-07-18,0.0,8182.0,460.0
2018-07-19,0.0,7256.0,450.0
2018-07-20,0.0,11180.0,463.0
2018-07-21,0.0,10705.0,330.0
2018-07-23,0.0,8532.0,616.0
2018-07-24,0.0,8941.0,456.0
2018-07-25,0.0,12604.0,291.0
2018-07-26,0.0,11726.0,403.0
2018-07-27,0.0,12634.0,333.0
2018-07-28,0.0,11722.0,274.0
2018-07-30,0.0,11828.0,469.0
2018-07-31,0.0,12435.0,396.0
2018-08-01,0.0,11825.0,433.0
2018-08-02,0.0,10602.0,545.0
2018-08-03,0.0,8291.0,425.0
2018-08-06,0.0,10108.0,600.0
2018-08-07,0.0,10914.0,424.0
2018-08-08,0.0,11691.0,379.0
2018-08-09,0.0,12356.0,409.0
2018-08-10,0.0,10446.0,429.0
2018-08-11,0.0,11261.0,251.0
2018-08-13,0.0,13008.0,549.0
2018-08-14,0.0,15174.0,386.0
2018-08-15,0.0,16841.0,310.0
2018-08-16,0.0,17085.0,329.0
2018-08-17,0.0,18410.0,306.0
2018-08-18,0.0,20659.0,330.0
2018-08-20,0.0,17439.0,519.0
2018-08-21,0.0,19494.0,372.0
2018-08-22,0.0,20025.0,413.0
2018-08-23,0.0,22998.0,328.0
2018-08-24,0.0,22995.0,175.0
2018-08-25,0.0,20754.0,265.0
2018-08-27,0.0,15954.0,601.0
2018-08-28,0.0,16713.0,328.0
2018-08-29,0.0,13212.0,590.0
2018-08-30,0.0,10935.0,422.0
2018-08-31,0.0,12749.0,438.0
2018-09-01,0.0,11904.0,775.0
2018-09-02,0.0,8580.0,1112.0
2018-09-03,0.0,9237.0,872.0
2018-09-04,0.0,12054.0,518.0
2018-09-05,0.0,11422.0,584.0
2018-09-06,0.0,9666.0,795.0
2018-09-07,0.0,10736.0,848.0
2018-09-08,0.0,9138.0,658.0
2018-09-11,0.0,10557.0,804.0
2018-09-12,0.0,10634.0,854.0
2018-09-13,0.0,11801.0,885.0
2018-09-14,0.0,9760.0,1123.0
2018-09-15,0.0,10593.0,844.0
2018-09-17,0.0,8085.0,1370.0
2018-09-18,0.0,8933.0,1283.0
2018-09-19,0.0,9346.0,1169.0
2018-09-21,0.0,8402.0,650.0
2018-09-22,0.0,9565.0,278.0
2018-09-27,0.0,8122.0,1067.0
2018-09-28,0.0,4927.0,922.0
2018-09-29,0.0,5046.0,513.0
2018-10-01,0.0,5860.0,677.0
2018-10-02,0.0,5476.0,715.0
2018-10-03,0.0,5455.0,699.0
2018-10-04,0.0,5668.0,710.0
2018-10-05,0.0,6949.0,505.0
2018-10-06,0.0,11608.0,108.0
2018-10-08,0.0,6079.0,908.0
2018-10-09,0.0,4532.0,974.0
2018-10-10,0.0,4845.0,779.0
2018-10-11,0.0,5010.0,665.0
2018-10-12,0.0,4552.0,645.0
2018-10-13,0.0,4673.0,467.0
2018-10-15,0.0,5495.0,705.0
2018-10-16,0.0,5527.0,585.0
2018-10-17,0.0,6606.0,473.0
2018-10-18,0.0,5807.0,658.0
2018-10-19,0.0,6400.0,546.0
2018-10-20,0.0,4972.0,497.0
2018-10-22,0.0,5283.0,738.0
2018-10-23,0.0,4787.0,672.0
2018-10-24,0.0,4658.0,680.0
2018-10-25,0.0,5469.0,467.0
2018-10-26,0.0,5665.0,557.0
2018-10-27,0.0,5992.0,266.0
2018-10-29,0.0,5923.0,604.0
2018-10-30,0.0,5885.0,662.0
2018-10-31,0.0,5837.0,802.0
2018-11-01,0.0,5551.0,678.0
2018-11-02,0.0,5517.0,717.0
2018-11-03,0.0,5363.0,615.0
2018-11-05,0.0,5275.0,890.0
2018-11-06,0.0,5039.0,760.0
2018-11-07,0.0,4523.0,876.0
2018-11-08,0.0,6110.0,558.0
2018-11-09,0.0,6519.0,628.0
2018-11-10,0.0,5322.0,1076.0
2018-11-12,0.0,4976.0,1570.0
2018-11-13,0.0,4777.0,1164.0
2018-11-14,0.0,4825.0,1286.0
2018-11-15,0.0,5855.0,1131.0
2018-11-16,0.0,5385.0,1897.0
2018-11-17,0.0,5204.0,1598.0
2018-11-19,0.0,4438.0,1697.0
2018-11-20,0.0,3987.0,1168.0
2018-11-21,0.0,4858.0,1430.0
2018-11-22,0.0,5664.0,1495.0
2018-11-23,0.0,5721.0,1734.0
2018-11-24,0.0,4413.0,1390.0
2018-11-26,0.0,4501.0,1090.0
2018-11-27,0.0,3755.0,1108.0
2018-11-28,0.0,3954.0,1111.0
2018-11-29,0.0,4532.0,987.0
2018-11-30,0.0,5757.0,955.0
2018-12-01,0.0,4774.0,1115.0
2018-12-03,0.0,4571.0,1040.0
2018-12-04,0.0,4289.0,668.0
2018-12-05,0.0,4275.0,595.0
2018-12-06,0.0,3790.0,674.0
2018-12-07,0.0,4279.0,552.0
2018-12-08,0.0,3981.0,330.0
2018-12-10,0.0,4557.0,253.0
2018-12-11,0.0,4869.0,258.0
2018-12-12,0.0,4827.0,433.0
2018-12-13,0.0,4011.0,669.0
2018-12-14,0.0,3278.0,508.0
2018-12-15,0.0,2659.0,244.0
2018-12-17,0.0,3541.0,348.0
2018-12-18,0.0,3240.0,488.0
2018-12-19,0.0,2761.0,506.0
2018-12-20,0.0,2789.0,260.0
2018-12-21,0.0,2747.0,427.0
2018-12-22,0.0,3484.0,170.0
2018-12-24,0.0,3281.0,421.0
2018-12-25,0.0,2963.0,332.0
2018-12-26,0.0,2936.0,361.0
2018-12-27,0.0,2935.0,367.0
2018-12-28,0.0,3075.0,230.0
2018-12-29,0.0,3342.0,65.0
2018-12-31,0.0,4650.0,118.0
2019-01-03,0.0,3421.0,779.0
2019-01-04,0.0,2791.0,449.0
2019-01-05,0.0,3209.0,229.0
2019-01-07,0.0,2983.0,384.0
2019-01-08,0.0,2788.0,324.0
2019-01-09,0.0,2522.0,336.0
2019-01-10,0.0,2775.0,381.0
2019-01-11,0.0,2856.0,363.0
2019-01-12,0.0,2479.0,182.0
2019-01-14,0.0,2929.0,342.0
2019-01-15,0.0,3323.0,250.0
2019-01-16,0.0,3184.0,362.0
2019-01-17,0.0,2754.0,407.0
2019-01-18,0.0,2503.0,395.0
2019-01-19,0.0,2556.0,165.0
2019-01-21,0.0,2662.0,388.0
2019-01-22,0.0,2702.0,291.0
2019-01-23,0.0,2718.0,349.0
2019-01-24,0.0,2656.0,333.0
2019-01-25,0.0,2683.0,307.0
2019-01-26,0.0,3104.0,199.0
2019-01-28,0.0,3132.0,498.0
2019-01-29,0.0,3035.0,477.0
2019-01-30,0.0,2593.0,556.0
2019-01-31,0.0,2549.0,394.0
2019-02-01,0.0,2997.0,337.0
2019-02-02,0.0,3355.0,194.0
2019-02-04,0.0,3355.0,41.0
2019-02-08,0.0,3372.0,445.0
2019-02-09,0.0,3095.0,185.0
2019-02-11,0.0,3045.0,440.0
2019-02-12,0.0,2930.0,347.0
2019-02-13,0.0,2775.0,306.0
2019-02-14,0.0,2804.0,339.0
2019-02-15,0.0,2682.0,391.0
2019-02-16,0.0,2527.0,287.0
2019-02-18,0.0,2650.0,332.0
2019-02-19,0.0,2799.0,305.0
2019-02-20,0.0,2764.0,235.0
2019-02-21,0.0,2535.0,287.0
2019-02-22,0.0,2557.0,342.0
2019-02-23,0.0,2489.0,253.0
2019-02-25,0.0,2276.0,382.0
2019-02-26,0.0,2378.0,399.0
2019-02-27,0.0,2565.0,297.0
2019-02-28,0.0,2589.0,359.0
2019-03-01,0.0,2699.0,337.0
2019-03-02,0.0,2739.0,289.0
2019-03-04,0.0,2302.0,628.0
2019-03-05,0.0,2419.0,304.0
2019-03-06,0.0,2293.0,315.0
2019-03-07,0.0,2547.0,330.0
2019-03-08,0.0,2406.0,387.0
2019-03-09,0.0,2438.0,317.0
2019-03-11,0.0,2470.0,393.0
2019-03-12,0.0,2687.0,280.0
2019-03-13,0.0,2817.0,365.0
2019-03-14,0.0,2504.0,435.0
2019-03-15,0.0,2544.0,310.0
2019-03-16,0.0,2122.0,156.0
2019-03-18,0.0,2561.0,483.0
2019-03-19,0.0,2349.0,417.0
2019-03-20,0.0,2399.0,311.0
2019-03-21,0.0,2416.0,278.0
2019-03-22,0.0,2343.0,251.0
2019-03-23,0.0,2370.0,185.0
2019-03-25,0.0,2744.0,337.0
2019-03-26,0.0,2599.0,391.0
2019-03-27,0.0,2429.0,287.0
2019-03-28,0.0,2428.0,339.0
2019-03-29,0.0,2477.0,332.0
2019-03-30,0.0,2542.0,170.0
2019-04-01,0.0,2496.0,396.0
2019-04-02,0.0,2653.0,354.0
2019-04-03,0.0,2365.0,407.0
2019-04-04,0.0,2301.0,328.0
2019-04-05,0.0,2431.0,312.0
2019-04-06,0.0,2765.0,116.0
2019-04-08,0.0,2421.0,475.0
2019-04-09,0.0,2413.0,377.0
2019-04-10,0.0,2350.0,328.0
2019-04-11,0.0,2384.0,295.0
2019-04-12,0.0,2339.0,378.0
2019-04-13,0.0,2618.0,144.0
2019-04-15,0.0,3023.0,319.0
2019-04-16,0.0,2786.0,412.0
2019-04-17,0.0,2667.0,447.0
2019-04-18,0.0,2645.0,478.0
2019-04-19,0.0,2697.0,455.0
2019-04-20,0.0,2966.0,182.0
2019-04-22,0.0,2601.0,483.0
2019-04-23,0.0,2620.0,295.0
2019-04-24,0.0,2651.0,356.0
2019-04-25,0.0,2582.0,331.0
2019-04-26,0.0,2408.0,329.0
2019-04-27,0.0,2707.0,149.0
2019-04-29,0.0,2675.0,322.0
2019-04-30,0.0,2903.0,361.0
2019-05-01,0.0,2480.0,432.0
2019-05-02,0.0,2632.0,299.0
2019-05-03,0.0,2605.0,311.0
2019-05-04,0.0,2611.0,215.0
2019-05-06,0.0,2926.0,319.0
2019-05-07,0.0,3487.0,310.0
2019-05-08,0.0,3172.0,484.0
2019-05-09,0.0,3083.0,357.0
2019-05-10,0.0,3052.0,303.0
2019-05-11,0.0,3222.0,190.0
2019-05-13,0.0,3186.0,419.0
2019-05-14,0.0,3300.0,355.0
2019-05-15,0.0,3608.0,257.0
2019-05-16,0.0,3520.0,302.0
2019-05-17,0.0,3364.0,337.0
2019-05-18,0.0,3221.0,187.0
2019-05-20,0.0,3938.0,318.0
2019-05-21,0.0,3485.0,397.0
2019-05-22,0.0,3166.0,395.0
2019-05-23,0.0,3548.0,332.0
2019-05-24,0.0,3538.0,328.0
2019-05-25,0.0,2965.0,243.0
2019-05-27,0.0,4209.0,343.0
2019-05-28,0.0,4854.0,379.0
2019-05-29,0.0,4744.0,405.0
2019-05-30,0.0,3227.0,402.0
2019-05-31,0.0,3706.0,402.0
2019-06-01,0.0,3762.0,235.0
2019-06-03,0.0,4520.0,425.0
2019-06-04,0.0,4988.0,479.0
2019-06-05,0.0,5232.0,401.0
2019-06-06,0.0,4631.0,423.0
2019-06-07,0.0,5424.0,310.0
2019-06-08,0.0,5312.0,152.0
2019-06-10,0.0,5167.0,520.0
2019-06-11,0.0,6151.0,361.0
2019-06-12,0.0,6047.0,438.0
2019-06-13,0.0,4977.0,397.0
2019-06-14,0.0,5355.0,318.0
2019-06-15,0.0,5325.0,274.0
2019-06-17,0.0,6360.0,391.0
2019-06-18,0.0,7053.0,344.0
2019-06-19,0.0,5416.0,509.0
2019-06-20,0.0,5155.0,409.0
2019-06-21,0.0,5623.0,332.0
2019-06-22,0.0,5066.0,351.0
2019-06-24,0.0,5182.0,529.0
2019-06-25,0.0,5878.0,388.0
2019-06-26,0.0,6426.0,315.0
2019-06-27,0.0,6207.0,350.0
2019-06-28,0.0,8676.0,240.0
2019-06-29,0.0,5963.0,430.0
2019-07-01,0.0,5300.0,619.0
2019-07-02,0.0,5245.0,563.0
2019-07-03,0.0,4593.0,506.0
2019-07-04,0.0,5029.0,372.0
2019-07-05,0.0,5864.0,312.0
2019-07-06,0.0,5734.0,301.0
2019-07-08,0.0,5697.0,490.0
2019-07-09,0.0,5691.0,423.0
2019-07-10,0.0,6571.0,347.0
2019-07-11,0.0,8537.0,324.0
2019-07-12,0.0,7146.0,339.0
2019-07-13,0.0,7571.0,307.0
2019-07-15,0.0,5322.0,637.0
2019-07-16,0.0,5407.0,496.0
2019-07-17,0.0,7236.0,257.0
2019-07-18,0.0,4613.0,681.0
2019-07-19,0.0,4691.0,374.0
2019-07-20,0.0,4320.0,339.0
2019-07-22,0.0,8524.0,259.0
2019-07-23,0.0,4430.0,626.0
2019-07-24,0.0,3576.0,505.0
2019-07-25,0.0,5415.0,355.0
2019-07-26,0.0,5011.0,387.0
2019-07-27,0.0,9266.0,146.0
2019-07-29,0.0,5379.0,509.0
2019-07-30,0.0,5846.0,
2019-07-31,0.0,5759.0,383.0
2019-08-01,0.0,6523.0,421.0
2019-08-02,0.0,5627.0,463.0
2019-08-05,0.0,6324.0,437.0
2019-08-06,0.0,6488.0,491.0
2019-08-07,0.0,7782.0,478.0
2019-08-08,0.0,6841.0,616.0
2019-08-09,0.0,7068.0,392.0
2019-08-10,0.0,6946.0,431.0
2019-08-12,0.0,7650.0,458.0
2019-08-13,0.0,5776.0,577.0
2019-08-14,0.0,6171.0,366.0
2019-08-15,0.0,6495.0,413.0
2019-08-16,0.0,6542.0,491.0
2019-08-17,0.0,8322.0,478.0
2019-08-19,0.0,6189.0,722.0
2019-08-20,0.0,5629.0,661.0
2019-08-21,0.0,5447.0,507.0
2019-08-22,0.0,6689.0,437.0
2019-08-23,0.0,7247.0,466.0
2019-08-24,0.0,6637.0,482.0
2019-08-26,0.0,8541.0,557.0
2019-08-27,0.0,8600.0,581.0
2019-08-28,0.0,8704.0,459.0
2019-08-29,0.0,8829.0,647.0
2019-08-30,0.0,8442.0,700.0
2019-08-31,0.0,7789.0,673.0
2019-09-01,0.0,13537.0,707.0
2019-09-02,0.0,14059.0,485.0
2019-09-03,0.0,19488.0,460.0
2019-09-04,0.0,15776.0,588.0
2019-09-05,0.0,12345.0,909.0
2019-09-06,0.0,10025.0,838.0
2019-09-07,0.0,11010.0,671.0
2019-09-09,0.0,11949.0,858.0
2019-09-11,0.0,11066.0,619.0
2019-09-12,0.0,9742.0,108.0
2019-09-16,0.0,12149.0,480.0
2019-09-17,0.0,12924.0,420.0
2019-09-18,0.0,15962.0,340.0
2019-09-19,0.0,16024.0,382.0
2019-09-21,0.0,16404.0,273.0
2019-09-23,0.0,24184.0,315.0
2019-09-24,0.0,13848.0,432.0
2019-09-25,0.0,15927.0,368.0
2019-09-26,0.0,19130.0,362.0
2019-09-27,0.0,17256.0,428.0
2019-09-28,0.0,19104.0,257.0
2019-10-01,0.0,20670.0,488.0
2019-10-02,0.0,21168.0,520.0
2019-10-03,0.0,22068.0,423.0
2019-10-04,0.0,19619.0,436.0
2019-10-05,0.0,12609.0,528.0
2019-10-07,0.0,13727.0,725.0
2019-10-08,0.0,11217.0,543.0
2019-10-09,0.0,12920.0,436.0
2019-10-10,0.0,13496.0,450.0
2019-10-11,0.0,13621.0,536.0
2019-10-12,0.0,12999.0,518.0
2019-10-14,0.0,13440.0,613.0
2019-10-15,0.0,14565.0,482.0
2019-10-16,0.0,14911.0,714.0
2019-10-17,0.0,13330.0,710.0
2019-10-18,0.0,11654.0,590.0
2019-10-19,0.0,11623.0,398.0
2019-10-21,0.0,10104.0,797.0
2019-10-22,0.0,10256.0,472.0
2019-10-23,0.0,10660.0,499.0
2019-10-24,0.0,9343.0,638.0
2019-10-25,0.0,10179.0,553.0
2019-10-26,0.0,8502.0,550.0
2019-10-28,0.0,9339.0,583.0
2019-10-29,0.0,8984.0,654.0
2019-10-30,0.0,9013.0,565.0
2019-10-31,0.0,9092.0,487.0
2019-11-01,0.0,9141.0,635.0
2019-11-02,0.0,8721.0,512.0
2019-11-04,0.0,8657.0,779.0
2019-11-05,0.0,8153.0,748.0
2019-11-06,0.0,7735.0,754.0
2019-11-07,0.0,7373.0,705.0
2019-11-08,0.0,7930.0,694.0
2019-11-09,0.0,9251.0,539.0
2019-11-11,0.0,9098.0,919.0
2019-11-12,0.0,8466.0,1008.0
2019-11-13,0.0,8279.0,930.0
2019-11-14,0.0,9025.0,815.0
2019-11-15,0.0,9156.0,1159.0
2019-11-16,0.0,9829.0,954.0
2019-11-18,0.0,9783.0,1113.0
2019-11-19,0.0,9196.0,896.0
2019-11-20,0.0,9755.0,875.0
2019-11-21,0.0,9728.0,1092.0
2019-11-22,0.0,11195.0,1083.0
2019-11-23,0.0,10299.0,1348.0
2019-11-25,0.0,9163.0,1431.0
2019-11-26,0.0,8174.0,926.0
2019-11-27,0.0,7319.0,1029.0
2019-11-28,0.0,8588.0,864.0
2019-11-29,0.0,9473.0,938.0
2019-11-30,0.0,8524.0,1042.0
2019-12-02,0.0,9158.0,747.0
2019-12-03,0.0,8078.0,448.0
2019-12-04,0.0,8103.0,592.0
2019-12-05,0.0,8716.0,613.0
2019-12-06,0.0,9263.0,614.0
2019-12-07,0.0,8678.0,478.0
2019-12-09,0.0,8754.0,605.0
2019-12-10,0.0,8820.0,403.0
2019-12-11,0.0,8765.0,524.0
2019-12-12,0.0,8578.0,467.0
2019-12-13,0.0,8522.0,447.0
2019-12-14,0.0,8725.0,269.0
2019-12-16,0.0,8863.0,474.0
2019-12-17,0.0,8653.0,394.0
2019-12-18,0.0,8578.0,296.0
2019-12-19,0.0,8664.0,390.0
2019-12-20,0.0,8052.0,420.0
2019-12-21,0.0,7991.0,294.0
2019-12-23,0.0,8569.0,376.0
2019-12-24,0.0,8570.0,386.0
2019-12-25,0.0,7938.0,417.0
2019-12-26,0.0,8154.0,186.0
2019-12-27,0.0,9036.0,263.0
2019-12-28,0.0,9300.0,254.0
2019-12-30,0.0,9846.0,440.0
2019-12-31,0.0,9979.0,142.0
2020-01-03,0.0,9494.0,708.0
2020-01-04,0.0,8902.0,465.0
2020-01-06,0.0,9078.0,452.0
2020-01-07,0.0,9958.0,340.0
2020-01-08,0.0,9258.0,390.0
2020-01-09,0.0,9051.0,316.0
2020-01-10,0.0,9168.0,431.0
2020-01-11,0.0,8736.0,297.0
2020-01-13,0.0,8432.0,552.0
2020-01-14,0.0,8408.0,370.0
2020-01-15,0.0,8564.0,338.0
2020-01-16,0.0,9036.0,329.0
2020-01-17,0.0,8885.0,414.0
2020-01-18,0.0,8612.0,381.0
2020-01-20,0.0,8940.0,428.0
2020-01-21,0.0,9030.0,398.0
2020-01-22,0.0,9269.0,327.0
2020-01-23,0.0,9290.0,293.0
2020-01-24,0.0,6482.0,135.0
2020-01-28,0.0,8549.0,412.0
2020-01-29,0.0,8689.0,229.0
2020-01-30,0.0,8258.0,315.0
2020-01-31,0.0,8609.0,238.0
2020-02-01,0.0,8311.0,188.0
2020-02-03,0.0,8500.0,397.0
2020-02-04,0.0,9449.0,213.0
2020-02-05,0.0,9022.0,228.0
2020-02-06,0.0,8819.0,289.0
2020-02-07,0.0,8819.0,144.0
2020-02-08,0.0,9186.0,185.0
2020-02-10,0.0,8790.0,407.0
2020-02-11,0.0,8998.0,268.0
2020-02-12,0.0,9360.0,238.0
2020-02-13,0.0,9558.0,167.0
2020-02-14,0.0,8909.0,456.0
2020-02-15,0.0,8753.0,322.0
2020-02-17,0.0,9194.0,312.0
2020-02-18,0.0,9456.0,194.0
2020-02-19,0.0,8916.0,287.0
2020-02-20,0.0,8658.0,253.0
2020-02-21,0.0,9015.0,182.0
2020-02-22,0.0,9076.0,195.0
2020-02-24,0.0,9107.0,361.0
2020-02-25,0.0,9137.0,224.0
2020-02-26,0.0,9193.0,165.0
2020-02-27,0.0,9205.0,209.0
2020-02-28,0.0,9122.0,285.0
2020-02-29,0.0,8757.0,161.0
2020-03-02,0.0,9054.0,303.0
2020-03-03,0.0,8919.0,285.0
2020-03-04,0.0,8535.0,336.0
2020-03-05,0.0,8669.0,229.0
2020-03-06,0.0,8311.0,318.0
2020-03-07,0.0,8821.0,154.0
2020-03-09,0.0,8480.0,328.0
2020-03-10,0.0,8464.0,232.0
2020-03-11,0.0,8633.0,238.0
2020-03-12,0.0,8234.0,284.0
2020-03-13,0.0,8291.0,305.0
2020-03-14,0.0,8850.0,117.0
2020-03-16,0.0,8335.0,345.0
2020-03-17,0.0,8269.0,277.0
2020-03-18,0.0,8015.0,352.0
2020-03-19,0.0,7974.0,321.0
2020-03-20,0.0,7991.0,239.0
2020-03-21,0.0,8214.0,165.0
2020-03-23,0.0,8291.0,323.0
2020-03-24,0.0,8595.0,298.0
2020-03-25,0.0,8070.0,353.0
2020-03-26,0.0,8178.0,307.0
2020-03-27,0.0,7942.0,296.0
2020-03-28,0.0,8059.0,158.0
2020-03-30,0.0,8177.0,321.0
2020-03-31,0.0,7887.0,320.0
2020-04-01,0.0,7870.0,327.0
2020-04-02,0.0,7720.0,308.0
2020-04-03,0.0,7811.0,289.0
2020-04-04,0.0,7652.0,212.0
2020-04-06,0.0,7435.0,353.0
2020-04-07,0.0,7371.0,330.0
2020-04-08,0.0,7702.0,265.0
2020-04-09,0.0,7396.0,330.0
2020-04-10,0.0,7353.0,328.0
2020-04-11,0.0,7216.0,177.0
2020-04-13,0.0,8271.0,328.0
2020-04-14,0.0,7889.0,320.0
2020-04-15,0.0,8209.0,294.0
2020-04-16,0.0,8925.0,226.0
2020-04-17,0.0,8880.0,321.0
2020-04-18,0.0,9209.0,197.0
2020-04-20,0.0,9429.0,309.0
2020-04-21,0.0,9743.0,259.0
2020-04-22,0.0,10129.0,276.0
2020-04-23,0.0,10181.0,307.0
2020-04-24,0.0,10460.0,296.0
2020-04-25,0.0,11052.0,214.0
2020-04-27,0.0,11562.0,365.0
2020-04-28,0.0,11999.0,303.0
2020-04-29,0.0,12466.0,368.0
2020-04-30,0.0,13613.0,329.0
2020-05-01,0.0,12385.0,269.0
2020-05-02,0.0,10886.0,199.0
2020-05-04,0.0,11370.0,347.0
2020-05-05,0.0,9771.0,289.0
2020-05-06,0.0,11019.0,305.0
2020-05-07,0.0,10003.0,325.0
2020-05-08,0.0,10359.0,318.0
2020-05-09,0.0,9437.0,275.0
2020-05-11,0.0,9420.0,407.0
2020-05-12,0.0,10205.0,322.0
2020-05-13,0.0,10150.0,341.0
2020-05-14,0.0,10213.0,391.0
2020-05-15,0.0,9620.0,461.0
2020-05-16,0.0,8570.0,289.0
2020-05-18,0.0,8836.0,407.0
2020-05-19,0.0,9566.0,446.0
2020-05-20,0.0,9719.0,348.0
2020-05-21,0.0,11446.0,311.0
2020-05-22,0.0,10027.0,411.0
2020-05-23,0.0,10040.0,265.0
2020-05-25,0.0,10407.0,395.0
2020-05-26,0.0,10280.0,455.0
2020-05-27,0.0,10592.0,299.0
2020-05-28,0.0,10875.0,368.0
2020-05-29,0.0,8941.0,443.0
2020-05-30,0.0,6940.0,397.0
2020-06-01,0.0,8352.0,391.0
2020-06-02,0.0,7864.0,494.0
2020-06-03,0.0,5901.0,565.0
2020-06-04,0.0,5173.0,464.0
2020-06-05,0.0,6326.0,433.0
2020-06-06,0.0,5834.0,335.0
2020-06-08,0.0,7711.0,374.0
2020-06-09,0.0,8816.0,325.0
2020-06-10,0.0,8598.0,376.0
2020-06-11,0.0,6838.0,457.0
2020-06-12,0.0,8287.0,286.0
2020-06-13,0.0,5331.0,468.0
2020-06-15,0.0,11538.0,249.0
2020-06-16,0.0,9575.0,405.0
2020-06-17,0.0,8084.0,468.0
2020-06-18,0.0,6644.0,480.0
2020-06-19,0.0,5577.0,489.0
2020-06-20,0.0,5521.0,410.0
2020-06-22,0.0,9328.0,347.0
2020-06-23,0.0,5857.0,489.0
2020-06-24,0.0,9545.0,399.0
2020-06-25,0.0,8785.0,484.0
2020-06-26,0.0,6668.0,287.0
2020-06-27,0.0,7293.0,260.0
2020-06-29,0.0,6344.0,619.0
2020-06-30,0.0,7064.0,522.0
2020-07-01,0.0,7968.0,239.0
2020-07-02,0.0,5627.0,517.0
2020-07-03,0.0,6025.0,401.0
2020-07-04,0.0,8443.0,297.0
2020-07-06,0.0,6819.0,575.0
2020-07-07,0.0,7721.0,497.0
2020-07-08,0.0,9472.0,400.0
2020-07-09,0.0,9354.0,396.0
2020-07-10,0.0,9648.0,356.0
2020-07-11,0.0,14321.0,145.0
2020-07-13,0.0,9946.0,581.0
2020-07-14,0.0,10800.0,288.0
2020-07-15,0.0,11830.0,352.0
2020-07-16,0.0,10500.0,503.0
2020-07-17,0.0,10012.0,366.0
2020-07-18,0.0,9265.0,336.0
2020-07-20,0.0,13943.0,332.0
2020-07-21,0.0,10277.0,336.0
2020-07-22,0.0,10149.0,483.0
2020-07-23,0.0,10225.0,360.0
2020-07-24,0.0,13307.0,374.0
2020-07-25,0.0,13388.0,222.0
2020-07-27,0.0,9636.0,624.0
2020-07-28,0.0,10520.0,498.0
2020-07-29,0.0,10512.0,386.0
2020-07-30,0.0,11432.0,320.0
2020-07-31,0.0,15331.0,305.0
2020-08-03,0.0,12378.0,512.0
2020-08-04,0.0,11589.0,330.0
2020-08-05,0.0,11911.0,444.0
2020-08-06,0.0,11004.0,426.0
2020-08-07,0.0,14016.0,293.0
2020-08-08,0.0,13169.0,462.0
2020-08-10,0.0,12304.0,618.0
2020-08-11,0.0,15499.0,442.0
2020-08-12,0.0,14744.0,455.0
2020-08-13,0.0,16148.0,419.0
2020-08-14,0.0,16960.0,394.0
2020-08-15,0.0,16909.0,367.0
2020-08-17,0.0,21613.0,337.0
2020-08-18,0.0,18256.0,324.0
2020-08-19,0.0,15857.0,449.0
2020-08-20,0.0,17953.0,379.0
2020-08-21,0.0,15390.0,424.0
2020-08-22,0.0,18277.0,269.0
2020-08-24,0.0,21538.0,419.0
2020-08-25,0.0,19340.0,459.0
2020-08-26,0.0,17650.0,405.0
2020-08-27,0.0,21565.0,332.0
2020-08-28,0.0,21647.0,347.0
2020-08-29,0.0,17533.0,342.0
2020-08-31,0.0,14626.0,703.0
2020-09-01,0.0,21610.0,463.0
2020-09-02,0.0,15842.0,447.0
2020-09-03,0.0,21288.0,858.0
2020-09-04,0.0,17438.0,391.0
2020-09-05,0.0,16649.0,441.0
2020-09-07,0.0,22090.0,443.0
2020-09-08,0.0,25900.0,301.0
2020-09-09,0.0,21144.0,492.0
2020-09-11,0.0,22062.0,459.0
2020-09-12,0.0,24079.0,395.0
2020-09-14,0.0,28891.0,482.0
2020-09-15,0.0,27773.0,593.0
2020-09-16,0.0,26632.0,750.0
2020-09-17,0.0,26957.0,676.0
2020-09-18,0.0,24427.0,758.0
2020-09-19,0.0,25748.0,587.0
2020-09-21,0.0,24596.0,998.0
2020-09-22,0.0,25638.0,761.0
2020-09-23,0.0,24802.0,1022.0
2020-09-24,0.0,25277.0,859.0
2020-09-25,0.0,24978.0,828.0
2020-09-26,0.0,24574.0,772.0
2020-09-28,0.0,24537.0,1119.0
2020-09-29,0.0,24254.0,1014.0
2020-10-05,0.0,21809.0,789.0
2020-10-06,0.0,19259.0,809.0
2020-10-07,0.0,19681.0,716.0
2020-10-08,0.0,16759.0,683.0
2020-10-09,0.0,13586.0,723.0
2020-10-10,0.0,10813.0,475.0
2020-10-12,0.0,11769.0,798.0
2020-10-13,0.0,8501.0,771.0
2020-10-14,0.0,7746.0,693.0
2020-10-15,0.0,8461.0,597.0
2020-10-16,0.0,7613.0,636.0
2020-10-17,0.0,7274.0,597.0
2020-10-19,0.0,7618.0,783.0
2020-10-20,0.0,7265.0,769.0
2020-10-21,0.0,6987.0,682.0
2020-10-22,0.0,6629.0,814.0
2020-10-23,0.0,6266.0,824.0
2020-10-24,0.0,5931.0,
2020-10-26,0.0,6472.0,709.0
2020-10-27,0.0,6344.0,582.0
2020-10-28,0.0,5587.0,698.0
2020-10-29,0.0,5498.0,657.0
2020-10-30,0.0,5319.0,683.0
2020-10-31,0.0,4969.0,605.0
2020-11-02,0.0,5646.0,652.0
2020-11-03,0.0,5659.0,680.0
2020-11-04,0.0,5633.0,623.0
2020-11-05,0.0,6096.0,492.0
2020-11-06,0.0,6262.0,762.0
2020-11-07,0.0,5160.0,738.0
2020-11-09,0.0,5708.0,743.0
2020-11-10,0.0,6140.0,680.0
2020-11-11,0.0,6131.0,824.0
2020-11-12,0.0,6388.0,852.0
2020-11-13,0.0,7638.0,910.0
2020-11-14,0.0,6610.0,1143.0
2020-11-16,0.0,5698.0,1240.0
2020-11-17,0.0,5806.0,1168.0
2020-11-18,0.0,6206.0,1082.0
2020-11-19,0.0,7491.0,885.0
2020-11-20,0.0,8101.0,687.0
2020-11-21,0.0,6715.0,1426.0
2020-11-23,0.0,6127.0,1430.0
2020-11-24,0.0,5111.0,1093.0
2020-11-25,0.0,5126.0,1013.0
2020-11-26,0.0,5589.0,1191.0
2020-11-27,0.0,6333.0,1209.0
2020-11-28,0.0,5525.0,998.0
2020-11-30,0.0,3807.0,876.0
2020-12-01,0.0,3149.0,591.0
2020-12-02,0.0,3295.0,525.0
2020-12-03,0.0,5184.0,421.0
2020-12-04,0.0,5192.0,728.0
2020-12-05,0.0,4687.0,662.0
2020-12-07,0.0,4153.0,595.0
2020-12-08,0.0,3986.0,391.0
2020-12-09,0.0,2722.0,478.0
2020-12-10,0.0,3652.0,277.0
2020-12-11,0.0,3770.0,430.0
2020-12-12,0.0,4078.0,313.0
2020-12-14,0.0,4537.0,465.0
2020-12-15,0.0,3755.0,283.0
2020-12-16,0.0,3439.0,126.0
2020-12-17,0.0,3314.0,111.0
2020-12-18,0.0,3570.0,150.0
2020-12-19,0.0,3794.0,219.0
2020-12-21,0.0,3738.0,418.0
2020-12-22,0.0,3248.0,298.0
2020-12-23,0.0,2995.0,392.0
2020-12-24,0.0,3418.0,215.0
2020-12-25,0.0,3178.0,274.0
2020-12-26,0.0,3369.0,111.0
2020-12-28,0.0,3748.0,283.0
2020-12-29,0.0,3873.0,274.0
2020-12-30,0.0,3551.0,100.0
2020-12-31,0.0,2610.0,544.0
2021-01-01,0.0,,
2021-01-02,0.0,,
2021-01-03,0.0,,
2021-01-04,0.0,4063.0,297.0
2021-01-05,0.0,3892.0,368.0
2021-01-06,0.0,3663.0,413.0
2021-01-07,0.0,3707.0,156.0
2021-01-08,0.0,2283.0,97.0
2021-01-09,0.0,2283.0,6.0
2021-01-10,0.0,,
2021-01-11,0.0,4734.0,126.0
2021-01-12,0.0,4230.0,281.0
2021-01-13,0.0,5117.0,102.0
2021-01-14,0.0,4605.0,303.0
2021-01-15,0.0,5057.0,240.0
2021-01-16,0.0,5025.0,234.0
2021-01-17,0.0,,
2021-01-18,0.0,5201.0,356.0
2021-01-19,0.0,5527.0,250.0
2021-01-20,0.0,4704.0,307.0
2021-01-21,0.0,4168.0,263.0
2021-01-22,0.0,4080.0,332.0
2021-01-23,0.0,4852.0,146.0
2021-01-24,0.0,,
2021-01-25,0.0,5792.0,219.0
2021-01-26,0.0,5967.0,378.0
2021-01-27,0.0,6924.0,226.0
2021-01-28,0.0,6846.0,440.0
2021-01-29,0.0,6131.0,430.0
2021-01-30,0.0,6012.0,131.0
2021-01-31,0.0,,
2021-02-01,0.0,6813.0,412.0
2021-02-02,0.0,5120.0,370.0
2021-02-03,0.0,6038.0,360.0
2021-02-04,0.0,5925.0,346.0
2021-02-05,0.0,6123.0,293.0
2021-02-06,0.0,5969.0,217.0
2021-02-07,0.0,,
2021-02-08,0.0,6675.0,420.0
2021-02-09,0.0,7444.0,256.0
2021-02-10,0.0,6569.0,309.0
2021-02-11,0.0,6569.0,133.7855
2021-02-12,0.0,,
2021-02-13,0.0,,
2021-02-14,0.0,,
2021-02-15,0.0,6922.0,226.0
2021-02-16,0.0,7700.0,219.0
2021-02-17,0.0,8483.0,208.0
2021-02-18,0.0,9394.0,121.0
2021-02-19,0.0,10337.0,161.0
2021-02-20,0.0,9539.0,208.0
2021-02-21,0.0,,
2021-02-22,0.0,8555.0,447.0
2021-02-23,0.0,8954.0,290.0
2021-02-24,0.0,8835.0,375.0
2021-02-25,0.0,8799.0,327.0
2021-02-26,0.0,9526.0,268.0
2021-02-27,0.0,8697.0,203.0
2021-02-28,0.0,,
2021-03-01,0.0,9096.0,331.0
2021-03-02,0.0,7961.0,356.0
2021-03-03,0.0,9403.0,172.0
2021-03-04,0.0,9182.0,230.0
2021-03-05,0.0,8879.0,226.0
2021-03-06,0.0,10200.0,78.0
2021-03-07,0.0,,
2021-03-08,0.0,9504.0,519.0
2021-03-09,0.0,9569.0,304.0
2021-03-10,0.0,10004.0,259.0
2021-03-11,0.0,8900.0,321.0
2021-03-12,0.0,9655.0,336.0
2021-03-13,0.0,9655.0,45.0
2021-03-14,0.0,,
2021-03-15,0.0,9737.0,390.0
2021-03-16,0.0,9497.0,299.0
2021-03-17,0.0,9404.0,306.0
2021-03-18,0.0,8558.0,287.0
2021-03-19,0.0,8653.0,148.0
2021-03-20,0.0,10049.0,72.0
2021-03-21,0.0,,
2021-03-22,0.0,9878.0,436.0
2021-03-23,0.0,8740.0,339.0
2021-03-24,0.0,9938.0,277.0
2021-03-25,0.0,8979.0,331.0
2021-03-26,0.0,9682.0,245.0
2021-03-27,0.0,8992.0,129.0
2021-03-28,0.0,,
2021-03-29,0.0,9774.0,424.0
2021-03-30,0.0,9028.0,321.0
2021-03-31,0.0,9522.0,247.0
2021-04-01,0.0,9725.0,232.0
2021-04-02,0.0,9750.0,280.0
2021-04-03,0.0,10132.0,134.0
2021-04-04,0.0,,
2021-04-05,0.0,9681.0,450.0
2021-04-06,0.0,9776.0,333.0
2021-04-07,0.0,8844.0,334.0
2021-04-08,0.0,8422.0,231.0
2021-04-09,0.0,9537.0,271.0
2021-04-10,0.0,10230.0,184.0
2021-04-11,0.0,,
2021-04-12,0.0,8920.0,515.0
2021-04-13,0.0,10269.0,231.0
2021-04-14,0.0,8827.0,441.0
2021-04-15,0.0,9573.0,374.0
2021-04-16,0.0,9132.0,303.0
2021-04-17,0.0,9573.0,91.0
2021-04-18,0.0,,
2021-04-19,0.0,10075.0,399.0
2021-04-20,0.0,8707.0,374.0
2021-04-21,0.0,9136.0,485.0
2021-04-22,0.0,9047.0,215.0
2021-04-23,0.0,9252.0,284.0
2021-04-24,0.0,9576.0,198.0
2021-04-25,0.0,,
2021-04-26,0.0,9381.0,377.0
2021-04-27,0.0,9561.0,330.0
2021-04-28,0.0,9383.0,344.0
2021-04-29,0.0,7767.0,420.0
2021-04-30,0.0,7868.0,331.0
2021-05-01,0.0,6816.0,217.0
2021-05-02,0.0,,
2021-05-03,0.0,7342.0,400.0
2021-05-04,0.0,6606.0,414.0
2021-05-05,0.0,6010.0,382.0
2021-05-06,0.0,5967.0,329.0
2021-05-07,0.0,6546.0,292.0
2021-05-08,0.0,6713.0,214.0
2021-05-09,0.0,,
2021-05-10,0.0,6057.0,528.0
2021-05-11,0.0,5138.0,501.0
2021-05-12,0.0,4308.0,439.0
2021-05-13,0.0,3409.0,353.0
2021-05-14,0.0,3456.0,418.0
2021-05-15,0.0,4976.0,210.0
2021-05-16,0.0,,
2021-05-17,0.0,5819.0,312.0
2021-05-18,0.0,4109.0,425.0
2021-05-19,0.0,4606.0,283.0
2021-05-20,0.0,5497.0,298.0
2021-05-21,0.0,7185.0,256.0
2021-05-22,0.0,5079.0,335.0
2021-05-23,0.0,,
2021-05-24,0.0,5420.0,472.0
2021-05-25,0.0,5121.0,396.0
2021-05-26,0.0,4564.0,339.0
2021-05-27,0.0,5786.0,293.0
2021-05-28,0.0,6294.0,306.0
2021-05-29,0.0,5079.0,304.0
2021-05-30,0.0,,
2021-05-31,0.0,6887.0,370.0
2021-06-01,0.0,6075.0,468.0
2021-06-02,0.0,5634.0,339.0
2021-06-03,0.0,6383.0,333.0
2021-06-04,0.0,7782.0,238.0
2021-06-05,0.0,4918.0,372.0
2021-06-06,0.0,,
2021-06-07,0.0,7322.0,359.0
2021-06-08,0.0,5559.0,340.0
2021-06-09,0.0,5392.0,401.0
2021-06-10,0.0,6968.0,230.0
2021-06-11,0.0,5963.0,372.0
2021-06-12,0.0,7248.0,125.0
2021-06-13,0.0,,
2021-06-14,0.0,5005.0,606.0
2021-06-15,0.0,5343.0,406.0
2021-06-16,0.0,4293.0,554.0
2021-06-17,0.0,4484.0,387.0
2021-06-18,0.0,5315.0,346.0
2021-06-19,0.0,5696.0,265.0
2021-06-20,0.0,,
2021-06-21,0.0,6041.0,454.0
2021-06-22,0.0,5494.0,426.0
2021-06-23,0.0,4851.0,441.0
2021-06-24,0.0,4963.0,479.0
2021-06-25,0.0,4147.0,424.0
2021-06-26,0.0,4963.0,315.0
2021-06-27,0.0,,
2021-06-28,0.0,5541.0,495.0
2021-06-29,0.0,5528.0,512.0
2021-06-30,0.0,4714.0,505.0
2021-07-01,0.0,4342.0,518.0
2021-07-02,0.0,3902.0,621.0
2021-07-03,0.0,4430.0,514.0
2021-07-04,0.0,,
2021-07-05,0.0,8278.0,353.0
2021-07-06,0.0,3952.0,734.0
2021-07-07,0.0,4673.0,581.0
2021-07-08,0.0,4289.0,490.0
2021-07-09,0.0,4089.0,478.0
2021-07-10,0.0,4090.0,348.0
2021-07-11,0.0,,
2021-07-12,0.0,4672.0,427.0
2021-07-13,0.0,3194.0,497.0
2021-07-14,0.0,3624.0,599.0
2021-07-15,0.0,3505.0,349.0
2021-07-16,0.0,4404.0,335.0
2021-07-17,0.0,7279.0,182.0
2021-07-18,0.0,,
2021-07-19,0.0,5039.0,460.0
2021-07-20,0.0,6541.0,349.0
2021-07-21,0.0,3361.0,439.0
2021-07-22,0.0,4612.0,403.0
2021-07-23,0.0,3801.0,403.0
2021-07-24,0.0,4295.0,281.0
2021-07-25,0.0,,
2021-07-26,0.0,7668.0,339.0
2021-07-27,0.0,7901.0,317.0
2021-07-28,0.0,8175.0,299.0
2021-07-29,0.0,8548.0,274.0
2021-07-30,0.0,8797.0,284.0
2021-07-31,0.0,11035.0,226.0
2021-08-01,0.0,,
2021-08-02,0.0,10011.0,401.0
2021-08-03,0.0,12399.0,265.0
2021-08-04,0.0,9072.0,407.0
2021-08-05,0.0,9881.0,314.0
2021-08-06,0.0,10079.0,398.0
2021-08-07,0.0,11365.0,
2021-08-08,0.0,,
2021-08-09,0.0,10889.0,475.0
2021-08-10,0.0,9740.0,381.0
2021-08-11,0.0,7638.0,503.0
2021-08-12,0.0,6887.0,461.0
2021-08-13,0.0,8231.0,348.0
2021-08-14,0.0,8420.0,314.0
2021-08-15,0.0,,
2021-08-16,0.0,8586.0,464.0
2021-08-17,0.0,6592.0,541.0
2021-08-18,0.0,10555.0,321.0
2021-08-19,0.0,8554.0,408.0
2021-08-20,0.0,6703.0,565.0
2021-08-21,0.0,7690.0,448.0
2021-08-22,0.0,,
2021-08-23,0.0,9029.0,552.0
2021-08-24,0.0,9357.0,533.0
2021-08-25,0.0,12798.0,195.0
2021-08-26,0.0,8331.0,522.0
2021-08-27,0.0,9302.0,551.0
2021-08-28,0.0,8087.0,575.0
2021-08-29,0.0,,
2021-08-30,0.0,7796.0,638.0
2021-08-31,0.0,8671.0,700.0
2021-09-01,0.0,10941.0,412.0
2021-09-02,0.0,10941.0,288.0
2021-09-03,0.0,9578.0,657.0
2021-09-04,0.0,10254.0,656.0
2021-09-05,0.0,,
2021-09-06,0.0,11338.0,674.0
2021-09-07,0.0,12818.0,714.0
2021-09-08,0.0,11178.0,451.0
2021-09-09,0.0,11823.0,663.0
2021-09-10,0.0,12080.0,1064.652
2021-09-11,0.0,12866.0,810.0
2021-09-12,0.0,,
2021-09-13,0.0,13396.0,899.0
2021-09-14,0.0,14096.0,843.0
2021-09-15,0.0,12890.0,756.0
2021-09-16,0.0,13106.0,760.0
2021-09-17,0.0,12154.0,748.0
2021-09-18,0.0,17849.0,366.0
2021-09-19,0.0,,
2021-09-20,0.0,11719.0,
2021-09-21,0.0,,
2021-09-22,0.0,,
2021-09-23,0.0,11690.2,
2021-09-24,0.0,10473.0,336.0
2021-09-25,0.0,10277.0,836.0
2021-09-26,0.0,,
2021-09-27,0.0,9345.0,675.0
2021-09-28,0.0,7653.0,664.0
2021-09-29,0.0,7645.0,481.0
2021-09-30,0.0,9456.0,510.476
2021-10-01,0.0,9194.0,489.0
2021-10-02,0.0,7351.0,570.0
2021-10-03,0.0,,
2021-10-04,0.0,6463.0,823.0
2021-10-05,0.0,7478.0,555.0
2021-10-06,0.0,6058.0,646.0
2021-10-07,0.0,5608.0,628.0
2021-10-08,0.0,3802.0,717.0
2021-10-09,0.0,4856.0,410.0
2021-10-10,0.0,,
2021-10-11,0.0,4332.0,641.0
2021-10-12,0.0,3943.0,619.0
2021-10-13,0.0,4148.0,498.0
2021-10-14,0.0,3356.0,705.0
2021-10-15,0.0,4149.0,507.0
2021-10-16,0.0,4851.0,431.0
2021-10-17,0.0,,
2021-10-18,0.0,6506.0,455.0
2021-10-19,0.0,6045.0,570.0
2021-10-20,0.0,5021.0,664.0
2021-10-21,0.0,4664.0,661.0
2021-10-22,0.0,6466.0,526.0
2021-10-23,0.0,7462.0,459.0
2021-10-24,0.0,,
2021-10-25,0.0,6574.0,708.0
2021-10-26,0.0,5982.0,750.0
2021-10-27,0.0,6155.0,603.0
2021-10-28,0.0,6435.0,683.0
2021-10-29,0.0,7002.0,661.0
2021-10-30,0.0,7457.0,648.0
2021-10-31,0.0,,
2021-11-01,0.0,7622.0,696.0
2021-11-02,0.0,7502.0,723.0
2021-11-03,0.0,8655.0,584.0
2021-11-04,0.0,8786.0,789.0
2021-11-05,0.0,11185.0,679.0
2021-11-06,0.0,10921.0,1020.0
2021-11-07,0.0,,
2021-11-08,0.0,10319.0,1254.0
2021-11-09,0.0,9834.0,822.0
2021-11-10,0.0,10693.0,858.0
2021-11-11,0.0,12181.0,927.0
2021-11-12,0.0,12513.0,1391.0
2021-11-13,0.0,12810.0,1177.0
2021-11-14,0.0,,
2021-11-15,0.0,10020.0,1616.0
2021-11-16,0.0,7797.0,1167.0
2021-11-17,0.0,8257.0,1269.0
2021-11-18,0.0,10806.0,1163.0
2021-11-19,0.0,10758.0,1477.0
2021-11-20,0.0,10500.0,1293.0
2021-11-21,0.0,,
2021-11-22,0.0,9639.0,1172.0
2021-11-23,0.0,8775.0,875.0
2021-11-24,0.0,10136.0,579.0
2021-11-25,0.0,9161.0,1120.0
2021-11-26,0.0,9244.0,1136.0
2021-11-27,0.0,9097.0,991.0
2021-11-28,0.0,,
2021-11-29,0.0,9736.0,828.0
2021-11-30,0.0,8398.0,775.0
2021-12-01,0.0,8465.0,537.0
2021-12-02,0.0,9597.0,394.0
2021-12-03,0.0,8277.0,682.0
2021-12-04,0.0,8277.0,673.0
2021-12-05,0.0,,
2021-12-06,0.0,7952.0,564.0
2021-12-07,0.0,8292.0,422.0
2021-12-08,0.0,8256.0,353.0
2021-12-09,0.0,7847.0,510.0
2021-12-10,0.0,7224.0,514.0
2021-12-11,0.0,7360.0,409.0
2021-12-12,0.0,,
2021-12-13,0.0,8497.0,261.0
2021-12-14,0.0,7879.0,338.0
2021-12-15,0.0,7580.0,339.0
2021-12-16,0.0,7188.0,329.0
2021-12-17,0.0,7471.0,257.0
2021-12-18,0.0,7771.0,131.0
2021-12-19,0.0,,
2021-12-20,0.0,7593.0,324.0
2021-12-21,0.0,7360.0,362.0
2021-12-22,0.0,6932.0,363.0
2021-12-23,0.0,7095.0,245.0
2021-12-24,0.0,7706.0,212.0
2021-12-25,0.0,7957.0,163.0
2021-12-26,0.0,,
2021-12-27,0.0,7957.0,66.0
2021-12-28,0.0,8113.0,325.0
2021-12-29,0.0,8332.0,274.0
2021-12-30,0.0,8641.0,323.0
2021-12-31,0.0,7539.0,257.0
2022-01-01,0.0,,
2022-01-02,0.0,,
2022-01-03,0.0,9051.0,177.0
2022-01-04,0.0,8410.0,282.0
2022-01-05,0.0,8168.0,412.0
2022-01-06,0.0,6689.0,372.0
2022-01-07,0.0,7129.0,247.0
2022-01-08,0.0,7719.0,131.0
2022-01-09,0.0,,
2022-01-10,0.0,7403.0,332.0
2022-01-11,0.0,7463.0,242.0
2022-01-12,0.0,7926.0,222.0
2022-01-13,0.0,7980.0,251.0
2022-01-14,0.0,7513.0,290.0
2022-01-15,0.0,8454.0,203.0
2022-01-16,0.0,,
2022-01-17,0.0,7477.0,581.0
2022-01-18,0.0,7199.0,299.0
2022-01-19,0.0,7744.0,304.0
2022-01-20,0.0,7468.0,325.0
2022-01-21,0.0,7426.0,247.0
2022-01-22,0.0,8643.0,134.0
2022-01-23,0.0,,
2022-01-24,0.0,7640.0,564.0
2022-01-25,0.0,7801.0,395.0
2022-01-26,0.0,7313.0,516.0
2022-01-27,0.0,7168.0,346.0
2022-01-28,0.0,7224.0,347.0
2022-01-29,0.0,8263.0,187.0
2022-01-30,0.0,9732.8,109.406
2022-01-31,0.0,,
2022-02-01,0.0,,
2022-02-02,0.0,,
2022-02-03,0.0,9732.8,
2022-02-04,0.0,8148.0,419.0
2022-02-05,0.0,8612.0,173.0
2022-02-06,0.0,,
2022-02-07,0.0,7860.0,367.0
2022-02-08,0.0,8447.0,215.0
2022-02-09,0.0,8726.0,208.0
2022-02-10,0.0,8337.0,381.0
2022-02-11,0.0,8111.0,308.0
2022-02-12,0.0,8201.0,175.0
2022-02-13,0.0,,
2022-02-14,0.0,8426.0,317.0
2022-02-15,0.0,8069.0,300.0
2022-02-16,0.0,8653.0,267.0
2022-02-17,0.0,8188.0,269.0
2022-02-18,0.0,8197.0,242.0
2022-02-19,0.0,9225.0,141.0
2022-02-20,0.0,,
2022-02-21,0.0,8279.0,480.0
2022-02-22,0.0,8800.0,194.0
2022-02-23,0.0,8373.0,374.0
2022-02-24,0.0,8511.0,272.0
2022-02-25,0.0,8904.0,250.0
2022-02-26,0.0,8995.0,261.0
2022-02-27,0.0,,
2022-02-28,0.0,8108.0,407.0
2022-03-01,0.0,8904.0,241.0
2022-03-02,0.0,9195.0,185.0
2022-03-03,0.0,8738.0,442.0
2022-03-04,0.0,8985.0,318.0
2022-03-05,0.0,8461.0,313.0
2022-03-06,0.0,,
2022-03-07,0.0,7755.0,443.0
2022-03-08,0.0,8236.0,335.0
2022-03-09,0.0,8280.0,361.0
2022-03-10,0.0,8979.0,201.0
2022-03-11,0.0,9513.0,243.0
2022-03-12,0.0,9450.0,270.0
2022-03-13,0.0,,
2022-03-14,0.0,9671.0,326.0
2022-03-15,0.0,8702.0,340.0
2022-03-16,0.0,8881.0,292.0
2022-03-17,0.0,9032.0,279.0
2022-03-18,0.0,9298.0,351.0
2022-03-19,0.0,8863.0,228.0
2022-03-20,0.0,,
2022-03-21,0.0,9688.0,285.0
2022-03-22,0.0,9377.0,279.0
2022-03-23,0.0,9301.0,393.0
2022-03-24,0.0,9078.0,293.0
2022-03-25,0.0,9500.0,276.0
2022-03-26,0.0,9707.0,220.0
2022-03-27,0.0,,
2022-03-28,0.0,9746.0,358.0
2022-03-29,0.0,9951.0,335.0
2022-03-30,0.0,10443.0,289.0
2022-03-31,0.0,10248.0,308.0
2022-04-01,0.0,10009.0,309.0
2022-04-02,0.0,10826.0,205.0
2022-04-03,0.0,,
2022-04-04,0.0,10719.0,385.0
2022-04-05,0.0,10827.0,360.0
2022-04-06,0.0,9848.0,485.0
2022-04-07,0.0,10675.0,304.0
2022-04-08,0.0,10029.0,398.0
2022-04-09,0.0,9588.0,232.0
2022-04-10,0.0,,
2022-04-11,0.0,10286.0,387.0
2022-04-12,0.0,10054.0,428.0
2022-04-13,0.0,10236.0,386.0
2022-04-14,0.0,9816.0,386.0
2022-04-15,0.0,10826.0,257.0
2022-04-16,0.0,10554.0,208.0
2022-04-17,0.0,,
2022-04-18,0.0,10300.0,454.0
2022-04-19,0.0,10780.0,328.0
2022-04-20,0.0,11013.0,352.0
2022-04-21,0.0,10571.0,431.0
2022-04-22,0.0,10680.0,370.0
2022-04-23,0.0,10566.0,209.0
2022-04-24,0.0,,
2022-04-25,0.0,11003.0,402.0
2022-04-26,0.0,10262.0,417.0
2022-04-27,0.0,10937.0,378.0
2022-04-28,0.0,9747.0,470.0
2022-04-29,0.0,10171.0,338.0
2022-04-30,0.0,10381.0,238.0
2022-05-01,0.0,,
2022-05-02,0.0,10346.0,400.0
2022-05-03,0.0,9905.0,410.0
2022-05-04,0.0,8638.0,443.0
2022-05-05,0.0,10175.0,301.0
2022-05-06,0.0,10824.0,337.0
2022-05-07,0.0,10098.0,295.0
2022-05-08,0.0,,
2022-05-09,0.0,9183.0,411.0
2022-05-10,0.0,9374.0,442.0
2022-05-11,0.0,8921.0,395.0
2022-05-12,0.0,8647.0,322.0
2022-05-13,0.0,8991.0,325.0
2022-05-14,0.0,9581.0,227.0
2022-05-15,0.0,,
2022-05-16,0.0,8539.0,555.0
2022-05-17,0.0,8330.0,450.0
2022-05-18,0.0,9016.0,361.0
2022-05-19,0.0,8634.0,411.0
2022-05-20,0.0,8255.0,474.0
2022-05-21,0.0,6973.0,373.0
2022-05-22,0.0,,
2022-05-23,0.0,7183.0,551.0
2022-05-24,0.0,7840.0,404.0
2022-05-25,0.0,7525.0,357.0
2022-05-26,0.0,7278.0,397.0
2022-05-27,0.0,7640.0,319.0
2022-05-28,0.0,7533.0,277.0
2022-05-29,0.0,,
2022-05-30,0.0,7879.0,427.0
2022-05-31,0.0,9392.0,311.0
2022-06-01,0.0,8665.0,428.0
2022-06-02,0.0,8889.0,340.0
2022-06-03,0.0,9735.0,328.0
2022-06-04,0.0,10704.0,305.0
2022-06-05,0.0,,
2022-06-06,0.0,8992.0,509.0
2022-06-07,0.0,9315.0,242.0
2022-06-08,0.0,8924.0,474.0
2022-06-09,0.0,7796.0,495.0
2022-06-10,0.0,7094.0,462.0
2022-06-11,0.0,6041.0,356.0
2022-06-12,0.0,,
2022-06-13,0.0,8264.0,353.0
2022-06-14,0.0,9377.0,404.0
2022-06-15,0.0,8336.0,461.0
2022-06-16,0.0,8692.0,322.0
2022-06-17,0.0,7558.0,473.0
2022-06-18,0.0,6999.0,406.0
2022-06-19,0.0,,
2022-06-20,0.0,8837.0,397.0
2022-06-21,0.0,8962.0,509.0
2022-06-22,0.0,9592.0,462.0
2022-06-23,0.0,9807.0,428.0
2022-06-24,0.0,9079.0,572.0
2022-06-25,0.0,9755.0,274.0
2022-06-26,0.0,,
2022-06-27,0.0,7652.0,674.0
2022-06-28,0.0,8053.0,502.0
2022-06-29,0.0,7442.0,494.0
2022-06-30,0.0,11243.0,200.0
2022-07-01,0.0,10018.0,283.0
2022-07-02,0.0,8986.0,357.0
2022-07-03,0.0,,
2022-07-04,0.0,8250.0,552.0
2022-07-05,0.0,9924.0,390.0
2022-07-06,0.0,9644.0,431.0
2022-07-07,0.0,11840.0,404.0
2022-07-08,0.0,8863.0,451.0
2022-07-09,0.0,11716.0,260.0
2022-07-10,0.0,,
2022-07-11,0.0,10415.0,571.0
2022-07-12,0.0,14218.0,325.0
2022-07-13,0.0,11238.0,493.0
2022-07-14,50.0,15539.0,292.0
2022-07-15,100.0,13552.0,435.0
2022-07-16,100.0,15591.0,390.0
2022-07-17,0.0,,
2022-07-18,100.0,18141.0,446.0
2022-07-19,100.0,16001.0,423.0
2022-07-20,120.0,18227.0,405.0
2022-07-21,100.0,15963.0,465.0
2022-07-22,100.0,20930.0,237.0
2022-07-23,100.0,25015.0,243.0
2022-07-24,0.0,,
2022-07-25,210.0,16617.0,494.0
2022-07-26,100.0,19868.0,435.0
2022-07-27,100.0,15155.0,436.0
2022-07-28,100.0,15696.0,346.0
2022-07-29,100.0,14328.0,444.0
2022-07-30,120.0,12399.0,407.0
2022-07-31,0.0,,
2022-08-01,100.0,15696.0,464.0
2022-08-02,150.0,15447.0,460.0
2022-08-03,100.0,12257.0,469.0
2022-08-04,60.0,13953.0,414.0
2022-08-05,100.0,14913.0,501.0
2022-08-06,0.0,14913.0,
2022-08-07,0.0,,
2022-08-08,100.0,11763.0,737.0
2022-08-09,100.0,11259.0,604.0
2022-08-10,80.0,16181.0,280.0
2022-08-11,200.0,15444.0,524.0
2022-08-12,130.0,11386.0,469.0
2022-08-13,0.0,13838.0,467.0
2022-08-14,0.0,,
2022-08-15,100.0,11961.0,717.0
2022-08-16,0.0,12558.0,580.0
2022-08-17,0.0,13892.0,462.0
2022-08-18,0.0,11656.0,657.0
2022-08-19,0.0,14426.0,504.0
2022-08-20,0.0,15467.0,430.0
2022-08-21,0.0,,
2022-08-22,100.0,13248.0,718.0
2022-08-23,0.0,16832.0,539.0
2022-08-24,140.0,14280.0,680.0
2022-08-25,100.0,14303.0,722.0
2022-08-26,100.0,16428.0,667.0
2022-08-27,100.0,15701.0,661.0
2022-08-28,0.0,,
2022-08-29,200.0,21083.0,689.0
2022-08-30,200.0,17402.0,962.0
2022-08-31,200.0,19184.0,597.0
2022-09-01,270.0,21728.0,621.0
2022-09-02,250.0,21070.0,1065.0
2022-09-03,200.0,21018.0,912.0
2022-09-04,0.0,,
2022-09-05,250.0,22853.0,897.0
2022-09-06,280.0,23337.0,803.0
2022-09-07,500.0,20587.0,761.0
2022-09-08,360.0,22326.0,828.0
2022-09-09,0.0,15294.0,199.0
2022-09-10,0.0,,
2022-09-11,0.0,,
2022-09-12,0.0,,
2022-09-13,0.0,27438.0,478.0
2022-09-14,0.0,26905.0,530.0
2022-09-15,0.0,24383.0,547.0
2022-09-16,0.0,26042.0,556.0
2022-09-17,0.0,27100.0,423.0
2022-09-18,0.0,,
2022-09-19,0.0,29988.0,486.0
2022-09-20,0.0,30337.0,721.875
2022-09-21,0.0,26170.0,703.0
2022-09-22,0.0,25602.0,540.0
2022-09-23,0.0,23635.0,554.0
2022-09-24,0.0,21941.0,552.0
2022-09-25,0.0,,
2022-09-26,0.0,22773.0,551.0
2022-09-27,0.0,19630.0,646.0
2022-09-28,0.0,19068.0,503.0
2022-09-29,0.0,18705.0,535.0
2022-09-30,0.0,17335.0,839.793
2022-10-01,0.0,16630.0,431.0
2022-10-02,0.0,,
2022-10-03,0.0,24334.0,353.0
2022-10-04,0.0,23144.0,260.0
2022-10-05,0.0,19842.0,532.0
2022-10-06,0.0,12647.0,949.0
2022-10-07,0.0,14644.0,608.0
2022-10-08,0.0,12389.0,646.0
2022-10-09,0.0,,
2022-10-10,0.0,13110.0,654.0
2022-10-11,0.0,11965.0,453.0
2022-10-12,0.0,10189.0,681.0
2022-10-13,0.0,10161.0,603.0
2022-10-14,0.0,9354.0,570.0
2022-10-15,0.0,11166.0,338.0
2022-10-16,0.0,,
2022-10-17,0.0,8111.0,787.0
2022-10-18,0.0,7844.0,635.0
2022-10-19,0.0,7982.0,560.0
2022-10-20,0.0,7862.0,578.0
2022-10-21,0.0,7534.0,644.0
2022-10-22,0.0,8362.0,559.0
2022-10-23,0.0,,
2022-10-24,0.0,8173.0,806.0
2022-10-25,0.0,8035.0,553.0
2022-10-26,0.0,7837.0,568.0
2022-10-27,0.0,7644.0,501.0
2022-10-28,0.0,7393.0,473.0
2022-10-29,0.0,6833.0,538.0
2022-10-30,0.0,,
2022-10-31,0.0,6599.0,653.0
2022-11-01,0.0,6027.0,759.0
2022-11-02,0.0,5509.0,744.0
2022-11-03,0.0,6179.0,569.0
2022-11-04,0.0,6165.0,674.0
2022-11-05,0.0,6369.0,534.0
2022-11-06,0.0,,
2022-11-07,0.0,6272.0,857.0
2022-11-08,0.0,5342.0,955.0
2022-11-09,0.0,5420.0,847.0
2022-11-10,0.0,5774.0,890.0
2022-11-11,0.0,6243.0,1061.0
2022-11-12,0.0,6519.0,1066.0
2022-11-13,0.0,,
2022-11-14,0.0,6042.0,1082.0
2022-11-15,0.0,5151.0,917.0
2022-11-16,0.0,4886.0,976.0
2022-11-17,0.0,5306.0,1031.0
2022-11-18,0.0,6588.0,1107.0
2022-11-19,0.0,5715.0,1261.0
2022-11-20,0.0,,
2022-11-21,0.0,4618.0,1079.0
2022-11-22,0.0,3787.0,749.0
2022-11-23,0.0,4846.0,912.0
2022-11-24,0.0,5175.0,713.0
2022-11-25,0.0,5968.0,1020.0
2022-11-26,0.0,5945.0,1112.0
2022-11-27,0.0,,
2022-11-28,0.0,4759.0,1043.0
2022-11-29,0.0,4829.0,665.0
2022-11-30,0.0,5084.0,458.0
2022-12-01,0.0,4540.0,407.0
2022-12-02,0.0,4967.0,349.0
2022-12-03,0.0,5513.0,522.0
2022-12-04,0.0,,
2022-12-05,0.0,4523.0,729.0
2022-12-06,0.0,3921.0,433.0
2022-12-07,0.0,3748.0,344.0
2022-12-08,0.0,4039.0,364.0
2022-12-09,0.0,4479.0,402.0
2022-12-10,0.0,4337.0,386.0
2022-12-11,0.0,,
2022-12-12,0.0,4651.0,433.0
2022-12-13,0.0,4281.0,377.0
2022-12-14,0.0,3845.0,395.0
2022-12-15,0.0,3154.0,191.0
2022-12-16,0.0,3959.0,170.0
2022-12-17,0.0,4823.0,153.0
2022-12-18,0.0,,
2022-12-19,0.0,6352.0,187.0
2022-12-20,0.0,4838.0,318.0
2022-12-21,0.0,5183.0,281.0
2022-12-22,0.0,4711.0,314.0
2022-12-23,0.0,4586.0,208.0
2022-12-24,0.0,4730.0,91.0
2022-12-25,0.0,,
2022-12-26,0.0,6206.0,189.0
2022-12-27,0.0,5163.0,333.0
2022-12-28,0.0,4660.0,298.0
2022-12-29,0.0,4389.0,361.0
2022-12-30,0.0,3717.0,402.0
2022-12-31,0.0,3814.0,161.0
2023-01-01,0.0,,
2023-01-02,0.0,,
2023-01-03,0.0,4382.0,342.0
2023-01-04,0.0,4200.0,272.0
2023-01-05,0.0,4199.0,281.0
2023-01-06,0.0,4120.0,304.0
2023-01-07,0.0,3934.0,202.0
2023-01-08,0.0,,
2023-01-09,0.0,3673.0,427.0
2023-01-10,0.0,3753.0,196.0
2023-01-11,0.0,3889.0,242.0
2023-01-12,0.0,4094.0,294.0
2023-01-13,0.0,4240.0,354.0
2023-01-14,0.0,4103.0,122.0
2023-01-15,0.0,,
2023-01-16,0.0,4219.0,382.0
2023-01-17,0.0,3985.0,390.0
2023-01-18,0.0,4031.0,281.0
2023-01-19,0.0,3839.0,309.0
2023-01-20,0.0,3936.0,198.0
2023-01-21,0.0,3936.0,22.0
2023-01-22,0.0,,
2023-01-23,0.0,,
2023-01-24,0.0,,
2023-01-25,0.0,5014.0,137.0
2023-01-26,0.0,5014.0,43.0
2023-01-27,0.0,5924.0,190.0
2023-01-28,0.0,5913.0,172.0
2023-01-29,0.0,,
2023-01-30,0.0,6347.0,212.0
2023-01-31,0.0,6388.0,250.0
2023-02-01,0.0,5321.0,338.0
2023-02-02,0.0,4759.0,330.0
2023-02-03,0.0,4270.0,342.0
2023-02-04,0.0,4388.0,256.0
2023-02-05,0.0,,
2023-02-06,0.0,4768.0,268.0
2023-02-07,0.0,5049.0,206.0
2023-02-08,0.0,4714.0,290.0
2023-02-09,0.0,5039.0,293.0
2023-02-10,0.0,5376.0,246.0
2023-02-11,0.0,6315.0,135.0
2023-02-12,0.0,,
2023-02-13,0.0,5520.0,417.0
2023-02-14,0.0,6182.0,175.0
2023-02-15,0.0,6994.0,188.0
2023-02-16,0.0,6201.0,373.0
2023-02-17,0.0,5743.0,309.0
2023-02-18,0.0,5836.0,188.0
2023-02-19,0.0,,
2023-02-20,0.0,6399.0,303.0
2023-02-21,0.0,5686.0,358.0
2023-02-22,0.0,6020.0,234.0
2023-02-23,0.0,5919.0,254.0
2023-02-24,0.0,5550.0,279.0
2023-02-25,0.0,6072.0,182.346
2023-02-26,0.0,,
2023-02-27,0.0,6532.0,307.634
2023-02-28,0.0,6070.0,318.649
2023-03-01,0.0,6167.0,280.0
2023-03-02,0.0,6963.0,208.0
2023-03-03,0.0,7037.0,341.0
2023-03-04,0.0,7351.0,236.0
2023-03-05,0.0,8989.0,
2023-03-06,0.0,7334.0,346.0
2023-03-07,0.0,8905.0,220.0
2023-03-08,0.0,7878.0,337.0
2023-03-09,0.0,6879.0,432.0
2023-03-10,0.0,6544.0,303.0
2023-03-11,0.0,7122.0,108.126
2023-03-12,0.0,,
2023-03-13,0.0,7024.0,303.0
2023-03-14,0.0,6673.0,345.0
2023-03-15,0.0,6691.0,307.0
2023-03-16,0.0,6507.0,324.0
2023-03-17,0.0,6892.0,267.0
2023-03-18,0.0,7707.0,151.102
2023-03-19,0.0,,
2023-03-20,0.0,6617.0,370.0
2023-03-21,0.0,6881.0,252.0
2023-03-22,0.0,7507.0,276.0
2023-03-23,0.0,6802.0,325.0
2023-03-24,0.0,6812.0,357.0
2023-03-25,0.0,5829.0,176.0
2023-03-26,0.0,,
2023-03-27,0.0,6986.0,338.0
2023-03-28,0.0,7056.0,299.0
2023-03-29,0.0,6471.0,319.0
2023-03-30,0.0,6098.0,347.0
2023-03-31,0.0,6700.0,239.0
2023-04-01,0.0,7619.0,150.0
2023-04-02,0.0,,
2023-04-03,0.0,9082.0,166.0
2023-04-04,0.0,10055.0,178.0
2023-04-05,0.0,8842.0,301.0
2023-04-06,0.0,9689.0,213.0
2023-04-07,0.0,10624.0,180.0
2023-04-08,0.0,9157.0,255.0
2023-04-09,0.0,,
2023-04-10,0.0,8090.0,435.0
2023-04-11,0.0,8510.0,264.0
2023-04-12,0.0,8830.0,332.0
2023-04-13,0.0,8426.0,255.0
2023-04-14,0.0,8273.0,271.0
2023-04-15,0.0,8805.0,118.0
2023-04-16,0.0,,
2023-04-17,0.0,8589.0,341.0
2023-04-18,0.0,8262.0,306.0
2023-04-19,0.0,7907.0,329.0
2023-04-20,0.0,8210.0,296.0
2023-04-21,0.0,8263.0,255.0
2023-04-22,0.0,6882.0,216.0
2023-04-23,0.0,,
2023-04-24,0.0,7918.0,296.0
2023-04-25,0.0,8554.0,235.0
2023-04-26,0.0,9356.0,223.0
2023-04-27,0.0,10882.0,240.0
2023-04-28,0.0,9198.0,299.0
2023-04-29,0.0,8753.0,238.0
2023-04-30,0.0,,
2023-05-01,0.0,8557.0,296.0
2023-05-02,0.0,9926.0,255.0
2023-05-03,0.0,11301.0,261.0
2023-05-04,0.0,10297.0,334.0
2023-05-05,0.0,9959.0,328.0
2023-05-06,0.0,15195.0,127.0
2023-05-07,0.0,,
2023-05-08,0.0,8816.0,516.0
2023-05-09,0.0,8170.0,427.0
2023-05-10,0.0,7578.0,358.0
2023-05-11,0.0,7699.0,357.0
2023-05-12,0.0,7382.0,365.0
2023-05-13,0.0,7332.0,205.0
2023-05-14,0.0,,
2023-05-15,0.0,11695.0,239.0
2023-05-16,0.0,11627.0,247.0
2023-05-17,0.0,8881.0,351.0
2023-05-18,0.0,9244.0,273.0
2023-05-19,0.0,8860.0,313.0
2023-05-20,0.0,9122.0,240.0
2023-05-21,0.0,,
2023-05-22,0.0,6473.0,519.0
2023-05-23,0.0,6415.0,398.0
2023-05-24,0.0,5976.0,393.0
2023-05-25,0.0,5503.0,447.0
2023-05-26,0.0,6129.0,338.0
2023-05-27,0.0,8146.0,209.0
2023-05-28,0.0,,
2023-05-29,0.0,10236.0,276.0
2023-05-30,0.0,6606.0,358.0
2023-05-31,0.0,8783.0,257.0
2023-06-01,0.0,10186.0,290.0
2023-06-02,0.0,8002.0,368.0
2023-06-03,0.0,5846.0,391.0
2023-06-04,0.0,,
2023-06-05,0.0,9082.0,326.0
2023-06-06,0.0,9666.0,312.0
2023-06-07,0.0,7927.0,335.0
2023-06-08,0.0,8980.0,295.0
2023-06-09,0.0,8680.0,288.0
2023-06-10,0.0,9796.0,214.0
2023-06-11,0.0,,
2023-06-12,0.0,8683.0,328.0
2023-06-13,0.0,6225.0,388.0
2023-06-14,0.0,6334.0,314.0
2023-06-15,0.0,9604.0,249.0
2023-06-16,0.0,9774.0,235.0
2023-06-17,0.0,7238.0,307.0
2023-06-18,0.0,,
2023-06-19,0.0,7311.0,368.0
2023-06-20,0.0,6831.0,366.0
2023-06-21,0.0,9906.0,278.0
2023-06-22,0.0,7157.0,282.0
2023-06-23,0.0,5173.0,504.0
2023-06-24,0.0,10032.0,245.0
2023-06-25,0.0,,
2023-06-26,0.0,8717.0,418.0
2023-06-27,0.0,11311.0,280.0
2023-06-28,0.0,6544.0,508.0
2023-06-29,0.0,6324.0,477.0
2023-06-30,0.0,7199.0,327.0
2023-07-01,49.7,7671.0,263.0
2023-07-02,0.0,,
2023-07-03,49.7,5392.0,519.0
2023-07-04,39.76,4769.0,431.0
2023-07-05,69.78,5934.0,388.0
2023-07-06,0.0,10165.0,230.0
2023-07-07,0.0,4403.0,493.0
2023-07-08,0.0,3233.0,353.0
2023-07-09,0.0,,
2023-07-10,0.0,8496.0,365.0
2023-07-11,39.92,6291.0,402.0
2023-07-12,26.46,5201.0,451.0
2023-07-13,17.64,8213.0,254.0
2023-07-14,26.46,7078.0,254.0
2023-07-15,44.18,14811.0,133.0
2023-07-16,0.0,,
2023-07-17,88.2,4326.0,636.0
2023-07-18,0.0,5099.0,428.0
2023-07-19,0.0,12456.0,245.0
2023-07-20,0.0,6202.0,390.0
2023-07-21,26.46,7095.0,491.0
2023-07-22,17.64,8239.0,329.0
2023-07-23,0.0,,
2023-07-24,0.0,11711.0,375.0
2023-07-25,0.0,6471.0,417.0
2023-07-26,0.0,7311.0,420.0
2023-07-27,0.0,9667.0,310.0
2023-07-28,0.0,13992.0,243.0
2023-07-29,0.0,12175.0,239.0
2023-07-30,0.0,,
2023-07-31,44.1,14246.0,374.0
2023-08-01,44.1,16695.0,296.0
2023-08-02,61.74,16504.0,272.0
2023-08-03,114.66,14797.0,420.0
2023-08-04,172.29,18615.0,368.0
2023-08-05,0.0,14998.4,
2023-08-06,0.0,,
2023-08-07,255.78,14354.0,576.0
2023-08-08,264.6,11678.0,565.0
2023-08-09,191.76,17640.0,353.0
2023-08-10,202.86,20633.0,400.0
2023-08-11,282.24,9878.0,396.0
2023-08-12,326.34,7559.0,544.0
2023-08-13,0.0,,
2023-08-14,264.6,11586.0,526.0
2023-08-15,220.5,11186.0,478.0
2023-08-16,238.14,8851.0,525.0
2023-08-17,202.86,10283.0,491.0
2023-08-18,176.4,15234.0,389.0
2023-08-19,149.94,16731.0,349.0
2023-08-20,0.0,,
2023-08-21,202.86,15189.0,554.0
2023-08-22,167.58,12647.0,552.0
2023-08-23,176.4,12984.0,537.0
2023-08-24,167.58,13714.0,472.0
2023-08-25,153.72,16660.0,297.0
2023-08-26,147.42,16343.0,366.0
2023-08-27,0.0,,
2023-08-28,81.9,10405.0,733.0
2023-08-29,44.1,10229.0,450.0
2023-08-30,0.0,8953.0,488.0
2023-08-31,0.0,9083.0,410.0
2023-09-01,0.0,9967.0,488.0
2023-09-02,0.0,10492.0,551.0
2023-09-03,0.0,,
2023-09-04,0.0,12580.0,573.0
2023-09-05,0.0,11150.0,536.0
2023-09-06,0.0,11613.0,643.0
2023-09-07,0.0,11540.0,644.0
2023-09-08,0.0,10114.0,684.0
2023-09-09,0.0,13722.0,501.0
2023-09-10,0.0,,
2023-09-11,0.0,15174.0,614.0
2023-09-12,0.0,12827.0,662.0
2023-09-13,0.0,11576.0,730.0
2023-09-14,0.0,13372.0,602.0
2023-09-15,0.0,16326.0,481.0
2023-09-16,0.0,16966.0,465.0
2023-09-17,0.0,,
2023-09-18,0.0,11759.0,912.0
2023-09-19,0.0,12318.0,934.0
2023-09-20,0.0,13500.6,1218.488
2023-09-21,0.0,12556.0,655.0
2023-09-22,0.0,15747.0,594.0
2023-09-23,0.0,12755.0,945.0
2023-09-24,0.0,,
2023-09-25,0.0,13016.0,1070.0
2023-09-26,0.0,14855.0,940.0
2023-09-27,0.0,15696.0,662.0
2023-09-28,0.0,14715.0,118.0
2023-09-29,0.0,16596.8,
2023-09-30,0.0,16596.8,
2023-10-01,0.0,,
2023-10-02,0.0,17844.0,496.0
2023-10-03,0.0,10322.0,653.0
2023-10-04,0.0,10557.0,677.0
2023-10-05,0.0,10682.0,669.0
2023-10-06,0.0,11904.0,569.0
2023-10-07,0.0,11722.0,533.0
2023-10-08,0.0,,
2023-10-09,0.0,13811.0,649.0
2023-10-10,0.0,13567.0,594.0
2023-10-11,0.0,13807.0,561.0
2023-10-12,0.0,14589.0,485.0
2023-10-13,0.0,14296.0,568.0
2023-10-14,0.0,12238.0,549.0
2023-10-15,0.0,,
2023-10-16,0.0,9165.0,935.0
2023-10-17,0.0,9785.0,624.0
2023-10-18,0.0,9072.0,570.0
2023-10-19,0.0,9666.0,495.0
2023-10-20,0.0,12836.0,360.0
2023-10-21,0.0,9937.0,433.0
2023-10-22,0.0,,
2023-10-23,0.0,10961.0,534.0
2023-10-24,0.0,9352.0,623.0
2023-10-25,0.0,8472.0,595.0
2023-10-26,0.0,8518.0,583.0
2023-10-27,0.0,7805.0,550.0
2023-10-28,0.0,6773.0,568.0
2023-10-29,0.0,,
2023-10-30,0.0,7391.0,528.0
2023-10-31,0.0,6790.0,512.0
2023-11-01,0.0,6490.0,530.0
2023-11-02,0.0,8482.0,375.0
2023-11-03,0.0,7374.0,681.0
2023-11-04,0.0,10568.4,
2023-11-05,0.0,,
2023-11-06,0.0,7143.0,749.0
2023-11-07,0.0,7477.0,520.0
2023-11-08,0.0,5711.0,1044.0
2023-11-09,0.0,5712.0,982.0
2023-11-10,0.0,7152.0,1054.0
2023-11-11,0.0,6018.0,983.0
2023-11-12,0.0,,
2023-11-13,0.0,5111.0,1070.0
2023-11-14,0.0,5485.0,898.0
2023-11-15,0.0,6105.0,844.0
2023-11-16,0.0,7400.0,939.0
2023-11-17,0.0,9424.0,972.0
2023-11-18,0.0,9555.0,1002.0
2023-11-19,0.0,,
2023-11-20,0.0,6345.0,1358.0
2023-11-21,0.0,5563.0,1202.0
2023-11-22,0.0,6532.0,1027.0
2023-11-23,0.0,6637.0,1316.0
2023-11-24,0.0,6042.0,1420.0
2023-11-25,0.0,4085.0,1171.0
2023-11-26,0.0,,
2023-11-27,0.0,5152.0,751.0
2023-11-28,0.0,5218.0,569.0
2023-11-29,0.0,5385.0,560.0
2023-11-30,0.0,5725.0,736.0
2023-12-01,0.0,6541.0,756.0
2023-12-02,0.0,6541.0,33.55
2023-12-03,0.0,,
2023-12-04,0.0,5746.0,846.0
2023-12-05,0.0,5721.0,668.0
2023-12-06,0.0,5970.0,539.0
2023-12-07,0.0,5590.0,548.0
2023-12-08,0.0,5546.0,538.0
2023-12-09,0.0,5403.0,446.0
2023-12-10,0.0,,
2023-12-11,0.0,7007.0,278.0
2023-12-12,0.0,7037.0,279.0
2023-12-13,0.0,5376.0,345.0
2023-12-14,0.0,6818.0,214.0
2023-12-15,0.0,6177.0,329.0
2023-12-16,0.0,8459.0,102.0
2023-12-17,0.0,,
2023-12-18,0.0,6918.0,354.0
2023-12-19,0.0,5952.0,269.0
2023-12-20,0.0,8455.0,128.0
2023-12-21,0.0,6643.0,378.0
2023-12-22,0.0,6217.0,288.0
2023-12-23,0.0,6902.0,124.0
2023-12-24,0.0,,
2023-12-25,0.0,6416.0,346.0
2023-12-26,0.0,6243.0,269.0
2023-12-27,0.0,6266.0,266.0
2023-12-28,0.0,5426.0,435.0
2023-12-29,0.0,6695.0,301.0
2023-12-30,0.0,5627.0,390.0
2023-12-31,0.0,,
2024-01-01,0.0,8617.0,
2024-01-02,0.0,8617.0,
2024-01-03,0.0,6400.0,415.0
2024-01-04,0.0,5710.0,404.0
2024-01-05,0.0,5542.0,381.0
2024-01-06,0.0,5092.0,317.0
2024-01-07,0.0,,
2024-01-08,0.0,6175.0,221.0
2024-01-09,0.0,6560.0,224.0
2024-01-10,0.0,6138.0,248.0
2024-01-11,0.0,5398.0,382.0
2024-01-12,0.0,5605.0,244.0
2024-01-13,0.0,5488.0,244.0
2024-01-14,0.0,,
2024-01-15,0.0,5372.0,363.0
2024-01-16,0.0,5281.0,266.0
2024-01-17,0.0,5336.0,243.0
2024-01-18,0.0,6172.0,231.0
2024-01-19,0.0,7207.0,208.0
2024-01-20,0.0,7468.0,208.0
2024-01-21,0.0,,
2024-01-22,0.0,7138.0,396.0
2024-01-23,0.0,5990.0,422.0
2024-01-24,0.0,5414.0,234.0
2024-01-25,0.0,6580.0,158.0
2024-01-26,0.0,6632.0,262.0
2024-01-27,0.0,7201.0,216.0
2024-01-28,0.0,,
2024-01-29,0.0,6529.0,417.0
2024-01-30,0.0,6963.0,333.0
2024-01-31,0.0,7176.0,416.0
2024-02-01,0.0,6531.0,450.0
2024-02-02,0.0,6569.0,411.0
2024-02-03,0.0,6156.0,396.0
2024-02-04,0.0,,
2024-02-05,0.0,6748.0,443.0
2024-02-06,0.0,7232.0,346.0
2024-02-07,0.0,6849.0,368.0
2024-02-08,0.0,6661.0,355.0
2024-02-09,0.0,4355.0,87.0
2024-02-10,0.0,10744.6,
2024-02-11,0.0,,
2024-02-12,0.0,10744.6,
2024-02-13,0.0,8519.0,177.0
2024-02-14,0.0,8308.0,223.0
2024-02-15,0.0,9112.0,267.0
2024-02-16,0.0,8389.0,328.0
2024-02-17,0.0,8164.0,177.0
2024-02-18,0.0,,
2024-02-19,0.0,9187.0,381.0
2024-02-20,0.0,8081.0,317.0
2024-02-21,0.0,8637.0,261.0
2024-02-22,0.0,8405.0,275.0
2024-02-23,0.0,8687.0,381.0
2024-02-24,0.0,9319.0,185.0
2024-02-25,0.0,,
2024-02-26,0.0,9055.0,290.0
2024-02-27,0.0,9167.0,320.0
2024-02-28,0.0,8980.0,349.0
2024-02-29,0.0,10452.6,364.0
2024-03-01,0.0,9532.0,302.0
2024-03-02,0.0,10684.4,2.032
2024-03-03,0.0,,
2024-03-04,0.0,10110.0,386.0
2024-03-05,0.0,10167.0,350.0
2024-03-06,0.0,10293.0,323.0
2024-03-07,0.0,11317.0,240.0
2024-03-08,0.0,10287.0,367.0
2024-03-09,0.0,10765.0,270.0
2024-03-10,0.0,,
2024-03-11,0.0,10479.0,438.0
2024-03-12,0.0,10134.0,320.0
2024-03-13,0.0,11099.0,264.0
2024-03-14,0.0,10576.0,384.0
2024-03-15,0.0,11421.0,283.0
2024-03-16,0.0,12058.0,274.0
2024-03-17,0.0,,
2024-03-18,0.0,12148.0,345.0
2024-03-19,0.0,11271.0,388.0
2024-03-20,0.0,11405.0,362.0
2024-03-21,0.0,10996.0,395.0
2024-03-22,0.0,11331.0,385.0
2024-03-23,0.0,10789.0,297.0
2024-03-24,0.0,14005.6,
2024-03-25,0.0,11410.0,434.0
2024-03-26,0.0,11305.0,389.0
2024-03-27,0.0,11479.0,376.0
2024-03-28,0.0,11348.0,355.0
2024-03-29,0.0,12048.0,293.0
2024-03-30,0.0,12353.0,238.0
2024-03-31,0.0,,
2024-04-01,0.0,12350.0,418.0
2024-04-02,0.0,12472.0,382.0
2024-04-03,0.0,13614.0,359.0
2024-04-04,0.0,13508.0,359.0
2024-04-05,0.0,13162.0,356.0
2024-04-06,0.0,13025.0,276.0
2024-04-07,0.0,,
2024-04-08,0.0,14522.0,321.0
2024-04-09,0.0,16122.0,354.0
2024-04-10,0.0,15833.0,366.0
2024-04-11,0.0,15252.0,357.0
2024-04-12,0.0,15450.0,335.0
2024-04-13,0.0,17126.0,250.0
2024-04-14,0.0,,
2024-04-15,0.0,17378.0,416.0
2024-04-16,0.0,16020.0,402.0
2024-04-17,0.0,16339.0,368.0
2024-04-18,0.0,16355.0,310.0
2024-04-19,0.0,14787.0,377.0
2024-04-20,0.0,14259.0,297.0
2024-04-21,0.0,,
2024-04-22,0.0,15302.0,336.0
2024-04-23,0.0,14531.0,374.0
2024-04-24,0.0,14542.0,379.0
2024-04-25,0.0,13787.0,426.0
2024-04-26,0.0,14776.0,376.0
2024-04-27,0.0,14261.0,313.0
2024-04-28,0.0,,
2024-04-29,0.0,13880.0,412.0
2024-04-30,0.0,12483.0,399.0
2024-05-01,0.0,13688.0,305.0
2024-05-02,0.0,15566.0,324.0
2024-05-03,0.0,14264.0,404.0
2024-05-04,0.0,13585.0,429.0
2024-05-05,0.0,,
2024-05-06,0.0,12966.0,397.0
2024-05-07,0.0,11904.0,438.0
2024-05-08,0.0,12133.0,342.0
2024-05-09,0.0,11975.0,408.0
2024-05-10,0.0,13539.0,335.0
2024-05-11,0.0,13824.0,210.0
2024-05-12,0.0,,
2024-05-13,0.0,13776.0,457.0
2024-05-14,0.0,13012.0,456.0
2024-05-15,0.0,12229.0,446.0
2024-05-16,0.0,10641.0,412.0
2024-05-17,0.0,10520.0,433.0
2024-05-18,0.0,10448.0,284.0
2024-05-19,0.0,,
2024-05-20,0.0,6143.0,662.0
2024-05-21,0.0,5923.0,492.0
2024-05-22,0.0,5981.0,390.0
2024-05-23,0.0,5953.0,422.0
2024-05-24,0.0,6905.0,334.0
2024-05-25,0.0,6153.0,338.0
2024-05-26,0.0,,
2024-05-27,0.0,6312.0,471.0
2024-05-28,0.0,6730.0,343.0
2024-05-29,0.0,7732.0,307.0
2024-05-30,0.0,7510.0,339.0
2024-05-31,0.0,6435.0,452.0
2024-06-01,0.0,6168.0,313.0
2024-06-02,0.0,,
2024-06-03,0.0,6656.0,410.0
2024-06-04,0.0,6028.0,492.0
2024-06-05,0.0,6056.0,408.0
2024-06-06,0.0,6663.0,318.0
2024-06-07,0.0,7270.0,310.0
2024-06-08,0.0,6936.0,275.0
2024-06-09,0.0,,
2024-06-10,0.0,7159.0,364.0
2024-06-11,0.0,5794.0,536.0
2024-06-12,0.0,7031.0,329.0
2024-06-13,0.0,7553.0,346.0
2024-06-14,0.0,8020.0,310.0
2024-06-15,0.0,5617.0,428.0
2024-06-16,0.0,,
2024-06-17,0.0,7108.0,382.0
2024-06-18,0.0,5936.0,513.0
2024-06-19,0.0,6137.0,454.0
2024-06-20,0.0,5631.0,524.0
2024-06-21,0.0,6947.0,338.0
2024-06-22,0.0,7328.0,318.0
2024-06-23,0.0,,
2024-06-24,0.0,6982.0,416.0
2024-06-25,0.0,7253.0,404.0
2024-06-26,0.0,6614.0,491.0
2024-06-27,0.0,6915.0,466.0
2024-06-28,0.0,8633.0,377.0
2024-06-29,0.0,9344.0,389.0
2024-06-30,0.0,,
2024-07-01,0.0,10058.0,393.0
2024-07-02,0.0,9470.0,464.0
2024-07-03,29.82,8037.0,571.0
2024-07-04,49.7,9949.0,347.0
2024-07-05,50.14,7492.0,645.0
2024-07-06,19.88,8669.0,375.0
2024-07-07,0.0,,
2024-07-08,0.0,8557.0,452.0
2024-07-09,0.0,10221.0,311.0
2024-07-10,29.82,8578.0,501.0
2024-07-11,29.82,12150.0,288.0
2024-07-12,49.7,10642.0,441.0
2024-07-13,0.0,9751.0,428.0
2024-07-14,0.0,,
2024-07-15,26.46,9394.0,519.0
2024-07-16,29.82,8330.0,547.0
2024-07-17,29.82,11181.0,361.0
2024-07-18,59.64,10717.0,339.0
2024-07-19,128.34,13641.0,326.0
2024-07-20,109.3,12380.0,365.0
2024-07-21,0.0,,
2024-07-22,149.1,11984.0,509.0
2024-07-23,109.34,11757.0,499.0
2024-07-24,88.34,12700.0,358.0
2024-07-25,117.04,9658.0,571.0
2024-07-26,117.04,10032.0,492.0
2024-07-27,59.64,13421.0,318.0
2024-07-28,0.0,,
2024-07-29,109.34,11911.0,506.0
2024-07-30,105.56,10864.0,579.0
2024-07-31,99.82,11547.0,425.0
2024-08-01,59.64,12791.0,406.0
2024-08-02,94.08,14172.0,433.0
2024-08-03,0.0,,
2024-08-04,0.0,,
2024-08-05,119.28,12988.0,536.0
2024-08-06,119.28,12430.0,487.0
2024-08-07,128.1,16855.0,375.0
2024-08-08,162.54,17435.0,381.0
2024-08-09,215.02,17708.0,447.0
2024-08-10,214.18,17825.0,425.0
2024-08-11,0.0,,
2024-08-12,263.9,16866.0,553.0
2024-08-13,245.12,16265.0,483.0
2024-08-14,245.14,19262.0,370.0
2024-08-15,245.14,17259.0,435.0
2024-08-16,244.02,18359.0,367.0
2024-08-17,234.08,18176.0,359.0
2024-08-18,0.0,,
2024-08-19,269.2,15890.0,571.0
2024-08-20,242.9,15875.0,465.0
2024-08-21,242.9,16156.0,462.0
2024-08-22,211.49,17161.0,412.0
2024-08-23,216.63,18371.0,511.0
2024-08-24,173.32,19505.0,451.0
2024-08-25,0.0,,
2024-08-26,149.1,17616.0,782.0
2024-08-27,142.8,15783.0,664.0
2024-08-28,117.94,19714.0,508.0
2024-08-29,120.52,18212.0,572.0
2024-08-30,126.28,20115.0,448.0
2024-08-31,95.83,21388.0,438.0
2024-09-01,0.0,21359.0,714.0
2024-09-02,86.1,20901.0,641.0
2024-09-03,87.22,20771.0,714.0
2024-09-04,52.44,25007.0,636.0
2024-09-05,25.16,25733.0,679.0
2024-09-06,21.14,22691.0,759.0
2024-09-07,0.0,20785.0,644.0
2024-09-08,0.0,,
2024-09-09,0.0,20724.0,943.0
2024-09-10,0.0,21359.0,1442.03253
2024-09-11,0.0,23295.0,847.0
2024-09-12,0.0,24291.0,783.0
2024-09-13,0.0,26069.0,488.0
2024-09-14,0.0,41483.0,422.0
2024-09-15,0.0,,
2024-09-16,0.0,29964.0,163.0
2024-09-17,0.0,,
2024-09-18,0.0,,
2024-09-19,0.0,,
2024-09-20,0.0,,
2024-09-21,0.0,28933.0,448.0
2024-09-22,0.0,,
2024-09-23,0.0,35686.0,464.0
2024-09-24,0.0,25141.0,531.0
2024-09-25,0.0,24551.0,537.0
2024-09-26,0.0,19921.0,653.0
2024-09-27,0.0,21139.0,625.0
2024-09-28,0.0,19198.0,474.0
2024-09-29,0.0,,
2024-09-30,0.0,23019.0,851.68732
2024-10-01,0.0,25313.0,376.0
2024-10-02,0.0,27088.0,354.0
2024-10-03,0.0,27600.0,400.0
2024-10-04,0.0,25797.0,470.0
2024-10-05,0.0,27657.0,370.0
2024-10-06,0.0,,
2024-10-07,0.0,23270.0,678.0
2024-10-08,0.0,23978.0,515.0
2024-10-09,0.0,23251.0,555.0
2024-10-10,0.0,20129.0,623.0
2024-10-11,0.0,21761.0,502.0
2024-10-12,0.0,23196.0,416.0
2024-10-13,0.0,,
2024-10-14,0.0,26759.0,464.0
2024-10-15,0.0,23515.0,543.0
2024-10-16,0.0,24031.0,468.0
2024-10-17,0.0,20866.0,619.0
2024-10-18,0.0,18809.0,654.0
2024-10-19,0.0,12803.0,461.0
2024-10-20,0.0,,
2024-10-21,0.0,16681.0,493.0
2024-10-22,0.0,15928.0,568.0
2024-10-23,0.0,15589.0,395.0
2024-10-24,0.0,12599.0,516.0
2024-10-25,0.0,10665.0,693.0
2024-10-26,0.0,10784.0,563.0
2024-10-27,0.0,,
2024-10-28,0.0,9706.0,673.0
2024-10-29,0.0,11021.0,543.0
2024-10-30,0.0,8753.0,599.0
2024-10-31,0.0,8692.0,656.0
2024-11-01,0.0,9045.0,581.0
2024-11-02,0.0,9241.0,485.0
2024-11-03,0.0,,
2024-11-04,0.0,8709.0,662.0
2024-11-05,0.0,8499.0,686.0
2024-11-06,0.0,8533.0,636.0
2024-11-07,0.0,8515.0,644.0
2024-11-08,0.0,8562.0,699.0
2024-11-09,0.0,7627.0,799.0
2024-11-10,0.0,,
2024-11-11,0.0,8270.0,767.0
2024-11-12,0.0,6972.0,856.0
2024-11-13,0.0,7597.0,729.0
2024-11-14,0.0,8426.0,779.0
2024-11-15,0.0,8842.0,940.0
2024-11-16,0.0,8143.0,1058.0
2024-11-17,0.0,,
2024-11-18,0.0,6806.0,1073.0
2024-11-19,0.0,7130.0,853.0
2024-11-20,0.0,7489.0,919.0
2024-11-21,0.0,8656.0,903.0
2024-11-22,0.0,9430.0,1079.0
2024-11-23,0.0,8031.0,1156.0
2024-11-24,0.0,,
2024-11-25,0.0,9170.0,870.0
2024-11-26,0.0,9920.0,865.0
2024-11-27,0.0,10067.0,745.0
2024-11-28,0.0,13956.0,632.0
2024-11-29,0.0,9361.0,1129.0
2024-11-30,0.0,7313.0,903.0
2024-12-01,0.0,,
2024-12-02,0.0,7313.0,966.0
2024-12-03,0.0,8498.0,688.0
2024-12-04,0.0,9416.0,590.0
2024-12-05,0.0,10342.0,646.0
2024-12-06,0.0,9195.0,804.0
2024-12-07,0.0,9233.0,535.0
2024-12-08,0.0,,
2024-12-09,0.0,8834.0,557.0
2024-12-10,0.0,8842.0,354.0
2024-12-11,0.0,9656.0,343.0
2024-12-12,0.0,9477.0,454.0
2024-12-13,0.0,9397.0,508.0
2024-12-14,0.0,9397.0,448.0
2024-12-15,0.0,,
2024-12-16,0.0,11615.0,348.0
2024-12-17,0.0,9363.0,471.0
2024-12-18,0.0,12517.0,207.0
2024-12-19,0.0,9730.0,393.0
2024-12-20,0.0,11843.0,269.0
2024-12-21,0.0,12148.0,260.0
2024-12-22,0.0,,
2024-12-23,0.0,11596.0,384.0
2024-12-24,0.0,11229.0,321.0
2024-12-25,0.0,10511.0,351.0
2024-12-26,0.0,11464.0,238.0
2024-12-27,0.0,11163.0,289.0
2024-12-28,0.0,11376.0,246.0
2024-12-29,0.0,,
2024-12-30,0.0,12237.0,384.0
2024-12-31,0.0,17295.0,155.0
2025-01-01,0.0,,
2025-01-02,0.0,17295.0,
2025-01-03,0.0,17471.0,328.0
2025-01-04,0.0,15956.0,331.0
2025-01-05,0.0,,
2025-01-06,0.0,15386.0,481.0
2025-01-07,0.0,15198.0,432.0
2025-01-08,0.0,15849.0,387.0
2025-01-09,0.0,14715.0,460.0
2025-01-10,0.0,14097.0,333.0
2025-01-11,0.0,14728.0,194.0
2025-01-12,0.0,,
2025-01-13,0.0,14402.0,388.0
2025-01-14,0.0,14701.0,314.0
2025-01-15,0.0,14609.0,408.0
2025-01-16,0.0,14751.0,353.0
2025-01-17,0.0,13506.0,479.0
2025-01-18,0.0,13411.0,276.0
2025-01-19,0.0,,
2025-01-20,0.0,12695.0,560.0
2025-01-21,0.0,12726.0,545.0
2025-01-22,0.0,12929.0,498.0
2025-01-23,0.0,12568.0,491.0
2025-01-24,0.0,13200.0,443.0
2025-01-25,0.0,13630.0,352.0
2025-01-26,0.0,,
2025-01-27,0.0,14861.0,244.0
2025-01-28,0.0,12634.0,78.0
2025-01-29,0.0,,
2025-01-30,0.0,,
2025-01-31,0.0,13013.0,
2025-02-01,0.0,15951.0,196.0
2025-02-02,0.0,,
2025-02-03,0.0,15437.0,286.0
2025-02-04,0.0,15041.0,336.0
2025-02-05,0.0,13944.0,393.0
2025-02-06,0.0,13938.0,298.0
2025-02-07,0.0,14980.0,243.0
2025-02-08,0.0,14577.0,208.0
2025-02-09,0.0,,
2025-02-10,0.0,15136.0,410.0
2025-02-11,0.0,15132.0,435.0
2025-02-12,0.0,,13.998
2025-02-13,0.0,15440.0,405.0
2025-02-14,0.0,14342.0,420.0
2025-02-15,0.0,13722.0,400.0
2025-02-16,0.0,,
2025-02-17,0.0,13959.0,437.0
2025-02-18,0.0,13595.0,450.0
2025-02-19,0.0,13224.0,392.0
2025-02-20,0.0,13891.0,324.0
2025-02-21,0.0,14063.0,318.0
2025-02-22,0.0,14831.0,243.0
2025-02-23,0.0,,
2025-02-24,0.0,15532.0,302.0
2025-02-25,0.0,15213.0,363.0
2025-02-26,0.0,15488.0,336.0
2025-02-27,0.0,15119.0,351.0
2025-02-28,0.0,15837.0,326.0
2025-03-01,0.0,15875.0,241.0
2025-03-02,0.0,,
2025-03-03,0.0,16434.0,389.0
2025-03-04,0.0,16803.0,377.0
2025-03-05,0.0,14980.0,0.896
2025-03-06,0.0,15538.0,655.0
2025-03-07,0.0,14679.0,661.0
2025-03-08,0.0,13358.0,466.0
2025-03-09,0.0,,
2025-03-10,0.0,13867.0,549.0
2025-03-11,0.0,13160.0,484.0
2025-03-12,0.0,13194.0,516.0
2025-03-13,0.0,13844.0,450.0
2025-03-14,0.0,12902.0,495.0
2025-03-15,0.0,14452.0,284.0
2025-03-16,0.0,,
2025-03-17,0.0,14341.0,498.0
2025-03-18,0.0,15782.0,387.0
2025-03-19,0.0,14373.0,508.0
2025-03-20,0.0,12157.0,637.0
2025-03-21,0.0,12304.0,537.0
2025-03-22,0.0,12838.0,430.0
2025-03-23,0.0,,
2025-03-24,0.0,13914.0,531.0
2025-03-25,0.0,13020.0,523.0
2025-03-26,0.0,12523.0,447.0
2025-03-27,0.0,11601.0,493.0
2025-03-28,0.0,11124.0,414.0
2025-03-29,0.0,11024.0,289.0
2025-03-30,0.0,,
2025-03-31,0.0,14063.0,379.0
2025-04-01,0.0,13460.0,393.0
2025-04-02,0.0,14170.0,365.0
2025-04-03,0.0,14291.0,486.0
2025-04-04,0.0,13254.0,484.0
2025-04-05,0.0,12279.0,383.0
2025-04-06,0.0,,
2025-04-07,0.0,11858.0,624.0
2025-04-08,0.0,11194.0,508.0
2025-04-09,0.0,11624.0,423.0
2025-04-10,0.0,11062.0,518.0
2025-04-11,0.0,9440.0,507.0
2025-04-12,0.0,9363.0,327.0
2025-04-13,0.0,,
2025-04-14,0.0,11019.0,428.0
2025-04-15,0.0,10468.0,450.0
2025-04-16,0.0,9458.0,423.0
2025-04-17,0.0,8667.0,396.0
2025-04-18,0.0,9823.0,354.0
2025-04-19,0.0,9644.0,302.0
2025-04-20,0.0,,
2025-04-21,0.0,9113.0,496.0
2025-04-22,0.0,8702.0,486.0
2025-04-23,0.0,8698.0,394.0
2025-04-24,0.0,8233.0,442.0
2025-04-25,0.0,7805.0,440.0
2025-04-26,0.0,8579.0,265.0
2025-04-27,0.0,,
2025-04-28,0.0,8427.0,420.0
2025-04-29,0.0,7827.0,466.0
2025-04-30,0.0,9288.0,460.0
2025-05-01,0.0,8648.0,411.0
2025-05-02,0.0,6971.0,467.0
2025-05-03,0.0,7633.0,312.0
2025-05-04,0.0,,
2025-05-05,0.0,6410.0,571.0
2025-05-06,0.0,7193.0,496.0
2025-05-07,0.0,7063.0,473.0
2025-05-08,0.0,7749.0,405.0
2025-05-09,0.0,7863.0,392.0
2025-05-10,0.0,5825.0,323.0
2025-05-11,0.0,,
2025-05-12,0.0,6455.0,472.0
2025-05-13,0.0,5926.0,395.0
2025-05-14,0.0,10219.8,498.0
2025-05-15,0.0,4767.0,572.0
2025-05-16,0.0,4887.0,473.0
2025-05-17,0.0,4326.0,315.0
2025-05-18,0.0,,
2025-05-19,0.0,8000.0,458.0
2025-05-20,0.0,5434.0,374.0
2025-05-21,0.0,7256.6,421.0
2025-05-22,0.0,4156.0,495.0
2025-05-23,0.0,4216.0,388.0
2025-05-24,0.0,4648.0,270.0
2025-05-25,0.0,,
2025-05-26,0.0,5253.0,356.0
2025-05-27,0.0,5288.0,427.0
2025-05-28,0.0,5797.0,359.0
2025-05-29,0.0,5786.0,347.0
2025-05-30,0.0,6380.0,324.0
2025-05-31,0.0,5250.0,305.0
2025-06-01,0.0,,
2025-06-02,0.0,7400.0,381.0
2025-06-03,0.0,6409.0,404.0
2025-06-04,0.0,5250.0,314.0
2025-06-05,0.0,6829.0,405.0
2025-06-06,0.0,6647.0,382.0
2025-06-07,0.0,7175.0,331.0
2025-06-08,0.0,,
2025-06-09,0.0,7035.0,353.0
2025-06-10,0.0,4651.0,387.0
2025-06-11,0.0,6412.0,317.0
2025-06-12,0.0,4934.0,280.0
2025-06-13,0.0,7733.0,297.0
2025-06-14,0.0,9104.0,281.0
2025-06-15,0.0,,
2025-06-16,0.0,7399.4,754.0
2025-06-17,0.0,7437.0,327.0
2025-06-18,0.0,6685.2,533.0
2025-06-19,0.0,5000.0,400.0
2025-06-20,0.0,7470.0,334.0
2025-06-21,0.0,10386.0,282.0
2025-06-22,0.0,,
2025-06-23,0.0,6378.0,551.0
2025-06-24,0.0,8610.0,507.0
2025-06-25,0.0,7857.0,542.0
2025-06-26,0.0,7454.0,269.0
2025-06-27,0.0,9620.2,505.0
2025-06-28,0.0,5807.0,378.0
2025-06-29,0.0,,
2025-06-30,0.0,8487.0,409.0
2025-07-01,30.18,5410.0,545.0
2025-07-02,0.0,7076.0,335.0
2025-07-03,0.0,4749.0,541.0
2025-07-04,9.94,6850.0,373.0
2025-07-05,0.0,10022.0,219.0
2025-07-06,0.0,,
2025-07-07,0.0,8503.0,447.0
2025-07-08,9.94,7736.2,562.0
2025-07-09,9.94,7984.0,324.0
2025-07-10,29.62,9130.8,328.0
2025-07-11,39.9,12396.0,292.0
2025-07-12,100.73,13291.0,337.0
2025-07-13,0.0,,
2025-07-14,110.64,11967.0,558.0
2025-07-15,91.17,13021.0,405.0
2025-07-16,130.64,12046.0,448.0
2025-07-17,148.14,12939.0,461.0
2025-07-18,191.84,12610.0,394.0
2025-07-19,132.3,13394.0,387.0
2025-07-20,0.0,,
2025-07-21,141.12,11319.0,537.0
2025-07-22,218.68,7801.0,695.0
2025-07-23,151.31,9099.0,564.0
2025-07-24,161.26,11502.8,585.0
2025-07-25,129.22,7944.0,454.0
2025-07-26,109.21,10566.0,396.0
2025-07-27,0.0,,
2025-07-28,79.52,12236.0,443.0
2025-07-29,89.46,13021.0,421.0
2025-07-30,49.7,7989.0,352.0
2025-07-31,137.22,14881.0,604.0
2025-08-01,142.66,17461.0,451.0
2025-08-02,0.0,,
2025-08-03,0.0,,
2025-08-04,109.984,19074.0,484.0
2025-08-05,125.664,17471.0,375.0
2025-08-06,192.584,10448.0,470.0
2025-08-07,212.464,14970.4,459.0
2025-08-08,212.464,14594.8,482.0
2025-08-09,187.672,15849.0,405.0
2025-08-10,0.0,,
2025-08-11,201.628,13611.6,568.0
2025-08-12,189.924,11321.0,627.0
2025-08-13,142.884,9697.0,502.0
2025-08-14,132.72,13178.0,377.0
2025-08-15,151.06,14732.0,398.0
2025-08-16,142.61,9449.0,352.0
2025-08-17,0.0,,
2025-08-18,146.43,9449.0,588.0
2025-08-19,164.32,11728.0,543.0
2025-08-20,155.82,11660.0,443.0
2025-08-21,98.28,13349.0,475.0
2025-08-22,101.36,13234.0,417.0
2025-08-23,131.6,12676.0,428.0
2025-08-24,0.0,,
2025-08-25,107.324,10222.0,488.0
2025-08-26,126.98,9700.0,505.0
2025-08-27,131.6,13376.0,392.0
2025-08-28,105.98,18735.0,307.0
2025-08-29,148.4,10989.0,509.0
2025-08-30,143.31,13435.0,478.0
2025-08-31,0.0,,
2025-09-01,115.304,15589.0,493.0
2025-09-02,154.13,15359.0,500.0
2025-09-03,154.116,21181.0,351.0
2025-09-04,169.176,16068.4,491.0
2025-09-05,154.874,12500.0,625.0
2025-09-06,163.3,14081.6,506.0
2025-09-07,0.0,,
2025-09-08,127.232,14705.0,537.0
2025-09-09,182.896,8833.0,788.0
2025-09-10,242.632,9723.0,1174.32483
2025-09-11,198.744,9841.0,621.0
2025-09-12,190.984,12799.0,706.0
2025-09-13,55.664,17543.0,407.0
2025-09-14,0.0,,
2025-09-15,39.632,14368.0,623.0
2025-09-16,0.0,14541.0,826.0
2025-09-17,7.888,8567.0,643.0
2025-09-18,0.0,13655.6,401.0
2025-09-19,0.0,15187.0,531.0
2025-09-20,0.0,12001.0,1150.32924
2025-09-21,0.0,,
2025-09-22,0.0,7424.0,667.0
2025-09-23,0.0,14711.4,561.0
2025-09-24,0.0,7828.0,768.0
2025-09-25,23.84,15317.2,743.0
2025-09-26,39.728,13189.2,731.0
2025-09-27,39.76,11619.0,1060.0
2025-09-28,0.0,,
2025-09-29,15.904,7634.0,763.0
2025-09-30,0.0,,1158.01431
2025-10-01,0.0,7665.0,814.0
2025-10-02,0.0,7978.0,1040.0
2025-10-03,0.0,12647.0,1321.75511
2025-10-04,0.0,25152.0,587.34794
2025-10-05,0.0,,
2025-10-06,0.0,,
2025-10-07,0.0,,
2025-10-08,0.0,8421.0,
2025-10-09,0.0,13172.4,1172.0
2025-10-10,0.0,6655.0,1085.0
2025-10-11,0.0,9587.4,697.0
2025-10-12,0.0,,
2025-10-13,0.0,7659.0,554.0
2025-10-14,0.0,5761.0,500.0
2025-10-15,0.0,8160.0,469.0
2025-10-16,0.0,6483.0,833.0
2025-10-17,0.0,6172.0,721.0
2025-10-18,0.0,8562.8,899.0
2025-10-19,0.0,,
2025-10-20,0.0,5072.0,781.0
2025-10-21,0.0,5506.0,709.0
2025-10-22,0.0,6093.0,643.0
2025-10-23,0.0,6132.0,704.0
2025-10-24,0.0,5973.0,672.0
2025-10-25,0.0,9210.8,448.0
2025-10-26,0.0,,
2025-10-27,0.0,8154.0,575.0
2025-10-28,0.0,7969.0,643.0
2025-10-29,0.0,7897.0,594.0
2025-10-30,0.0,9833.0,473.0
2025-10-31,0.0,10710.0,527.0
2025-11-01,0.0,,10.832
2025-11-02,0.0,,
2025-11-03,0.0,9003.0,949.0
2025-11-04,0.0,8808.0,737.0
2025-11-05,0.0,9271.0,630.0
2025-11-06,0.0,9095.0,759.0
2025-11-07,0.0,10353.0,659.0
2025-11-08,0.0,8969.4,696.0
2025-11-09,0.0,,
2025-11-10,0.0,11026.0,878.0
2025-11-11,0.0,9285.0,1105.0
2025-11-12,0.0,10537.0,969.0
2025-11-13,0.0,11673.0,918.0
2025-11-14,0.0,12687.0,1112.0
2025-11-15,0.0,11421.0,1143.0
2025-11-16,0.0,,
2025-11-17,0.0,12891.0,992.0
2025-11-18,0.0,6000.0,1152.0
2025-11-19,0.0,11768.0,942.0
2025-11-20,0.0,12375.0,1080.0
2025-11-21,0.0,14748.0,1019.0
2025-11-22,0.0,8735.6,1165.0
2025-11-23,0.0,,
2025-11-24,0.0,11907.0,1139.0
2025-11-25,0.0,11673.0,922.0
2025-11-26,0.0,12131.0,984.0
2025-11-27,0.0,11985.8,1038.0
2025-11-28,0.0,13230.0,1133.0
2025-11-29,0.0,7153.0,962.0
2025-11-30,0.0,,
2025-12-01,0.0,11336.0,1011.0
2025-12-02,0.0,9656.4,828.0
2025-12-03,0.0,11468.0,783.0
2025-12-04,0.0,7774.0,656.0
2025-12-05,0.0,11693.0,711.0
2025-12-06,0.0,10334.0,909.0
2025-12-07,0.0,,
2025-12-08,0.0,7535.0,797.0
2025-12-09,0.0,7708.0,589.0
2025-12-10,0.0,10363.0,438.0
2025-12-11,0.0,10154.4,623.0
2025-12-12,0.0,10913.0,654.0
2025-12-13,0.0,,7.728
2025-12-14,0.0,,
2025-12-15,0.0,9472.4,477.0
2025-12-16,0.0,9387.0,468.0
2025-12-17,0.0,8311.0,443.0
2025-12-18,0.0,9359.0,329.0
2025-12-19,0.0,9929.0,362.0
2025-12-20,0.0,10557.4,369.0
2025-12-21,0.0,,
2025-12-22,0.0,10545.2,413.0
2025-12-23,0.0,8728.0,394.0
2025-12-24,0.0,10274.0,420.0
2025-12-25,0.0,8758.0,279.0
2025-12-26,0.0,10049.8,312.0
2025-12-27,0.0,8488.0,151.0
2025-12-28,0.0,,
2025-12-29,0.0,10578.0,204.0
2025-12-30,0.0,6826.0,330.0
2025-12-31,0.0,10023.0,452.0
2026-01-01,0.0,,
2026-01-02,0.0,,
2026-01-03,0.0,9347.0,335.0
2026-01-04,0.0,,
2026-01-05,0.0,11786.0,334.0
2026-01-06,0.0,8703.0,448.0
2026-01-07,0.0,8958.0,422.0
2026-01-08,0.0,8551.0,371.0
2026-01-09,0.0,8300.0,311.0
2026-01-10,0.0,8783.0,175.0
2026-01-11,0.0,,
2026-01-12,0.0,10000.0,322.0
2026-01-13,0.0,9250.0,429.0
2026-01-14,0.0,8869.0,381.0
2026-01-15,0.0,8571.0,421.0
2026-01-16,0.0,9167.0,346.0
2026-01-17,0.0,8250.0,272.0
2026-01-18,0.0,,
2026-01-19,0.0,11629.4,387.0
2026-01-20,0.0,10544.8,346.0
2026-01-21,0.0,9680.0,247.0
2026-01-22,0.0,11526.8,176.0
2026-01-23,0.0,9376.0,353.0
2026-01-24,0.0,11118.0,91.0
2026-01-25,0.0,,
2026-01-26,0.0,9653.0,430.0
2026-01-27,0.0,9627.0,383.0
2026-01-28,0.0,9220.0,378.0
2026-01-29,0.0,12604.0,505.0
2026-01-30,0.0,9047.0,282.0
2026-01-31,0.0,8848.0,225.0
2026-02-01,0.0,,
2026-02-02,0.0,9110.0,358.0
2026-02-03,0.0,9158.0,381.0
2026-02-04,0.0,9394.0,438.0
2026-02-05,0.0,9394.0,365.0
2026-02-06,0.0,8524.0,486.0
2026-02-07,0.0,8895.0,358.0
2026-02-08,0.0,,
2026-02-09,0.0,9299.0,308.0
2026-02-10,0.0,8908.0,392.0
2026-02-11,0.0,9415.0,364.0
2026-02-12,0.0,8383.0,565.0
2026-02-13,0.0,7760.0,628.0
2026-02-14,0.0,8127.0,294.0
2026-02-15,0.0,,
2026-02-16,0.0,9597.0,72.0
2026-02-17,0.0,,
2026-02-18,0.0,,
2026-02-19,0.0,12252.6,
2026-02-20,0.0,8675.0,438.0
2026-02-21,0.0,8947.0,384.0
2026-02-22,0.0,,
2026-02-23,0.0,9673.0,393.0
2026-02-24,0.0,9853.0,374.0
2026-02-25,0.0,9593.0,279.0
2026-02-26,0.0,9853.0,360.0
2026-02-27,0.0,9383.0,381.0
2026-02-28,0.0,9053.0,295.0
2026-03-01,0.0,,
2026-03-02,0.0,8664.0,538.0
2026-03-03,0.0,8269.0,368.0
2026-03-04,0.0,8572.0,276.0
2026-03-05,0.0,8087.0,390.0
2026-03-06,0.0,8014.0,433.0
2026-03-07,0.0,,1.04
2026-03-08,0.0,,
2026-03-09,0.0,8071.0,417.0
2026-03-10,0.0,8130.0,350.0
2026-03-11,0.0,8238.0,339.0
2026-03-12,0.0,8615.0,324.0
2026-03-13,0.0,7662.0,277.0
2026-03-14,0.0,8891.2,285.0
2026-03-15,0.0,,
2026-03-16,0.0,7671.2,398.0
2026-03-17,0.0,8388.0,364.0
2026-03-18,0.0,8611.0,378.644
2026-03-19,0.0,8275.0,395.0
2026-03-20,0.0,6975.0,377.0
2026-03-21,0.0,6975.0,245.0
2026-03-22,0.0,,
2026-03-23,0.0,7000.0,489.0
2026-03-24,0.0,7530.0,508.0
2026-03-25,0.0,6880.0,355.0
2026-03-26,0.0,7972.0,309.0
2026-03-27,0.0,7007.0,422.0
2026-03-28,0.0,8309.0,183.0
2026-03-29,0.0,,
2026-03-30,0.0,9268.0,352.0
2026-03-31,0.0,9357.8,423.0
2026-04-01,0.0,7628.0,394.0
2026-04-02,0.0,7960.0,368.0
2026-04-03,0.0,6825.0,343.0
2026-04-04,0.0,7906.0,3.048
2026-04-05,0.0,,
2026-04-06,0.0,7168.0,556.0
2026-04-07,0.0,6845.0,405.0
2026-04-08,0.0,6625.0,353.0
2026-04-09,0.0,6409.0,381.0
2026-04-10,0.0,6657.0,288.0
2026-04-11,0.0,8023.0,147.0
2026-04-12,0.0,,
2026-04-13,0.0,7050.0,398.0
2026-04-14,0.0,8167.4,367.0
2026-04-15,0.0,8235.2,389.0
2026-04-16,0.0,7530.4,419.0
2026-04-17,0.0,6603.0,375.0
2026-04-18,0.0,8037.0,190.0
2026-04-19,0.0,,
2026-04-20,0.0,7401.4,410.0
2026-04-21,0.0,7542.0,440.0
2026-04-22,0.0,6774.0,355.0
2026-04-23,0.0,6542.0,365.0
2026-04-24,0.0,6895.0,345.0
2026-04-25,0.0,6000.0,259.0
2026-04-26,0.0,,
2026-04-27,0.0,6000.0,450.0
2026-04-28,0.0,6473.0,343.0
2026-04-29,0.0,7221.0,256.0
2026-04-30,0.0,7484.4,324.0
2026-05-01,0.0,7769.4,258.0
2026-05-02,0.0,11006.0,148.0
2026-05-03,0.0,,
2026-05-04,0.0,7444.0,452.0
2026-05-05,0.0,5625.0,506.0
2026-05-06,0.0,5713.0,467.0
2026-05-07,0.0,5087.0,481.0
2026-05-08,0.0,4986.0,437.0
2026-05-09,0.0,4193.0,306.0
2026-05-10,0.0,,
2026-05-11,0.0,4543.0,409.0
2026-05-12,0.0,3776.0,420.0
2026-05-13,0.0,4640.0,374.0
2026-05-14,0.0,6230.0,286.0
2026-05-15,0.0,5553.0,344.0
2026-05-16,0.0,4008.0,321.0
2026-05-17,0.0,,
2026-05-18,0.0,6659.0,
2026-05-19,0.0,5200.0,378.509
2026-05-20,0.0,5140.0,326.2
2026-05-21,0.0,5444.0,310.278
2026-05-22,0.0,4340.0,361.343
2026-05-23,0.0,5693.0,214.859
2026-05-24,0.0,,
2026-05-25,0.0,5693.0,348.784
2026-05-26,0.0,6322.0,322.524
2026-05-27,0.0,7796.0,270.389
2026-05-28,0.0,4627.0,321.638
2026-05-29,0.0,5373.0,365.365
2026-05-30,0.0,4233.0,340.74
2026-05-31,0.0,,
2026-06-01,0.0,7548.0,
2026-06-02,0.0,7307.0,373.418
2026-06-03,0.0,,
2026-06-04,0.0,7299.0,438.021
2026-06-05,0.0,6471.0,
2026-06-06,0.0,8177.0,
2026-06-07,0.0,,
2026-06-08,0.0,4563.0,
